HIERARCHY
ROOT Hips
{
	OFFSET 0.00000 0.00000 0.00000
	CHANNELS 6 Xposition Yposition Zposition Zrotation Yrotation Xrotation 
	JOINT LHipJoint
	{
		OFFSET 0 0 0
		CHANNELS 3 Zrotation Yrotation Xrotation
		JOINT LeftUpLeg
		{
			OFFSET 2.36090 -1.39315 1.24752
			CHANNELS 3 Zrotation Yrotation Xrotation
			JOINT LeftLeg
			{
				OFFSET 2.06810 -5.68207 0.00000
				CHANNELS 3 Zrotation Yrotation Xrotation
				JOINT LeftFoot
				{
					OFFSET 2.46631 -6.77613 0.00000
					CHANNELS 3 Zrotation Yrotation Xrotation
					JOINT LeftToeBase
					{
						OFFSET 0.26031 -0.71520 1.99545
						CHANNELS 3 Zrotation Yrotation Xrotation
						End Site
						{
							OFFSET 0.00000 -0.00000 1.05957
						}
					}
				}
			}
		}
	}
	JOINT RHipJoint
	{
		OFFSET 0 0 0
		CHANNELS 3 Zrotation Yrotation Xrotation
		JOINT RightUpLeg
		{
			OFFSET -2.25243 -1.39315 1.24752
			CHANNELS 3 Zrotation Yrotation Xrotation
			JOINT RightLeg
			{
				OFFSET -2.17343 -5.97145 0.00000
				CHANNELS 3 Zrotation Yrotation Xrotation
				JOINT RightFoot
				{
					OFFSET -2.52372 -6.93386 0.00000
					CHANNELS 3 Zrotation Yrotation Xrotation
					JOINT RightToeBase
					{
						OFFSET -0.22538 -0.61923 2.11447
						CHANNELS 3 Zrotation Yrotation Xrotation
						End Site
						{
							OFFSET -0.00000 -0.00000 1.10506
						}
					}
				}
			}
		}
	}
	JOINT LowerBack
	{
		OFFSET 0 0 0
		CHANNELS 3 Zrotation Yrotation Xrotation
		JOINT Spine
		{
			OFFSET 0.01594 2.13103 0.08007
			CHANNELS 3 Zrotation Yrotation Xrotation
			JOINT Spine1
			{
				OFFSET 0.01393 2.09723 0.18338
				CHANNELS 3 Zrotation Yrotation Xrotation
				JOINT Neck
				{
					OFFSET 0 0 0
					CHANNELS 3 Zrotation Yrotation Xrotation
					JOINT Neck1
					{
						OFFSET 0.05351 1.38915 0.32494
						CHANNELS 3 Zrotation Yrotation Xrotation
						JOINT Head
						{
							OFFSET 0.00711 1.45992 -0.21666
							CHANNELS 3 Zrotation Yrotation Xrotation
							End Site
							{
								OFFSET -0.00433 1.47702 -0.11056
							}
						}
					}
				}
				JOINT LeftShoulder
				{
					OFFSET 0 0 0
					CHANNELS 3 Zrotation Yrotation Xrotation
					JOINT LeftArm
					{
						OFFSET 2.87198 0.92249 0.11132
						CHANNELS 3 Zrotation Yrotation Xrotation
						JOINT LeftForeArm
						{
							OFFSET 5.52731 -0.00000 0.00000
							CHANNELS 3 Zrotation Yrotation Xrotation
							JOINT LeftHand
							{
								OFFSET 3.11059 -0.00000 0.00000
								CHANNELS 3 Zrotation Yrotation Xrotation
								JOINT LeftFingerBase
								{
									OFFSET 0 0 0
									CHANNELS 3 Zrotation Yrotation Xrotation
									JOINT LeftHandIndex1
									{
										OFFSET 0.41963 -0.00000 0.00000
										CHANNELS 3 Zrotation Yrotation Xrotation
										End Site
										{
											OFFSET 0.33831 -0.00000 0.00000
										}
									}
								}
								JOINT LThumb
								{
									OFFSET 0 0 0
									CHANNELS 3 Zrotation Yrotation Xrotation
									End Site
									{
										OFFSET 0.34348 -0.00000 0.34348
									}
								}
							}
						}
					}
				}
				JOINT RightShoulder
				{
					OFFSET 0 0 0
					CHANNELS 3 Zrotation Yrotation Xrotation
					JOINT RightArm
					{
						OFFSET -2.94710 0.68072 0.32187
						CHANNELS 3 Zrotation Yrotation Xrotation
						JOINT RightForeArm
						{
							OFFSET -5.25396 -0.00000 -0.00000
							CHANNELS 3 Zrotation Yrotation Xrotation
							JOINT RightHand
							{
								OFFSET -3.10567 -0.00000 0.00000
								CHANNELS 3 Zrotation Yrotation Xrotation
								JOINT RightFingerBase
								{
									OFFSET 0 0 0
									CHANNELS 3 Zrotation Yrotation Xrotation
									JOINT RightHandIndex1
									{
										OFFSET -0.49868 -0.00000 0.00000
										CHANNELS 3 Zrotation Yrotation Xrotation
										End Site
										{
											OFFSET -0.40204 -0.00000 0.00000
										}
									}
								}
								JOINT RThumb
								{
									OFFSET 0 0 0
									CHANNELS 3 Zrotation Yrotation Xrotation
									End Site
									{
										OFFSET -0.40818 -0.00000 0.40818
									}
								}
							}
						}
					}
				}
			}
		}
	}
}
MOTION
Frames: 325
Frame Time: 0.0166667
7.5679 2.2887 23.6414 0.0000 0.0000 0.0000 0.0000 0.0000 0.0000 -21.0000 0.0000 0.0000 0.0000 0.0000 0.0000 0.0000 0.0000 0.0000 0.0000 0.0000 0.0000 0.0000 0.0000 0.0000 21.0000 0.0000 0.0000 0.0000 0.0000 0.0000 0.0000 0.0000 0.0000 0.0000 0.0000 0.0000 0.0000 0.0000 0.0000 0.0000 0.0000 0.0000 0.0000 0.0000 0.0000 0.0000 0.0000 -16.0000 0.0000 0.0000 21.0000 0.0000 0.0000 11.0000 0.0000 0.0000 0.0000 -8.0000 0.0000 0.0000 0.0000 0.0000 0.0000 0.0000 0.0000 0.0000 0.0000 0.0000 0.0000 0.0000 0.0000 0.0000 0.0000 0.0000 0.0000 0.0000 0.0000 0.0000 8.0000 0.0000 0.0000 0.0000 0.0000 0.0000 0.0000 0.0000 0.0000 0.0000 0.0000 0.0000 0.0000 0.0000 0.0000 0.0000 0.0000 0.0000
6.8878 1.8776 23.9140 -142.9870 -72.7569 100.1970 0.0000 0.0000 0.0000 -48.6766 20.7566 -114.4605 34.9337 13.4580 138.8919 2.5752 24.3373 31.4434 8.0533 16.1583 52.7543 0.0000 0.0000 0.0000 -36.7190 -21.9209 -100.9032 -38.3102 -8.1876 156.7147 5.6779 47.4127 -13.0832 -3.5064 11.4729 -33.8920 3.7979 5.7292 30.2394 0.7217 7.5923 8.6758 -3.8946 3.2400 -6.2784 5.2513 4.3992 -17.9919 5.0846 1.5315 37.3124 1.4833 1.6795 16.5295 0.0000 -0.0000 0.0000 -80.1172 23.0288 10.1089 20.3091 -31.0130 -5.6898 -0.0000 0.0000 -77.9441 122.9508 -5.5723 -171.4802 -7.1250 0.0000 -0.0000 159.4448 12.9469 153.8413 0.0000 -0.0000 0.0000 78.4236 62.5952 53.0171 -14.2061 23.0286 -2.9082 0.0000 0.0000 14.6308 30.0795 -12.0525 -6.8960 7.1250 -0.0000 -0.0000 45.3283 -37.3096 11.7927
6.8349 1.8838 23.9229 -139.2940 -73.1193 97.4100 0.0000 0.0000 0.0000 -48.9175 19.8254 -114.2565 34.8930 13.5033 138.7170 1.7232 28.8966 29.2578 8.4931 16.4702 54.3198 0.0000 0.0000 0.0000 -38.7215 -20.9299 -99.8008 -38.2722 -8.2745 156.4490 5.3499 47.8234 -15.1053 -3.9777 12.1307 -36.1960 3.7011 5.5528 29.2537 0.8159 7.3808 8.5308 -3.5900 3.1756 -6.0268 5.0039 4.2925 -18.0707 5.2707 1.3692 37.4488 1.5845 1.6047 16.6137 0.0000 -0.0000 0.0000 -80.3892 23.0928 10.0261 20.3818 -31.0996 -5.7272 -0.0000 0.0000 -77.3414 122.9469 -5.5295 -171.5433 -7.1250 0.0000 -0.0000 159.4325 13.0131 153.8063 0.0000 -0.0000 0.0000 77.5774 62.2184 53.0957 -14.4847 23.4234 -3.0181 0.0000 0.0000 13.7874 30.3586 -12.0918 -6.9950 7.1250 -0.0000 -0.0000 45.4982 -37.2941 11.9001
6.7823 1.8922 23.9337 -135.5800 -73.4529 94.5611 0.0000 0.0000 0.0000 -49.2356 18.9120 -113.9591 34.8493 13.5516 138.5301 0.7600 32.7104 26.8644 8.8355 16.7007 55.5194 0.0000 0.0000 0.0000 -40.8891 -19.5576 -98.6743 -38.2217 -8.3882 156.1005 5.1960 48.4885 -16.6876 -4.4457 12.7310 -38.3696 3.6473 5.4247 28.3826 0.8794 7.2419 8.3577 -3.3815 3.1412 -5.8377 4.8585 4.1493 -18.1386 5.3969 1.1340 37.6062 1.6284 1.5057 16.7124 0.0000 -0.0000 0.0000 -80.5316 23.1407 10.0667 20.4280 -31.1546 -5.7512 -0.0000 0.0000 -76.6955 122.9251 -5.4474 -171.6598 -7.1250 0.0000 -0.0000 159.4005 13.1314 153.7296 0.0000 -0.0000 0.0000 76.5578 61.7051 52.8978 -14.7857 23.8467 -3.1388 0.0000 0.0000 12.9079 30.7360 -12.0794 -7.0930 7.1250 -0.0000 -0.0000 45.6887 -37.2176 12.1206
6.7309 1.9052 23.9446 -131.9840 -73.7335 91.7315 0.0000 0.0000 0.0000 -49.6840 18.1534 -113.5747 34.8005 13.6050 138.3223 -0.0623 35.2393 24.7885 9.0698 16.8524 56.3312 0.0000 0.0000 0.0000 -43.0552 -17.7074 -97.5551 -38.1671 -8.5090 155.7289 5.1725 49.2457 -17.8307 -4.8824 13.2501 -40.3122 3.6202 5.3534 27.6985 0.9223 7.1809 8.1686 -3.2532 3.1373 -5.7381 4.7968 3.9792 -18.2060 5.4781 0.8416 37.7759 1.6273 1.3889 16.8230 -0.0000 -0.0000 0.0000 -80.5567 23.1773 10.2109 20.4426 -31.1720 -5.7587 -0.0000 0.0000 -76.0248 122.8733 -5.3910 -171.7285 -7.1250 0.0000 -0.0000 159.3573 13.1867 153.6531 -0.0000 -0.0000 0.0000 75.4374 61.0675 52.5089 -15.1232 24.3175 -3.2765 0.0000 0.0000 12.0376 31.1668 -12.0194 -7.1787 7.1250 -0.0000 -0.0000 45.8761 -37.0904 12.4289
6.6796 1.9237 23.9542 -128.5880 -73.9418 89.0124 0.0000 0.0000 0.0000 -50.2363 17.5706 -113.1482 34.7555 13.6540 138.1312 -0.6452 36.6288 23.1833 9.2179 16.9459 56.8407 0.0000 0.0000 0.0000 -45.0343 -15.4272 -96.5623 -38.1163 -8.6196 155.3877 5.2890 49.9152 -18.3055 -5.2125 13.6191 -41.7327 3.6000 5.3259 27.1718 0.9601 7.1751 7.9827 -3.1651 3.1539 -5.7016 4.7608 3.7992 -18.2821 5.5581 0.5263 37.9234 1.6161 1.2674 16.9267 0.0000 -0.0000 0.0000 -80.5356 23.1920 10.3565 20.4209 -31.1461 -5.7474 -0.0000 0.0000 -75.3159 122.7851 -5.4103 -171.6717 -7.1250 0.0000 -0.0000 159.3110 13.0941 153.6105 0.0000 -0.0000 0.0000 74.3199 60.3547 52.0762 -15.5061 24.8464 -3.4358 0.0000 0.0000 11.2015 31.5860 -11.9355 -7.2469 7.1250 -0.0000 -0.0000 46.0399 -36.9436 12.7635
6.6271 1.9460 23.9635 -125.2790 -74.0746 86.3383 0.0000 0.0000 0.0000 -50.8131 17.0008 -112.6936 34.7202 13.6922 137.9819 -1.0434 37.2736 21.8790 9.3103 17.0033 57.1572 0.0000 0.0000 0.0000 -46.7629 -12.9714 -95.7565 -38.0744 -8.7093 155.1098 5.5782 50.4341 -17.9452 -5.3902 13.8102 -42.4824 3.5963 5.3097 26.7254 1.0059 7.1847 7.8143 -3.0876 3.1746 -5.6801 4.7092 3.6166 -18.3563 5.6651 0.2105 38.0019 1.6172 1.1485 16.9938 0.0000 0.0000 0.0000 -80.5422 23.1661 10.4049 20.3602 -31.0738 -5.7161 -0.0000 0.0000 -74.5335 122.6546 -5.5225 -171.4599 -7.1250 0.0000 -0.0000 159.2624 12.8201 153.6126 0.0000 0.0000 0.0000 73.2260 59.6071 51.6748 -15.9397 25.4388 -3.6200 0.0000 0.0000 10.3982 31.9164 -11.8468 -7.2867 7.1250 -0.0000 -0.0000 46.1531 -36.8075 13.0577
6.5724 1.9703 23.9745 -121.8750 -74.1294 83.5670 0.0000 0.0000 0.0000 -51.3593 16.2510 -112.1849 34.6878 13.7269 137.8455 -1.3190 37.4631 20.7446 9.3645 17.0366 57.3424 0.0000 0.0000 0.0000 -48.2577 -10.6870 -95.0901 -38.0456 -8.7704 154.9203 5.9280 50.7648 -17.1166 -5.4424 13.8653 -42.7005 3.6204 5.2783 26.3033 1.0741 7.1798 7.6654 -2.9980 3.1870 -5.6477 4.6353 3.4268 -18.4138 5.7914 -0.1034 37.9944 1.6277 1.0309 17.0110 0.0000 -0.0000 0.0000 -80.6300 23.0932 10.2797 20.2585 -30.9526 -5.6637 -0.0000 0.0000 -73.6270 122.4743 -5.7022 -171.1269 -7.1250 0.0000 -0.0000 159.2011 12.4001 153.6365 0.0000 -0.0000 0.0000 72.1083 58.8259 51.3137 -16.4323 26.1033 -3.8342 0.0000 0.0000 9.6195 32.0834 -11.7549 -7.2781 7.1250 -0.0000 -0.0000 46.1823 -36.6985 13.2618
6.5154 1.9966 23.9877 -118.3280 -74.1028 80.6638 0.0000 0.0000 0.0000 -51.8530 15.3024 -111.6020 34.6528 13.7644 137.6981 -1.5143 37.3858 19.7236 9.3879 17.0510 57.4222 0.0000 0.0000 0.0000 -49.5352 -8.8174 -94.4819 -38.0318 -8.7995 154.8299 6.1980 50.8980 -16.3046 -5.4071 13.8281 -42.5532 3.6705 5.2328 25.8938 1.1643 7.1625 7.5253 -2.8961 3.1925 -5.6107 4.5743 3.2175 -18.4629 5.9135 -0.4424 37.9276 1.6269 0.9046 16.9958 -0.0000 0.0000 0.0000 -80.7864 22.9870 9.9735 20.1206 -30.7874 -5.5930 -0.0000 0.0000 -72.5792 122.2447 -5.8766 -170.7810 -7.1250 0.0000 -0.0000 159.1104 11.9509 153.6286 -0.0000 0.0000 0.0000 70.9314 57.9814 50.9465 -16.9908 26.8456 -4.0832 0.0000 0.0000 8.8869 32.0592 -11.6508 -7.2085 7.1250 -0.0000 -0.0000 46.1112 -36.6155 13.3657
6.4570 2.0253 24.0033 -114.7020 -74.0015 77.6924 0.0000 0.0000 0.0000 -52.2763 14.2701 -110.9390 34.6172 13.8023 137.5487 -1.6968 37.2585 18.6905 9.3921 17.0535 57.4366 0.0000 0.0000 0.0000 -50.6297 -7.4376 -93.8769 -38.0306 -8.8020 154.8222 6.5651 51.0051 -15.0828 -5.2679 13.6793 -41.9676 3.7289 5.1866 25.5034 1.2690 7.1458 7.3864 -2.7853 3.1971 -5.5813 4.5562 2.9842 -18.5219 6.0175 -0.8243 37.8294 1.6011 0.7649 16.9689 -0.0000 -0.0000 0.0000 -80.9760 22.8662 9.5349 19.9565 -30.5899 -5.5092 -0.0000 0.0000 -71.4212 121.9712 -5.9966 -170.4983 -7.1250 0.0000 -0.0000 158.9824 11.5550 153.5550 -0.0000 -0.0000 0.0000 69.6983 57.0565 50.5256 -17.6168 27.6638 -4.3699 0.0000 0.0000 8.2364 31.8905 -11.5231 -7.0853 7.1250 -0.0000 -0.0000 45.9564 -36.5399 13.4093
6.3979 2.0559 24.0203 -111.0550 -73.8261 74.7150 0.0000 0.0000 0.0000 -52.6034 13.2211 -110.2203 34.5879 13.8333 137.4261 -1.9370 37.2822 17.4919 9.3915 17.0532 57.4346 0.0000 0.0000 0.0000 -51.5702 -6.4998 -93.2586 -38.0381 -8.7862 154.8713 7.2570 51.2128 -12.7523 -5.0162 13.4020 -40.8925 3.7807 5.1418 25.1330 1.3962 7.1293 7.2512 -2.6485 3.2005 -5.5604 4.5813 2.7369 -18.5962 6.0904 -1.2286 37.7036 1.5487 0.6182 16.9325 -0.0000 0.0000 0.0000 -81.1940 22.7409 9.0258 19.7770 -30.3727 -5.4181 -0.0000 0.0000 -70.2196 121.6559 -6.0844 -170.2454 -7.1250 0.0000 -0.0000 158.8236 11.1762 153.4348 -0.0000 0.0000 0.0000 68.4538 56.0780 50.0248 -18.2857 28.5215 -4.6849 0.0000 0.0000 7.7319 31.6532 -11.3393 -6.9112 7.1250 -0.0000 -0.0000 45.7363 -36.4297 13.4743
6.3378 2.0875 24.0373 -107.4450 -73.5613 71.7952 0.0000 0.0000 0.0000 -52.8325 12.1214 -109.5037 34.5669 13.8555 137.3384 -2.2437 37.4884 16.1161 9.3957 17.0557 57.4486 0.0000 0.0000 0.0000 -52.3459 -5.8581 -92.6351 -38.0530 -8.7549 154.9684 8.0185 51.3410 -9.9375 -4.7308 13.0741 -39.6463 3.8356 5.0901 24.7813 1.5621 7.1050 7.1234 -2.4714 3.1988 -5.5449 4.6389 2.4919 -18.6720 6.1192 -1.6172 37.5410 1.4727 0.4766 16.8758 0.0000 -0.0000 0.0000 -81.4598 22.6064 8.4627 19.5855 -30.1397 -5.3216 -0.0000 0.0000 -69.0199 121.3006 -6.1734 -169.9700 -7.1250 0.0000 -0.0000 158.6429 10.7605 153.2962 0.0000 -0.0000 0.0000 67.2389 55.0882 49.4434 -18.9631 29.3728 -5.0127 0.0000 0.0000 7.4203 31.3874 -11.0670 -6.6797 7.1250 -0.0000 -0.0000 45.4532 -36.2495 13.6193
6.2761 2.1189 24.0541 -103.9590 -73.2059 69.0231 0.0000 0.0000 0.0000 -52.9562 10.9790 -108.7812 34.5428 13.8809 137.2377 -2.6674 38.0239 14.4791 9.4634 17.0968 57.6793 0.0000 0.0000 0.0000 -52.9603 -5.3571 -92.0160 -38.0727 -8.7130 155.0983 8.3282 51.2209 -8.4237 -4.5637 12.8749 -38.9021 3.9064 5.0227 24.4468 1.7770 7.0655 7.0026 -2.2479 3.1883 -5.5346 4.7186 2.2623 -18.7390 6.0854 -1.9593 37.3555 1.3732 0.3481 16.8018 0.0000 0.0000 0.0000 -81.8094 22.4583 7.8153 19.3779 -29.8855 -5.2178 -0.0000 0.0000 -67.8340 120.9122 -6.2732 -169.6581 -7.1250 0.0000 -0.0000 158.4470 10.2959 153.1532 0.0000 0.0000 0.0000 66.0104 54.0936 48.8522 -19.6697 30.2424 -5.3640 0.0000 0.0000 7.2199 31.0985 -10.7329 -6.4094 7.1250 -0.0000 -0.0000 45.1257 -36.0209 13.8144
6.2120 2.1478 24.0731 -100.6880 -72.7914 66.4824 0.0000 0.0000 0.0000 -52.8372 9.9837 -107.8807 34.4826 13.9438 136.9874 -3.5637 39.7378 11.8489 9.7690 17.2779 58.7135 0.0000 0.0000 0.0000 -53.4957 -4.9848 -91.4099 -38.0916 -8.6727 155.2233 8.1644 50.9752 -8.6350 -4.5508 12.8593 -38.8441 3.9676 4.9380 24.1153 2.0541 7.0026 6.8922 -1.9466 3.1652 -5.5239 4.7890 2.0582 -18.7995 5.9703 -2.2247 37.1844 1.2547 0.2381 16.7286 0.0000 -0.0000 0.0000 -82.3115 22.2967 7.0253 19.1408 -29.5933 -5.1002 -0.0000 0.0000 -66.6468 120.4921 -6.4163 -169.2545 -7.1250 0.0000 -0.0000 158.2442 9.7251 153.0363 0.0000 -0.0000 0.0000 64.6552 53.0767 48.3696 -20.4781 31.2141 -5.7771 0.0000 0.0000 6.9604 30.8145 -10.4145 -6.1539 7.1250 -0.0000 -0.0000 44.8108 -35.8037 13.9909
6.1448 2.1727 24.0967 -97.6922 -72.3629 64.2315 0.0000 0.0000 0.0000 -52.3525 9.3005 -106.6602 34.3628 14.0673 136.4923 -5.3955 43.1579 7.1925 10.3182 17.5849 60.5467 0.0000 0.0000 0.0000 -54.0348 -4.7700 -90.8384 -38.1055 -8.6429 155.3156 7.9088 50.7370 -9.2573 -4.5739 12.8873 -38.9479 3.9764 4.8437 23.7668 2.4004 6.9149 6.7988 -1.5344 3.1294 -5.5015 4.8215 1.8826 -18.8746 5.7691 -2.4036 37.0697 1.1236 0.1469 16.6826 0.0000 0.0000 0.0000 -83.0064 22.1146 6.0631 18.8534 -29.2361 -4.9590 -0.0000 0.0000 -65.4449 120.0248 -6.6724 -168.6323 -7.1250 0.0000 -0.0000 158.0418 8.9158 153.0006 0.0000 0.0000 0.0000 63.1633 52.0583 48.0089 -21.3903 32.2811 -6.2571 0.0000 0.0000 6.6176 30.6023 -10.1401 -5.9447 7.1250 -0.0000 -0.0000 44.5572 -35.6102 14.1587
6.0746 2.1959 24.1243 -95.0053 -71.9550 62.2989 0.0000 0.0000 0.0000 -51.7169 8.7814 -105.2813 34.2060 14.2257 135.8507 -7.9421 47.0087 0.9097 10.8005 17.8361 62.1320 0.0000 0.0000 0.0000 -54.5380 -4.4985 -90.3371 -38.1143 -8.6239 155.3742 7.6100 50.3692 -9.8303 -4.5944 12.9120 -39.0398 3.9191 4.7529 23.4004 2.8008 6.8154 6.7195 -1.0238 3.0873 -5.4680 4.8147 1.7290 -18.9828 5.5068 -2.5207 37.0270 0.9866 0.0681 16.6784 0.0000 0.0000 0.0000 -83.8461 21.9029 4.9707 18.4940 -28.7850 -4.7847 -0.0000 0.0000 -64.2394 119.4843 -7.0894 -167.6867 -7.1250 0.0000 -0.0000 157.8360 7.7576 153.0854 0.0000 0.0000 0.0000 61.6249 51.0739 47.6770 -22.3368 33.3555 -6.7701 0.0000 0.0000 6.2803 30.5156 -9.8984 -5.7855 7.1250 -0.0000 -0.0000 44.3857 -35.4210 14.3637
6.0026 2.2221 24.1531 -92.6031 -71.5758 60.6611 0.0000 0.0000 0.0000 -51.3679 8.1306 -104.1044 34.0684 14.3618 135.2933 -10.0305 49.5176 -4.4480 11.0493 17.9591 62.9417 0.0000 0.0000 0.0000 -54.8945 -3.7804 -89.9419 -38.1205 -8.6105 155.4156 7.0106 49.6044 -10.9907 -4.6848 13.0197 -39.4424 3.8191 4.6700 23.0414 3.2285 6.7167 6.6381 -0.4627 3.0448 -5.4461 4.7812 1.5885 -19.1141 5.2230 -2.6067 37.0315 0.8521 -0.0039 16.7027 -0.0000 -0.0000 0.0000 -84.7341 21.6642 3.8345 18.0494 -28.2203 -4.5726 -0.0000 0.0000 -63.0627 118.8484 -7.6765 -166.3692 -7.1250 0.0000 -0.0000 157.6142 6.2044 153.3052 -0.0000 -0.0000 0.0000 60.0736 50.1095 47.3254 -23.3035 34.4190 -7.3091 0.0000 0.0000 5.9411 30.5565 -9.7202 -5.6922 7.1250 -0.0000 -0.0000 44.3130 -35.2623 14.5764
5.9302 2.2529 24.1808 -90.3986 -71.2058 59.2397 0.0000 0.0000 0.0000 -51.4439 7.2361 -103.2736 33.9762 14.4514 134.9227 -11.0052 50.4724 -7.3182 11.1509 18.0081 63.2707 0.0000 0.0000 0.0000 -55.0996 -2.4480 -89.6682 -38.1236 -8.6037 155.4367 6.3583 48.5753 -12.0172 -4.8281 13.1875 -40.0746 3.7171 4.5857 22.7188 3.6630 6.6177 6.5363 0.1023 3.0007 -5.4631 4.7305 1.4594 -19.2315 4.9482 -2.6704 37.0277 0.7283 -0.0687 16.7189 0.0000 -0.0000 0.0000 -85.5934 21.4029 2.7207 17.5151 -27.5318 -4.3228 -0.0000 0.0000 -61.9346 118.1043 -8.4276 -164.6540 -7.1250 0.0000 -0.0000 157.3649 4.2414 153.6740 0.0000 -0.0000 0.0000 58.4732 49.1226 46.9639 -24.3415 35.5233 -7.9041 0.0000 0.0000 5.5334 30.6957 -9.6549 -5.6858 7.1250 -0.0000 -0.0000 44.3489 -35.1813 14.7296
5.8580 2.2866 24.2066 -88.3122 -70.8229 57.9592 0.0000 0.0000 0.0000 -51.7541 6.1603 -102.6690 33.9158 14.5095 134.6811 -11.2072 50.5701 -8.3088 11.2184 18.0403 63.4888 0.0000 0.0000 0.0000 -55.2496 -0.5839 -89.4929 -38.1186 -8.6146 155.4031 6.2125 47.7612 -11.2892 -4.9356 13.3109 -40.5437 3.6476 4.4876 22.4413 4.0909 6.5101 6.4109 0.6397 2.9512 -5.5211 4.6888 1.3448 -19.3240 4.6763 -2.7094 36.9837 0.6082 -0.1227 16.7074 0.0000 -0.0000 0.0000 -86.3831 21.1123 1.6505 16.8939 -26.7177 -4.0395 -0.0000 0.0000 -60.8568 117.2566 -9.3064 -162.5730 -7.1250 0.0000 -0.0000 157.0775 1.9179 154.1904 0.0000 -0.0000 0.0000 56.8389 48.1176 46.5722 -25.4500 36.6604 -8.5571 0.0000 0.0000 5.1044 30.9044 -9.6806 -5.7478 7.1250 -0.0000 -0.0000 44.4665 -35.1646 14.8297
5.7860 2.3215 24.2319 -86.3327 -70.4176 56.7938 0.0000 0.0000 0.0000 -52.0980 4.9968 -102.1524 33.8717 14.5515 134.5056 -11.0964 50.3418 -8.4911 11.3026 18.0800 63.7602 0.0000 0.0000 0.0000 -55.3778 1.7341 -89.3762 -38.0995 -8.6556 155.2762 6.6961 47.2781 -8.1718 -4.9556 13.3336 -40.6305 3.6222 4.3719 22.1987 4.5099 6.3888 6.2772 1.1446 2.8940 -5.5971 4.6924 1.2533 -19.4193 4.3747 -2.7144 36.9101 0.4734 -0.1608 16.6799 -0.0000 -0.0000 0.0000 -87.0942 20.7858 0.6273 16.1977 -25.7880 -3.7316 -0.0000 0.0000 -59.8339 116.3382 -10.2291 -160.2664 -7.1250 0.0000 -0.0000 156.7468 -0.6013 154.8116 -0.0000 -0.0000 0.0000 55.2200 47.1386 46.1150 -26.5739 37.7698 -9.2370 0.0000 0.0000 4.7523 31.1575 -9.7266 -5.8323 7.1250 -0.0000 -0.0000 44.6159 -35.1564 14.9366
5.7128 2.3577 24.2572 -84.4832 -69.9785 55.7443 0.0000 0.0000 0.0000 -52.4295 3.7392 -101.6855 33.8273 14.5936 134.3290 -10.9629 50.1348 -8.4131 11.4060 18.1281 64.0933 0.0000 0.0000 0.0000 -55.4130 4.5155 -89.2863 -38.0657 -8.7279 155.0521 7.4498 46.7257 -3.0676 -4.8442 13.2062 -40.1453 3.6445 4.2370 21.9835 4.9270 6.2503 6.1518 1.6249 2.8275 -5.6696 4.7565 1.1958 -19.5491 4.0284 -2.6737 36.8287 0.3177 -0.1772 16.6553 -0.0000 -0.0000 0.0000 -87.7317 20.4314 -0.3278 15.4489 -24.7677 -3.4118 -0.0000 0.0000 -58.8742 115.3518 -11.2257 -157.6636 -7.1250 0.0000 -0.0000 156.3736 -3.3730 155.5913 -0.0000 -0.0000 0.0000 53.6355 46.2152 45.5841 -27.6798 38.8198 -9.9223 0.0000 0.0000 4.4930 31.4265 -9.7537 -5.9101 7.1250 -0.0000 -0.0000 44.7617 -35.1284 15.0751
5.6368 2.3959 24.2815 -82.7542 -69.4801 54.7999 0.0000 0.0000 0.0000 -52.7735 2.2994 -101.2683 33.7573 14.6594 134.0520 -11.0259 50.2970 -8.1779 11.5345 18.1869 64.5054 0.0000 0.0000 0.0000 -55.2688 7.7306 -89.2040 -38.0208 -8.8227 154.7577 7.9541 45.6516 3.1242 -4.5481 12.8561 -38.8320 3.7325 4.0767 21.7959 5.3440 6.0899 6.0344 2.0736 2.7488 -5.7376 4.8575 1.1744 -19.7130 3.6789 -2.5911 36.7307 0.1626 -0.1711 16.6310 0.0000 0.0000 0.0000 -88.2885 20.0747 -1.1570 14.6806 -23.6993 -3.0964 -0.0000 0.0000 -57.9702 114.1305 -12.6530 -153.9421 -7.1250 0.0000 -0.0000 155.9118 -7.1809 156.9111 0.0000 0.0000 0.0000 52.0933 45.3423 44.9737 -28.7655 39.8115 -10.6102 0.0000 0.0000 4.2698 31.6799 -9.7734 -5.9804 7.1250 -0.0000 -0.0000 44.8948 -35.0964 15.2134
5.5582 2.4366 24.3033 -81.1102 -68.8950 53.9385 0.0000 0.0000 0.0000 -53.1325 0.6252 -100.9066 33.6602 14.7497 133.6693 -11.2264 50.7877 -7.5460 11.6886 18.2559 64.9982 0.0000 0.0000 0.0000 -54.8854 11.2943 -89.1127 -37.9682 -8.9321 154.4170 7.8397 43.8938 9.1886 -4.0651 12.2466 -36.6099 3.8990 3.8811 21.6358 5.7579 5.8983 5.9153 2.4830 2.6532 -5.8096 4.9545 1.1817 -19.8862 3.3911 -2.4843 36.5848 0.0405 -0.1475 16.5871 -0.0000 -0.0000 0.0000 -88.7643 19.7570 -1.7974 13.9437 -22.6542 -2.8064 -0.0000 0.0000 -57.0798 112.2497 -15.0460 -147.6032 -7.1250 0.0000 -0.0000 155.1382 -13.3808 159.4908 -0.0000 -0.0000 0.0000 50.6206 44.5043 44.2887 -29.8339 40.7506 -11.3011 0.0000 0.0000 4.0081 31.8868 -9.8258 -6.0602 7.1250 -0.0000 -0.0000 45.0217 -35.1008 15.2881
5.4791 2.4788 24.3229 -79.5300 -68.2205 53.1414 0.0000 0.0000 0.0000 -53.4117 -1.2114 -100.5799 33.5678 14.8345 133.3075 -11.4246 51.3007 -6.8237 11.8404 18.3224 65.4820 0.0000 0.0000 0.0000 -54.2579 15.0324 -88.9998 -37.9098 -9.0516 154.0432 7.1299 41.5752 14.3903 -3.4489 11.3886 -33.6018 4.1177 3.6460 21.5000 6.1692 5.6644 5.7936 2.8715 2.5352 -5.8881 5.0201 1.2116 -20.0439 3.1977 -2.3614 36.3691 -0.0313 -0.1096 16.5074 0.0000 0.0000 0.0000 -89.1946 19.5310 -2.2057 13.3136 -21.7450 -2.5683 -0.0000 0.0000 -56.1371 109.1957 -18.4412 -137.7418 -7.1250 0.0000 -0.0000 153.5373 -22.5392 163.9559 0.0000 0.0000 0.0000 49.2433 43.6993 43.5681 -30.8861 41.6409 -11.9941 0.0000 0.0000 3.6254 32.0200 -9.9452 -6.1642 7.1250 -0.0000 -0.0000 45.1491 -35.1766 15.2431
5.4013 2.5212 24.3416 -78.0060 -67.4900 52.3922 0.0000 0.0000 0.0000 -53.5349 -3.1031 -100.2640 33.5049 14.8916 133.0620 -11.6336 51.6960 -6.6194 11.9684 18.3773 65.8886 0.0000 0.0000 0.0000 -53.4623 18.6808 -88.8657 -37.8465 -9.1787 153.6442 6.0353 38.8392 18.7654 -2.7626 10.3005 -29.9553 4.3450 3.3839 21.3841 6.5674 5.3938 5.6795 3.2512 2.3983 -5.9627 5.0543 1.2563 -20.1892 3.0930 -2.2329 36.0880 -0.0576 -0.0626 16.3952 -0.0000 -0.0000 0.0000 -89.6081 19.4408 -2.3012 12.8899 -21.1257 -2.4135 -0.0000 0.0000 -55.1151 105.0083 -21.8725 -125.7411 -7.1250 0.0000 -0.0000 150.5769 -32.9714 170.1697 -0.0000 -0.0000 0.0000 47.9708 42.9253 42.8331 -31.9115 42.4765 -12.6810 0.0000 0.0000 3.0502 32.0640 -10.1498 -6.2994 7.1250 -0.0000 -0.0000 45.2803 -35.3425 15.0468
5.3258 2.5633 24.3600 -76.5258 -66.7517 51.6776 0.0000 0.0000 0.0000 -53.5468 -4.9957 -99.9511 33.4751 14.9184 132.9463 -11.7620 51.8611 -6.7776 12.0760 18.4226 66.2295 0.0000 0.0000 0.0000 -52.6245 22.0013 -88.7334 -37.7810 -9.3081 153.2362 4.7205 35.7556 22.6475 -2.0725 9.0156 -25.8441 4.5630 3.1226 21.2764 6.9229 5.1159 5.5846 3.5929 2.2575 -6.0148 5.0673 1.2968 -20.3472 3.0718 -2.1323 35.7535 -0.0492 -0.0184 16.2626 0.0000 -0.0000 0.0000 -89.9806 19.5035 -1.9174 12.7885 -20.9766 -2.3770 -0.0000 0.0000 -54.1268 100.7000 -24.2146 -114.7347 -7.1250 0.0000 -0.0000 146.4380 -41.8372 176.9979 0.0000 -0.0000 0.0000 46.8195 42.1698 42.0310 -32.8598 43.2220 -13.3259 0.0000 0.0000 2.2780 32.0313 -10.4321 -6.4631 7.1250 -0.0000 -0.0000 45.4183 -35.5893 14.7148
5.2530 2.6055 24.3776 -75.0688 -66.0376 50.9801 0.0000 0.0000 0.0000 -53.5437 -6.8687 -99.6471 33.4722 14.9210 132.9352 -11.6147 51.6630 -6.6278 12.1737 18.4631 66.5385 0.0000 0.0000 0.0000 -51.8641 24.8893 -88.6320 -37.7147 -9.4367 152.8288 3.2644 32.3371 26.3827 -1.4376 7.5805 -21.4469 4.7689 2.8861 21.1706 7.2119 4.8602 5.5165 3.8641 2.1280 -6.0325 5.0604 1.3131 -20.5371 3.1378 -2.0928 35.3699 -0.0115 0.0102 16.1167 -0.0000 -0.0000 0.0000 -90.2657 19.6964 -0.8771 13.1279 -21.4743 -2.4999 -0.0000 0.0000 -53.4409 97.3884 -25.1463 -106.9701 -7.1250 0.0000 -0.0000 142.0975 -47.6555 -177.1178 -0.0000 -0.0000 0.0000 45.8189 41.4284 41.0928 -33.6523 43.8255 -13.8717 0.0000 0.0000 1.3777 31.9666 -10.7610 -6.6461 7.1250 -0.0000 -0.0000 45.5678 -35.8811 14.3099
5.1837 2.6474 24.3932 -73.6073 -65.3565 50.2654 0.0000 0.0000 0.0000 -53.5450 -8.6623 -99.3374 33.4860 14.9086 132.9886 -11.3178 51.2467 -6.3601 12.2610 18.4988 66.8137 0.0000 0.0000 0.0000 -51.2692 27.3321 -88.5920 -37.6487 -9.5625 152.4289 1.7385 28.6720 30.0882 -0.9103 6.0798 -17.0161 4.9480 2.6813 21.0860 7.4324 4.6346 5.4757 4.0670 2.0138 -6.0276 5.0256 1.2975 -20.7532 3.2876 -2.1208 34.9440 0.0534 0.0188 15.9597 -0.0000 -0.0000 0.0000 -90.4224 19.9476 0.8907 13.9821 -22.7091 -2.8212 -0.0000 0.0000 -53.2371 95.5701 -24.8976 -103.0426 -7.1250 0.0000 -0.0000 138.7249 -50.4449 -173.4875 -0.0000 -0.0000 0.0000 44.9576 40.6968 40.0410 -34.2765 44.2885 -14.3058 0.0000 0.0000 0.3974 31.9140 -11.1214 -6.8500 7.1250 -0.0000 -0.0000 45.7422 -36.1963 13.8754
5.1189 2.6881 24.4055 -72.1125 -64.6976 49.4936 0.0000 0.0000 0.0000 -53.5388 -10.3217 -99.0258 33.5173 14.8804 133.1103 -11.0339 50.7361 -6.4849 12.3403 18.5308 67.0635 0.0000 0.0000 0.0000 -50.8666 29.4025 -88.6626 -37.5879 -9.6763 152.0654 0.3442 25.2306 33.4423 -0.5493 4.7482 -13.1918 5.0877 2.5024 21.0642 7.5964 4.4353 5.4512 4.2218 1.9126 -6.0366 4.9454 1.2502 -20.9753 3.5062 -2.2037 34.4991 0.1441 0.0076 15.7986 -0.0000 0.0000 0.0000 -90.4073 20.1376 3.3104 15.3164 -24.5850 -3.3565 -0.0000 0.0000 -53.2597 95.5784 -23.7828 -103.6146 -7.1250 0.0000 -0.0000 137.8882 -50.0938 -173.7224 -0.0000 0.0000 0.0000 44.1900 39.9665 38.9675 -34.7672 44.6452 -14.6496 0.0000 -0.0000 -0.6358 31.8985 -11.5171 -7.0839 7.1250 -0.0000 -0.0000 45.9570 -36.5334 13.4208
5.0599 2.7262 24.4143 -70.5712 -64.0455 48.6507 0.0000 0.0000 0.0000 -53.4476 -11.8159 -98.7336 33.5881 14.8159 133.3869 -10.8136 50.0776 -7.5876 12.4112 18.5591 67.2864 0.0000 0.0000 0.0000 -50.6546 31.1294 -88.8760 -37.5348 -9.7743 151.7510 -0.7169 22.6946 36.1836 -0.3373 3.7324 -10.3251 5.1845 2.3435 21.1331 7.7269 4.2609 5.4256 4.3558 1.8235 -6.0958 4.7902 1.1729 -21.1850 3.7652 -2.3177 34.0747 0.2579 -0.0212 15.6479 -0.0000 -0.0000 0.0000 -90.2068 20.1340 6.1951 16.9844 -26.8373 -4.0803 -0.0000 0.0000 -52.9056 98.7830 -21.5284 -112.8329 -7.1250 0.0000 -0.0000 142.4505 -43.5942 178.4607 -0.0000 -0.0000 0.0000 43.5029 39.2650 37.9397 -35.0869 44.8741 -14.8746 0.0000 -0.0000 -1.6226 31.9373 -11.9102 -7.3306 7.1250 -0.0000 -0.0000 46.1996 -36.8569 12.9978
5.0082 2.7602 24.4216 -69.0016 -63.3965 47.7592 0.0000 0.0000 0.0000 -53.1042 -13.0856 -98.4533 33.7120 14.7017 133.8733 -10.7969 49.3816 -10.5915 12.4560 18.5768 67.4269 0.0000 0.0000 0.0000 -50.6218 32.4454 -89.1663 -37.4818 -9.8709 151.4404 -1.4888 21.1840 38.5216 -0.1781 2.7186 -7.4962 5.2252 2.2042 21.2916 7.8604 4.1113 5.3894 4.5178 1.7463 -6.2189 4.5307 1.0741 -21.3753 4.0184 -2.4232 33.7106 0.3881 -0.0607 15.5235 0.0000 -0.0000 0.0000 -89.8855 19.8360 9.3145 18.8136 -29.1865 -4.9396 -0.0000 0.0000 -51.7947 111.6276 -5.3324 -166.8083 -7.1250 0.0000 -0.0000 153.2203 3.4105 148.0437 0.0000 -0.0000 0.0000 42.8931 38.6579 36.9942 -35.1503 44.9192 -14.9194 0.0000 -0.0000 -2.4174 32.0226 -12.2275 -7.5455 7.1250 -0.0000 -0.0000 46.4245 -37.1072 12.6843
4.9623 2.7899 24.4287 -67.4430 -62.7545 46.8595 0.0000 0.0000 0.0000 -52.4789 -14.0976 -98.1503 33.8591 14.5635 134.4555 -10.8855 48.7368 -15.5211 12.4491 18.5741 67.4053 0.0000 0.0000 0.0000 -50.6820 33.3982 -89.3921 -37.4179 -9.9857 151.0694 -2.1586 20.2006 40.7702 -0.0424 1.3291 -3.6549 5.1947 2.0824 21.5241 8.0283 3.9800 5.3468 4.7544 1.6782 -6.3960 4.1642 0.9695 -21.5531 4.2221 -2.4806 33.4276 0.5251 -0.0999 15.4346 0.0000 -0.0000 0.0000 -89.5393 19.1848 12.4863 20.6865 -31.4605 -5.8854 -0.0000 0.0000 -50.1748 97.6805 21.2255 110.4302 -7.1250 0.0000 -0.0000 64.6553 -60.3298 -91.4178 0.0000 -0.0000 0.0000 42.2780 38.1618 36.2285 -35.0315 44.8346 -14.8356 0.0000 -0.0000 -3.0082 32.0641 -12.4702 -7.7034 7.1250 -0.0000 -0.0000 46.5863 -37.3027 12.4283
4.9184 2.8187 24.4323 -65.9316 -62.1192 45.9945 0.0000 0.0000 0.0000 -51.9098 -14.9884 -97.8265 33.9729 14.4545 134.9096 -10.7140 48.0554 -20.1474 12.4186 18.5620 67.3096 0.0000 0.0000 0.0000 -50.6744 34.2788 -89.4628 -37.3397 -10.1237 150.6216 -2.8503 19.1874 42.9789 -0.0037 -0.3946 1.0842 5.1128 1.9697 21.8100 8.2260 3.8562 5.3050 5.0536 1.6141 -6.6056 3.7332 0.8744 -21.7345 4.3639 -2.4800 33.2189 0.6587 -0.1303 15.3803 0.0000 0.0000 0.0000 -89.1959 18.1447 15.6345 22.5305 -33.5714 -6.8769 -0.0000 0.0000 -48.8087 89.4407 -22.7873 -88.5561 -7.1250 0.0000 -0.0000 41.6128 -47.9475 -63.1859 0.0000 0.0000 0.0000 41.6105 37.7628 35.7406 -34.8678 44.7175 -14.7203 0.0000 -0.0000 -3.4483 31.9296 -12.6838 -7.7913 7.1250 -0.0000 -0.0000 46.6446 -37.5063 12.1034
4.8736 2.8493 24.4305 -64.4986 -61.4889 45.2124 0.0000 0.0000 0.0000 -51.7299 -15.9528 -97.5307 34.0288 14.4004 135.1341 -10.3969 47.4775 -22.5238 12.4396 18.5704 67.3756 0.0000 0.0000 0.0000 -50.5130 35.2805 -89.3966 -37.2470 -10.2840 150.0987 -3.6158 17.8208 45.1504 -0.1103 -2.1410 5.8955 5.0411 1.8558 22.1208 8.4117 3.7345 5.2644 5.3361 1.5513 -6.8242 3.3204 0.7962 -21.9366 4.4547 -2.4473 33.0644 0.7745 -0.1507 15.3548 0.0000 0.0000 0.0000 -88.8106 16.6752 18.6908 24.2597 -35.4376 -7.8566 -0.0000 0.0000 -48.5621 84.6199 -22.2223 -76.0169 -7.1250 0.0000 -0.0000 34.7842 -38.8213 -53.2778 0.0000 0.0000 0.0000 41.0052 37.4980 35.5044 -34.6323 44.5478 -14.5548 0.0000 -0.0000 -3.6851 31.5492 -12.8558 -7.7790 7.1250 -0.0000 -0.0000 46.5543 -37.7193 11.6902
4.8281 2.8807 24.4253 -63.1819 -60.8736 44.5626 0.0000 0.0000 0.0000 -51.8953 -17.0455 -97.2967 34.0425 14.3870 135.1892 -10.1543 47.0887 -22.9967 12.5245 18.6037 67.6420 0.0000 0.0000 0.0000 -50.2533 36.3247 -89.2648 -37.1344 -10.4743 149.4733 -4.5200 15.8997 47.4772 -0.3342 -3.7151 10.2764 5.0479 1.7377 22.4339 8.5385 3.6221 5.2231 5.5074 1.4925 -7.0350 2.9932 0.7338 -22.1655 4.5200 -2.4200 32.9419 0.8642 -0.1653 15.3503 -0.0000 -0.0000 0.0000 -88.3652 14.7279 21.4511 25.7438 -36.9546 -8.7332 -0.0000 0.0000 -49.9509 83.4937 -21.8408 -72.9568 -7.1250 0.0000 -0.0000 33.6006 -36.4277 -51.3516 -0.0000 -0.0000 0.0000 40.6153 37.4137 35.4216 -34.2184 44.2459 -14.2652 0.0000 -0.0000 -3.6480 30.9458 -12.9657 -7.6617 7.1250 -0.0000 -0.0000 46.3077 -37.9185 11.2341
4.7832 2.9106 24.4199 -62.0093 -60.2994 44.0753 0.0000 0.0000 0.0000 -52.1876 -18.2274 -97.1472 34.0388 14.3907 135.1741 -9.9698 46.7908 -22.7475 12.6347 18.6463 67.9871 0.0000 0.0000 0.0000 -50.0280 37.2621 -89.1564 -36.9959 -10.7017 148.7196 -5.6006 13.3548 50.1487 -0.6311 -5.0831 14.1456 5.1924 1.6155 22.7397 8.5537 3.5299 5.1788 5.4692 1.4417 -7.2293 2.7756 0.6814 -22.4063 4.6210 -2.4374 32.8218 0.9414 -0.1794 15.3517 -0.0000 0.0000 0.0000 -87.8709 12.2762 23.6104 26.8054 -37.9930 -9.3791 -0.0000 0.0000 -52.8813 91.0947 22.6402 92.8419 -7.1250 0.0000 -0.0000 44.8528 -50.7774 -67.5083 -0.0000 0.0000 0.0000 40.5131 37.4754 35.4621 -33.6627 43.8332 -13.8789 0.0000 -0.0000 -3.4073 30.1829 -13.0644 -7.4898 7.1250 -0.0000 -0.0000 45.9608 -38.1322 10.7209
4.7390 2.9370 24.4163 -60.9724 -59.7959 43.7418 0.0000 0.0000 0.0000 -52.4801 -19.4558 -97.0793 34.0243 14.4047 135.1160 -9.8517 46.5972 -22.6001 12.7435 18.6876 68.3271 0.0000 0.0000 0.0000 -49.9621 38.0424 -89.1440 -36.8309 -10.9639 147.8419 -6.8103 10.3903 53.1656 -0.9703 -6.2712 17.5733 5.4935 1.4902 23.0381 8.4214 3.4632 5.1296 5.1675 1.4009 -7.4072 2.6558 0.6333 -22.6362 4.8142 -2.5220 32.6750 1.0268 -0.1971 15.3425 0.0000 0.0000 0.0000 -87.3656 9.3387 24.8974 27.2219 -38.3900 -9.6366 -0.0000 0.0000 -56.6638 104.4664 18.1004 129.7063 -7.1250 0.0000 -0.0000 123.2118 58.0467 98.0609 0.0000 0.0000 0.0000 40.7208 37.6258 35.6199 -33.0488 43.3675 -13.4556 0.0000 -0.0000 -3.0538 29.3437 -13.1784 -7.3036 7.1250 -0.0000 -0.0000 45.5675 -38.3666 10.1707
4.6951 2.9595 24.4161 -60.0520 -59.3824 43.5306 0.0000 0.0000 0.0000 -52.7128 -20.6724 -97.0633 34.0004 14.4280 135.0199 -9.8194 46.5452 -23.0230 12.8399 18.7236 68.6274 0.0000 0.0000 0.0000 -50.1128 38.7258 -89.2466 -36.6438 -11.2504 146.8709 -8.0532 7.4265 56.3802 -1.3395 -7.3279 20.6906 5.8594 1.3786 23.3397 8.1945 3.4265 5.0804 4.7136 1.3729 -7.5785 2.5787 0.5883 -22.8494 5.0660 -2.6389 32.4985 1.1224 -0.2153 15.3186 -0.0000 0.0000 0.0000 -86.9894 5.9781 25.1408 26.7791 -37.9677 -9.3629 -0.0000 0.0000 -60.2827 109.5500 14.0563 145.6295 -7.1250 0.0000 -0.0000 139.2877 48.2212 118.4617 -0.0000 0.0000 0.0000 41.1688 37.8692 35.8475 -32.3720 42.8417 -12.9930 0.0000 -0.0000 -2.5879 28.5231 -13.2416 -7.0961 7.1250 -0.0000 -0.0000 45.1413 -38.5511 9.7059
4.6522 2.9809 24.4202 -59.2434 -59.0693 43.3208 0.0000 0.0000 0.0000 -53.0074 -21.7268 -96.9692 33.9739 14.4536 134.9137 -9.7211 46.3858 -23.2958 12.9381 18.7597 68.9332 0.0000 0.0000 0.0000 -50.3509 39.7127 -89.3084 -36.4391 -11.5519 145.8352 -9.1959 4.7494 59.4086 -1.7437 -8.3105 23.6613 6.1370 1.3044 23.7680 7.9870 3.4279 5.0649 4.3210 1.3621 -7.7870 2.4665 0.5493 -23.0574 5.2836 -2.7153 32.3056 1.2170 -0.2259 15.2842 -0.0000 -0.0000 0.0000 -86.9069 2.2828 24.2921 25.3736 -36.5834 -8.5116 -0.0000 0.0000 -62.7305 111.3744 13.6259 148.9552 -7.1250 0.0000 -0.0000 141.9014 46.7337 122.4573 -0.0000 -0.0000 0.0000 41.6659 38.2100 36.1170 -31.6573 42.2722 -12.5097 0.0000 -0.0000 -2.0422 27.8002 -13.2088 -6.8697 7.1250 -0.0000 -0.0000 44.7051 -38.6373 9.4061
4.6154 3.0115 24.4302 -58.5255 -58.8680 42.6888 0.0000 0.0000 0.0000 -53.8070 -22.1387 -96.3282 33.9619 14.4652 134.8655 -9.0898 45.2937 -21.2075 13.0731 18.8084 69.3523 0.0000 0.0000 0.0000 -50.1787 42.0883 -88.7419 -36.2097 -11.8760 144.7052 -10.0090 2.2840 61.4806 -2.1916 -9.2542 26.5938 6.2996 1.2513 24.7962 7.8152 3.4721 5.1693 4.0200 1.3626 -8.1820 2.3120 0.5164 -23.2652 5.4513 -2.7403 32.0848 1.3070 -0.2274 15.2342 -0.0000 -0.0000 0.0000 -87.0496 -1.6456 22.4484 23.0799 -34.1761 -7.1831 -0.0000 0.0000 -63.4525 112.8739 14.4815 149.3428 -7.1250 0.0000 -0.0000 142.5728 47.9675 123.9306 -0.0000 -0.0000 0.0000 42.1303 38.5989 36.4296 -31.0016 41.7366 -12.0709 0.0000 -0.0000 -1.5011 27.2136 -13.1120 -6.6538 7.1250 -0.0000 -0.0000 44.3057 -38.6474 9.2446
4.5898 3.0603 24.4477 -57.8649 -58.7890 41.2052 0.0000 0.0000 0.0000 -55.3493 -21.2674 -94.6798 33.9792 14.4485 134.9347 -7.5614 42.4156 -16.3620 13.2338 18.8650 69.8503 0.0000 0.0000 0.0000 -48.9588 46.5842 -86.8467 -35.9448 -12.2336 143.4367 -10.3364 -0.1075 62.0877 -2.6867 -10.1698 29.5283 6.4521 1.1778 26.9141 7.5864 3.5583 5.4616 3.6436 1.3610 -8.9122 2.1937 0.4844 -23.4722 5.6322 -2.7771 31.8048 1.3926 -0.2280 15.1574 -0.0000 0.0000 0.0000 -87.1689 -5.6602 19.6986 20.1595 -30.8340 -5.6129 -0.0000 0.0000 -62.6513 114.9700 14.9924 150.9467 -7.1250 0.0000 -0.0000 144.2686 48.4412 126.8570 -0.0000 0.0000 0.0000 42.6664 38.9755 36.7597 -30.4590 41.2836 -11.7113 0.0000 -0.0000 -1.0076 26.7359 -12.9910 -6.4606 7.1250 -0.0000 -0.0000 43.9537 -38.6195 9.1604
4.5688 3.1208 24.4686 -57.2430 -58.8389 39.1329 0.0000 0.0000 0.0000 -57.1765 -19.1485 -92.4060 34.0089 14.4197 135.0539 -5.7778 38.4066 -11.5159 13.3734 18.9129 70.2814 0.0000 0.0000 0.0000 -46.6160 52.0993 -83.7640 -35.6615 -12.5977 142.1194 -10.3695 -2.4255 61.8280 -3.2473 -11.0850 32.5671 6.5941 1.0986 29.8135 7.2596 3.6764 5.8683 3.1447 1.3539 -9.8681 2.1532 0.4513 -23.6766 5.8599 -2.8584 31.4554 1.4735 -0.2322 15.0516 -0.0000 0.0000 0.0000 -87.1441 -9.4493 16.0075 17.0626 -26.9402 -4.1156 -0.0000 0.0000 -60.7523 117.3237 14.4521 154.2175 -7.1250 0.0000 -0.0000 147.0850 47.1105 131.1709 -0.0000 0.0000 0.0000 43.3380 39.3310 37.0972 -30.0117 40.9034 -11.4173 0.0000 -0.0000 -0.5753 26.2899 -12.8577 -6.2735 7.1250 -0.0000 -0.0000 43.6117 -38.5756 9.1045
4.5204 3.2979 24.4992 -56.5909 -58.9432 37.3308 0.0000 0.0000 0.0000 -58.5259 -12.5425 -89.9463 33.9902 14.4379 134.9788 -4.6600 36.2094 -4.3690 13.4771 18.9477 70.6009 0.0000 0.0000 0.0000 108.4073 -25.3709 112.4134 -35.0896 -13.2821 139.5660 -5.8043 30.0059 60.5478 -9.6497 -17.2081 58.3109 6.6825 1.0393 32.6333 6.9915 3.8106 5.7521 2.5009 1.3086 -10.4813 2.1462 0.4238 -23.8670 6.1043 -2.9464 31.0636 1.5526 -0.2343 14.9251 0.0000 -0.0000 0.0000 -86.9934 -12.5042 11.6335 14.3669 -23.2569 -2.9715 -0.0000 0.0000 -57.8982 118.9756 13.1866 157.6104 -7.1250 0.0000 -0.0000 149.5191 44.7451 134.7749 0.0000 -0.0000 0.0000 44.0707 39.6846 37.5025 -29.6430 40.5854 -11.1766 0.0000 -0.0000 -0.2434 25.8147 -12.7158 -6.0778 7.1250 -0.0000 -0.0000 43.2451 -38.5276 9.0459
4.4769 3.3360 24.5082 -55.8326 -58.9776 36.3089 0.0000 0.0000 0.0000 -59.4201 -11.6748 -88.9891 33.9439 14.4825 134.7934 -4.2153 35.0173 -2.9537 13.5463 18.9706 70.8139 0.0000 0.0000 0.0000 108.4018 -28.3601 112.9641 -34.9448 -13.4456 138.9396 -6.3648 30.2472 62.1125 -9.9401 -17.3761 59.2881 6.5265 1.0777 34.2728 6.6767 3.8956 5.8339 2.2012 1.3127 -11.0218 2.1035 0.4002 -24.0224 6.3118 -2.9982 30.6815 1.6287 -0.2319 14.7944 0.0000 -0.0000 0.0000 -86.7178 -14.3185 7.8697 12.6137 -20.7186 -2.3148 -0.0000 0.0000 -54.8738 119.4215 12.4364 159.1001 -7.1250 0.0000 -0.0000 150.3859 43.4100 136.0436 0.0000 -0.0000 0.0000 44.7801 40.0374 38.0147 -29.3318 40.3137 -10.9747 0.0000 -0.0000 -0.0191 25.3285 -12.5688 -5.8806 7.1250 -0.0000 -0.0000 42.8670 -38.4759 8.9886
4.4230 3.3614 24.5088 -54.9689 -58.9120 35.9838 0.0000 0.0000 0.0000 -59.8622 -12.2965 -88.8505 33.9250 14.5006 134.7182 -4.0924 34.7773 -2.2167 13.5670 18.9774 70.8776 0.0000 0.0000 0.0000 108.3305 -29.3315 113.3623 -34.8563 -13.5439 138.5599 -6.8420 30.1925 63.2450 -10.1497 -17.4932 59.9876 6.2610 1.1812 34.9821 6.4474 3.9742 5.7890 2.0563 1.3416 -11.3484 1.9829 0.3637 -24.1503 6.4238 -3.0049 30.3656 1.6883 -0.2328 14.6839 -0.0000 -0.0000 0.0000 -86.3611 -14.7780 6.3165 12.0146 -19.8266 -2.1073 -0.0000 0.0000 -53.3458 119.0393 12.7939 158.2553 -7.1250 0.0000 -0.0000 149.8329 44.0496 135.2064 -0.0000 -0.0000 0.0000 45.4177 40.3652 38.5677 -29.0398 40.0560 -10.7863 0.0000 0.0000 0.1424 24.9018 -12.4312 -5.7067 7.1250 -0.0000 -0.0000 42.5288 -38.4221 8.9479
4.3656 3.3812 24.5084 -54.0479 -58.7789 36.1187 0.0000 0.0000 0.0000 -59.8526 -13.8283 -89.2810 33.9739 14.4536 134.9137 -4.0578 34.6919 -2.0695 13.5365 18.9674 70.7839 0.0000 0.0000 0.0000 108.2629 -29.0095 113.4775 -34.8042 -13.6009 138.3382 -7.0609 30.1274 63.7333 -10.2497 -17.5479 60.3197 5.9565 1.3398 35.0862 6.3033 4.0843 5.6665 2.0131 1.4022 -11.5422 1.7807 0.3055 -24.2875 6.3921 -2.9636 30.1390 1.7141 -0.2410 14.6098 0.0000 0.0000 0.0000 -86.0664 -14.3462 6.8317 12.2951 -20.2457 -2.2033 -0.0000 0.0000 -53.7087 118.5853 13.3090 157.0969 -7.1250 0.0000 -0.0000 149.0919 44.9799 134.1086 0.0000 0.0000 0.0000 45.9443 40.6537 39.0647 -28.7475 39.7954 -10.5988 0.0000 0.0000 0.2887 24.5744 -12.3402 -5.5819 7.1250 -0.0000 -0.0000 42.2761 -38.3925 8.9023
4.3058 3.3987 24.5086 -53.1214 -58.5774 36.6329 0.0000 0.0000 0.0000 -59.4610 -16.0484 -90.2395 34.0902 14.3403 135.3814 -4.1314 34.7950 -2.6477 13.4722 18.9461 70.5858 0.0000 0.0000 0.0000 108.2433 -27.7178 113.2997 -34.7878 -13.6188 138.2685 -7.0368 30.0757 63.6453 -10.2698 -17.5588 60.3862 5.6658 1.5291 34.7267 6.2169 4.2221 5.4924 2.0174 1.4874 -11.6219 1.5520 0.2357 -24.4515 6.2387 -2.8885 29.9674 1.7026 -0.2531 14.5612 -0.0000 -0.0000 0.0000 -85.9407 -13.6930 7.8919 12.9502 -21.2142 -2.4352 -0.0000 0.0000 -54.6383 118.4776 13.1361 157.2681 -7.1250 0.0000 -0.0000 149.1159 44.6785 134.1095 -0.0000 -0.0000 0.0000 46.3959 40.8983 39.4703 -28.4784 39.5529 -10.4269 0.0000 0.0000 0.4478 24.2865 -12.3317 -5.5046 7.1250 -0.0000 -0.0000 42.0902 -38.4249 8.7931
4.2423 3.4148 24.5076 -52.2315 -58.2941 37.4983 0.0000 0.0000 0.0000 -58.8008 -18.8943 -91.7666 34.2572 14.1743 136.0597 -4.3351 35.2225 -3.7950 13.3893 18.9182 70.3303 0.0000 0.0000 0.0000 108.3311 -25.6019 112.8319 -34.8105 -13.5940 138.3650 -6.8199 30.0619 63.1130 -10.2457 -17.5457 60.3065 5.4221 1.7206 33.9797 6.1318 4.3648 5.2677 2.0023 1.5832 -11.6016 1.3715 0.1590 -24.6136 6.0790 -2.8417 29.7906 1.6748 -0.2726 14.5110 0.0000 0.0000 0.0000 -85.9565 -13.2250 8.4364 13.6019 -22.1627 -2.6761 -0.0000 0.0000 -54.8684 118.5706 12.6377 158.1111 -7.1250 0.0000 -0.0000 149.5328 43.7857 134.6872 0.0000 0.0000 0.0000 46.8946 41.0773 39.7995 -28.2637 39.3579 -10.2905 0.0000 0.0000 0.6318 23.9002 -12.4026 -5.4369 7.1250 -0.0000 -0.0000 41.8816 -38.5361 8.5685
4.1749 3.4299 24.5040 -51.4153 -57.9504 38.6319 0.0000 0.0000 0.0000 -57.9059 -22.1289 -93.8141 34.4626 13.9645 136.9046 -4.6178 35.8530 -5.2583 13.2928 18.8853 70.0325 0.0000 0.0000 0.0000 108.5602 -22.8764 112.1382 -34.8688 -13.5300 138.6136 -6.4094 30.1898 62.1865 -10.1884 -17.5144 60.1161 5.2320 1.9138 32.9831 5.9974 4.5180 4.9909 1.9091 1.6879 -11.5234 1.2516 0.0484 -24.7286 6.0584 -2.9181 29.5740 1.6685 -0.3198 14.4422 -0.0000 -0.0000 0.0000 -85.9936 -13.0375 8.3048 14.0867 -22.8585 -2.8617 -0.0000 0.0000 -54.1289 118.5933 12.4077 158.4855 -7.1250 0.0000 -0.0000 149.7043 43.3719 134.9247 -0.0000 -0.0000 0.0000 47.5337 41.1505 40.0577 -28.1080 39.2155 -10.1919 0.0000 0.0000 0.8230 23.2797 -12.5102 -5.3245 7.1250 -0.0000 -0.0000 41.5384 -38.7083 8.2213
4.1039 3.4448 24.4971 -50.6821 -57.5927 39.8718 0.0000 0.0000 0.0000 -56.8127 -25.3596 -96.1707 34.6812 13.7340 137.8176 -4.9222 36.5359 -6.8118 13.1867 18.8485 69.7043 0.0000 0.0000 0.0000 108.9078 -19.8596 111.3628 -34.9592 -13.4296 139.0012 -5.8024 30.4270 60.8240 -10.0896 -17.4599 59.7874 5.0865 2.1292 31.9271 5.8029 4.7114 4.6815 1.7185 1.8098 -11.4360 1.1209 -0.1374 -24.7676 6.2522 -3.1734 29.3165 1.7155 -0.4171 14.3537 -0.0000 -0.0000 0.0000 -85.9599 -13.0802 7.8526 14.3863 -23.2843 -2.9791 -0.0000 0.0000 -52.8594 118.4729 12.4683 158.2931 -7.1250 0.0000 -0.0000 149.5621 43.4838 134.7029 -0.0000 -0.0000 0.0000 48.2717 41.0897 40.2235 -27.9994 39.1157 -10.1233 0.0000 0.0000 0.9665 22.3716 -12.6454 -5.1486 7.1250 -0.0000 -0.0000 41.0140 -38.9391 7.7505
4.0764 3.3562 24.4982 -49.9815 -57.2548 41.0117 0.0000 0.0000 0.0000 -55.5104 -31.7965 -99.0266 34.8028 13.6025 138.3322 -5.1120 36.4565 -11.7176 13.0775 18.8099 69.3659 0.0000 0.0000 0.0000 -45.4225 47.2183 -82.0980 -35.4538 -12.8538 141.1763 -11.2253 -0.5083 64.8295 -4.1170 -12.3145 36.8538 4.9911 2.3719 30.9799 5.5622 4.9571 4.3823 1.4365 1.9498 -11.3611 0.9047 -0.4170 -24.7437 6.6282 -3.5902 29.0324 1.8189 -0.5701 14.2560 0.0000 -0.0000 0.0000 -85.8191 -13.2718 7.5390 14.5498 -23.5151 -3.0440 -0.0000 0.0000 -51.6158 118.2627 12.6496 157.8369 -7.1250 0.0000 -0.0000 149.2609 43.8175 134.2446 0.0000 -0.0000 0.0000 48.9778 40.9128 40.2649 -27.9225 39.0448 -10.0748 0.0000 0.0000 1.0095 21.2021 -12.8304 -4.9235 7.1250 -0.0000 -0.0000 40.3268 -39.2414 7.1600
4.0063 3.3767 24.4917 -49.2375 -56.9551 41.8800 0.0000 0.0000 0.0000 -54.4698 -34.0500 -100.8673 34.9287 13.4637 138.8700 -5.2551 36.8116 -12.6911 12.9718 18.7719 69.0378 0.0000 0.0000 0.0000 -45.4342 44.5068 -82.6598 -35.6054 -12.6678 141.8629 -10.5887 3.2428 63.4949 -3.2562 -11.0987 32.6136 4.8905 2.6440 30.1121 5.2481 5.2215 4.5233 1.2074 2.1218 -11.5567 0.5870 -0.7641 -24.7143 7.0763 -4.0859 28.7483 1.9535 -0.7590 14.1688 -0.0000 -0.0000 0.0000 -85.5817 -13.5230 7.6359 14.6588 -23.6686 -3.0877 -0.0000 0.0000 -50.7653 118.0029 12.9966 157.0759 -7.1250 0.0000 -0.0000 148.7962 44.4536 133.5579 -0.0000 -0.0000 0.0000 49.5364 40.7025 40.1786 -27.8367 38.9655 -10.0208 0.0000 0.0000 0.9468 19.8433 -13.0373 -4.6541 7.1250 -0.0000 -0.0000 39.5005 -39.5811 6.5165
3.9352 3.4000 24.4820 -48.4258 -56.7233 42.4102 0.0000 0.0000 0.0000 -53.7063 -35.7255 -102.0375 34.9995 13.3844 139.1749 -5.2986 36.9094 -13.1740 12.8753 18.7367 68.7377 0.0000 0.0000 0.0000 -45.2943 42.1465 -83.1364 -35.7625 -12.4699 142.5849 -9.7668 6.9454 61.7628 -2.3778 -9.6123 27.7301 4.7896 2.9135 29.6701 5.0277 5.5122 4.3509 0.9123 2.2662 -11.5188 0.2027 -1.1202 -24.7364 7.4685 -4.5483 28.4976 2.0839 -0.9472 14.1095 0.0000 -0.0000 0.0000 -85.3080 -13.7523 8.0993 14.7851 -23.8458 -3.1385 -0.0000 0.0000 -50.3704 117.7468 13.3632 156.2816 -7.1250 0.0000 -0.0000 148.3072 45.1282 132.8463 0.0000 -0.0000 0.0000 49.9074 40.5745 40.0208 -27.6760 38.8163 -9.9199 0.0000 0.0000 0.8194 18.3842 -13.1802 -4.3336 7.1250 -0.0000 -0.0000 38.5479 -39.8753 5.9346
3.8639 3.4268 24.4697 -47.5667 -56.5818 42.6420 0.0000 0.0000 0.0000 -53.1753 -36.8381 -102.6006 35.0272 13.3531 139.2951 -5.2519 36.7749 -13.1404 12.7885 18.7044 68.4672 0.0000 0.0000 0.0000 -45.0291 40.2040 -83.4270 -35.9272 -12.2566 143.3541 -8.9665 9.8830 60.0816 -1.7709 -8.3716 23.8485 4.5635 3.1955 29.5016 4.8578 5.7908 4.2640 0.7450 2.4050 -11.5364 -0.1916 -1.4264 -24.8197 7.7293 -4.8906 28.2927 2.1870 -1.1004 14.0752 -0.0000 0.0000 0.0000 -85.0708 -13.9180 8.6857 14.9555 -24.0841 -3.2078 -0.0000 0.0000 -50.2514 117.5327 13.5468 155.8036 -7.1250 0.0000 -0.0000 147.9782 45.4751 132.3578 -0.0000 0.0000 0.0000 50.1302 40.6113 39.8807 -27.3980 38.5561 -9.7462 0.0000 0.0000 0.6813 16.8956 -13.2116 -3.9710 7.1250 -0.0000 -0.0000 37.4953 -40.0752 5.4741
3.7933 3.4567 24.4554 -46.6549 -56.5011 42.6525 0.0000 0.0000 0.0000 -52.7922 -37.5511 -102.7349 35.0277 13.3525 139.2971 -5.1479 36.4930 -12.7049 12.7044 18.6728 68.2048 0.0000 0.0000 0.0000 -44.6770 38.5381 -83.5784 -36.0989 -12.0277 144.1701 -8.3307 11.8749 58.7369 -1.4506 -7.6134 21.5457 4.2302 3.4637 29.5321 4.7193 6.0255 4.2324 0.6841 2.5240 -11.6060 -0.5447 -1.6581 -24.9464 7.8776 -5.1041 28.1140 2.2628 -1.2074 14.0503 -0.0000 -0.0000 0.0000 -84.8973 -14.0345 9.1774 15.1530 -24.3588 -3.2888 -0.0000 0.0000 -50.1606 117.3353 13.6048 155.5321 -7.1250 0.0000 -0.0000 147.7545 45.5970 132.0096 -0.0000 -0.0000 0.0000 50.2822 40.8271 39.8154 -27.0181 38.1965 -9.5103 0.0000 0.0000 0.5887 15.3934 -13.1529 -3.5849 7.1250 -0.0000 -0.0000 36.3685 -40.1964 5.1120
3.7244 3.4892 24.4400 -45.6610 -56.4128 42.5097 0.0000 0.0000 0.0000 -52.5041 -38.0830 -102.6170 35.0102 13.3722 139.2216 -5.0298 36.1801 -12.0575 12.6154 18.6388 67.9265 0.0000 0.0000 0.0000 -44.2298 36.8867 -83.5989 -36.2732 -11.7876 145.0152 -7.8178 13.3101 57.6414 -1.2932 -7.2051 20.3245 3.8769 3.6792 29.6636 4.5787 6.1864 4.2249 0.6557 2.6076 -11.7020 -0.8397 -1.8310 -25.0944 7.9937 -5.2432 27.9223 2.3295 -1.2801 14.0186 -0.0000 0.0000 0.0000 -84.7671 -14.1532 9.4814 15.3354 -24.6113 -3.3644 -0.0000 0.0000 -49.9438 117.1002 13.7380 155.1049 -7.1250 0.0000 -0.0000 147.4364 45.8593 131.5295 -0.0000 0.0000 0.0000 50.4143 41.1843 39.8316 -26.5882 37.7836 -9.2457 0.0000 0.0000 0.6021 13.8518 -13.0657 -3.1906 7.1250 -0.0000 -0.0000 35.1803 -40.2927 4.7839
3.6579 3.5243 24.4242 -44.6107 -56.2787 42.2969 0.0000 0.0000 0.0000 -52.2482 -38.5731 -102.3959 34.9845 13.4012 139.1104 -4.9186 35.8941 -11.3366 12.5190 18.6016 67.6248 0.0000 0.0000 0.0000 -43.6832 35.1036 -83.5119 -36.4446 -11.5440 145.8627 -7.3412 14.5259 56.6101 -1.2076 -6.9715 19.6310 3.5629 3.8320 29.8300 4.4181 6.2753 4.2227 0.6077 2.6554 -11.8033 -1.0904 -1.9757 -25.2417 8.1556 -5.3713 27.6878 2.4079 -1.3379 13.9697 0.0000 -0.0000 0.0000 -84.6321 -14.3259 9.5981 15.4616 -24.7852 -3.4171 -0.0000 0.0000 -49.5997 116.8110 14.0091 154.4056 -7.1250 0.0000 -0.0000 146.9531 46.3785 130.8248 0.0000 -0.0000 0.0000 50.5581 41.6371 39.8958 -26.1421 37.3487 -8.9737 0.0000 0.0000 0.8084 12.2432 -12.9695 -2.7882 7.1250 -0.0000 -0.0000 33.9197 -40.3839 4.4656
3.5937 3.5628 24.4082 -43.6033 -56.1190 42.1283 0.0000 0.0000 0.0000 -51.9124 -39.0549 -102.2152 34.9642 13.4240 139.0230 -4.8067 35.6111 -10.5820 12.4165 18.5612 67.3029 0.0000 0.0000 0.0000 -43.0611 33.2322 -83.3899 -36.6060 -11.3071 146.6774 -6.8572 15.6390 55.5370 -1.1496 -6.8081 19.1481 3.3013 3.9478 29.9951 4.2229 6.3265 4.2182 0.5045 2.6829 -11.8963 -1.2882 -2.1122 -25.3755 8.3910 -5.5300 27.4053 2.4993 -1.3947 13.9031 -0.0000 -0.0000 0.0000 -84.4157 -14.5708 9.6287 15.5177 -24.8624 -3.4407 -0.0000 0.0000 -49.2688 116.4693 14.4116 153.4414 -7.1250 0.0000 -0.0000 146.2954 47.1459 129.8903 -0.0000 -0.0000 0.0000 50.7801 42.1505 39.9420 -25.6728 36.8837 -8.6905 0.0000 0.0000 1.3185 10.5186 -12.7954 -2.3547 7.1250 -0.0000 -0.0000 32.5183 -40.4149 4.1967
3.5315 3.6049 24.3919 -42.7178 -55.9651 42.0920 0.0000 0.0000 0.0000 -51.4027 -39.5354 -102.1775 34.9589 13.4299 139.0002 -4.6828 35.2944 -9.8012 12.3089 18.5182 66.9646 0.0000 0.0000 0.0000 -42.3944 31.3475 -83.3035 -36.7513 -11.0872 147.4254 -6.3218 16.7813 54.3313 -1.0671 -6.5672 18.4393 3.0975 4.0479 30.1301 3.9755 6.3668 4.2070 0.3143 2.7023 -11.9683 -1.4093 -2.2463 -25.5102 8.6913 -5.7375 27.0981 2.5932 -1.4564 13.8323 -0.0000 -0.0000 0.0000 -84.0436 -14.8612 9.7357 15.5287 -24.8774 -3.4453 -0.0000 0.0000 -49.1325 116.0804 14.9243 152.2482 -7.1250 0.0000 -0.0000 145.4677 48.1216 128.7415 -0.0000 -0.0000 0.0000 51.1679 42.7020 39.9124 -25.1593 36.3664 -8.3842 0.0000 0.0000 2.1905 8.6014 -12.4894 -1.8736 7.1250 -0.0000 -0.0000 30.8948 -40.3443 3.9925
3.4712 3.6499 24.3751 -41.9576 -55.8252 42.2041 0.0000 0.0000 0.0000 -50.7020 -40.0256 -102.3213 34.9700 13.4175 139.0478 -4.5486 34.9458 -9.0165 12.1978 18.4730 66.6143 0.0000 0.0000 0.0000 -41.7139 29.4661 -83.2830 -36.8751 -10.8946 148.0748 -5.6992 18.0782 52.9391 -0.9242 -6.1245 17.1462 2.9495 4.1290 30.2145 3.6747 6.3908 4.1873 0.0400 2.7117 -12.0111 -1.4498 -2.3698 -25.6666 9.0316 -5.9782 26.7943 2.6826 -1.5188 13.7716 -0.0000 -0.0000 0.0000 -83.4933 -15.1479 10.0199 15.5357 -24.8871 -3.4482 -0.0000 0.0000 -49.2744 115.7006 15.4126 151.0921 -7.1250 0.0000 -0.0000 144.6317 49.0563 127.5990 -0.0000 -0.0000 0.0000 51.7670 43.2855 39.8092 -24.6031 35.7955 -8.0566 0.0000 0.0000 3.3435 6.4184 -12.1213 -1.3532 7.1250 -0.0000 -0.0000 29.0218 -40.2354 3.7815
3.4126 3.6969 24.3577 -41.2908 -55.6989 42.4330 0.0000 0.0000 0.0000 -49.8384 -40.5083 -102.6335 34.9942 13.3904 139.1521 -4.4117 34.5882 -8.2308 12.0832 18.4256 66.2522 0.0000 0.0000 0.0000 -41.0506 27.6129 -83.3301 -36.9763 -10.7333 148.6144 -5.0129 19.4858 51.4219 -0.7451 -5.5138 15.3801 2.8366 4.1842 30.2489 3.3381 6.3855 4.1641 -0.2809 2.7065 -12.0241 -1.4277 -2.4717 -25.8554 9.3815 -6.2199 26.5112 2.7650 -1.5733 13.7272 -0.0000 0.0000 0.0000 -82.7996 -15.4015 10.4582 15.5639 -24.9257 -3.4601 -0.0000 0.0000 -49.6375 115.4250 15.7004 150.3490 -7.1250 0.0000 -0.0000 144.0640 49.6195 126.8212 -0.0000 0.0000 0.0000 52.5546 43.9027 39.6752 -24.0196 35.1850 -7.7178 0.0000 0.0000 4.5707 3.9279 -11.7953 -0.8041 7.1250 -0.0000 -0.0000 26.9026 -40.1808 3.4909
3.3552 3.7456 24.3390 -40.6960 -55.5933 42.7296 0.0000 0.0000 0.0000 -48.8457 -40.9133 -103.0476 35.0272 13.3531 139.2951 -4.2700 34.2248 -7.3777 11.9610 18.3741 65.8653 0.0000 0.0000 0.0000 -40.4138 25.8755 -83.4304 -37.0577 -10.6010 149.0542 -4.3428 20.8123 49.9392 -0.5821 -4.8852 13.5813 2.7278 4.2225 30.2616 2.9865 6.3553 4.1494 -0.6095 2.6899 -12.0142 -1.3554 -2.5460 -26.0711 9.7126 -6.4388 26.2443 2.8358 -1.6149 13.6924 0.0000 -0.0000 0.0000 -82.0196 -15.6289 10.9660 15.6159 -24.9971 -3.4821 -0.0000 0.0000 -50.1245 115.2593 15.7955 150.0188 -7.1250 0.0000 -0.0000 143.7928 49.8201 126.4355 0.0000 -0.0000 0.0000 53.4632 44.5427 39.5541 -23.4307 34.5564 -7.3811 0.0000 0.0000 5.6164 1.0929 -11.5744 -0.2193 7.1250 -0.0000 -0.0000 24.5193 -40.2408 3.0926
3.2984 3.7960 24.3191 -40.1563 -55.5178 43.0417 0.0000 0.0000 0.0000 -47.7768 -41.1671 -103.4575 35.0641 13.3113 139.4549 -4.1147 33.8391 -6.3855 11.8283 18.3171 65.4437 0.0000 0.0000 0.0000 -39.7887 24.3450 -83.5627 -37.1229 -10.4934 149.4101 -3.7631 21.9007 48.6339 -0.4560 -4.3320 12.0125 2.5852 4.2618 30.2910 2.6388 6.3133 4.1540 -0.9101 2.6691 -11.9949 -1.2436 -2.5939 -26.3056 10.0160 -6.6279 25.9849 2.8945 -1.6433 13.6607 -0.0000 0.0000 0.0000 -81.2159 -15.8496 11.4450 15.6863 -25.0935 -3.5119 -0.0000 0.0000 -50.6501 115.1217 15.8058 149.8481 -7.1250 0.0000 -0.0000 143.6326 49.8671 126.1890 -0.0000 0.0000 0.0000 54.4160 45.1804 39.4918 -22.8677 33.9438 -7.0643 0.0000 0.0000 6.2611 -2.0479 -11.5180 0.4091 7.1250 -0.0000 -0.0000 21.9083 -40.4707 2.5895
3.2412 3.8488 24.2981 -39.6566 -55.4841 43.3324 0.0000 0.0000 0.0000 -46.6864 -41.2346 -103.8001 35.1012 13.2689 139.6166 -3.9379 33.4078 -5.2470 11.6889 18.2560 64.9993 0.0000 0.0000 0.0000 -39.1552 23.0947 -83.7138 -37.1754 -10.4056 149.6996 -3.3001 22.7012 47.5462 -0.3572 -3.8395 10.6257 2.3549 4.3234 30.3600 2.3153 6.2727 4.1813 -1.1355 2.6523 -11.9823 -1.0967 -2.6174 -26.5597 10.2827 -6.7869 25.7398 2.9386 -1.6597 13.6342 -0.0000 0.0000 0.0000 -80.4489 -16.0708 11.8056 15.7693 -25.2068 -3.5471 -0.0000 0.0000 -51.1303 114.9411 15.8054 149.6437 -7.1250 0.0000 -0.0000 143.4352 49.9052 125.8799 -0.0000 0.0000 0.0000 55.3599 45.7919 39.5281 -22.3560 33.3770 -6.7807 0.0000 0.0000 6.4406 -5.3339 -11.5920 1.0748 7.1250 -0.0000 -0.0000 19.1763 -40.8336 2.0561
3.1825 3.9045 24.2762 -39.1819 -55.4970 43.5870 0.0000 0.0000 0.0000 -45.5945 -41.1202 -104.0618 35.1394 13.2250 139.7832 -3.7363 32.9170 -3.9822 11.5467 18.1924 64.5445 0.0000 0.0000 0.0000 -38.5002 22.1697 -83.8719 -37.2168 -10.3355 149.9298 -2.9527 23.2205 46.6628 -0.2756 -3.3769 9.3299 2.0031 4.4263 30.4709 2.0315 6.2490 4.2254 -1.2555 2.6479 -11.9895 -0.9465 -2.6355 -26.8380 10.5225 -6.9355 25.5251 2.9742 -1.6736 13.6233 0.0000 -0.0000 0.0000 -79.7649 -16.2890 12.0139 15.8559 -25.3249 -3.5841 -0.0000 0.0000 -51.4887 114.7100 15.8141 149.3650 -7.1250 0.0000 -0.0000 143.1726 49.9705 125.4726 0.0000 -0.0000 0.0000 56.2572 46.3447 39.6414 -21.8976 32.8611 -6.5302 0.0000 0.0000 6.3039 -8.5367 -11.6232 1.7322 7.1250 -0.0000 -0.0000 16.4610 -41.1522 1.6112
3.1222 3.9628 24.2538 -38.6985 -55.5332 43.7844 0.0000 0.0000 0.0000 -44.4876 -40.8412 -104.2166 35.1791 13.1793 139.9567 -3.5095 32.3740 -2.5619 11.3956 18.1233 64.0597 0.0000 0.0000 0.0000 -37.8219 21.5349 -84.0022 -37.2457 -10.2863 150.0910 -2.7102 23.5236 45.9899 -0.2065 -2.9259 8.0724 1.5517 4.5669 30.6212 1.7884 6.2452 4.2757 -1.2829 2.6563 -12.0248 -0.8574 -2.6761 -27.1211 10.7813 -7.0995 25.3297 3.0254 -1.6972 13.6260 -0.0000 -0.0000 0.0000 -79.1710 -16.5002 12.1011 15.9378 -25.4362 -3.6192 -0.0000 0.0000 -51.7089 114.4510 15.8240 149.0486 -7.1250 0.0000 -0.0000 142.8750 50.0467 125.0117 -0.0000 -0.0000 0.0000 57.0776 46.7994 39.7713 -21.4883 32.3939 -6.3095 0.0000 0.0000 6.0716 -11.4660 -11.5010 2.3159 7.1250 -0.0000 -0.0000 13.9085 -41.2996 1.2975
3.0599 4.0229 24.2311 -38.1730 -55.5572 43.9106 0.0000 0.0000 0.0000 -43.3399 -40.4222 -104.2419 35.2201 13.1316 140.1371 -3.2565 31.7914 -0.9534 11.2288 18.0452 63.5223 0.0000 0.0000 0.0000 -37.1281 21.1083 -84.0731 -37.2588 -10.2638 150.1647 -2.5487 23.7185 45.5318 -0.1464 -2.4659 6.7951 1.0572 4.7252 30.9463 1.5542 6.2576 3.8993 -1.2406 2.6741 -11.8098 -0.8611 -2.7515 -27.3696 11.0841 -7.2847 25.1188 3.1050 -1.7352 13.6231 -0.0000 -0.0000 0.0000 -78.6387 -16.7019 12.1289 16.0116 -25.5364 -3.6510 -0.0000 0.0000 -51.8364 114.1835 15.8041 148.7644 -7.1250 0.0000 -0.0000 142.5976 50.0729 124.5690 -0.0000 -0.0000 0.0000 57.8081 47.1299 39.8839 -21.1254 31.9744 -6.1162 0.0000 0.0000 5.8555 -14.0456 -11.2951 2.8052 7.1250 -0.0000 -0.0000 11.6217 -41.3306 1.0680
2.9948 4.0844 24.2077 -37.6013 -55.5542 43.9793 0.0000 0.0000 0.0000 -42.1340 -39.8989 -104.1692 35.2637 13.0806 140.3292 -2.9780 31.1676 0.8011 11.0520 17.9604 62.9502 0.0000 0.0000 0.0000 -36.4209 20.8429 -84.0835 -37.2561 -10.2685 150.1492 -2.4759 23.8338 45.3485 -0.1071 -2.1099 5.8096 0.5149 4.8979 31.1438 1.3686 6.2677 3.9294 -1.1646 2.6928 -11.8918 -0.9021 -2.8463 -27.5711 11.3802 -7.4733 24.8812 3.1864 -1.7819 13.6013 0.0000 -0.0000 0.0000 -78.1367 -16.8917 12.1275 16.0803 -25.6294 -3.6806 -0.0000 0.0000 -51.9210 113.9122 15.7473 148.5298 -7.1250 0.0000 -0.0000 142.3532 50.0368 124.1607 0.0000 -0.0000 0.0000 58.4779 47.3504 39.9878 -20.7906 31.5832 -5.9399 0.0000 0.0000 5.6722 -16.3402 -11.0875 3.2270 7.1250 -0.0000 -0.0000 9.5750 -41.3310 0.8755
2.9265 4.1475 24.1830 -36.9867 -55.5178 43.9993 0.0000 0.0000 0.0000 -40.8805 -39.3146 -104.0356 35.3111 13.0247 140.5392 -2.6808 30.5049 2.6139 10.8770 17.8743 62.3813 0.0000 0.0000 0.0000 -35.6825 20.7001 -84.0268 -37.2398 -10.2964 150.0580 -2.5803 23.7471 45.6804 -0.1182 -2.2169 6.1053 -0.0613 5.0721 31.3455 1.2051 6.2687 3.9542 -1.0451 2.7090 -11.9863 -0.9210 -2.9431 -27.7581 11.6201 -7.6533 24.6405 3.2426 -1.8311 13.5708 -0.0000 0.0000 0.0000 -77.6524 -17.0695 12.0793 16.1456 -25.7176 -3.7089 -0.0000 0.0000 -51.9684 113.6316 15.6817 148.2943 -7.1250 0.0000 -0.0000 142.1068 49.9890 123.7446 -0.0000 0.0000 0.0000 59.1404 47.5037 40.0967 -20.4601 31.1926 -5.7677 0.0000 0.0000 5.5534 -18.4306 -10.8896 3.6024 7.1250 -0.0000 -0.0000 7.7045 -41.3202 0.7039
2.8556 4.2116 24.1569 -36.3141 -55.4275 43.9528 0.0000 0.0000 0.0000 -39.6014 -38.7116 -103.8445 35.3605 12.9659 140.7589 -2.3762 29.8354 4.4334 10.7045 17.7874 61.8182 0.0000 0.0000 0.0000 -34.8906 20.5672 -83.8758 -37.2154 -10.3379 149.9220 -2.9085 23.3906 46.6370 -0.2164 -2.9948 8.2642 -0.6589 5.2243 31.5646 1.0644 6.2342 3.9785 -0.8781 2.7101 -12.0919 -0.9085 -3.0332 -27.9802 11.8082 -7.8242 24.4270 3.2752 -1.8782 13.5538 -0.0000 -0.0000 0.0000 -77.1762 -17.2358 11.9490 16.2019 -25.7937 -3.7334 -0.0000 0.0000 -51.9667 113.3176 15.6506 147.9587 -7.1250 0.0000 -0.0000 141.7833 50.0139 123.2237 -0.0000 -0.0000 0.0000 59.8362 47.6254 40.2208 -20.1322 30.8013 -5.5989 0.0000 0.0000 5.5472 -20.3197 -10.6880 3.9287 7.1250 -0.0000 -0.0000 6.0079 -41.2848 0.5528
2.7829 4.2760 24.1291 -35.5621 -55.2561 43.8227 0.0000 0.0000 0.0000 -38.3231 -38.1372 -103.5862 35.4075 12.9097 140.9686 -2.0752 29.2086 6.2388 10.5272 17.6959 61.2364 0.0000 0.0000 0.0000 -34.0331 20.2820 -83.6173 -37.1919 -10.3778 149.7910 -3.2918 22.9893 47.7443 -0.3943 -4.0319 11.1665 -1.2568 5.3243 31.8123 0.9479 6.1327 4.0028 -0.6612 2.6814 -12.2097 -0.8758 -3.1058 -28.2585 11.9740 -7.9783 24.2489 3.3002 -1.9159 13.5595 0.0000 -0.0000 0.0000 -76.6883 -17.3844 11.7252 16.2410 -25.8463 -3.7504 -0.0000 0.0000 -51.9401 112.9343 15.6976 147.4036 -7.1250 0.0000 -0.0000 141.2871 50.2030 122.4718 0.0000 -0.0000 0.0000 60.5853 47.7311 40.3839 -19.8183 30.4228 -5.4390 0.0000 0.0000 5.6569 -21.9835 -10.4873 4.2025 7.1250 -0.0000 -0.0000 4.5097 -41.2274 0.4206
2.7092 4.3398 24.0994 -34.7099 -54.9804 43.6015 0.0000 0.0000 0.0000 -37.0944 -37.6543 -103.2476 35.4438 12.8658 141.1318 -1.7875 28.6614 7.9884 10.3421 17.5978 60.6258 0.0000 0.0000 0.0000 -33.1075 19.6931 -83.2603 -37.1770 -10.4029 149.7084 -3.4446 22.9264 48.2553 -0.5221 -4.6307 12.8581 -1.8379 5.3416 32.0903 0.8481 5.9300 4.0247 -0.3972 2.6072 -12.3381 -0.7764 -3.1274 -28.5851 12.1077 -8.0855 24.1018 3.3116 -1.9285 13.5792 -0.0000 0.0000 0.0000 -76.1498 -17.4984 11.4072 16.2634 -25.8765 -3.7602 -0.0000 0.0000 -51.9489 112.4702 15.8427 146.5734 -7.1250 0.0000 -0.0000 140.5669 50.6007 121.4257 -0.0000 0.0000 0.0000 61.4292 47.8451 40.6393 -19.5100 30.0474 -5.2838 0.0000 0.0000 5.8379 -23.4509 -10.2972 4.4340 7.1250 -0.0000 -0.0000 3.1872 -41.1609 0.3021
2.6344 4.4032 24.0678 -33.8069 -54.6212 43.3522 0.0000 0.0000 0.0000 -35.8861 -37.2760 -102.9008 35.4720 12.8317 141.2583 -1.5143 28.1843 9.6505 10.1539 17.4955 60.0015 0.0000 0.0000 0.0000 -32.1057 18.8396 -82.8711 -37.1754 -10.4056 149.6996 -3.2867 23.2457 47.9303 -0.5204 -4.6232 12.8368 -2.4006 5.2946 32.3800 0.7521 5.6494 4.0365 -0.1077 2.4987 -12.4751 -0.5975 -3.0930 -28.9222 12.2213 -8.1454 23.9632 3.3114 -1.9153 13.5961 0.0000 0.0000 0.0000 -75.5391 -17.5712 11.0336 16.2746 -25.8915 -3.7651 -0.0000 0.0000 -52.0230 111.9645 16.0384 145.5871 -7.1250 0.0000 -0.0000 139.7082 51.1120 120.2034 0.0000 0.0000 0.0000 62.3833 47.9613 40.9646 -19.1835 29.6461 -5.1213 0.0000 0.0000 6.0541 -24.8059 -10.1242 4.6448 7.1250 -0.0000 -0.0000 1.9673 -41.1005 0.1893
2.5579 4.4678 24.0348 -33.0064 -54.2620 43.2343 0.0000 0.0000 0.0000 -34.5526 -36.8934 -102.6922 35.5077 12.7882 141.4194 -1.2435 27.7327 11.2664 9.9714 17.3937 59.3927 0.0000 0.0000 0.0000 -30.9938 18.0503 -82.5854 -37.1878 -10.3846 149.7686 -2.9615 23.6002 47.0133 -0.4476 -4.2924 11.9008 -2.9545 5.2781 32.6333 0.6593 5.4108 4.0268 0.1663 2.4107 -12.6168 -0.4935 -3.0864 -29.2038 12.4309 -8.2358 23.7763 3.3546 -1.9141 13.5945 -0.0000 0.0000 0.0000 -74.9043 -17.6369 10.7072 16.2694 -25.8846 -3.7628 -0.0000 0.0000 -52.1059 111.4578 16.2241 144.5940 -7.1250 0.0000 -0.0000 138.8263 51.6156 118.9556 -0.0000 0.0000 0.0000 63.3524 48.0027 41.1649 -18.8260 29.2019 -4.9457 0.0000 0.0000 6.3206 -26.1440 -10.0155 4.8793 7.1250 -0.0000 -0.0000 0.7694 -41.1085 0.0738
2.4785 4.5348 24.0011 -32.4334 -53.9690 43.3660 0.0000 0.0000 0.0000 -33.0094 -36.3714 -102.6935 35.5611 12.7226 141.6614 -0.9879 27.3750 12.8153 9.8089 17.3010 58.8477 0.0000 0.0000 0.0000 -29.7085 17.7036 -82.4804 -37.2090 -10.3488 149.8861 -2.6218 23.6487 45.7558 -0.3626 -3.8681 10.7058 -3.5029 5.3689 32.8147 0.5847 5.3142 3.9954 0.4032 2.3882 -12.7567 -0.6346 -3.1929 -29.3991 12.8477 -8.4273 23.4957 3.4980 -1.9593 13.5707 0.0000 0.0000 0.0000 -74.3211 -17.7388 10.4867 16.2421 -25.8478 -3.7509 -0.0000 0.0000 -52.1264 110.9604 16.3753 143.6482 -7.1250 0.0000 -0.0000 137.9680 52.0633 117.7386 0.0000 0.0000 0.0000 64.2815 47.9625 41.0615 -18.4070 28.6751 -4.7429 0.0000 0.0000 6.7210 -27.5087 -10.0750 5.2053 7.1250 -0.0000 -0.0000 -0.4405 -41.3072 -0.0401
2.3969 4.6042 23.9680 -32.0375 -53.7068 43.6783 0.0000 0.0000 0.0000 -31.3993 -35.7322 -102.8155 35.6242 12.6443 141.9487 -0.8126 27.3668 14.0759 9.6654 17.2174 58.3641 0.0000 0.0000 0.0000 -28.2174 17.8404 -82.4602 -37.2293 -10.3142 149.9997 -2.3215 23.3336 44.2799 -0.2797 -3.4016 9.3990 -4.0198 5.5236 32.9605 0.5334 5.3123 3.9569 0.6109 2.4080 -12.8924 -0.9388 -3.3776 -29.5663 13.3957 -8.6862 23.1509 3.7052 -2.0356 13.5394 0.0000 0.0000 0.0000 -73.7963 -17.8771 10.2945 16.2036 -25.7959 -3.7341 -0.0000 0.0000 -52.0853 110.4571 16.5067 142.7046 -7.1250 0.0000 -0.0000 137.0969 52.4862 116.5039 0.0000 0.0000 0.0000 65.2552 47.9470 40.7033 -17.9048 28.0351 -4.5044 0.0000 0.0000 7.2989 -28.8899 -10.3259 5.6487 7.1250 -0.0000 -0.0000 -1.6600 -41.7292 -0.1340
2.3141 4.6758 23.9369 -31.6976 -53.4198 44.0462 0.0000 0.0000 0.0000 -29.9281 -35.1236 -102.9929 35.6875 12.5650 142.2388 -0.7695 27.8437 14.8289 9.5129 17.1267 57.8474 0.0000 0.0000 0.0000 -26.5606 18.2801 -82.4066 -37.2415 -10.2935 150.0677 -2.0785 22.7343 42.7156 -0.2062 -2.9239 8.0671 -4.4770 5.6642 33.1184 0.4838 5.3104 3.9234 0.7882 2.4253 -13.0220 -1.1933 -3.5558 -29.7893 13.9179 -8.9497 22.8084 3.8926 -2.1108 13.5199 0.0000 -0.0000 0.0000 -73.2694 -18.0320 10.0421 16.1699 -25.7505 -3.7195 -0.0000 0.0000 -52.0287 109.9206 16.6473 141.6736 -7.1250 0.0000 -0.0000 136.1298 52.9480 115.1451 0.0000 -0.0000 0.0000 66.3077 47.9896 40.2130 -17.3772 27.3524 -4.2592 0.0000 0.0000 7.9686 -30.2796 -10.5637 6.1097 7.1250 -0.0000 -0.0000 -2.9006 -42.1478 -0.2043
2.2296 4.7498 23.9074 -31.3559 -53.1138 44.4230 0.0000 0.0000 0.0000 -28.7228 -34.6448 -103.2313 35.7457 12.4913 142.5070 -0.8032 28.4884 15.2073 9.3242 17.0119 57.2046 0.0000 0.0000 0.0000 -24.8103 18.9472 -82.3066 -37.2436 -10.2899 150.0793 -1.9093 21.8860 41.1788 -0.1452 -2.4555 6.7662 -4.8788 5.7795 33.2943 0.4177 5.2898 3.8956 0.9253 2.4315 -13.1449 -1.3476 -3.7088 -30.0659 14.3790 -9.2036 22.4744 4.0406 -2.1787 13.5072 0.0000 -0.0000 0.0000 -72.7180 -18.2111 9.7147 16.1392 -25.7090 -3.7061 -0.0000 0.0000 -51.9511 109.2933 16.8687 140.3435 -7.1250 0.0000 -0.0000 134.8543 53.6018 113.4017 0.0000 -0.0000 0.0000 67.3020 47.9888 39.6024 -16.9355 26.7727 -4.0583 0.0000 0.0000 8.6026 -31.6395 -10.5343 6.4271 7.1250 -0.0000 -0.0000 -4.1350 -42.2645 -0.2796
2.1422 4.8265 23.8784 -31.0098 -52.8290 44.8064 0.0000 0.0000 0.0000 -27.8392 -34.2760 -103.5050 35.7921 12.4321 142.7219 -0.7896 28.8118 15.5985 9.1123 16.8794 56.4776 0.0000 0.0000 0.0000 -23.0143 19.9215 -82.1878 -37.2363 -10.3023 150.0385 -1.8273 20.7575 39.7396 -0.0977 -2.0160 5.5499 -5.2791 5.8978 33.4823 0.3461 5.2690 3.8740 1.0551 2.4373 -13.2637 -1.4768 -3.8461 -30.3350 14.8255 -9.4339 22.1075 4.1815 -2.2384 13.4769 -0.0000 -0.0000 0.0000 -72.1743 -18.4237 9.2966 16.0991 -25.6548 -3.6888 -0.0000 0.0000 -51.8200 108.4942 17.2787 138.3951 -7.1250 0.0000 -0.0000 132.9058 54.6689 110.8454 -0.0000 -0.0000 0.0000 68.1739 47.9144 38.8800 -16.6219 26.3566 -3.9180 0.0000 0.0000 9.2185 -32.9197 -10.1708 6.5219 7.1250 -0.0000 -0.0000 -5.3032 -41.9840 -0.3958
2.0516 4.9059 23.8498 -30.6445 -52.5915 45.1704 0.0000 0.0000 0.0000 -27.2263 -33.9130 -103.7405 35.8253 12.3893 142.8766 -0.6865 28.7353 16.1953 8.8922 16.7379 55.7167 0.0000 0.0000 0.0000 -21.2294 21.1747 -82.0488 -37.2173 -10.3346 149.9327 -1.8211 19.4050 38.4543 -0.0632 -1.6220 4.4621 -5.7274 6.0312 33.6978 0.2877 5.2466 3.8603 1.2232 2.4445 -13.3880 -1.6377 -3.9676 -30.5622 15.2775 -9.6162 21.6908 4.3374 -2.2843 13.4166 0.0000 -0.0000 0.0000 -71.6699 -18.6603 8.7619 16.0401 -25.5750 -3.6633 -0.0000 0.0000 -51.6306 107.4591 17.9169 135.6332 -7.1250 0.0000 -0.0000 129.9298 56.2287 107.0839 0.0000 -0.0000 0.0000 68.9631 47.8086 38.1140 -16.4380 26.1110 -3.8367 0.0000 0.0000 9.9009 -34.1605 -9.6131 6.4653 7.1250 -0.0000 -0.0000 -6.4233 -41.4622 -0.5631
1.9589 4.9874 23.8230 -30.2278 -52.4196 45.4972 0.0000 0.0000 0.0000 -26.7112 -33.4261 -103.9108 35.8534 12.3530 143.0076 -0.5538 28.6227 16.9388 8.6360 16.5677 54.8224 0.0000 0.0000 0.0000 -19.5717 22.4727 -81.9214 -37.1861 -10.3876 149.7589 -1.8597 18.0107 37.3891 -0.0388 -1.2713 3.4955 -6.2167 6.1777 33.9375 0.2199 5.2190 3.8449 1.4027 2.4513 -13.5235 -1.8174 -4.0868 -30.7655 15.7229 -9.7773 21.2555 4.4968 -2.3260 13.3438 0.0000 -0.0000 0.0000 -71.1655 -18.8966 8.2222 15.9682 -25.4775 -3.6323 -0.0000 0.0000 -51.4738 106.2074 18.6613 132.2524 -7.1250 0.0000 -0.0000 125.9117 58.0203 102.1395 0.0000 -0.0000 0.0000 69.7151 47.6692 37.3134 -16.3979 26.0572 -3.8191 0.0000 0.0000 10.6751 -35.4557 -8.9818 6.3439 7.1250 -0.0000 -0.0000 -7.5710 -40.8449 -0.7808
1.8649 5.0703 23.7988 -29.7082 -52.3262 45.7649 0.0000 0.0000 0.0000 -26.1884 -32.7557 -103.9987 35.8790 12.3196 143.1277 -0.4293 28.7520 17.8185 8.2968 16.3333 53.6250 0.0000 0.0000 0.0000 -18.1670 23.5348 -81.8486 -37.1441 -10.4581 149.5267 -1.9187 16.7606 36.6043 -0.0219 -0.9549 2.6246 -6.7108 6.3250 34.1819 0.0946 5.1776 3.8176 1.5270 2.4518 -13.6658 -1.9715 -4.2189 -30.9754 16.1529 -9.9647 20.8380 4.6404 -2.3785 13.2821 -0.0000 0.0000 0.0000 -70.5880 -19.1162 7.8162 15.8928 -25.3751 -3.5999 -0.0000 0.0000 -51.4393 104.7434 19.3962 128.3932 -7.1250 0.0000 -0.0000 120.8152 59.7962 95.9874 -0.0000 0.0000 0.0000 70.4712 47.4761 36.4473 -16.5133 26.2116 -3.8699 0.0000 0.0000 11.4884 -36.7621 -8.2861 6.1450 7.1250 -0.0000 -0.0000 -8.7023 -40.1342 -1.0530
1.7689 5.1545 23.7775 -29.0459 -52.3167 45.9321 0.0000 0.0000 0.0000 -25.7377 -31.9376 -103.9592 35.8935 12.3008 143.1956 -0.2760 28.9871 18.9269 7.8758 16.0272 52.1142 0.0000 0.0000 0.0000 -17.0418 24.2846 -81.8071 -37.0925 -10.5438 149.2439 -1.9930 15.6949 36.1016 -0.0109 -0.6753 1.8558 -7.2260 6.4570 34.4277 -0.0996 5.0939 3.7890 1.6053 2.4337 -13.7986 -2.0682 -4.3380 -31.2020 16.5646 -10.1573 20.4439 4.7665 -2.4296 13.2317 -0.0000 -0.0000 0.0000 -69.9184 -19.3290 7.4399 15.7982 -25.2463 -3.5595 -0.0000 0.0000 -51.4474 102.8435 20.2064 123.4278 -7.1250 0.0000 -0.0000 113.4410 61.6498 87.2803 -0.0000 -0.0000 0.0000 71.2573 47.2453 35.6260 -16.7983 26.5911 -3.9966 0.0000 0.0000 12.1773 -37.9096 -7.5609 5.8506 7.1250 -0.0000 -0.0000 -9.6648 -39.3525 -1.3598
1.6697 5.2405 23.7590 -28.2539 -52.3893 45.9785 0.0000 0.0000 0.0000 -25.4670 -31.0187 -103.7420 35.8916 12.3032 143.1867 -0.0476 29.0565 20.2999 7.3996 15.6594 50.3701 0.0000 0.0000 0.0000 -16.1266 24.8292 -81.7251 -37.0310 -10.6447 148.9093 -2.0802 14.7620 35.8141 -0.0048 -0.4456 1.2244 -7.8427 6.5806 34.7467 -0.3029 4.9447 3.7109 1.7367 2.3903 -13.8995 -2.1304 -4.4007 -31.4418 16.9481 -10.2792 20.0688 4.8913 -2.4497 13.1801 0.0000 -0.0000 0.0000 -69.2294 -19.5653 6.7862 15.6385 -25.0281 -3.4916 -0.0000 0.0000 -51.2641 99.8594 21.2976 115.5713 -7.1250 0.0000 -0.0000 72.4668 -62.5498 -99.7027 0.0000 -0.0000 0.0000 72.0169 46.9932 35.0848 -17.2836 27.2301 -4.2163 0.0000 0.0000 12.4942 -38.7624 -6.9669 5.5627 7.1250 -0.0000 -0.0000 -10.3581 -38.6897 -1.6307
1.5664 5.3281 23.7429 -27.3822 -52.5270 45.9405 0.0000 0.0000 0.0000 -25.3594 -30.0078 -103.3647 35.8763 12.3232 143.1149 0.2668 28.9019 21.9414 6.8520 15.2060 48.3125 0.0000 0.0000 0.0000 -15.3504 25.2618 -81.5726 -36.9623 -10.7558 148.5395 -2.1606 13.9552 35.6193 -0.0018 -0.2715 0.7461 -8.5425 6.6787 34.9708 -0.4916 4.7418 3.7354 1.9678 2.3273 -13.9571 -2.1790 -4.3974 -31.6857 17.2728 -10.3008 19.7326 5.0133 -2.4303 13.1271 0.0000 -0.0000 0.0000 -68.5762 -19.8291 5.7450 15.3801 -24.6729 -3.3830 -0.0000 0.0000 -50.7703 94.5005 22.5309 101.6079 -7.1250 0.0000 -0.0000 52.9366 -56.2459 -77.3942 0.0000 -0.0000 0.0000 72.7028 46.7193 34.9189 -17.9530 28.0970 -4.5271 0.0000 0.0000 12.3171 -39.2880 -6.5991 5.3713 7.1250 -0.0000 -0.0000 -10.7775 -38.2725 -1.8106
1.4594 5.4163 23.7290 -26.4738 -52.7044 45.8835 0.0000 0.0000 0.0000 -25.3339 -28.9238 -102.8984 35.8513 12.3557 142.9977 0.6613 28.5870 23.8520 6.1878 14.6079 45.7309 0.0000 0.0000 0.0000 -14.6993 25.6026 -81.3890 -36.8924 -10.8673 148.1664 -2.2028 13.3378 35.3830 -0.0004 -0.1289 0.3542 -9.2546 6.7555 35.1428 -0.6716 4.5124 3.7562 2.2282 2.2545 -13.9924 -2.2018 -4.3547 -31.8988 17.5292 -10.2669 19.4595 5.1180 -2.3913 13.0792 0.0000 -0.0000 0.0000 -67.9354 -20.0941 4.4573 15.0093 -24.1591 -3.2298 -0.0000 0.0000 -49.9889 84.7089 -22.0421 -76.1380 -7.1250 0.0000 -0.0000 34.9515 -38.8381 -53.5783 0.0000 -0.0000 0.0000 73.3960 46.4285 35.0255 -18.7091 29.0557 -4.8888 0.0000 0.0000 11.7701 -39.5229 -6.4049 5.2583 7.1250 -0.0000 -0.0000 -10.9595 -38.0467 -1.9037
1.3489 5.5038 23.7167 -25.5598 -52.9067 45.8653 0.0000 0.0000 0.0000 -25.3350 -27.8195 -102.4289 35.8183 12.3983 142.8441 1.1127 28.1014 25.8982 5.4141 13.8355 42.5824 0.0000 0.0000 0.0000 -14.1818 25.8955 -81.2360 -36.8240 -10.9746 147.8058 -2.1945 12.9353 35.0416 -0.0000 0.0247 -0.0679 -9.8897 6.7980 35.2460 -0.8846 4.2715 3.7374 2.4196 2.1757 -14.0351 -2.1750 -4.2922 -32.0451 17.7440 -10.2253 19.2501 5.2013 -2.3500 13.0375 -0.0000 -0.0000 0.0000 -67.2501 -20.3586 2.9915 14.5011 -23.4465 -3.0246 -0.0000 0.0000 -48.8790 73.1401 -15.3843 -41.1982 -7.1250 0.0000 -0.0000 26.8939 -9.6678 -34.7487 -0.0000 -0.0000 0.0000 74.2086 46.1116 35.3296 -19.4614 29.9879 -5.2595 0.0000 0.0000 11.0671 -39.5909 -6.3518 5.2277 7.1250 -0.0000 -0.0000 -11.0123 -37.9850 -1.9300
1.2354 5.5898 23.7054 -24.6705 -53.1285 45.9228 0.0000 0.0000 0.0000 -25.3400 -26.7656 -102.0222 35.7810 12.4462 142.6706 1.5751 27.4161 27.8525 4.5918 12.9088 39.0280 0.0000 0.0000 0.0000 -13.7809 26.2319 -81.1539 -36.7550 -11.0815 147.4449 -2.1546 12.6842 34.6384 -0.0010 0.1991 -0.5469 -10.4071 6.7894 35.2705 -1.1510 4.0131 3.6753 2.5022 2.0863 -14.0837 -2.0900 -4.2043 -32.1351 17.9443 -10.1784 19.0871 5.2714 -2.3042 12.9995 -0.0000 0.0000 0.0000 -66.4808 -20.6714 1.2052 13.8122 -22.4656 -2.7559 -0.0000 0.0000 -47.2618 67.6638 -6.5368 -15.4867 -7.1250 0.0000 -0.0000 27.0495 14.1845 -22.2885 -0.0000 0.0000 0.0000 75.1495 45.7422 35.8796 -20.1954 30.8770 -5.6313 0.0000 0.0000 10.3787 -39.6904 -6.4725 5.3448 7.1250 -0.0000 -0.0000 -11.1124 -38.1461 -1.9035
1.1197 5.6744 23.6953 -23.8308 -53.3536 46.0528 0.0000 0.0000 0.0000 -25.3533 -25.8089 -101.6612 35.7412 12.4970 142.4863 2.0541 26.4944 29.7606 3.7104 11.7647 34.9046 0.0000 0.0000 0.0000 -13.4368 26.6740 -81.1197 -36.6792 -11.1971 147.0525 -2.1126 12.4885 34.2622 -0.0031 0.3605 -0.9906 -10.7737 6.7142 35.2377 -1.4711 3.7279 3.5915 2.4630 1.9790 -14.1221 -1.9450 -4.0820 -32.2058 18.1320 -10.1117 18.9466 5.3312 -2.2467 12.9609 -0.0000 0.0000 0.0000 -65.5959 -21.1081 -1.1265 12.9017 -21.1431 -2.4177 -0.0000 0.0000 -44.8791 65.8101 -0.7486 -1.6659 -7.1250 0.0000 -0.0000 29.1175 27.4139 -14.2332 -0.0000 0.0000 0.0000 76.1054 45.2596 36.7116 -20.9780 31.8027 -6.0383 0.0000 0.0000 9.7770 -39.9572 -6.7782 5.6474 7.1250 -0.0000 -0.0000 -11.3799 -38.5570 -1.8341
1.0025 5.7592 23.6883 -23.0754 -53.5597 46.1865 0.0000 0.0000 0.0000 -25.4196 -24.8552 -101.1821 35.6952 12.5553 142.2743 2.6341 25.1674 31.9935 2.7053 10.2020 29.6334 0.0000 0.0000 0.0000 -13.0236 27.2969 -80.9693 -36.5866 -11.3359 146.5787 -2.0837 12.2548 33.9289 -0.0057 0.4889 -1.3434 -10.9614 6.5856 35.2629 -1.8270 3.4282 3.5078 2.2970 1.8557 -14.1745 -1.7292 -3.9237 -32.2774 18.2808 -10.0171 18.8120 5.3694 -2.1761 12.9145 0.0000 0.0000 0.0000 -64.5778 -21.7335 -4.2951 11.7421 -19.4167 -2.0157 -0.0000 0.0000 -41.3544 64.6531 2.8308 5.9520 -7.1250 0.0000 -0.0000 30.7601 34.8123 -8.7932 0.0000 0.0000 0.0000 77.0113 44.6515 37.7488 -21.8492 32.8062 -6.5040 0.0000 0.0000 9.3208 -40.3673 -7.3018 6.1664 7.1250 -0.0000 -0.0000 -11.8026 -39.2609 -1.6967
0.8840 5.8472 23.6877 -22.4502 -53.7418 46.2248 0.0000 0.0000 0.0000 -25.5336 -23.6193 -100.3585 35.6352 12.6306 141.9991 3.3807 23.3259 34.8563 1.6473 8.0891 22.9852 0.0000 0.0000 0.0000 -12.4004 28.1777 -80.4575 -36.4657 -11.5134 145.9684 -2.0676 11.9170 33.5927 -0.0084 0.5917 -1.6260 -10.9833 6.4449 35.5032 -2.1877 3.1398 3.4453 2.0267 1.7273 -14.2851 -1.4353 -3.7283 -32.3652 18.3613 -9.8871 18.6796 5.3741 -2.0916 12.8576 -0.0000 0.0000 0.0000 -63.4250 -22.5711 -8.6866 10.3500 -17.2852 -1.5774 -0.0000 0.0000 -36.1912 63.5016 5.3220 10.5392 -7.1250 0.0000 -0.0000 31.6895 39.4377 -4.9382 -0.0000 0.0000 0.0000 77.9188 44.0006 38.8645 -22.7716 33.8381 -7.0107 0.0000 0.0000 9.0610 -40.8099 -8.0561 6.8998 7.1250 -0.0000 -0.0000 -12.2906 -40.2691 -1.4587
0.7644 5.9392 23.6953 -21.9780 -53.9105 46.1689 0.0000 0.0000 0.0000 -25.5490 -21.9134 -99.1814 35.5559 12.7290 141.6377 4.2063 21.3588 38.0681 0.8353 5.8304 16.2932 0.0000 0.0000 0.0000 -11.5586 29.2486 -79.5436 -36.3142 -11.7301 145.2162 -2.0594 11.5005 33.2475 -0.0109 0.6750 -1.8550 -10.8859 6.3167 35.9726 -2.5381 2.8763 3.4105 1.6866 1.6018 -14.4560 -1.0804 -3.5002 -32.4716 18.3846 -9.7208 18.5318 5.3524 -1.9938 12.7857 0.0000 0.0000 0.0000 -62.1466 -23.5520 -14.5454 8.8479 -14.9177 -1.1607 -0.0000 0.0000 -29.1024 62.3646 7.4317 13.8766 -7.1250 0.0000 -0.0000 32.2765 42.9779 -1.8185 0.0000 0.0000 0.0000 78.9137 43.4046 39.9450 -23.6798 34.8238 -7.5229 0.0000 0.0000 9.0214 -41.2026 -8.8942 7.7089 7.1250 -0.0000 -0.0000 -12.7553 -41.3861 -1.1580
0.6445 6.0326 23.7094 -21.6267 -54.0663 46.1661 0.0000 0.0000 0.0000 -25.2613 -19.9448 -97.9539 35.4652 12.8400 141.2277 4.9495 19.9357 41.0039 0.4219 4.1688 11.5520 0.0000 0.0000 0.0000 -10.6826 30.2465 -78.5263 -36.1452 -11.9646 144.3931 -2.0540 11.1383 32.9603 -0.0132 0.7427 -2.0411 -10.7015 6.1800 36.4741 -2.8940 2.6298 3.3815 1.2886 1.4788 -14.6363 -0.6919 -3.2551 -32.5660 18.3977 -9.5327 18.3276 5.3224 -1.8897 12.6850 0.0000 -0.0000 0.0000 -60.7994 -24.4902 -21.4816 7.4838 -12.7127 -0.8348 -0.0000 0.0000 -20.6570 61.3381 9.4585 16.7327 -7.1250 0.0000 -0.0000 32.8324 46.1309 1.0277 0.0000 -0.0000 0.0000 79.9926 42.8506 40.8839 -24.5706 35.7619 -8.0376 0.0000 0.0000 9.2029 -41.5174 -9.5949 8.3938 7.1250 -0.0000 -0.0000 -13.1393 -42.3233 -0.8844
0.5259 6.1237 23.7266 -21.3373 -54.1959 46.3753 0.0000 0.0000 0.0000 -24.5793 -18.1140 -97.0409 35.3875 12.9336 140.8796 5.5504 19.1713 43.3792 0.2471 3.1988 8.8327 0.0000 0.0000 0.0000 -9.9834 30.9917 -77.7648 -35.9760 -12.1923 143.5843 -2.0443 10.9365 32.7628 -0.0159 0.8146 -2.2387 -10.4561 6.0037 36.7767 -3.2637 2.3891 3.3279 0.8511 1.3569 -14.7749 -0.2791 -3.0043 -32.6090 18.4133 -9.3312 18.0416 5.2871 -1.7862 12.5414 0.0000 0.0000 0.0000 -59.5497 -25.1386 -27.8723 6.5500 -11.1763 -0.6416 -0.0000 0.0000 -12.9053 60.3997 11.2210 18.9086 -7.1250 0.0000 -0.0000 33.1937 48.6759 3.3524 0.0000 0.0000 0.0000 81.0804 42.2653 41.6005 -25.4739 36.6845 -8.5714 0.0000 0.0000 9.6160 -41.7566 -10.0856 8.8855 7.1250 -0.0000 -0.0000 -13.4306 -42.9848 -0.6811
0.4095 6.2094 23.7435 -21.0635 -54.2941 46.8146 0.0000 0.0000 0.0000 -23.5740 -16.5946 -96.5506 35.3403 12.9900 140.6688 6.0346 18.8415 45.2746 0.1605 2.5809 7.1140 0.0000 0.0000 0.0000 -9.5056 31.5950 -77.3479 -35.8169 -12.4002 142.8372 -2.0268 10.8476 32.5979 -0.0191 0.8932 -2.4551 -10.1955 5.7884 36.8190 -3.6216 2.1509 3.2408 0.4280 1.2381 -14.8621 0.1468 -2.7573 -32.5951 18.4087 -9.1206 17.6984 5.2394 -1.6878 12.3632 0.0000 0.0000 0.0000 -58.6134 -25.3136 -31.0939 6.2384 -10.6592 -0.5825 -0.0000 0.0000 -8.8803 59.5058 12.4587 20.1194 -7.1250 0.0000 -0.0000 33.1023 50.2936 4.7793 0.0000 0.0000 0.0000 82.0910 41.6130 42.0819 -26.3985 37.5995 -9.1297 0.0000 0.0000 10.2488 -41.9409 -10.4252 9.2350 7.1250 -0.0000 -0.0000 -13.6523 -43.4466 -0.5339
0.2950 6.2881 23.7579 -20.7925 -54.3719 47.3766 0.0000 0.0000 0.0000 -22.4396 -15.2918 -96.2917 35.3098 13.0262 140.5332 6.4427 18.7787 46.8521 0.0950 1.9881 5.4727 0.0000 0.0000 0.0000 -9.1380 32.3008 -77.1107 -35.6691 -12.5882 142.1540 -2.0052 10.7277 32.3869 -0.0213 0.9414 -2.5875 -9.9692 5.5680 36.7162 -3.9296 1.9242 3.1288 0.0765 1.1290 -14.9320 0.5386 -2.5405 -32.5423 18.3904 -8.9287 17.3530 5.1875 -1.6047 12.1812 -0.0000 0.0000 0.0000 -58.0973 -24.9991 -29.8639 6.5839 -11.2324 -0.6481 -0.0000 0.0000 -10.0340 58.6597 13.2955 20.6887 -7.1250 0.0000 -0.0000 32.6893 51.2664 5.5499 -0.0000 0.0000 0.0000 82.9673 40.9012 42.3487 -27.3190 38.4817 -9.6970 0.0000 0.0000 11.0647 -42.0942 -10.7130 9.5327 7.1250 -0.0000 -0.0000 -13.8394 -43.8386 -0.4048
0.1817 6.3609 23.7693 -20.5318 -54.4424 47.9561 0.0000 0.0000 0.0000 -21.3848 -14.0639 -96.0228 35.2668 13.0769 140.3431 6.8088 18.7527 48.2414 0.0317 1.1502 3.1622 0.0000 0.0000 0.0000 -8.7759 33.1541 -76.8890 -35.5289 -12.7622 141.5152 -1.9853 10.5234 32.1265 -0.0209 0.9326 -2.5634 -9.8066 5.3824 36.5940 -4.1599 1.7318 3.0062 -0.1730 1.0405 -15.0148 0.8305 -2.3861 -32.4746 18.3953 -8.7913 17.0555 5.1528 -1.5481 12.0287 -0.0000 0.0000 0.0000 -57.9609 -24.3494 -25.7054 7.5293 -12.7870 -0.8449 -0.0000 0.0000 -14.8632 57.8591 14.1878 21.3110 -7.1250 0.0000 -0.0000 32.3358 52.3071 6.3605 -0.0000 0.0000 0.0000 83.6650 40.1482 42.3934 -28.1954 39.2955 -10.2472 0.0000 0.0000 11.9978 -42.2127 -11.0691 9.8799 7.1250 -0.0000 -0.0000 -14.0053 -44.3136 -0.2422
0.0687 6.4303 23.7793 -20.2790 -54.5188 48.5242 0.0000 0.0000 0.0000 -20.4942 -12.8486 -95.6943 35.2028 13.1518 140.0608 7.1549 18.5189 49.5236 0.0004 0.1294 0.3556 0.0000 0.0000 0.0000 -8.4279 33.9956 -76.6701 -35.3902 -12.9304 140.8915 -1.9660 10.3164 31.8679 -0.0193 0.8977 -2.4673 -9.7205 5.2536 36.4728 -4.3099 1.5936 2.8788 -0.3203 0.9814 -15.1100 1.0041 -2.2919 -32.4099 18.4283 -8.7044 16.8335 5.1424 -1.5136 11.9190 0.0000 -0.0000 0.0000 -58.1111 -23.5554 -20.8611 8.9913 -15.1465 -1.1978 -0.0000 0.0000 -21.1184 57.1288 15.3447 22.2691 -7.1250 0.0000 -0.0000 32.2337 53.7182 7.5157 0.0000 -0.0000 0.0000 84.1694 39.3813 42.2034 -28.9730 39.9967 -10.7434 0.0000 0.0000 12.9127 -42.2496 -11.6068 10.3565 7.1250 -0.0000 -0.0000 -14.1209 -45.0081 0.0029
-0.0440 6.4980 23.7895 -20.0023 -54.6088 49.0692 0.0000 0.0000 0.0000 -19.7575 -11.6660 -95.3654 35.1249 13.2417 139.7197 7.4621 18.1084 50.6401 0.0085 -0.5966 -1.6395 0.0000 0.0000 0.0000 -8.1558 34.6800 -76.4935 -35.2498 -13.0969 140.2678 -1.9463 10.1876 31.6601 -0.0182 0.8703 -2.3920 -9.7062 5.1782 36.3337 -4.3951 1.5072 2.7423 -0.3830 0.9507 -15.2136 1.1004 -2.2306 -32.3515 18.4484 -8.6389 16.6956 5.1398 -1.4887 11.8469 0.0000 -0.0000 0.0000 -58.4928 -22.7091 -16.4409 10.8857 -18.1129 -1.7402 -0.0000 0.0000 -27.4970 56.5618 16.2382 22.9511 -7.1250 0.0000 -0.0000 32.1178 54.7775 8.3555 0.0000 -0.0000 0.0000 84.5132 38.6395 41.8135 -29.5801 40.5308 -11.1357 0.0000 0.0000 13.6205 -42.1322 -12.3662 10.9638 7.1250 -0.0000 -0.0000 -14.1172 -45.9576 0.3404
-0.1556 6.5641 23.8014 -19.6553 -54.7030 49.5209 0.0000 0.0000 0.0000 -19.1746 -10.5753 -95.0150 35.0366 13.3424 139.3358 7.7199 17.6887 51.5681 0.0162 -0.8217 -2.2582 0.0000 0.0000 0.0000 -7.9611 35.1850 -76.2918 -35.1026 -13.2673 139.6225 -1.9317 10.1410 31.5392 -0.0164 0.8258 -2.2696 -9.7488 5.1390 36.2282 -4.4160 1.4500 2.5935 -0.3608 0.9387 -15.3470 1.1559 -2.1824 -32.2976 18.4051 -8.5696 16.6433 5.1239 -1.4655 11.8039 0.0000 0.0000 0.0000 -59.1208 -21.7975 -12.5739 13.1292 -21.4762 -2.5004 -0.0000 0.0000 -33.2913 56.1787 15.9268 22.2729 -7.1250 0.0000 -0.0000 31.3586 54.2159 7.6775 0.0000 0.0000 0.0000 84.7393 37.9585 41.3351 -29.9600 40.8591 -11.3835 0.0000 0.0000 13.9439 -41.7972 -13.2689 11.5959 7.1250 -0.0000 -0.0000 -13.9100 -47.0430 0.7146
-0.2653 6.6284 23.8154 -19.2010 -54.7792 49.8100 0.0000 0.0000 0.0000 -18.7536 -9.6624 -94.5880 34.9342 13.4575 138.8939 7.9587 17.3579 52.4242 0.0156 -0.8052 -2.2131 0.0000 0.0000 0.0000 -7.8247 35.5109 -75.9800 -34.9446 -13.4459 138.9386 -1.9346 10.1729 31.5790 -0.0113 0.6857 -1.8844 -9.8421 5.1145 36.2128 -4.3466 1.3944 2.4395 -0.2176 0.9345 -15.5228 1.1654 -2.1356 -32.2533 18.2667 -8.4670 16.6651 5.0889 -1.4353 11.7803 0.0000 0.0000 0.0000 -60.0447 -20.7959 -9.1260 15.6443 -25.0360 -3.4941 -0.0000 0.0000 -37.7632 55.8334 13.8483 19.4246 -7.1250 0.0000 -0.0000 29.5049 51.1628 4.8383 0.0000 0.0000 0.0000 84.8575 37.3635 40.9381 -30.1129 40.9899 -11.4836 0.0000 0.0000 13.7999 -41.3072 -13.9757 11.9819 7.1250 -0.0000 -0.0000 -13.5052 -47.8414 0.9633
-0.3712 6.6900 23.8318 -18.5978 -54.8165 49.9407 0.0000 0.0000 0.0000 -18.4647 -9.0695 -94.1423 34.8194 13.5843 138.4028 8.1958 17.1998 53.2705 0.0123 -0.7153 -1.9658 0.0000 0.0000 0.0000 -7.8074 35.5926 -75.6201 -34.7787 -13.6288 138.2297 -1.9720 10.3200 31.9063 -0.0026 0.3314 -0.9106 -9.9546 5.0654 36.2553 -4.1945 1.3082 2.2832 0.0390 0.9231 -15.7234 1.1316 -2.0780 -32.2003 18.0378 -8.3058 16.7117 5.0384 -1.3907 11.7518 -0.0000 0.0000 0.0000 -61.2451 -19.7283 -6.0004 18.3832 -28.6451 -4.7315 -0.0000 0.0000 -40.1917 55.3941 10.2984 14.5254 -7.1250 0.0000 -0.0000 26.9123 45.8116 0.5815 -0.0000 0.0000 0.0000 84.8787 36.8457 40.7766 -30.1132 40.9902 -11.4838 0.0000 0.0000 13.3304 -40.9527 -14.0751 11.9175 7.1250 -0.0000 -0.0000 -13.1563 -47.8991 0.9566
-0.4717 6.7474 23.8500 -17.8288 -54.8116 49.9765 0.0000 0.0000 0.0000 -18.2656 -8.8900 -93.7899 34.6973 13.7168 137.8854 8.4056 17.2784 54.0153 0.0059 -0.4944 -1.3585 0.0000 0.0000 0.0000 -7.9884 35.3823 -75.3623 -34.6136 -13.8061 137.5338 -2.0539 10.5866 32.5769 -0.0022 -0.3040 0.8352 -10.0288 4.9549 36.2782 -4.0172 1.1693 2.1159 0.3293 0.8900 -15.9267 1.0806 -2.0120 -32.0929 17.7717 -8.1017 16.7142 4.9816 -1.3381 11.6899 0.0000 -0.0000 0.0000 -62.5917 -18.6487 -3.0980 21.3251 -32.2059 -6.2223 -0.0000 0.0000 -40.2241 54.9577 6.1253 8.6511 -7.1250 0.0000 -0.0000 24.4209 39.3126 -3.6827 0.0000 -0.0000 0.0000 84.8512 36.3597 40.9212 -30.0916 40.9718 -11.4697 0.0000 0.0000 12.9049 -41.0566 -13.6141 11.5863 7.1250 -0.0000 -0.0000 -13.2087 -47.3418 0.7762
-0.5675 6.8010 23.8694 -16.9861 -54.7987 49.9690 0.0000 0.0000 0.0000 -18.1303 -8.9369 -93.4798 34.5689 13.8535 137.3464 8.5651 17.4635 54.5790 0.0008 -0.1793 -0.4926 0.0000 0.0000 0.0000 -8.2856 35.0348 -75.1867 -34.4508 -13.9767 136.8557 -2.1582 10.8952 33.3938 -0.0277 -1.0751 2.9554 -10.0718 4.8130 36.2893 -3.8419 1.0049 1.9408 0.6143 0.8459 -16.1328 1.0219 -1.9551 -31.9208 17.5196 -7.8945 16.6487 4.9278 -1.2908 11.5925 -0.0000 0.0000 0.0000 -63.9478 -17.6113 -0.3004 24.4491 -35.6356 -7.9667 -0.0000 0.0000 -38.0110 54.7274 1.9467 2.7496 -7.1250 0.0000 -0.0000 22.4794 32.6751 -7.2797 -0.0000 0.0000 0.0000 84.8139 35.8750 41.3425 -30.1749 41.0428 -11.5243 0.0000 0.0000 12.8116 -41.6275 -13.1709 11.4474 7.1250 -0.0000 -0.0000 -13.7268 -46.8884 0.6516
-0.6616 6.8530 23.8899 -16.2509 -54.8376 49.9428 0.0000 0.0000 0.0000 -18.0319 -8.8161 -93.0121 34.4349 13.9932 136.7898 8.6853 17.5076 55.0002 0.0002 0.0955 0.2623 0.0000 0.0000 0.0000 -8.4857 34.8546 -74.8982 -34.2827 -14.1487 136.1636 -2.2332 11.1525 33.9951 -0.0689 -1.6934 4.6590 -10.1725 4.7281 36.3707 -3.6363 0.8832 1.7840 0.9421 0.8240 -16.3467 0.9472 -1.9071 -31.7310 17.2774 -7.6886 16.5454 4.8785 -1.2472 11.4800 0.0000 -0.0000 0.0000 -65.2450 -16.6680 2.4659 27.7231 -38.8601 -9.9495 -0.0000 0.0000 -34.0986 54.8235 -2.0897 -2.9617 -7.1250 0.0000 -0.0000 21.0795 26.1768 -10.2892 0.0000 -0.0000 0.0000 84.7776 35.4172 41.9215 -30.3984 41.2325 -11.6713 0.0000 0.0000 12.9800 -42.3579 -13.1382 11.7087 7.1250 -0.0000 -0.0000 -14.4549 -46.9802 0.7209
-0.7558 6.9053 23.9122 -15.6990 -54.9529 49.9055 0.0000 0.0000 0.0000 -17.9219 -8.3708 -92.3058 34.2995 14.1317 136.2326 8.7960 17.3371 55.3846 0.0027 0.3386 0.9304 0.0000 0.0000 0.0000 -8.4849 34.9471 -74.4024 -34.1056 -14.3252 135.4435 -2.2541 11.3219 34.2280 -0.1032 -2.0716 5.7035 -10.3536 4.7285 36.5450 -3.3991 0.8274 1.6654 1.3154 0.8343 -16.5550 0.8827 -1.8446 -31.5698 17.0085 -7.4635 16.4418 4.8216 -1.1954 11.3691 0.0000 0.0000 0.0000 -66.4232 -15.8692 5.2352 31.1342 -41.8459 -12.1593 -0.0000 0.0000 -29.2818 55.0931 -5.7104 -8.1153 -7.1250 0.0000 -0.0000 20.0726 20.2895 -12.6563 0.0000 0.0000 0.0000 84.7899 35.0264 42.4981 -30.6806 41.4697 -11.8578 0.0000 0.0000 13.1546 -42.9715 -13.3673 12.1544 7.1250 -0.0000 -0.0000 -15.1106 -47.3872 0.9099
-0.8487 6.9571 23.9368 -15.2498 -55.1189 49.8773 0.0000 0.0000 0.0000 -17.7511 -7.7873 -91.4925 34.1691 14.2625 135.7006 8.9245 17.0508 55.8291 0.0105 0.6601 1.8140 0.0000 0.0000 0.0000 -8.3684 35.1512 -73.8227 -33.9296 -14.4963 134.7362 -2.2408 11.4085 34.2131 -0.1323 -2.3449 6.4598 -10.5377 4.7506 36.7393 -3.1873 0.7888 1.5658 1.6547 0.8502 -16.7494 0.8778 -1.7451 -31.4333 16.7010 -7.2109 16.3615 4.7468 -1.1289 11.2654 0.0000 0.0000 0.0000 -67.4014 -15.2319 8.0489 34.7003 -44.5970 -14.6026 -0.0000 0.0000 -24.3954 55.2343 -8.7255 -12.3280 -7.1250 0.0000 -0.0000 19.2449 15.4296 -14.2715 0.0000 0.0000 0.0000 84.9323 34.6876 42.9964 -30.9146 41.6646 -12.0130 0.0000 0.0000 13.2389 -43.4153 -13.6891 12.6211 7.1250 -0.0000 -0.0000 -15.6181 -47.8849 1.1377
-0.9387 7.0072 23.9630 -14.8124 -55.3047 49.8874 0.0000 0.0000 0.0000 -17.4895 -7.2715 -90.7337 34.0485 14.3812 135.2132 9.0812 16.7087 56.3705 0.0284 1.0882 2.9916 0.0000 0.0000 0.0000 -8.2487 35.3072 -73.3163 -33.7675 -14.6499 134.0922 -2.2091 11.4440 34.0597 -0.1598 -2.5760 7.1003 -10.6700 4.7378 36.8812 -3.0333 0.7234 1.4501 1.9177 0.8507 -16.9406 0.9358 -1.6153 -31.2983 16.3736 -6.9485 16.3239 4.6577 -1.0531 11.1759 0.0000 -0.0000 0.0000 -68.1625 -14.7610 10.9353 38.4272 -47.1100 -17.2779 -0.0000 0.0000 -20.0663 55.1654 -11.3762 -15.8249 -7.1250 0.0000 -0.0000 18.4410 11.2953 -15.3074 0.0000 -0.0000 0.0000 85.2095 34.3504 43.4488 -31.0564 41.7819 -12.1074 0.0000 0.0000 13.3245 -43.7700 -14.1703 13.1981 7.1250 -0.0000 -0.0000 -16.0708 -48.5724 1.4507
-1.0254 7.0553 23.9899 -14.3726 -55.4988 49.9276 0.0000 0.0000 0.0000 -17.1150 -6.8448 -90.0576 33.9411 14.4852 134.7824 9.2580 16.3213 56.9805 0.0578 1.5511 4.2666 0.0000 0.0000 0.0000 -8.1236 35.3922 -72.8822 -33.6236 -14.7835 133.5256 -2.1492 11.4784 33.7457 -0.1736 -2.6840 7.4001 -10.7665 4.6982 36.9731 -2.9096 0.6400 1.3167 2.1389 0.8419 -17.1323 1.0034 -1.4824 -31.1615 16.0537 -6.6959 16.3279 4.5697 -0.9774 11.1047 -0.0000 0.0000 0.0000 -68.7821 -14.5046 13.8695 42.2639 -49.3554 -20.1406 -0.0000 0.0000 -16.6536 54.9567 -13.8951 -18.9019 -7.1250 0.0000 -0.0000 17.6211 7.5341 -15.9525 -0.0000 0.0000 0.0000 85.5218 34.0031 43.8985 -31.1139 41.8293 -12.1457 0.0000 0.0000 13.4783 -44.1162 -14.7558 13.8722 7.1250 -0.0000 -0.0000 -16.5449 -49.3949 1.8382
-1.1085 7.1019 24.0168 -13.9375 -55.6936 49.9489 0.0000 0.0000 0.0000 -16.6246 -6.5132 -89.3978 33.8457 14.5762 134.4023 9.4350 15.9626 57.5893 0.0955 1.9928 5.4857 0.0000 0.0000 0.0000 -7.9364 35.4155 -72.4384 -33.4968 -14.8988 133.0308 -2.0487 11.5667 33.2330 -0.1620 -2.5929 7.1473 -10.8391 4.6549 37.0516 -2.7902 0.5635 1.1943 2.3412 0.8337 -17.3064 1.0497 -1.3635 -31.0461 15.7545 -6.4640 16.3509 4.4905 -0.9078 11.0496 -0.0000 0.0000 0.0000 -69.3417 -14.5477 16.7846 46.1096 -51.3007 -23.1015 -0.0000 0.0000 -14.3342 54.4715 -16.1247 -21.2536 -7.1250 0.0000 -0.0000 16.7382 4.4560 -16.1042 -0.0000 0.0000 0.0000 85.7852 33.6801 44.3367 -31.1037 41.8209 -12.1390 0.0000 0.0000 13.6545 -44.4921 -15.1809 14.4273 7.1250 -0.0000 -0.0000 -17.0311 -50.0214 2.1634
-1.1894 7.1482 24.0431 -13.6039 -55.9163 49.9818 0.0000 0.0000 0.0000 -16.0151 -6.2400 -88.6486 33.7571 14.6597 134.0510 9.5983 15.6642 58.1493 0.1386 2.3996 6.6112 0.0000 0.0000 0.0000 -7.6232 35.4653 -71.9324 -33.3826 -15.0011 132.5879 -1.9106 11.6831 32.5085 -0.1274 -2.3004 6.3366 -10.9145 4.6529 37.1444 -2.6733 0.5353 1.0950 2.5200 0.8436 -17.4627 1.1000 -1.2571 -30.9546 15.4741 -6.2579 16.3709 4.4132 -0.8465 11.0023 0.0000 0.0000 0.0000 -69.8681 -14.9228 19.6384 49.8318 -52.9275 -26.0399 -0.0000 0.0000 -13.1551 53.5038 -17.7582 -22.4035 -7.1250 0.0000 -0.0000 15.7504 2.5781 -15.6366 0.0000 0.0000 0.0000 85.9934 33.3865 44.7507 -31.0610 41.7856 -12.1105 0.0000 0.0000 13.7749 -44.8897 -15.3545 14.7765 7.1250 -0.0000 -0.0000 -17.4984 -50.3332 2.3632
-1.2688 7.1941 24.0689 -13.4589 -56.1919 50.0971 0.0000 0.0000 0.0000 -15.2758 -5.9995 -87.7825 33.6778 14.7334 133.7387 9.7515 15.3964 58.6728 0.1891 2.8010 7.7251 0.0000 0.0000 0.0000 -7.1771 35.6031 -71.3820 -33.2787 -15.0926 132.1879 -1.7447 11.7541 31.5600 -0.0800 -1.8251 5.0224 -11.0004 4.7124 37.2516 -2.5745 0.5733 1.0061 2.6524 0.8798 -17.6193 1.1774 -1.1669 -30.8597 15.2302 -6.0943 16.3757 4.3368 -0.7995 10.9555 0.0000 0.0000 0.0000 -70.3359 -15.5876 22.4479 53.2642 -54.2301 -28.8023 -0.0000 0.0000 -13.0412 52.1117 -18.5551 -22.2416 -7.1250 0.0000 -0.0000 14.7473 2.1251 -14.6909 0.0000 0.0000 0.0000 86.2018 33.1001 45.1294 -31.0082 41.7420 -12.0753 0.0000 0.0000 13.8796 -45.2560 -15.4162 15.0142 7.1250 -0.0000 -0.0000 -17.9124 -50.4961 2.4957
-1.3440 7.2373 24.0950 -13.3489 -56.4634 50.2007 0.0000 0.0000 0.0000 -14.4411 -5.9782 -86.9002 33.6184 14.7882 133.5055 9.8880 15.2716 59.1354 0.2633 3.3011 9.1181 0.0000 0.0000 0.0000 -6.6904 35.6626 -70.8175 -33.1903 -15.1695 131.8491 -1.5580 11.7846 30.4112 -0.0350 -1.2067 3.3178 -11.0182 4.7541 37.3823 -2.5093 0.6070 0.9175 2.7137 0.9079 -17.7857 1.2505 -1.0970 -30.7453 15.0463 -5.9694 16.3598 4.2755 -0.7655 10.9056 -0.0000 -0.0000 0.0000 -70.7315 -16.4818 25.2412 56.1907 -55.2063 -31.1916 -0.0000 0.0000 -13.7985 50.6040 -18.4374 -21.0610 -7.1250 0.0000 -0.0000 13.9112 2.9588 -13.5872 -0.0000 -0.0000 0.0000 86.4551 32.8298 45.4602 -30.9182 41.6675 -12.0154 0.0000 0.0000 14.1109 -45.5241 -15.4828 15.2099 7.1250 -0.0000 -0.0000 -18.2225 -50.6439 2.6093
-1.4105 7.2741 24.1216 -12.9972 -56.6448 50.1014 0.0000 0.0000 0.0000 -13.6088 -6.4357 -86.1445 33.5858 14.8180 133.3779 9.9767 15.5033 59.4283 0.3885 4.0026 11.0839 0.0000 0.0000 0.0000 -6.2989 35.4295 -70.2777 -33.1284 -15.2228 131.6129 -1.3584 11.8418 29.1422 -0.0072 -0.5485 1.5073 -10.8945 4.6744 37.5449 -2.4662 0.5403 0.8305 2.7255 0.8838 -17.9538 1.2710 -1.0327 -30.6319 14.9012 -5.8377 16.3296 4.2384 -0.7278 10.8538 0.0000 0.0000 0.0000 -71.1020 -17.5662 28.0023 58.3532 -55.8549 -32.9744 -0.0000 0.0000 -15.1525 49.2488 -17.5641 -19.3007 -7.1250 0.0000 -0.0000 13.3385 4.6961 -12.5538 0.0000 0.0000 0.0000 86.6994 32.5885 45.7811 -30.7900 41.5610 -11.9303 0.0000 0.0000 14.4878 -45.6946 -15.5346 15.3439 7.1250 -0.0000 -0.0000 -18.4229 -50.7504 2.6890
-1.4694 7.3047 24.1472 -12.4585 -56.7732 49.8442 0.0000 0.0000 0.0000 -12.8304 -7.1283 -85.5273 33.5779 14.8253 133.3467 10.0099 15.9937 59.5316 0.5716 4.8420 13.4585 0.0000 0.0000 0.0000 -6.0079 35.0548 -69.7838 -33.0928 -15.2532 131.4777 -1.1642 11.8927 27.8356 -0.0000 0.0101 -0.0278 -10.7306 4.5248 37.7109 -2.3989 0.4092 0.7460 2.7757 0.8318 -18.1139 1.2300 -0.9574 -30.5365 14.7496 -5.6620 16.2912 4.2171 -0.6743 10.7994 -0.0000 0.0000 0.0000 -71.5213 -18.8148 30.6817 59.5140 -56.1790 -33.9370 -0.0000 0.0000 -16.8279 48.0442 -16.2690 -17.3080 -7.1250 0.0000 -0.0000 12.9329 6.8869 -11.5957 -0.0000 0.0000 0.0000 86.8311 32.3576 46.1524 -30.6595 41.4520 -11.8438 0.0000 0.0000 14.8800 -45.8326 -15.5173 15.3986 7.1250 -0.0000 -0.0000 -18.5714 -50.7604 2.7167
-1.5260 7.3342 24.1715 -11.9817 -56.9437 49.6276 0.0000 0.0000 0.0000 -12.1236 -7.3033 -85.0089 33.5830 14.8206 133.3668 10.0864 16.1892 59.7847 0.7623 5.5758 15.5584 0.0000 0.0000 0.0000 -5.7298 34.8284 -69.3297 -33.0689 -15.2736 131.3868 -0.9894 11.8611 26.5213 -0.0043 0.4248 -1.1671 -10.6620 4.4219 37.8410 -2.2896 0.3103 0.6563 2.9080 0.8026 -18.2693 1.1663 -0.8758 -30.4473 14.5893 -5.4631 16.2336 4.1998 -0.6134 10.7371 0.0000 -0.0000 0.0000 -72.0105 -20.2007 33.2149 59.5563 -56.1905 -33.9722 -0.0000 0.0000 -18.5761 46.7764 -14.8519 -15.2552 -7.1250 0.0000 -0.0000 12.4873 9.2079 -10.5897 0.0000 -0.0000 0.0000 86.8698 32.1358 46.5392 -30.4808 41.3020 -11.7257 0.0000 0.0000 15.2776 -45.9720 -15.3380 15.3039 7.1250 -0.0000 -0.0000 -18.6817 -50.5610 2.6400
-1.5841 7.3683 24.1976 -11.6240 -57.1812 49.4917 0.0000 0.0000 0.0000 -11.5354 -6.4222 -84.5758 33.5835 14.8202 133.3688 10.3263 15.6402 60.5917 0.8888 6.0093 16.8113 0.0000 0.0000 0.0000 -5.4254 34.7826 -68.8612 -33.0375 -15.3002 131.2676 -0.8338 11.7575 25.2097 -0.0134 0.7481 -2.0560 -10.6854 4.3857 37.9468 -2.1751 0.2596 0.5555 3.0711 0.8013 -18.4326 1.1344 -0.7972 -30.3558 14.4382 -5.2818 16.1493 4.1765 -0.5589 10.6665 -0.0000 0.0000 0.0000 -72.5551 -21.6893 35.5306 58.5049 -55.8982 -33.1001 -0.0000 0.0000 -20.1298 45.3379 -13.4550 -13.2486 -7.1250 0.0000 -0.0000 11.8949 11.4873 -9.5000 -0.0000 0.0000 0.0000 86.9411 31.9516 46.8475 -30.1491 41.0209 -11.5074 0.0000 0.0000 15.8017 -46.1074 -14.8777 14.9427 7.1250 -0.0000 -0.0000 -18.7157 -49.9939 2.3775
-1.6445 7.4059 24.2276 -11.3568 -57.4951 49.3610 0.0000 0.0000 0.0000 -11.0832 -4.6388 -84.1221 33.5706 14.8319 133.3185 10.7051 14.4942 61.8697 0.9479 6.2004 17.3670 0.0000 0.0000 0.0000 -5.0871 34.8798 -68.2858 -32.9932 -15.3376 131.1000 -0.6953 11.6088 23.9158 -0.0256 1.0330 -2.8395 -10.7594 4.4010 38.0857 -2.0896 0.2392 0.4540 3.2119 0.8153 -18.6125 1.1601 -0.7180 -30.2776 14.2881 -5.1257 16.0561 4.1395 -0.5120 10.5968 0.0000 0.0000 0.0000 -73.1606 -23.2347 37.5676 56.4614 -55.2908 -31.4140 -0.0000 0.0000 -21.2474 43.9602 -12.1919 -11.5113 -7.1250 0.0000 -0.0000 11.2740 13.5024 -8.4997 0.0000 0.0000 0.0000 87.0762 31.7893 47.1023 -29.7098 40.6434 -11.2201 0.0000 0.0000 16.4353 -46.2584 -14.1936 14.3708 7.1250 -0.0000 -0.0000 -18.7071 -49.1341 1.9698
-1.7091 7.4432 24.2613 -11.3582 -57.9715 49.2881 0.0000 0.0000 0.0000 -10.6550 -2.5193 -83.3609 33.5469 14.8535 133.2260 11.0651 13.2881 63.0884 1.0006 6.3655 17.8486 0.0000 0.0000 0.0000 -4.6228 35.3460 -67.4785 -32.9364 -15.3852 130.8857 -0.5824 11.3276 22.6354 -0.0402 1.2946 -3.5597 -10.9588 4.5400 38.3040 -2.0108 0.3049 0.3741 3.3656 0.8722 -18.8044 1.2097 -0.6311 -30.2331 14.1169 -4.9693 15.9824 4.0920 -0.4634 10.5391 -0.0000 0.0000 0.0000 -73.8586 -24.7904 39.2848 53.5492 -54.3304 -29.0337 -0.0000 0.0000 -21.8164 43.0767 -11.2792 -10.3638 -7.1250 0.0000 -0.0000 10.8760 14.8944 -7.8602 -0.0000 0.0000 0.0000 87.1982 31.6117 47.4314 -29.3050 40.2902 -10.9574 0.0000 0.0000 17.0436 -46.4287 -13.5647 13.8497 7.1250 -0.0000 -0.0000 -18.7281 -48.3443 1.5971
-1.7781 7.4784 24.2976 -11.7477 -58.6492 49.3700 0.0000 0.0000 0.0000 -10.1213 -0.4719 -82.1824 33.5188 14.8790 133.1164 11.3068 12.3623 63.9122 1.0959 6.6522 18.6891 0.0000 0.0000 0.0000 -3.9917 36.3002 -66.4249 -32.8687 -15.4415 130.6309 -0.5006 10.8523 21.3770 -0.0572 1.5436 -4.2460 -11.3311 4.8406 38.5785 -1.9129 0.4903 0.3184 3.5683 0.9900 -19.0004 1.2369 -0.5383 -30.2183 13.9211 -4.7947 15.9379 4.0439 -0.4079 10.4951 0.0000 -0.0000 0.0000 -74.6419 -26.3157 40.6824 49.9167 -52.9618 -26.1076 -0.0000 0.0000 -21.8090 43.0442 -11.0170 -10.1196 -7.1250 0.0000 -0.0000 10.9046 15.2434 -7.7986 0.0000 -0.0000 0.0000 87.2794 31.4168 47.9005 -28.9762 39.9996 -10.7454 0.0000 0.0000 17.5544 -46.6039 -13.1991 13.5765 7.1250 -0.0000 -0.0000 -18.8178 -47.8982 1.3920
-1.8468 7.5102 24.3355 -12.2984 -59.4219 49.5536 0.0000 0.0000 0.0000 -9.4903 1.2940 -80.8638 33.4987 14.8972 133.0379 11.4402 11.7440 64.3731 1.2523 7.0947 19.9962 0.0000 0.0000 0.0000 -3.3625 37.4113 -65.3197 -32.8015 -15.4968 130.3790 -0.4402 10.2977 20.1977 -0.0769 1.7891 -4.9232 -11.7489 5.1874 38.8252 -1.8287 0.7114 0.2656 3.7593 1.1245 -19.1878 1.2575 -0.4437 -30.2157 13.7050 -4.6129 15.9107 3.9914 -0.3503 10.4587 -0.0000 -0.0000 0.0000 -75.4301 -27.7704 41.8156 45.7712 -51.1408 -22.8377 -0.0000 0.0000 -21.0994 44.0347 -11.5794 -10.9830 -7.1250 0.0000 -0.0000 11.4448 14.2915 -8.4386 -0.0000 -0.0000 0.0000 87.3946 31.2342 48.4690 -28.6471 39.7051 -10.5345 0.0000 0.0000 17.9594 -46.8234 -13.0429 13.5240 7.1250 -0.0000 -0.0000 -19.0060 -47.7374 1.3291
-1.9094 7.5380 24.3747 -12.6685 -60.1500 49.6770 0.0000 0.0000 0.0000 -8.8830 2.6184 -79.7152 33.4893 14.9056 133.0017 11.5116 11.2718 64.6280 1.4567 7.6284 21.5911 0.0000 0.0000 0.0000 -2.9486 38.2365 -64.3786 -32.7468 -15.5414 130.1745 -0.3843 9.8495 19.1320 -0.1014 2.0537 -5.6542 -12.0450 5.4263 38.9937 -1.7956 0.8513 0.2015 3.8711 1.2142 -19.3509 1.2940 -0.3453 -30.2240 13.4654 -4.4280 15.8880 3.9285 -0.2925 10.4247 0.0000 -0.0000 0.0000 -76.1388 -29.0882 42.7072 41.4175 -48.8877 -19.5006 -0.0000 0.0000 -19.4315 46.0756 -12.7087 -12.8664 -7.1250 0.0000 -0.0000 12.5225 12.2860 -9.8139 0.0000 -0.0000 0.0000 87.5965 31.0976 49.1037 -28.2532 39.3483 -10.2839 0.0000 0.0000 18.2814 -47.1408 -12.9862 13.6132 7.1250 -0.0000 -0.0000 -19.3223 -47.7294 1.3489
-1.9651 7.5621 24.4145 -12.7993 -60.8065 49.6924 0.0000 0.0000 0.0000 -8.3712 3.5124 -78.7593 33.4823 14.9119 132.9745 11.5542 10.7111 64.7977 1.6668 8.1346 23.1237 0.0000 0.0000 0.0000 -2.7557 38.7302 -63.6344 -32.7080 -15.5729 130.0298 -0.3231 9.5494 18.1166 -0.1358 2.3754 -6.5444 -12.2165 5.5385 39.0925 -1.7848 0.8948 0.1364 3.9446 1.2538 -19.4769 1.3096 -0.2374 -30.2623 13.1891 -4.2141 15.8711 3.8614 -0.2255 10.3949 -0.0000 0.0000 0.0000 -76.7371 -30.1318 43.2413 37.3829 -46.4406 -16.5170 -0.0000 0.0000 -16.8853 48.8049 -13.7098 -15.1510 -7.1250 0.0000 -0.0000 13.9992 10.1194 -11.6854 -0.0000 0.0000 0.0000 87.8574 31.0401 49.8006 -27.7726 38.9060 -9.9805 0.0000 0.0000 18.6139 -47.5439 -13.0258 13.8392 7.1250 -0.0000 -0.0000 -19.7561 -47.8690 1.4519
-2.0157 7.5830 24.4532 -12.8218 -61.4358 49.6527 0.0000 0.0000 0.0000 -7.9210 4.1576 -77.8754 33.4741 14.9193 132.9423 11.5911 9.9821 64.9622 1.8573 8.5623 24.4354 0.0000 0.0000 0.0000 -2.6523 39.1189 -62.9967 -32.6876 -15.5894 129.9538 -0.2557 9.3163 17.0397 -0.1830 2.7551 -7.5977 -12.3514 5.5952 39.1575 -1.7509 0.8967 0.0804 4.0484 1.2743 -19.5736 1.2800 -0.1154 -30.3362 12.8529 -3.9486 15.8618 3.7895 -0.1430 10.3685 -0.0000 -0.0000 0.0000 -77.2004 -30.6942 43.2875 34.3665 -44.3545 -14.3687 -0.0000 0.0000 -14.4040 51.2582 -14.1884 -16.9874 -7.1250 0.0000 -0.0000 15.3690 8.5998 -13.4026 -0.0000 -0.0000 0.0000 88.1337 31.0591 50.5306 -27.2087 38.3775 -9.6284 0.0000 0.0000 19.0281 -48.0165 -13.1780 14.2162 7.1250 -0.0000 -0.0000 -20.3003 -48.1769 1.6548
-2.0633 7.6020 24.4905 -12.8116 -62.0637 49.5786 0.0000 0.0000 0.0000 -7.4720 4.6703 -76.9794 33.4671 14.9256 132.9151 11.6190 9.1394 65.1105 2.0472 8.9638 25.6820 0.0000 0.0000 0.0000 -2.5484 39.5314 -62.3750 -32.6846 -15.5918 129.9427 -0.1833 9.1049 15.8430 -0.2356 3.1239 -8.6239 -12.4734 5.6465 39.2296 -1.7047 0.8993 0.0298 4.1593 1.2946 -19.6668 1.2627 0.0176 -30.4103 12.4449 -3.6522 15.8337 3.6939 -0.0551 10.3310 0.0000 -0.0000 0.0000 -77.4728 -30.6602 42.9915 32.7596 -43.1445 -13.2574 -0.0000 0.0000 -13.2974 52.5757 -14.6395 -18.2771 -7.1250 0.0000 -0.0000 16.0345 7.4423 -14.4137 0.0000 -0.0000 0.0000 88.4293 31.1076 51.2092 -26.5867 37.7822 -9.2448 0.0000 0.0000 19.4992 -48.5748 -13.3949 14.7102 7.1250 -0.0000 -0.0000 -20.9649 -48.5952 1.9378
-2.1103 7.6230 24.5285 -12.7364 -62.6771 49.4373 0.0000 0.0000 0.0000 -7.0135 5.0320 -76.0585 33.4621 14.9301 132.8960 11.5781 8.0026 65.0698 2.2453 9.3593 26.9260 0.0000 0.0000 0.0000 -2.4582 39.8458 -61.7468 -32.6903 -15.5872 129.9639 -0.0962 9.0891 14.5528 -0.2818 3.4142 -9.4341 -12.5478 5.6962 39.3240 -1.6827 0.9121 -0.0213 4.2125 1.3137 -19.7710 1.3172 0.1482 -30.4285 11.9853 -3.3663 15.7375 3.5627 0.0211 10.2591 -0.0000 -0.0000 0.0000 -77.5405 -30.1954 42.7327 32.2109 -42.7147 -12.8837 -0.0000 0.0000 -13.8743 52.8703 -15.5989 -19.5534 -7.1250 0.0000 -0.0000 15.9564 5.9389 -14.8202 -0.0000 -0.0000 0.0000 88.7429 31.1412 51.7623 -25.9468 37.1561 -8.8555 0.0000 0.0000 19.9371 -49.2149 -13.5731 15.2179 7.1250 -0.0000 -0.0000 -21.7178 -48.9858 2.2309
-2.1587 7.6492 24.5680 -12.5551 -63.2502 49.2431 0.0000 0.0000 0.0000 -6.5490 5.2100 -75.1981 33.4655 14.9270 132.9091 11.3229 5.9899 64.4448 2.3503 9.5604 27.5646 0.0000 0.0000 0.0000 -2.4628 39.9023 -61.1952 -32.6974 -15.5815 129.9903 0.0320 9.6778 13.2317 -0.3167 3.6174 -10.0028 -12.5583 5.7299 39.3799 -1.6887 0.9348 -0.0758 4.1969 1.3296 -19.8667 1.4208 0.2579 -30.3657 11.5183 -3.1155 15.5543 3.4112 0.0771 10.1459 0.0000 -0.0000 0.0000 -77.4886 -29.6687 42.7405 31.8942 -42.4627 -12.6694 -0.0000 0.0000 -15.0852 52.9744 -16.8936 -21.0704 -7.1250 0.0000 -0.0000 15.6770 4.0474 -15.1193 0.0000 -0.0000 0.0000 89.0231 31.1508 52.1879 -25.3176 36.5268 -8.4782 0.0000 0.0000 20.2434 -49.9065 -13.6113 15.6174 7.1250 -0.0000 -0.0000 -22.4899 -49.2041 2.4437
-2.2067 7.6786 24.6066 -12.2416 -63.7555 49.0466 0.0000 0.0000 0.0000 -6.0429 5.1814 -74.5472 33.4966 14.8991 133.0298 10.6727 2.7090 62.7638 2.2186 9.3072 26.7611 0.0000 0.0000 0.0000 -2.6247 39.7017 -60.8595 -32.7121 -15.5696 130.0449 0.2339 11.2616 11.9538 -0.3428 3.7623 -10.4090 -12.5216 5.7271 39.3035 -1.6897 0.9584 -0.1384 4.1668 1.3421 -19.9231 1.4798 0.3349 -30.2391 11.1017 -2.8964 15.3244 3.2782 0.1184 10.0117 0.0000 -0.0000 0.0000 -77.4655 -29.3537 42.9633 31.2642 -41.9527 -12.2461 -0.0000 0.0000 -15.7590 53.5479 -18.0871 -22.7971 -7.1250 0.0000 -0.0000 15.6878 2.0938 -15.7114 0.0000 -0.0000 0.0000 89.1977 31.1518 52.5480 -24.7075 35.9035 -8.1177 0.0000 0.0000 20.3970 -50.5956 -13.5281 15.8936 7.1250 -0.0000 -0.0000 -23.2204 -49.2600 2.5645
-2.2505 7.7065 24.6410 -11.8177 -64.1835 48.8623 0.0000 0.0000 0.0000 -5.4250 4.9797 -74.1250 33.5650 14.8371 133.2964 9.5608 -1.4855 59.8743 1.8479 8.5418 24.3722 0.0000 0.0000 0.0000 -2.8675 39.3791 -60.7383 -32.7438 -15.5439 130.1634 0.5256 13.7886 10.8083 -0.3650 3.8807 -10.7414 -12.4485 5.6855 39.0906 -1.6689 0.9794 -0.2101 4.1489 1.3520 -19.9391 1.4182 0.3728 -30.0675 10.8107 -2.7098 15.0917 3.2046 0.1517 9.8778 0.0000 -0.0000 0.0000 -77.5673 -29.3053 43.2695 30.3380 -41.1813 -11.6315 -0.0000 0.0000 -15.6309 54.5579 -18.8809 -24.4487 -7.1250 0.0000 -0.0000 16.0417 0.4679 -16.5752 0.0000 -0.0000 0.0000 89.2561 31.1577 52.8744 -24.1240 35.2951 -7.7781 0.0000 0.0000 20.5113 -51.2000 -13.4788 16.1669 7.1250 -0.0000 -0.0000 -23.8739 -49.3440 2.6961
-2.2885 7.7307 24.6707 -11.3276 -64.5436 48.6376 0.0000 0.0000 0.0000 -4.6602 4.6494 -73.7861 33.6556 14.7540 133.6513 8.1018 -5.7905 56.0615 1.3669 7.3996 20.9046 0.0000 0.0000 0.0000 -3.0264 39.0094 -60.6507 -32.7948 -15.5023 130.3537 0.8847 16.7070 9.8105 -0.3863 3.9910 -11.0515 -12.3135 5.6229 38.8396 -1.6616 1.0056 -0.2838 4.0824 1.3575 -19.9432 1.2857 0.3738 -29.8693 10.6787 -2.5845 14.8635 3.1898 0.1715 9.7516 0.0000 0.0000 0.0000 -77.7752 -29.4758 43.6325 29.2967 -40.2828 -10.9520 -0.0000 0.0000 -15.1320 55.5939 -19.2412 -25.6959 -7.1250 0.0000 -0.0000 16.5185 -0.5981 -17.4277 0.0000 0.0000 0.0000 89.2713 31.1638 53.1134 -23.5780 34.7149 -7.4649 0.0000 0.0000 20.7160 -51.6582 -13.5420 16.4914 7.1250 -0.0000 -0.0000 -24.4157 -49.5490 2.8933
-2.3216 7.7517 24.6971 -10.8093 -64.8475 48.3215 0.0000 0.0000 0.0000 -3.7775 4.2111 -73.4117 33.7462 14.6699 134.0078 6.4553 -9.7775 51.6712 0.8652 5.9312 16.5850 0.0000 0.0000 0.0000 -2.9862 38.5825 -60.4233 -32.8649 -15.4446 130.6167 1.2538 19.4031 8.8976 -0.4002 4.0614 -11.2495 -12.0885 5.5564 38.6368 -1.7110 1.0459 -0.3491 3.8960 1.3560 -19.9557 1.2242 0.3552 -29.6936 10.6507 -2.5447 14.6372 3.1874 0.1688 9.6387 -0.0000 0.0000 0.0000 -78.0182 -29.8013 44.0769 28.2152 -39.3136 -10.2598 -0.0000 0.0000 -14.7768 56.3644 -19.4086 -26.5413 -7.1250 0.0000 -0.0000 16.8964 -1.2716 -18.0646 -0.0000 0.0000 0.0000 89.3329 31.1594 53.2021 -23.0700 34.1653 -7.1776 0.0000 0.0000 21.0188 -51.9932 -13.6330 16.7840 7.1250 -0.0000 -0.0000 -24.8362 -49.7632 3.0863
-2.3510 7.7700 24.7216 -10.2845 -65.0968 47.9031 0.0000 0.0000 0.0000 -2.8400 3.6977 -73.0107 33.8270 14.5939 134.3280 4.6875 -13.4950 46.7688 0.4137 4.1288 11.4392 0.0000 0.0000 0.0000 -2.7217 38.0834 -60.0332 -32.9600 -15.3655 130.9746 1.5837 21.6053 7.9784 -0.4077 4.0991 -11.3556 -11.7889 5.4887 38.5086 -1.8058 1.0947 -0.3977 3.6124 1.3466 -19.9756 1.3039 0.3436 -29.5873 10.6445 -2.5643 14.4079 3.1616 0.1508 9.5400 -0.0000 0.0000 0.0000 -78.2676 -30.1888 44.5340 27.1343 -38.3070 -9.5823 -0.0000 0.0000 -14.7556 56.7292 -19.6211 -27.1021 -7.1250 0.0000 -0.0000 17.0368 -1.7867 -18.3820 -0.0000 0.0000 0.0000 89.4683 31.1475 53.1599 -22.5951 33.6430 -6.9126 0.0000 0.0000 21.3649 -52.2698 -13.6865 17.0038 7.1250 -0.0000 -0.0000 -25.1767 -49.9109 3.2296
-2.3772 7.7857 24.7447 -9.7781 -65.2882 47.3804 0.0000 0.0000 0.0000 -1.8940 3.1942 -72.6120 33.8987 14.5258 134.6129 2.8366 -16.9502 41.2023 0.1115 2.1528 5.9282 0.0000 0.0000 0.0000 -2.2251 37.5441 -59.5067 -33.0790 -15.2650 131.4252 1.8595 23.3605 6.9055 -0.4250 4.1838 -11.5945 -11.4579 5.4150 38.4871 -1.8890 1.1354 -0.4231 3.3274 1.3301 -20.0063 1.4488 0.3627 -29.5405 10.6317 -2.5680 14.1469 3.1260 0.1428 9.4385 0.0000 -0.0000 0.0000 -78.5271 -30.5278 44.8443 26.1107 -37.3178 -8.9547 -0.0000 0.0000 -14.8880 56.6719 -19.9059 -27.3739 -7.1250 0.0000 -0.0000 16.9256 -2.1568 -18.3587 0.0000 -0.0000 0.0000 89.6479 31.1460 53.0849 -22.1499 33.1460 -6.6676 0.0000 0.0000 21.7240 -52.5330 -13.7509 17.2311 7.1250 -0.0000 -0.0000 -25.5097 -50.0715 3.3834
-2.4005 7.7991 24.7675 -9.3153 -65.4261 46.7267 0.0000 0.0000 0.0000 -0.9672 2.7145 -72.1609 33.9579 14.4690 134.8495 1.0570 -19.7932 34.8257 0.0014 0.2425 0.6663 0.0000 0.0000 0.0000 -1.4829 37.0180 -58.7911 -33.2045 -15.1572 131.9035 2.0832 24.8072 5.6004 -0.4370 4.2420 -11.7585 -11.1309 5.3360 38.6465 -1.9066 1.1539 -0.4229 3.1259 1.3081 -20.0742 1.5625 0.4310 -29.5233 10.5981 -2.4839 13.8360 3.1018 0.1697 9.3188 0.0000 0.0000 0.0000 -78.8083 -30.7404 44.9106 25.1811 -36.3886 -8.3971 -0.0000 0.0000 -14.9772 56.4506 -20.2486 -27.5607 -7.1250 0.0000 -0.0000 16.7083 -2.5088 -18.2019 0.0000 0.0000 0.0000 89.8267 31.1663 53.0835 -21.7320 32.6729 -6.4406 0.0000 0.0000 22.0804 -52.7731 -13.8606 17.5002 7.1250 -0.0000 -0.0000 -25.8413 -50.2904 3.5790
-2.4220 7.8114 24.7915 -8.9395 -65.5360 45.9637 0.0000 0.0000 0.0000 -0.0843 2.1120 -71.5613 33.9939 14.4342 134.9938 -0.3059 -21.4368 28.0203 0.0335 -1.1812 -3.2474 0.0000 0.0000 0.0000 -0.5340 36.5279 -57.8518 -33.3099 -15.0653 132.3078 2.2710 26.0815 4.2632 -0.4074 4.0977 -11.3516 -10.8339 5.2657 39.0160 -1.8402 1.1577 -0.4041 3.0379 1.2878 -20.2010 1.6302 0.5552 -29.5276 10.5074 -2.2905 13.4932 3.0819 0.2376 9.1840 -0.0000 0.0000 0.0000 -79.1257 -30.8146 44.7873 24.3456 -35.5276 -7.9065 -0.0000 0.0000 -15.0568 56.4697 -20.7178 -28.0963 -7.1250 0.0000 -0.0000 16.5865 -3.1766 -18.2446 -0.0000 0.0000 0.0000 89.9714 31.2002 53.2001 -21.3409 32.2241 -6.2307 0.0000 0.0000 22.4161 -52.9505 -13.9625 17.7251 7.1250 -0.0000 -0.0000 -26.0989 -50.4819 3.7483
-2.4416 7.8225 24.8165 -8.6951 -65.6501 45.2450 0.0000 0.0000 0.0000 0.7576 1.2679 -70.8722 34.0009 14.4275 135.0219 -1.0154 -21.7540 22.0442 0.0523 -1.4753 -4.0578 0.0000 0.0000 0.0000 0.4670 36.0542 -56.8847 -33.3839 -14.9999 132.5929 2.4506 27.2963 3.1296 -0.3822 3.9703 -10.9932 -10.5834 5.2127 39.4580 -1.7142 1.1669 -0.3864 3.0377 1.2782 -20.3585 1.6987 0.7225 -29.5472 10.3465 -2.0240 13.1367 3.0486 0.3318 9.0416 0.0000 0.0000 0.0000 -79.4592 -30.7973 44.6098 23.5845 -34.7218 -7.4686 -0.0000 0.0000 -15.1890 56.8273 -21.2852 -29.0441 -7.1250 0.0000 -0.0000 16.6199 -4.1817 -18.5620 0.0000 0.0000 0.0000 90.0800 31.2314 53.3977 -20.9785 31.8032 -6.0386 0.0000 0.0000 22.7331 -53.0477 -14.0027 17.8308 7.1250 -0.0000 -0.0000 -26.2331 -50.5651 3.8264
-2.4566 7.8297 24.8402 -8.5712 -65.7746 44.7450 0.0000 0.0000 0.0000 1.6032 0.3304 -70.3110 33.9857 14.4422 134.9607 -1.2849 -21.6004 18.0596 0.0060 -0.5014 -1.3778 0.0000 0.0000 0.0000 1.3331 35.5646 -56.2122 -33.4354 -14.9540 132.7923 2.6191 28.4509 2.0587 -0.4656 4.3767 -12.1390 -10.3703 5.1601 39.7584 -1.5723 1.1867 -0.3906 3.0737 1.2782 -20.4899 1.7988 0.9071 -29.5716 10.1563 -1.7417 12.7663 3.0019 0.4316 8.8945 0.0000 0.0000 0.0000 -79.7458 -30.7544 44.4957 22.8787 -33.9559 -7.0704 -0.0000 0.0000 -15.3357 57.3002 -21.7924 -30.0398 -7.1250 0.0000 -0.0000 16.7306 -5.1775 -18.9670 0.0000 0.0000 0.0000 90.1727 31.2578 53.6181 -20.6430 31.4092 -5.8628 0.0000 0.0000 23.0305 -53.1002 -13.9780 17.8338 7.1250 -0.0000 -0.0000 -26.2825 -50.5452 3.8210
-2.4638 7.8311 24.8601 -8.4921 -65.8959 44.4631 0.0000 0.0000 0.0000 2.4551 -0.4147 -69.9914 33.9589 14.4681 134.8535 -1.4587 -21.9482 16.0250 0.0214 0.9447 2.5968 0.0000 0.0000 0.0000 1.9888 35.0250 -55.9395 -33.4686 -14.9242 132.9212 2.7304 29.4291 0.7137 -0.6986 5.3427 -14.8887 -10.1650 5.0865 39.8574 -1.4474 1.2037 -0.4233 3.1009 1.2782 -20.5793 1.9211 1.0841 -29.5978 9.9929 -1.4857 12.3811 2.9568 0.5227 8.7458 0.0000 0.0000 0.0000 -79.9409 -30.7351 44.5230 22.2116 -33.2154 -6.7014 -0.0000 0.0000 -15.5237 57.7276 -22.1508 -30.8398 -7.1250 0.0000 -0.0000 16.8572 -5.9447 -19.3289 0.0000 0.0000 0.0000 90.2567 31.2854 53.8357 -20.3347 31.0435 -5.7029 0.0000 0.0000 23.2801 -53.1567 -13.9115 17.7901 7.1250 -0.0000 -0.0000 -26.3152 -50.4677 3.7737
-2.4630 7.8278 24.8759 -8.4004 -66.0218 44.2468 0.0000 0.0000 0.0000 3.1986 -0.8871 -69.7778 33.9288 14.4970 134.7332 -1.6762 -22.9112 15.0489 0.0959 1.9968 5.4968 0.0000 0.0000 0.0000 2.5054 34.4367 -55.8693 -33.4743 -14.9191 132.9433 2.7639 30.1597 -0.8337 -0.9666 6.2598 -17.5400 -9.9614 5.0054 39.8864 -1.3502 1.2146 -0.4721 3.1017 1.2751 -20.6610 2.0440 1.2410 -29.6235 9.8845 -1.2699 11.9829 2.9244 0.6005 8.5972 0.0000 0.0000 0.0000 -80.0611 -30.7715 44.7110 21.5579 -32.4738 -6.3468 -0.0000 0.0000 -15.8447 58.1047 -22.4216 -31.5036 -7.1250 0.0000 -0.0000 16.9809 -6.5636 -19.6478 0.0000 0.0000 0.0000 90.3225 31.3165 54.0496 -20.0605 30.7152 -5.5622 0.0000 0.0000 23.4547 -53.2318 -13.8299 17.7396 7.1250 -0.0000 -0.0000 -26.3619 -50.3742 3.7176
-2.4558 7.8214 24.8879 -8.3015 -66.1862 43.9819 0.0000 0.0000 0.0000 3.7009 -1.2074 -69.5017 33.9107 14.5143 134.6610 -1.9070 -23.9847 14.2513 0.1580 2.5611 7.0590 0.0000 0.0000 0.0000 3.0121 33.8993 -55.7567 -33.4429 -14.9473 132.8215 2.7666 30.7140 -2.1382 -1.1077 6.6870 -18.7912 -9.7935 4.9534 39.9752 -1.2769 1.2312 -0.5195 3.0886 1.2758 -20.7638 2.1608 1.3792 -29.6398 9.8265 -1.0875 11.5706 2.9049 0.6668 8.4459 0.0000 0.0000 0.0000 -80.1585 -30.8826 44.9981 20.8946 -31.7051 -5.9945 -0.0000 0.0000 -16.2815 58.4055 -22.6679 -32.0702 -7.1250 0.0000 -0.0000 17.0699 -7.1016 -19.9015 0.0000 0.0000 0.0000 90.3709 31.3533 54.2612 -19.8227 30.4281 -5.4413 0.0000 0.0000 23.5620 -53.3004 -13.7629 17.7019 7.1250 -0.0000 -0.0000 -26.4080 -50.2991 3.6736
-2.4442 7.8131 24.8962 -8.2143 -66.4149 43.6465 0.0000 0.0000 0.0000 3.9120 -1.4527 -69.1166 33.9160 14.5093 134.6821 -2.0739 -24.7021 13.2490 0.2052 2.9170 8.0477 0.0000 0.0000 0.0000 3.5838 33.4828 -55.5098 -33.3727 -15.0099 132.5496 2.7820 31.1968 -3.0406 -1.1292 6.7494 -18.9751 -9.7007 4.9518 40.1558 -1.2196 1.2597 -0.5563 3.0868 1.2862 -20.8887 2.2742 1.5073 -29.6392 9.7953 -0.9217 11.1479 2.8921 0.7268 8.2905 0.0000 -0.0000 0.0000 -80.2668 -31.0570 45.2705 20.2332 -30.9223 -5.6507 -0.0000 0.0000 -16.7111 58.5380 -22.8677 -32.4193 -7.1250 0.0000 -0.0000 17.0820 -7.4641 -20.0111 0.0000 -0.0000 0.0000 90.4185 31.4052 54.4736 -19.6107 30.1705 -5.3343 0.0000 0.0000 23.6365 -53.3290 -13.7227 17.6717 7.1250 -0.0000 -0.0000 -26.4209 -50.2505 3.6424
-2.4308 7.8056 24.9017 -8.1347 -66.7011 43.2561 0.0000 0.0000 0.0000 3.8505 -1.6108 -68.6545 33.9391 14.4871 134.7743 -2.1421 -24.9364 12.0763 0.2379 3.1393 8.6667 0.0000 0.0000 0.0000 4.2006 33.0763 -55.1792 -33.2643 -15.1052 132.1324 2.8004 31.6243 -3.7486 -1.1314 6.7558 -18.9938 -9.6894 4.9926 40.4065 -1.1710 1.2913 -0.5828 3.1137 1.3040 -21.0265 2.3872 1.6342 -29.6171 9.7628 -0.7566 10.7269 2.8783 0.7858 8.1333 0.0000 -0.0000 0.0000 -80.3733 -31.2504 45.4378 19.6192 -30.1808 -5.3386 -0.0000 0.0000 -17.0672 58.4652 -22.9874 -32.4734 -7.1250 0.0000 -0.0000 17.0078 -7.5777 -19.9454 0.0000 -0.0000 0.0000 90.4802 31.4828 54.7010 -19.4147 29.9307 -5.2361 0.0000 0.0000 23.7049 -53.3071 -13.7090 17.6422 7.1250 -0.0000 -0.0000 -26.3882 -50.2250 3.6199
-2.4169 7.8009 24.9056 -8.0726 -67.0177 42.8541 0.0000 0.0000 0.0000 3.5683 -1.6723 -68.1608 33.9636 14.4635 134.8726 -2.1312 -24.8116 10.8908 0.2436 3.1759 8.7687 0.0000 0.0000 0.0000 4.8172 32.4915 -54.8655 -33.1215 -15.2287 131.5867 2.7984 31.9502 -4.4184 -1.1475 6.8018 -19.1296 -9.7386 5.0578 40.6936 -1.1215 1.3199 -0.6023 3.1734 1.3258 -21.1683 2.5110 1.7664 -29.5726 9.6954 -0.5820 10.3237 2.8519 0.8462 7.9784 -0.0000 0.0000 0.0000 -80.4633 -31.4247 45.4695 19.0817 -29.5201 -5.0710 -0.0000 0.0000 -17.3674 58.2593 -23.0550 -32.3366 -7.1250 0.0000 -0.0000 16.8779 -7.5305 -19.7675 -0.0000 0.0000 0.0000 90.5535 31.5940 54.9594 -19.2335 29.7077 -5.1460 0.0000 0.0000 23.7661 -53.2442 -13.7068 17.6017 7.1250 -0.0000 -0.0000 -26.3136 -50.2045 3.5944
-2.4012 7.7981 24.9077 -8.0727 -67.3423 42.5155 0.0000 0.0000 0.0000 3.1529 -1.6212 -67.7029 33.9822 14.4456 134.9467 -2.0789 -24.5087 9.8468 0.2368 3.1315 8.6451 0.0000 0.0000 0.0000 5.4564 31.7115 -54.6382 -32.9624 -15.3634 130.9837 2.7340 32.0369 -5.1726 -1.1723 6.8727 -19.3387 -9.8178 5.1401 40.9756 -1.0633 1.3580 -0.6178 3.2540 1.3545 -21.3035 2.6486 1.8996 -29.5019 9.5712 -0.4010 9.9457 2.8046 0.9050 7.8277 -0.0000 0.0000 0.0000 -80.5572 -31.5819 45.4063 18.6129 -28.9349 -4.8421 -0.0000 0.0000 -17.6491 58.0283 -23.1103 -32.1627 -7.1250 0.0000 -0.0000 16.7381 -7.4509 -19.5692 -0.0000 0.0000 0.0000 90.6199 31.7455 55.2390 -19.0670 29.5018 -5.0638 0.0000 0.0000 23.8026 -53.1468 -13.6860 17.5188 7.1250 -0.0000 -0.0000 -26.1896 -50.1483 3.5372
-2.3795 7.7933 24.9064 -8.1727 -67.6660 42.2943 0.0000 0.0000 0.0000 2.7121 -1.4276 -67.3434 33.9999 14.4284 135.0179 -2.0127 -24.1476 9.0422 0.2446 3.1825 8.7872 0.0000 0.0000 0.0000 6.2015 30.9294 -54.4895 -32.8207 -15.4810 130.4508 2.5307 31.6433 -6.2580 -1.2253 7.0205 -19.7762 -9.8983 5.2346 41.2229 -1.0020 1.4162 -0.6292 3.3289 1.3906 -21.4224 2.8021 2.0287 -29.4054 9.3915 -0.2215 9.5927 2.7354 0.9588 7.6818 0.0000 0.0000 0.0000 -80.6547 -31.7526 45.3175 18.1931 -28.4037 -4.6407 -0.0000 0.0000 -17.9368 57.7869 -23.1356 -31.9481 -7.1250 0.0000 -0.0000 16.6015 -7.3250 -19.3641 0.0000 0.0000 0.0000 90.6807 31.9513 55.5241 -18.9032 29.2982 -4.9834 0.0000 0.0000 23.7982 -53.0186 -13.6117 17.3550 7.1250 -0.0000 -0.0000 -26.0036 -50.0087 3.4149
-2.3484 7.7838 24.9007 -8.3661 -67.9824 42.1869 0.0000 0.0000 0.0000 2.3351 -1.1063 -67.1052 34.0243 14.4047 135.1160 -1.9482 -23.7946 8.5170 0.2758 3.3780 9.3330 0.0000 0.0000 0.0000 7.1005 30.3635 -54.3662 -32.7409 -15.5463 130.1523 2.1181 30.5107 -7.9199 -1.3455 7.3438 -20.7380 -9.9588 5.3258 41.4318 -0.9559 1.4814 -0.6360 3.3729 1.4255 -21.5205 2.9905 2.1607 -29.2956 9.1719 -0.0463 9.2708 2.6469 1.0093 7.5454 0.0000 0.0000 0.0000 -80.6979 -31.9607 45.2545 17.8131 -27.9172 -4.4614 -0.0000 0.0000 -18.2681 57.4983 -23.1095 -31.6349 -7.1250 0.0000 -0.0000 16.4545 -7.1009 -19.1219 0.0000 0.0000 0.0000 90.7716 32.2249 55.8304 -18.7276 29.0788 -4.8977 0.0000 0.0000 23.7364 -52.8758 -13.4916 17.1299 7.1250 -0.0000 -0.0000 -25.7796 -49.8008 3.2432
-2.3079 7.7703 24.8908 -8.6295 -68.2802 42.1640 0.0000 0.0000 0.0000 2.0738 -0.7026 -66.9625 34.0550 14.3749 135.2392 -1.8999 -23.5251 8.2519 0.3169 3.6185 10.0059 0.0000 0.0000 0.0000 8.1151 30.0502 -54.2541 -32.7615 -15.5295 130.2292 1.4827 28.4467 -10.2397 -1.5631 7.8896 -22.3793 -9.9807 5.3970 41.6145 -0.9392 1.5365 -0.6398 3.3687 1.4501 -21.6020 3.2225 2.2985 -29.1818 8.9377 0.1188 8.9877 2.5461 1.0570 7.4231 0.0000 0.0000 0.0000 -80.6415 -32.2112 45.2484 17.4681 -27.4708 -4.3011 -0.0000 0.0000 -18.6830 57.1831 -23.0663 -31.2810 -7.1250 0.0000 -0.0000 16.2980 -6.8388 -18.8596 0.0000 0.0000 0.0000 90.9164 32.5573 56.1780 -18.5459 28.8506 -4.8098 0.0000 0.0000 23.5964 -52.7443 -13.3876 16.9315 7.1250 -0.0000 -0.0000 -25.5785 -49.6192 3.0945
-2.2608 7.7557 24.8784 -8.9583 -68.5464 42.2097 0.0000 0.0000 0.0000 1.9482 -0.2463 -66.8655 34.0872 14.3433 135.3694 -1.8810 -23.4177 8.1645 0.3523 3.8132 10.5518 0.0000 0.0000 0.0000 9.1745 29.8573 -54.2055 -32.8945 -15.4200 130.7280 0.7036 25.3929 -12.9776 -1.8643 8.5775 -24.4824 -9.9463 5.4480 41.7831 -0.9444 1.5903 -0.6426 3.3110 1.4667 -21.6755 3.4504 2.4192 -29.0566 8.7256 0.2568 8.7423 2.4504 1.0954 7.3143 0.0000 0.0000 0.0000 -80.5236 -32.4985 45.3226 17.1535 -27.0597 -4.1569 -0.0000 0.0000 -19.1640 56.9098 -23.0339 -30.9823 -7.1250 0.0000 -0.0000 16.1606 -6.6209 -18.6333 0.0000 0.0000 0.0000 91.0751 32.9105 56.5390 -18.3886 28.6519 -4.7341 0.0000 0.0000 23.3702 -52.6359 -13.3588 16.8354 7.1250 -0.0000 -0.0000 -25.4410 -49.5498 3.0301
-2.2102 7.7412 24.8651 -9.3762 -68.7766 42.3282 0.0000 0.0000 0.0000 1.9649 0.2619 -66.7629 34.1192 14.3118 135.4985 -1.8963 -23.5069 8.1615 0.3888 4.0041 11.0882 0.0000 0.0000 0.0000 10.2458 29.6543 -54.2781 -33.1114 -15.2373 131.5483 -0.0432 21.5928 -15.5398 -2.1703 9.2122 -26.4615 -9.8597 5.4900 41.9484 -0.9489 1.6593 -0.6425 3.2189 1.4836 -21.7454 3.6240 2.5061 -28.9229 8.5568 0.3604 8.5411 2.3738 1.1221 7.2216 -0.0000 -0.0000 0.0000 -80.4013 -32.8125 45.4574 16.8729 -26.6899 -4.0301 -0.0000 0.0000 -19.6430 56.7206 -22.9682 -30.7323 -7.1250 0.0000 -0.0000 16.0779 -6.4132 -18.4784 -0.0000 -0.0000 0.0000 91.2046 33.2634 56.8793 -18.2678 28.4987 -4.6763 0.0000 0.0000 23.0888 -52.5327 -13.3879 16.8100 7.1250 -0.0000 -0.0000 -25.3373 -49.5632 3.0251
-2.1574 7.7264 24.8518 -9.8614 -68.9687 42.4672 0.0000 0.0000 0.0000 2.0970 0.7731 -66.6146 34.1525 14.2789 135.6336 -1.9376 -23.7443 8.1967 0.4463 4.2863 11.8837 0.0000 0.0000 0.0000 11.3239 29.3859 -54.4692 -33.3583 -15.0226 132.4942 -0.6044 17.5702 -17.4407 -2.4143 9.6804 -27.9477 -9.7437 5.5262 42.1438 -0.9348 1.7362 -0.6350 3.1284 1.5010 -21.8178 3.7483 2.5742 -28.7930 8.4190 0.4482 8.3995 2.3146 1.1456 7.1506 -0.0000 -0.0000 0.0000 -80.2834 -33.1361 45.5980 16.6358 -26.3752 -3.9242 -0.0000 0.0000 -20.0796 56.6348 -22.8337 -30.5108 -7.1250 0.0000 -0.0000 16.0708 -6.1782 -18.4107 -0.0000 -0.0000 0.0000 91.3116 33.6310 57.2115 -18.1549 28.3551 -4.6226 0.0000 0.0000 22.8016 -52.3993 -13.3955 16.7426 7.1250 -0.0000 -0.0000 -25.1891 -49.5385 2.9891
-2.1022 7.7100 24.8388 -10.2740 -69.1155 42.4532 0.0000 0.0000 0.0000 2.2484 1.1321 -66.3960 34.1870 14.2446 135.7737 -1.9851 -24.0123 8.2589 0.5324 4.6757 12.9859 0.0000 0.0000 0.0000 12.3561 28.9717 -54.7269 -33.5874 -14.8166 133.3839 -0.9476 13.8115 -18.6089 -2.5927 10.0045 -28.9912 -9.6098 5.5454 42.4335 -0.9044 1.7916 -0.6163 3.0569 1.5087 -21.9075 3.8545 2.6447 -28.6684 8.2861 0.5409 8.3174 2.2618 1.1744 7.1008 0.0000 -0.0000 0.0000 -80.1533 -33.4567 45.7278 16.4422 -26.1166 -3.8386 -0.0000 0.0000 -20.4992 56.6858 -22.6924 -30.4122 -7.1250 0.0000 -0.0000 16.1392 -6.0194 -18.4554 0.0000 -0.0000 0.0000 91.4111 34.0360 57.5701 -18.0198 28.1825 -4.5586 0.0000 0.0000 22.5121 -52.2210 -13.3128 16.5458 7.1250 -0.0000 -0.0000 -24.9487 -49.3759 2.8523
-2.0427 7.6917 24.8252 -10.4150 -69.2068 42.0680 0.0000 0.0000 0.0000 2.2944 1.1606 -66.1154 34.2220 14.2098 135.9157 -2.0183 -24.1963 8.3284 0.6304 5.0803 14.1377 0.0000 0.0000 0.0000 13.2452 28.3022 -54.9923 -33.7817 -14.6366 134.1484 -1.1225 10.5434 -19.2289 -2.7107 10.2114 -29.6640 -9.4553 5.5325 42.8791 -0.8721 1.7962 -0.5831 3.0008 1.4940 -22.0273 3.9662 2.7260 -28.5589 8.1346 0.6451 8.2801 2.2046 1.2096 7.0680 0.0000 0.0000 0.0000 -80.0146 -33.7781 45.8607 16.2780 -25.8962 -3.7666 -0.0000 0.0000 -20.9105 56.9115 -22.6439 -30.5768 -7.1250 0.0000 -0.0000 16.2750 -6.0955 -18.6430 0.0000 0.0000 0.0000 91.4857 34.4908 57.9812 -17.8675 27.9872 -4.4869 0.0000 0.0000 22.1627 -52.0313 -13.1301 16.2294 7.1250 -0.0000 -0.0000 -24.6528 -49.0708 2.6201
-1.9776 7.6715 24.8091 -10.1961 -69.2437 41.2236 0.0000 0.0000 0.0000 2.1820 0.8199 -65.7886 34.2572 14.1743 136.0597 -2.0306 -24.2627 8.3926 0.7159 5.4072 15.0737 0.0000 0.0000 0.0000 13.9372 27.3623 -55.2118 -33.9531 -14.4736 134.8305 -1.1934 7.7755 -19.5291 -2.7526 10.2834 -29.8995 -9.2931 5.4858 43.4977 -0.8444 1.7378 -0.5308 2.9662 1.4529 -22.1736 4.0988 2.8248 -28.4901 7.9458 0.7657 8.2743 2.1352 1.2520 7.0515 0.0000 0.0000 0.0000 -79.8788 -34.1061 45.9749 16.1391 -25.7089 -3.7061 -0.0000 0.0000 -21.2644 57.3281 -22.7136 -31.0521 -7.1250 0.0000 -0.0000 16.4789 -6.4551 -18.9888 0.0000 0.0000 0.0000 91.5191 35.0088 58.4708 -17.7177 27.7942 -4.4168 0.0000 0.0000 21.7097 -51.8793 -12.9099 15.8929 7.1250 -0.0000 -0.0000 -24.3860 -48.7235 2.3695
-1.9070 7.6505 24.7889 -9.6702 -69.2306 39.9921 0.0000 0.0000 0.0000 1.9465 0.1967 -65.4313 34.2939 14.1373 136.2096 -2.0257 -24.2334 8.4503 0.7795 5.6368 15.7341 0.0000 0.0000 0.0000 14.4314 26.2364 -55.3684 -34.1209 -14.3101 135.5055 -1.2080 5.4639 -19.6852 -2.7068 10.2046 -29.6419 -9.1390 5.4113 44.2549 -0.8144 1.6240 -0.4591 2.9670 1.3904 -22.3321 4.2449 2.9443 -28.4554 7.7209 0.9118 8.2738 2.0559 1.3045 7.0413 0.0000 -0.0000 0.0000 -79.7501 -34.4332 46.0302 16.0430 -25.5789 -3.6645 -0.0000 0.0000 -21.5208 57.9086 -22.8557 -31.7735 -7.1250 0.0000 -0.0000 16.7488 -7.0263 -19.4747 0.0000 -0.0000 0.0000 91.5161 35.5957 59.0406 -17.5814 27.6178 -4.3534 0.0000 0.0000 21.1938 -51.7636 -12.7494 15.6463 7.1250 -0.0000 -0.0000 -24.1886 -48.4695 2.1891
-1.8316 7.6297 24.7647 -8.9557 -69.1699 38.5298 0.0000 0.0000 0.0000 1.6532 -0.5873 -65.0734 34.3353 14.0953 136.3794 -2.0080 -24.1341 8.4655 0.8232 5.7890 16.1735 0.0000 0.0000 0.0000 14.7299 25.0131 -55.5060 -34.2942 -14.1371 136.2106 -1.1957 3.6141 -19.7874 -2.5816 9.9848 -28.9277 -8.9854 5.3132 45.0820 -0.7770 1.4752 -0.3708 2.9969 1.3143 -22.4823 4.3733 3.0747 -28.4116 7.4891 1.0837 8.2289 1.9797 1.3660 7.0146 -0.0000 0.0000 0.0000 -79.6227 -34.7594 46.0339 16.0099 -25.5341 -3.6502 -0.0000 0.0000 -21.7211 58.5649 -23.0225 -32.6124 -7.1250 0.0000 -0.0000 17.0507 -7.6933 -20.0300 -0.0000 0.0000 0.0000 91.5051 36.2549 59.6395 -17.4544 27.4529 -4.2947 0.0000 0.0000 20.7211 -51.6282 -12.6834 15.4987 7.1250 -0.0000 -0.0000 -24.0118 -48.3434 2.0929
-1.7517 7.6096 24.7375 -8.1832 -69.0713 37.0131 0.0000 0.0000 0.0000 1.3613 -1.3965 -64.7775 34.3897 14.0397 136.6031 -1.9835 -23.9990 8.3701 0.8406 5.8481 16.3445 0.0000 0.0000 0.0000 14.8345 23.7757 -55.6930 -34.4699 -13.9570 136.9345 -1.1737 2.2436 -19.8573 -2.4081 9.6689 -27.9111 -8.8169 5.1939 45.9001 -0.7372 1.3125 -0.2673 3.0326 1.2306 -22.6002 4.4768 3.2089 -28.3357 7.2736 1.2746 8.1039 1.9132 1.4334 6.9562 -0.0000 -0.0000 0.0000 -79.4827 -35.1051 46.0102 16.0408 -25.5759 -3.6636 -0.0000 0.0000 -21.9449 59.1755 -23.1826 -33.4142 -7.1250 0.0000 -0.0000 17.3289 -8.3327 -20.5524 -0.0000 -0.0000 0.0000 91.5451 37.0046 60.2080 -17.3191 27.2766 -4.2326 0.0000 0.0000 20.3834 -51.4183 -12.6490 15.3490 7.1250 -0.0000 -0.0000 -23.7681 -48.2438 2.0080
-1.6666 7.5894 24.7083 -7.4588 -68.9628 35.5732 0.0000 0.0000 0.0000 1.0962 -2.0929 -64.5898 34.4639 13.9633 136.9096 -1.9593 -23.8700 8.1445 0.8226 5.7868 16.1672 0.0000 0.0000 0.0000 14.7610 22.6129 -55.9600 -34.6407 -13.7773 137.6473 -1.1509 1.3341 -19.8825 -2.2293 9.3283 -26.8277 -8.7588 5.1854 47.3928 -0.4995 1.1581 -1.2042 3.0266 1.1339 -22.3621 4.5553 3.3412 -28.2263 7.0780 1.4756 7.9013 1.8566 1.5031 6.8673 -0.0000 0.0000 0.0000 -79.3413 -35.4880 45.9656 16.1261 -25.6914 -3.7005 -0.0000 0.0000 -22.2313 59.6331 -23.2898 -34.0116 -7.1250 0.0000 -0.0000 17.5404 -8.8023 -20.9481 -0.0000 0.0000 0.0000 91.6374 37.8426 60.7125 -17.1762 27.0895 -4.1673 0.0000 0.0000 20.1850 -51.1173 -12.5850 15.1201 7.1250 -0.0000 -0.0000 -23.4146 -48.0814 1.8766
-1.5754 7.5682 24.6782 -6.8270 -68.8836 34.2523 0.0000 0.0000 0.0000 0.8308 -2.5966 -64.5089 34.5560 13.8670 137.2926 -1.9368 -23.7544 7.8400 0.7773 5.6292 15.7122 0.0000 0.0000 0.0000 14.5193 21.5818 -56.3037 -34.8033 -13.6020 138.3342 -1.1312 0.8346 -19.8486 -2.0688 9.0079 -25.8202 -8.5826 5.0748 48.1012 -0.4518 1.0330 -1.1073 3.0496 1.0602 -22.3775 4.6028 3.4639 -28.0892 6.8982 1.6773 7.6507 1.8086 1.5715 6.7586 -0.0000 0.0000 0.0000 -79.2240 -35.9144 45.8942 16.2545 -25.8645 -3.7563 -0.0000 0.0000 -22.5432 59.8746 -23.2874 -34.2669 -7.1250 0.0000 -0.0000 17.6695 -8.9727 -21.1609 -0.0000 0.0000 0.0000 91.6890 38.7231 61.1428 -17.0623 26.9399 -4.1155 0.0000 0.0000 20.0355 -50.7449 -12.4911 14.8248 7.1250 -0.0000 -0.0000 -22.9756 -47.8620 1.7075
-1.4783 7.5460 24.6483 -6.2882 -68.8750 33.0362 0.0000 0.0000 0.0000 0.5163 -2.8839 -64.4927 34.6568 13.7601 137.7151 -1.9104 -23.6190 7.5180 0.7273 5.4490 15.1936 0.0000 0.0000 0.0000 14.1171 20.6957 -56.7131 -34.9592 -13.4296 139.0012 -1.1153 0.6564 -19.7603 -1.9233 8.7045 -24.8753 -8.4437 4.9989 48.7393 -0.4066 0.9401 -0.9913 3.0727 1.0001 -22.3486 4.6356 3.5834 -27.9553 6.7243 1.8781 7.3914 1.7645 1.6398 6.6482 -0.0000 0.0000 0.0000 -79.1197 -36.3942 45.7804 16.4113 -26.0751 -3.8249 -0.0000 0.0000 -22.8202 59.9023 -23.1524 -34.1503 -7.1250 0.0000 -0.0000 17.7245 -8.8086 -21.1909 -0.0000 0.0000 0.0000 91.6323 39.6141 61.5272 -17.0079 26.8681 -4.0909 0.0000 0.0000 19.8110 -50.3395 -12.3537 14.4701 7.1250 -0.0000 -0.0000 -22.4899 -47.5769 1.5024
-1.3764 7.5238 24.6192 -5.8310 -68.9702 31.8856 0.0000 0.0000 0.0000 0.1246 -2.9377 -64.4758 34.7564 13.6530 138.1352 -1.8742 -23.4282 7.1757 0.6858 5.2945 14.7505 0.0000 0.0000 0.0000 13.5798 19.9342 -57.1553 -35.1108 -13.2579 139.6582 -1.1037 0.6854 -19.6470 -1.7908 8.4159 -23.9846 -8.3742 4.9728 49.3396 -0.3779 0.8698 -0.8546 3.0982 0.9512 -22.2783 4.7060 3.7233 -27.8720 6.5354 2.0874 7.1580 1.7121 1.7139 6.5548 -0.0000 0.0000 0.0000 -78.9811 -36.9423 45.6035 16.5769 -26.2967 -3.8980 -0.0000 0.0000 -23.0734 59.8075 -22.9253 -33.8017 -7.1250 0.0000 -0.0000 17.7416 -8.4294 -21.1146 -0.0000 0.0000 0.0000 91.5337 40.5434 61.9318 -16.9855 26.8387 -4.0808 0.0000 0.0000 19.4518 -49.9448 -12.1388 14.0423 7.1250 -0.0000 -0.0000 -21.9936 -47.1896 1.2465
-1.2708 7.5027 24.5916 -5.4390 -69.1830 30.7330 0.0000 0.0000 0.0000 -0.3539 -2.7408 -64.3657 34.8479 13.5531 138.5241 -1.8266 -23.1758 6.7439 0.6511 5.1614 14.3694 0.0000 0.0000 0.0000 12.9423 19.2346 -57.5534 -35.2558 -13.0898 140.2946 -1.0973 0.8381 -19.5428 -1.6837 8.1735 -23.2424 -8.3914 5.0057 49.9643 -0.3719 0.8105 -0.6968 3.1306 0.9098 -22.1763 4.8575 3.9070 -27.8675 6.3106 2.3202 6.9726 1.6410 1.8014 6.4902 -0.0000 0.0000 0.0000 -78.7750 -37.5686 45.3613 16.7327 -26.5041 -3.9673 -0.0000 0.0000 -23.4063 59.7370 -22.6716 -33.4486 -7.1250 0.0000 -0.0000 17.7793 -8.0299 -21.0587 -0.0000 0.0000 0.0000 91.5054 41.5525 62.4181 -16.9434 26.7831 -4.0618 0.0000 0.0000 18.9922 -49.5835 -11.8772 13.5873 7.1250 -0.0000 -0.0000 -21.5239 -46.7486 0.9728
-1.1626 7.4840 24.5667 -5.0919 -69.5074 29.5019 0.0000 0.0000 0.0000 -0.9168 -2.2956 -64.0644 34.9280 13.4645 138.8670 -1.7720 -22.8971 6.1481 0.6176 5.0294 13.9926 0.0000 0.0000 0.0000 12.2280 18.5218 -57.8223 -35.3900 -12.9307 140.8905 -1.0965 1.0821 -19.4647 -1.6064 7.9931 -22.6932 -8.5238 5.0778 50.7021 -0.4035 0.7021 -0.5216 3.1952 0.8544 -22.0551 5.2156 4.2128 -28.0065 6.0216 2.6285 6.8884 1.5319 1.9302 6.4832 0.0000 0.0000 0.0000 -78.3650 -38.2727 44.9138 16.8576 -26.6697 -4.0232 -0.0000 0.0000 -23.8631 59.7607 -22.4432 -33.2211 -7.1250 0.0000 -0.0000 17.8592 -7.7313 -21.0830 0.0000 0.0000 0.0000 91.7595 42.6765 63.1523 -16.8418 26.6488 -4.0161 0.0000 0.0000 18.5268 -49.2479 -11.6673 13.2072 7.1250 -0.0000 -0.0000 -21.1061 -46.3873 0.7558
-1.0525 7.4682 24.5451 -4.7698 -69.9276 28.1551 0.0000 0.0000 0.0000 -1.5340 -1.6166 -63.5266 34.9955 13.3888 139.1581 -1.7208 -22.6644 5.3813 0.5840 4.8932 13.6043 0.0000 0.0000 0.0000 11.4450 17.7617 -57.9350 -35.5099 -12.7855 141.4293 -1.1004 1.4043 -19.4115 -1.5418 7.8382 -22.2239 -8.7735 5.1591 51.6026 -0.4980 0.4887 -0.3464 3.2910 0.7640 -21.9358 5.8689 4.6928 -28.3083 5.6768 3.0411 6.9378 1.3801 2.1178 6.5501 0.0000 0.0000 0.0000 -77.6178 -39.0301 44.1159 16.9266 -26.7609 -4.0542 -0.0000 0.0000 -24.3365 59.7986 -22.2637 -33.0612 -7.1250 0.0000 -0.0000 17.9323 -7.5091 -21.1180 0.0000 0.0000 0.0000 92.5403 43.9278 64.2683 -16.6344 26.3733 -3.9236 0.0000 0.0000 18.1781 -48.8977 -11.5676 12.9444 7.1250 -0.0000 -0.0000 -20.7148 -46.1771 0.6286
-0.9401 7.4545 24.5260 -4.4490 -70.4210 26.7089 0.0000 0.0000 0.0000 -2.1408 -0.7172 -62.7962 35.0504 13.3269 139.3953 -1.6863 -22.5674 4.5321 0.5561 4.7770 13.2736 0.0000 0.0000 0.0000 10.5957 16.9588 -57.9490 -35.6190 -12.6508 141.9250 -1.1075 1.7730 -19.3811 -1.4726 7.6682 -21.7107 -9.0683 5.2785 52.6013 -0.6238 0.2626 -0.1898 3.3723 0.6700 -21.8399 6.5859 5.2097 -28.6184 5.3588 3.4657 7.0260 1.2320 2.3161 6.6358 0.0000 -0.0000 0.0000 -76.7715 -39.8238 43.1872 16.9155 -26.7462 -4.0492 -0.0000 0.0000 -24.6841 59.7382 -22.1191 -32.8361 -7.1250 0.0000 -0.0000 17.9426 -7.2650 -21.0649 0.0000 -0.0000 0.0000 93.5997 45.2295 65.5225 -16.3328 25.9698 -3.7905 0.0000 0.0000 17.9440 -48.4818 -11.5765 12.7719 7.1250 -0.0000 -0.0000 -20.2938 -46.1043 0.5767
-0.8245 7.4413 24.5077 -4.1014 -70.9520 25.2130 0.0000 0.0000 0.0000 -2.6602 0.3741 -61.9855 35.0930 13.2782 139.5809 -1.6822 -22.6861 3.7248 0.5437 4.7241 13.1232 0.0000 0.0000 0.0000 9.6872 16.1073 -57.9871 -35.7248 -12.5179 142.4104 -1.1160 2.1203 -19.3745 -1.4051 7.4980 -21.1993 -9.3283 5.4893 53.5617 -0.7049 0.1770 -0.0502 3.4125 0.6270 -21.7621 7.0296 5.5641 -28.7839 5.1376 3.7803 7.0209 1.1383 2.4580 6.6671 0.0000 -0.0000 0.0000 -76.2506 -40.6792 42.5266 16.8235 -26.6246 -4.0079 -0.0000 0.0000 -24.8999 59.6098 -21.9687 -32.5333 -7.1250 0.0000 -0.0000 17.9182 -6.9645 -20.9510 0.0000 -0.0000 0.0000 94.2788 46.4809 66.4862 -16.0407 25.5759 -3.6635 0.0000 0.0000 17.6734 -47.9650 -11.6730 12.6493 7.1250 -0.0000 -0.0000 -19.7978 -46.1315 0.5752
-0.7045 7.4271 24.4883 -3.6925 -71.4781 23.7093 0.0000 0.0000 0.0000 -3.0419 1.6025 -61.2061 35.1256 13.2410 139.7227 -1.7164 -23.0665 2.9913 0.5438 4.7248 13.1252 0.0000 0.0000 0.0000 8.7247 15.1618 -58.1702 -35.8365 -12.3748 142.9288 -1.1260 2.3810 -19.4063 -1.3565 7.3725 -20.8238 -9.6354 5.7604 54.4185 -0.7203 0.1597 0.0815 3.5149 0.6161 -21.6733 7.3531 5.8627 -28.9110 4.9369 4.0682 6.9735 1.0645 2.5835 6.6777 -0.0000 -0.0000 0.0000 -75.9226 -41.5810 41.9485 16.6852 -26.4409 -3.9461 -0.0000 0.0000 -25.0674 59.4996 -21.7717 -32.1974 -7.1250 0.0000 -0.0000 17.9169 -6.6116 -20.8520 -0.0000 -0.0000 0.0000 94.5386 47.6778 67.3536 -15.8369 25.2991 -3.5760 0.0000 0.0000 17.2543 -47.3627 -11.8161 12.5384 7.1250 -0.0000 -0.0000 -19.2277 -46.2052 0.5936
-0.5796 7.4108 24.4658 -3.1918 -71.9670 22.2195 0.0000 0.0000 0.0000 -3.2639 2.9272 -60.5260 35.1521 13.2104 139.8387 -1.7905 -23.7256 2.2528 0.5384 4.7015 13.0590 0.0000 0.0000 0.0000 7.6987 14.0663 -58.5465 -35.9589 -12.2149 143.5036 -1.1444 2.5751 -19.5286 -1.3235 7.2859 -20.5652 -10.0546 6.0349 55.1494 -0.6977 0.0976 0.2088 3.7376 0.5995 -21.5550 7.8108 6.2578 -29.1578 4.6572 4.4253 6.9997 0.9713 2.7406 6.7234 0.0000 0.0000 0.0000 -75.4976 -42.4910 41.1793 16.5371 -26.2435 -3.8804 -0.0000 0.0000 -25.2358 59.4248 -21.5123 -31.8267 -7.1250 0.0000 -0.0000 17.9525 -6.1953 -20.7813 0.0000 0.0000 0.0000 94.8569 48.8882 68.4221 -15.6440 25.0356 -3.4939 0.0000 0.0000 16.8287 -46.7281 -11.9214 12.3758 7.1250 -0.0000 -0.0000 -18.6136 -46.2216 0.5811
-0.4498 7.3922 24.4387 -2.5649 -72.3987 20.7284 0.0000 0.0000 0.0000 -3.3242 4.3402 -59.9724 35.1781 13.1803 139.9527 -1.9033 -24.6544 1.4644 0.5224 4.6320 12.8619 0.0000 0.0000 0.0000 6.5862 12.7579 -59.0823 -36.0907 -12.0387 144.1308 -1.1824 2.8019 -19.8162 -1.2903 7.1974 -20.3014 -10.4475 6.3356 55.6971 -0.6229 0.1214 0.3481 3.9671 0.6133 -21.4039 8.0422 6.5401 -29.4258 4.4328 4.7085 6.9734 0.9074 2.8600 6.7618 0.0000 -0.0000 0.0000 -75.3158 -43.4716 40.6144 16.3688 -26.0182 -3.8063 -0.0000 0.0000 -25.3486 59.3194 -21.2077 -31.3717 -7.1250 0.0000 -0.0000 17.9846 -5.6926 -20.6798 0.0000 -0.0000 0.0000 95.1046 50.1441 69.2373 -15.3605 24.6458 -3.3748 0.0000 0.0000 16.5645 -46.1163 -11.9295 12.1297 7.1250 -0.0000 -0.0000 -17.9990 -46.1144 0.5115
-0.3157 7.3718 24.4058 -1.7531 -72.7491 19.1656 0.0000 0.0000 0.0000 -3.2514 5.8301 -59.5542 35.2068 13.1470 140.0786 -2.0528 -25.8008 0.6883 0.5154 4.6013 12.7747 0.0000 0.0000 0.0000 5.3510 11.1283 -59.7178 -36.2260 -11.8534 144.7847 -1.2485 3.1564 -20.3151 -1.2589 7.1128 -20.0500 -10.6491 6.6863 56.0597 -0.4767 0.3765 0.5084 4.0767 0.6992 -21.2395 7.7170 6.4929 -29.6314 4.3342 4.7676 6.8000 0.9316 2.8641 6.7250 0.0000 0.0000 0.0000 -75.8383 -44.5962 40.7605 16.1558 -25.7315 -3.7133 -0.0000 0.0000 -25.3541 59.1418 -20.8836 -30.8206 -7.1250 0.0000 -0.0000 17.9831 -5.1119 -20.5113 0.0000 0.0000 0.0000 94.8055 51.4247 69.2134 -14.9789 24.1167 -3.2173 0.0000 0.0000 16.4863 -45.5405 -11.8797 11.8476 7.1250 -0.0000 -0.0000 -17.4102 -45.9395 0.4163
-0.1778 7.3511 24.3675 -0.7180 -72.9884 17.4636 0.0000 0.0000 0.0000 -3.0786 7.3869 -59.2758 35.2410 13.1071 140.2292 -2.2346 -27.0909 -0.0200 0.5323 4.6752 12.9844 0.0000 0.0000 0.0000 3.9615 9.0615 -60.3988 -36.3575 -11.6688 145.4298 -1.3458 3.7079 -21.0267 -1.2510 7.0911 -19.9855 -10.7355 7.0148 56.3817 -0.3030 0.6939 0.6528 4.1368 0.8032 -21.1072 7.1218 6.2993 -29.8010 4.2995 4.7374 6.5330 1.0018 2.8217 6.6436 0.0000 0.0000 0.0000 -76.6996 -45.7586 41.2765 15.9266 -25.4211 -3.6144 -0.0000 0.0000 -25.3049 58.9263 -20.5440 -30.2140 -7.1250 0.0000 -0.0000 17.9652 -4.4830 -20.3055 0.0000 0.0000 0.0000 94.1964 52.6861 68.7668 -14.5720 23.5465 -3.0529 0.0000 0.0000 16.4747 -44.9624 -11.8658 11.6044 7.1250 -0.0000 -0.0000 -16.8307 -45.8142 0.3481
-0.0367 7.3322 24.3247 0.4827 -73.1034 15.6631 0.0000 0.0000 0.0000 -2.7955 9.0372 -59.1500 35.2845 13.0561 140.4213 -2.4456 -28.4902 -0.6942 0.5640 4.8101 13.3677 0.0000 0.0000 0.0000 2.4072 6.5462 -61.0761 -36.4788 -11.4944 146.0339 -1.4768 4.5646 -21.9407 -1.2754 7.1573 -20.1824 -10.8166 7.2433 56.7825 -0.1576 0.8743 0.7467 4.2332 0.8609 -21.0350 6.6628 6.2058 -30.0006 4.2203 4.7896 6.2578 1.0491 2.8181 6.5678 0.0000 0.0000 0.0000 -77.3263 -46.8410 41.6467 15.7387 -25.1651 -3.5341 -0.0000 0.0000 -25.2961 58.7523 -20.1752 -29.6146 -7.1250 0.0000 -0.0000 17.9773 -3.8397 -20.1303 0.0000 0.0000 0.0000 93.7361 53.9125 68.5165 -14.2072 23.0301 -2.9087 0.0000 0.0000 16.4224 -44.3209 -11.9446 11.4265 7.1250 -0.0000 -0.0000 -16.2097 -45.8008 0.3290
0.1075 7.3163 24.2783 1.7269 -73.1056 13.8884 0.0000 0.0000 0.0000 -2.3704 10.8130 -59.1928 35.3407 12.9895 140.6708 -2.6892 -30.0114 -1.3795 0.5922 4.9269 13.7002 0.0000 0.0000 0.0000 0.6818 3.6685 -61.7254 -36.5887 -11.3328 146.5894 -1.6394 5.8970 -23.0188 -1.3158 7.2655 -20.5045 -10.9086 7.3801 57.2518 -0.0239 0.9237 0.7980 4.3904 0.8753 -21.0094 6.3901 6.2363 -30.2302 4.0424 4.9443 5.9718 1.0502 2.8587 6.4985 -0.0000 -0.0000 0.0000 -77.6525 -47.8479 41.7749 15.6086 -24.9870 -3.4790 -0.0000 0.0000 -25.3001 58.5814 -19.7642 -28.9678 -7.1250 0.0000 -0.0000 18.0026 -3.1365 -19.9499 -0.0000 -0.0000 0.0000 93.3475 55.1025 68.5220 -13.9447 22.6555 -2.8068 0.0000 0.0000 16.2197 -43.5707 -12.0911 11.2696 7.1250 -0.0000 -0.0000 -15.4940 -45.8570 0.3358
0.2549 7.3040 24.2289 2.9206 -73.0230 12.2287 0.0000 0.0000 0.0000 -1.7965 12.7215 -59.3917 35.4070 12.9102 140.9666 -2.9792 -31.6826 -2.0421 0.6131 5.0116 13.9416 0.0000 0.0000 0.0000 -1.2295 0.5278 -62.3538 -36.6892 -11.1819 147.1043 -1.8196 7.7560 -24.1902 -1.3593 7.3797 -20.8452 -10.9943 7.4771 57.7504 0.1449 0.9348 0.8292 4.6075 0.8786 -21.0082 6.1768 6.3137 -30.4530 3.7673 5.1537 5.6333 1.0159 2.9162 6.4138 0.0000 -0.0000 0.0000 -77.8808 -48.8356 41.7936 15.5217 -24.8678 -3.4423 -0.0000 0.0000 -25.2623 58.3055 -19.2851 -28.1408 -7.1250 0.0000 -0.0000 17.9896 -2.2663 -19.6673 0.0000 -0.0000 0.0000 92.7314 56.2578 68.5513 -13.8150 22.4696 -2.7570 0.0000 0.0000 15.8068 -42.7017 -12.2175 11.0504 7.1250 -0.0000 -0.0000 -14.6566 -45.8667 0.3204
0.4065 7.2957 24.1771 4.0176 -72.8970 10.7001 0.0000 0.0000 0.0000 -1.0648 14.7975 -59.6835 35.4762 12.8266 141.2771 -3.3473 -33.5581 -2.5745 0.6446 5.1360 14.2970 0.0000 0.0000 0.0000 -3.3179 -2.7562 -62.9671 -36.7814 -11.0408 147.5825 -1.9995 9.9952 -25.3949 -1.4168 7.5279 -21.2891 -11.0473 7.5606 58.3104 0.3393 0.9470 0.8445 4.8399 0.8817 -21.0330 5.9662 6.3999 -30.6798 3.4352 5.3810 5.2361 0.9633 2.9756 6.3115 0.0000 -0.0000 0.0000 -78.0759 -49.8449 41.7946 15.4714 -24.7987 -3.4212 -0.0000 0.0000 -25.2200 57.9145 -18.7045 -27.0900 -7.1250 0.0000 -0.0000 17.9415 -1.1776 -19.2691 0.0000 -0.0000 0.0000 92.0115 57.4080 68.4608 -13.7540 22.3820 -2.7338 0.0000 0.0000 15.3913 -41.7587 -12.2559 10.7317 7.1250 -0.0000 -0.0000 -13.7345 -45.7534 0.2603
0.5629 7.2922 24.1229 5.0103 -72.7724 9.2616 0.0000 0.0000 0.0000 -0.1650 17.0846 -59.9697 35.5405 12.7480 141.5676 -3.8341 -35.6850 -2.8709 0.7095 5.3833 15.0052 0.0000 0.0000 0.0000 -5.5379 -6.0391 -63.5526 -36.8648 -10.9108 148.0203 -2.1660 12.4619 -26.5972 -1.5025 7.7422 -21.9337 -11.0082 7.6434 59.0028 0.5211 0.9917 0.8379 4.9973 0.8895 -21.1005 5.6909 6.4464 -30.9362 3.1094 5.5757 4.7795 0.9172 3.0174 6.1916 -0.0000 0.0000 0.0000 -78.3026 -50.9150 41.8949 15.4496 -24.7687 -3.4121 -0.0000 0.0000 -25.2063 57.4577 -18.0115 -25.8534 -7.1250 0.0000 -0.0000 17.8869 0.1117 -18.7926 -0.0000 0.0000 0.0000 91.5247 58.6008 68.0956 -13.6346 22.2099 -2.6884 0.0000 0.0000 15.3972 -40.8263 -12.2383 10.3784 7.1250 -0.0000 -0.0000 -12.8203 -45.5750 0.1850
0.7242 7.2944 24.0667 5.9323 -72.6787 7.8281 0.0000 0.0000 0.0000 0.8671 19.5640 -60.1502 35.5931 12.6831 141.8066 -4.4590 -38.0297 -2.9246 0.8098 5.7428 16.0399 0.0000 0.0000 0.0000 -7.8200 -9.2154 -64.0974 -36.9378 -10.7951 148.4080 -2.2983 15.1705 -27.7218 -1.5979 7.9728 -22.6315 -10.8758 7.7545 59.8889 0.6869 1.0926 0.8128 5.0608 0.9080 -21.2088 5.3222 6.4442 -31.2376 2.8076 5.7329 4.2518 0.8876 3.0404 6.0508 0.0000 0.0000 0.0000 -78.6225 -52.0889 42.0969 15.4334 -24.7464 -3.4053 -0.0000 0.0000 -25.1640 56.9043 -17.2237 -24.4321 -7.1250 0.0000 -0.0000 17.8024 1.5899 -18.2114 0.0000 0.0000 0.0000 91.2896 59.8639 67.4014 -13.4359 21.9225 -2.6138 0.0000 0.0000 15.9240 -39.9433 -12.2387 10.0662 7.1250 -0.0000 -0.0000 -11.9617 -45.4316 0.1293
0.8900 7.3032 24.0092 6.8198 -72.6248 6.3225 0.0000 0.0000 0.0000 1.9687 22.1697 -60.1509 35.6285 12.6389 141.9685 -5.2068 -40.4831 -2.8365 0.9249 6.1268 17.1527 0.0000 0.0000 0.0000 -10.0749 -12.2414 -64.5820 -36.9982 -10.6979 148.7322 -2.3760 18.0662 -28.7049 -1.6734 8.1499 -23.1703 -10.7256 7.9395 61.0039 0.8788 1.2572 0.7791 5.1089 0.9432 -21.3384 4.9001 6.4442 -31.5790 2.4890 5.9098 3.6312 0.8618 3.0690 5.8832 -0.0000 -0.0000 0.0000 -79.0469 -53.3876 42.2852 15.4090 -24.7128 -3.3951 -0.0000 0.0000 -25.0612 56.2520 -16.3837 -22.8883 -7.1250 0.0000 -0.0000 17.6729 3.1873 -17.5317 -0.0000 -0.0000 0.0000 90.8904 61.1884 66.4633 -13.2799 21.6959 -2.5558 0.0000 0.0000 16.5608 -39.0601 -12.2745 9.7886 7.1250 -0.0000 -0.0000 -11.1102 -45.3358 0.0933
1.0599 7.3189 23.9508 7.6522 -72.5919 4.7542 0.0000 0.0000 0.0000 3.1052 24.8235 -59.9648 35.6467 12.6163 142.0514 -6.0436 -42.9291 -2.7222 1.0335 6.4661 18.1431 0.0000 0.0000 0.0000 -12.2188 -15.1620 -64.9672 -37.0439 -10.6236 148.9793 -2.4085 20.9239 -29.5913 -1.7215 8.2601 -23.5070 -10.5958 8.2058 62.3607 1.1262 1.4725 0.7331 5.2013 0.9930 -21.4842 4.4829 6.5027 -31.9440 2.1111 6.1625 2.9026 0.8237 3.1277 5.6842 -0.0000 0.0000 0.0000 -79.5675 -54.7929 42.3764 15.3783 -24.6705 -3.3823 -0.0000 0.0000 -24.9232 55.6168 -15.5640 -21.4106 -7.1250 0.0000 -0.0000 17.5414 4.7284 -16.8628 -0.0000 0.0000 0.0000 90.0510 62.5560 65.3983 -13.2483 21.6499 -2.5441 0.0000 0.0000 16.9496 -38.1172 -12.3255 9.5077 7.1250 -0.0000 -0.0000 -10.2052 -45.2521 0.0642
1.2338 7.3419 23.8913 8.3188 -72.5601 3.2168 0.0000 0.0000 0.0000 4.3064 27.4551 -59.5818 35.6490 12.6133 142.0622 -6.9435 -45.3036 -2.6496 1.1269 6.7426 18.9549 0.0000 0.0000 0.0000 -14.1137 -17.9251 -65.1902 -37.0710 -10.5793 149.1262 -2.4432 23.3775 -30.5000 -1.7664 8.3615 -23.8175 -10.4679 8.5350 63.9936 1.4366 1.7251 0.6553 5.3494 1.0514 -21.6642 4.1132 6.6574 -32.3110 1.6540 6.5248 2.0622 0.7641 3.2325 5.4523 0.0000 -0.0000 0.0000 -80.1623 -56.2663 42.3375 15.3436 -24.6225 -3.3678 -0.0000 0.0000 -24.7645 55.1066 -14.8471 -20.1735 -7.1250 0.0000 -0.0000 17.4473 6.0401 -16.3081 0.0000 -0.0000 0.0000 88.7981 63.9594 64.2943 -13.3330 21.7731 -2.5755 0.0000 0.0000 17.0262 -37.1148 -12.3987 9.2284 7.1250 -0.0000 -0.0000 -9.2469 -45.1889 0.0435
1.4099 7.3750 23.8303 8.6404 -72.5899 1.8239 0.0000 0.0000 0.0000 5.7617 30.1524 -58.8120 35.6268 12.6411 141.9606 -7.9333 -47.6922 -2.6812 1.2009 6.9530 19.5762 0.0000 0.0000 0.0000 -15.4277 -20.0034 -65.2238 -37.0688 -10.5828 149.1145 -2.5087 25.0743 -31.3770 -1.8282 8.4986 -24.2390 -10.3318 8.9772 65.9820 1.8144 2.0644 0.5189 5.5289 1.1338 -21.9084 3.8032 6.9104 -32.6832 1.1177 6.9907 1.1326 0.6807 3.3820 5.1970 0.0000 -0.0000 0.0000 -80.8058 -57.7832 42.2146 15.3076 -24.5729 -3.3528 -0.0000 0.0000 -24.5767 54.7019 -14.2702 -19.1962 -7.1250 0.0000 -0.0000 17.3717 7.0844 -15.8629 0.0000 -0.0000 0.0000 87.2214 65.4016 63.1181 -13.4884 21.9986 -2.6334 0.0000 0.0000 16.8959 -36.0746 -12.5123 8.9693 7.1250 -0.0000 -0.0000 -8.2558 -45.1711 0.0351
1.5845 7.4214 23.7665 8.4878 -72.8276 0.6446 0.0000 0.0000 0.0000 7.8057 33.1538 -57.3118 35.5638 12.7193 141.6733 -9.1149 -50.3027 -2.8613 1.2588 7.1124 20.0489 0.0000 0.0000 0.0000 -15.7609 -20.5874 -65.1335 -37.0251 -10.6543 148.8772 -2.5569 25.9486 -31.9064 -1.8871 8.6269 -24.6350 -10.1994 9.6533 68.3705 2.2483 2.6011 0.3012 5.6729 1.2752 -22.2393 3.5087 7.2050 -33.1030 0.5359 7.4948 0.1705 0.5850 3.5487 4.9408 0.0000 -0.0000 0.0000 -81.5245 -59.3349 42.1958 15.2841 -24.5404 -3.3431 -0.0000 0.0000 -24.3890 54.3405 -13.7928 -18.3806 -7.1250 0.0000 -0.0000 17.2916 7.9537 -15.4736 0.0000 -0.0000 0.0000 85.4526 66.8868 61.6923 -13.6322 22.2064 -2.6875 0.0000 0.0000 16.8116 -34.9976 -12.6428 8.7124 7.1250 -0.0000 -0.0000 -7.2307 -45.1695 0.0304
1.7554 7.4802 23.6991 7.8905 -73.3521 -0.2994 0.0000 0.0000 0.0000 10.6309 36.4968 -54.9320 35.4549 12.8525 141.1812 -10.5845 -53.2128 -3.1551 1.3107 7.2521 20.4643 0.0000 0.0000 0.0000 -15.0596 -19.4508 -65.0008 -36.9383 -10.7942 148.4109 -2.5201 26.3230 -31.8716 -1.9020 8.6589 -24.7341 -10.0812 10.6177 71.0498 2.7118 3.3892 0.0072 5.7301 1.4895 -22.6391 3.1673 7.4766 -33.6090 -0.0481 7.9718 -0.7637 0.4942 3.7049 4.7042 0.0000 0.0000 0.0000 -82.3792 -60.9145 42.4549 15.2830 -24.5389 -3.3426 -0.0000 0.0000 -24.2404 53.9923 -13.3322 -17.6042 -7.1250 0.0000 -0.0000 17.2123 8.7858 -15.0979 0.0000 0.0000 0.0000 83.6228 68.4102 59.8988 -13.6905 22.2906 -2.7096 0.0000 0.0000 16.9755 -33.8732 -12.7273 8.4127 7.1250 -0.0000 -0.0000 -6.1615 -45.1081 0.0165
1.9234 7.5459 23.6288 6.9946 -74.0903 -1.0194 0.0000 0.0000 0.0000 14.0878 39.8859 -51.8780 35.3127 13.0228 140.5461 -12.3355 -56.2518 -3.4767 1.3627 7.3886 20.8720 0.0000 0.0000 0.0000 -13.6805 -17.1659 -64.8371 -36.8201 -10.9807 147.7853 -2.4216 26.4465 -31.4640 -1.8757 8.6023 -24.5590 -10.0141 11.8124 73.8028 3.2045 4.3597 -0.3211 5.7616 1.7526 -23.0466 2.8044 7.7483 -34.1886 -0.6529 8.4473 -1.6450 0.4020 3.8619 4.4949 0.0000 0.0000 0.0000 -83.3220 -62.5164 42.8751 15.2928 -24.5525 -3.3467 -0.0000 0.0000 -24.1195 53.6459 -12.8217 -16.7785 -7.1250 0.0000 -0.0000 17.1452 9.6851 -14.7089 0.0000 0.0000 0.0000 81.5039 69.9430 57.7864 -13.7172 22.3289 -2.7197 0.0000 0.0000 17.1468 -32.7021 -12.7333 8.0547 7.1250 -0.0000 -0.0000 -5.0531 -44.9513 -0.0061
2.0904 7.6133 23.5565 5.9447 -74.9326 -1.5522 0.0000 0.0000 0.0000 17.9047 43.0400 -48.4462 35.1530 13.2094 139.8427 -14.3092 -59.2190 -3.7544 1.4126 7.5172 21.2568 0.0000 0.0000 0.0000 -12.0423 -14.4478 -64.6213 -36.6832 -11.1911 147.0730 -2.3314 26.3823 -31.0217 -1.8503 8.5469 -24.3881 -10.0183 13.1486 76.4644 3.7286 5.4168 -0.6459 5.8369 2.0346 -23.4202 2.4793 8.0629 -34.7981 -1.3289 8.9623 -2.4752 0.2876 4.0350 4.3121 0.0000 0.0000 0.0000 -84.2707 -64.1322 43.2639 15.2885 -24.5465 -3.3449 -0.0000 0.0000 -23.9672 53.2778 -12.2410 -15.8664 -7.1250 0.0000 -0.0000 17.0814 10.6905 -14.2830 0.0000 0.0000 0.0000 78.8697 71.4412 55.3907 -13.7765 22.4143 -2.7423 0.0000 0.0000 17.1039 -31.5037 -12.6737 7.6584 7.1250 -0.0000 -0.0000 -3.9279 -44.7193 -0.0273
2.2571 7.6794 23.4821 4.8605 -75.8387 -1.9829 0.0000 0.0000 0.0000 21.9365 45.8696 -44.7669 34.9822 13.4038 139.1005 -16.5255 -62.0394 -3.8273 1.4666 7.6533 21.6658 0.0000 0.0000 0.0000 -10.3985 -11.6665 -64.3342 -36.5350 -11.4123 146.3167 -2.2658 26.2705 -30.6725 -1.8349 8.5133 -24.2843 -10.0654 14.5744 78.9906 4.2554 6.5219 -0.9666 5.9305 2.3232 -23.7711 2.1748 8.3885 -35.3994 -2.0745 9.4852 -3.2583 0.1491 4.2092 4.1504 0.0000 -0.0000 0.0000 -85.2697 -65.7400 43.6797 15.2556 -24.5009 -3.3312 -0.0000 0.0000 -23.7649 52.8963 -11.6033 -14.8910 -7.1250 0.0000 -0.0000 17.0216 11.7779 -13.8287 0.0000 -0.0000 0.0000 75.9710 72.8809 52.7190 -13.8163 22.4715 -2.7575 0.0000 0.0000 17.0628 -30.3251 -12.5840 7.2627 7.1250 -0.0000 -0.0000 -2.8306 -44.4614 -0.0377
2.4232 7.7433 23.4054 3.8758 -76.8020 -2.4578 0.0000 0.0000 0.0000 26.0881 48.3227 -40.8869 34.7991 13.6066 138.3163 -19.1488 -64.6869 -3.2743 1.5496 7.8570 22.2806 0.0000 0.0000 0.0000 -8.8722 -8.9735 -63.9642 -36.3787 -11.6387 145.5346 -2.2083 26.2712 -30.4023 -1.8138 8.4669 -24.1415 -10.0720 16.0814 81.7527 4.7508 7.6480 -1.7411 5.9630 2.5965 -24.0094 1.8377 8.6708 -35.9769 -2.8389 9.9650 -3.9931 0.0043 4.3643 4.0038 -0.0000 0.0000 0.0000 -86.4234 -67.3159 44.2900 15.1950 -24.4171 -3.3061 -0.0000 0.0000 -23.5441 52.5370 -10.9152 -13.8799 -7.1250 0.0000 -0.0000 16.9852 12.9241 -13.3704 -0.0000 0.0000 0.0000 73.0022 74.2459 49.7602 -13.7907 22.4347 -2.7477 0.0000 0.0000 17.1800 -29.2091 -12.4942 6.8966 7.1250 -0.0000 -0.0000 -1.7992 -44.2171 -0.0348
2.5880 7.8050 23.3270 3.1322 -77.8056 -3.1571 0.0000 0.0000 0.0000 30.1952 50.3046 -36.9025 34.5994 13.8212 137.4740 -22.5222 -67.1136 -1.3465 1.7023 8.2163 23.3732 0.0000 0.0000 0.0000 -7.5128 -6.4829 -63.4996 -36.2165 -11.8665 144.7386 -2.1592 26.3878 -30.2165 -1.7895 8.4132 -23.9764 -10.1660 17.6675 84.1174 5.2244 8.8109 -2.0926 6.0367 2.8859 -24.3519 1.4905 8.9278 -36.5444 -3.5967 10.4143 -4.6719 -0.1396 4.5077 3.8758 -0.0000 0.0000 0.0000 -87.6916 -68.8593 45.0373 15.1101 -24.2993 -3.2711 -0.0000 0.0000 -23.3176 52.2234 -10.1930 -12.8620 -7.1250 0.0000 -0.0000 16.9827 14.0991 -12.9259 -0.0000 0.0000 0.0000 69.3629 75.4801 46.2973 -13.8007 22.4490 -2.7515 0.0000 0.0000 17.0664 -28.1591 -12.4383 6.5767 7.1250 -0.0000 -0.0000 -0.8325 -44.0238 -0.0201
2.7514 7.8640 23.2477 2.7351 -78.8182 -4.2138 0.0000 0.0000 0.0000 34.0511 51.7502 -32.9982 34.3807 14.0489 136.5662 -27.2090 -69.2302 3.0589 1.9838 8.8323 25.2721 0.0000 0.0000 0.0000 -6.3559 -4.3408 -62.9379 -36.0502 -12.0933 143.9372 -2.1072 26.6717 -30.0844 -1.7502 8.3251 -23.7058 -10.3046 19.3348 86.4454 5.6893 9.9676 -2.4411 6.1435 3.1642 -24.6771 1.1847 9.1946 -37.1373 -4.3494 10.8575 -5.2748 -0.2862 4.6486 3.7790 0.0000 0.0000 0.0000 -88.9813 -70.3805 45.7848 14.9983 -24.1438 -3.2253 -0.0000 0.0000 -23.0601 51.9502 -9.4909 -11.8967 -7.1250 0.0000 -0.0000 16.9972 15.2258 -12.5080 0.0000 0.0000 0.0000 64.4257 76.5237 42.0306 -13.9307 22.6356 -2.8014 0.0000 0.0000 16.4138 -27.1501 -12.4149 6.2916 7.1250 -0.0000 -0.0000 0.0947 -43.8755 0.0026
2.9153 7.9175 23.1693 2.7625 -79.7294 -5.6884 0.0000 0.0000 0.0000 37.2917 52.6523 -29.5787 34.1555 14.2759 135.6456 -33.2999 -70.7861 10.4423 2.4151 9.6819 27.9525 0.0000 0.0000 0.0000 -5.5585 -2.9438 -62.3237 -35.8879 -12.3082 143.1690 -2.0114 27.4137 -29.9409 -1.6584 8.1151 -23.0642 -10.3587 20.9054 88.7732 6.1007 11.0349 -2.7978 6.2280 3.3990 -24.9836 0.9206 9.4600 -37.7763 -5.0896 11.2815 -5.7851 -0.4339 4.7790 3.7202 0.0000 0.0000 0.0000 -90.3065 -71.8722 46.5557 14.8550 -23.9437 -3.1669 -0.0000 0.0000 -22.7566 51.6975 -8.8695 -11.0460 -7.1250 0.0000 -0.0000 17.0012 16.2211 -12.1268 0.0000 0.0000 0.0000 58.4500 77.3824 36.9918 -14.1173 22.9021 -2.8736 0.0000 0.0000 15.4578 -26.1672 -12.3954 6.0208 7.1250 -0.0000 -0.0000 0.9946 -43.7372 0.0310
3.0838 7.9608 23.0947 3.2451 -80.3568 -7.5706 0.0000 0.0000 0.0000 39.4991 53.1138 -27.1179 33.9479 14.4787 134.8094 -39.3484 -71.6009 18.8330 2.8782 10.4953 30.5959 0.0000 0.0000 0.0000 -5.3712 -2.8493 -61.7503 -35.7417 -12.4965 142.4883 -1.8373 28.9048 -29.7911 -1.5095 7.7593 -21.9855 -10.1282 22.0791 91.1690 6.3979 11.8896 -3.1905 6.2158 3.5456 -25.2797 0.6490 9.6843 -38.4553 -5.7941 11.6579 -6.1994 -0.5721 4.8870 3.6952 -0.0000 0.0000 0.0000 -91.8174 -73.3121 47.5176 14.6736 -23.6895 -3.0936 -0.0000 0.0000 -22.4012 51.4798 -8.3582 -10.3489 -7.1250 0.0000 -0.0000 16.9965 17.0386 -11.8048 -0.0000 0.0000 0.0000 52.1565 78.1195 31.4979 -14.2420 23.0796 -2.9223 0.0000 0.0000 14.6030 -25.2093 -12.3471 5.7483 7.1250 -0.0000 -0.0000 1.8645 -43.5728 0.0657
3.2586 7.9911 23.0252 4.1143 -80.6512 -9.7996 0.0000 0.0000 0.0000 40.7420 53.3485 -25.5638 33.7695 14.6480 134.1002 -44.0011 -72.0106 25.4006 3.2109 11.0289 32.3773 0.0000 0.0000 0.0000 -5.8293 -4.0931 -61.2446 -35.6175 -12.6527 141.9181 -1.5682 31.1005 -29.6374 -1.3265 7.2938 -20.5888 -9.5669 22.7637 93.6702 6.5845 12.5156 -3.6253 6.1087 3.5998 -25.5656 0.3265 9.8467 -39.1621 -6.4558 11.9811 -6.5281 -0.6939 4.9707 3.6959 -0.0000 -0.0000 0.0000 -93.7498 -74.6934 48.8460 14.4351 -23.3532 -2.9984 -0.0000 0.0000 -21.9362 51.3665 -7.9874 -9.8627 -7.1250 0.0000 -0.0000 17.0209 17.6186 -11.5956 -0.0000 -0.0000 0.0000 45.7132 78.7485 25.6485 -14.2804 23.1342 -2.9374 0.0000 0.0000 13.9311 -24.2868 -12.2572 5.4721 7.1250 -0.0000 -0.0000 2.6926 -43.3698 0.1084
3.4355 8.0105 22.9583 5.3158 -80.8153 -12.3934 0.0000 0.0000 0.0000 41.7482 53.5618 -24.1778 33.6033 14.8021 133.4462 -47.8475 -72.4234 30.0412 3.4118 11.3335 33.4131 0.0000 0.0000 0.0000 -6.6077 -5.9077 -60.7129 -35.5070 -12.7890 141.4164 -1.2061 33.5881 -29.3922 -1.1208 6.7251 -18.9033 -8.8500 23.2402 96.2308 6.7265 13.0742 -4.0737 5.9624 3.6190 -25.8352 -0.0676 9.9424 -39.8811 -7.0826 12.2561 -6.7930 -0.7994 5.0326 3.7125 0.0000 0.0000 0.0000 -96.4722 -76.0203 50.7813 14.1057 -22.8856 -2.8691 -0.0000 0.0000 -21.2451 51.3811 -7.7885 -9.6283 -7.1250 0.0000 -0.0000 17.0825 17.9116 -11.5256 0.0000 0.0000 0.0000 38.8729 79.2096 19.3172 -14.2693 23.1184 -2.9330 0.0000 0.0000 13.3281 -23.4323 -12.0978 5.1902 7.1250 -0.0000 -0.0000 3.4448 -43.1025 0.1615
3.6087 8.0228 22.8908 6.9458 -81.0900 -15.5186 0.0000 0.0000 0.0000 43.2860 53.8413 -22.2094 33.4276 14.9610 132.7621 -51.9173 -72.8006 34.7149 3.6172 11.6328 34.4451 0.0000 0.0000 0.0000 -7.3361 -7.4793 -60.0629 -35.3993 -12.9195 140.9320 -0.7763 35.9327 -28.9722 -0.8969 6.0359 -16.8886 -8.1582 23.8482 98.7859 6.8728 13.7383 -4.5058 5.8047 3.6612 -26.0822 -0.5307 9.9701 -40.5706 -7.6795 12.4815 -7.0297 -0.8928 5.0735 3.7289 0.0000 -0.0000 0.0000 -100.4458 -77.2670 53.6752 13.6608 -22.2477 -2.6983 -0.0000 0.0000 -20.2303 51.4462 -7.7670 -9.6243 -7.1250 0.0000 -0.0000 17.1303 17.9287 -11.5542 0.0000 -0.0000 0.0000 31.6190 79.4389 12.5275 -14.2277 23.0593 -2.9167 0.0000 0.0000 12.7246 -22.6729 -11.8484 4.9025 7.1250 -0.0000 -0.0000 4.0929 -42.7525 0.2274
3.7764 8.0289 22.8220 9.1959 -81.5305 -19.3827 0.0000 0.0000 0.0000 45.5974 54.1561 -19.4547 33.2385 15.1277 132.0336 -56.3206 -72.9714 40.3534 3.8879 12.0097 35.7662 0.0000 0.0000 0.0000 -7.9304 -8.6265 -59.2742 -35.2910 -13.0484 140.4501 -0.2873 38.0493 -28.3484 -0.6576 5.1869 -14.4423 -7.5045 24.6566 101.3250 7.0113 14.5441 -4.9212 5.6052 3.7354 -26.3095 -1.0625 9.9139 -41.1800 -8.2385 12.6370 -7.2625 -0.9759 5.0875 3.7308 0.0000 -0.0000 0.0000 -106.1370 -78.3339 57.9495 13.1119 -21.4509 -2.4940 -0.0000 0.0000 -18.8409 51.5257 -7.9455 -9.8673 -7.1250 0.0000 -0.0000 17.1345 17.6433 -11.6707 0.0000 -0.0000 0.0000 24.4298 79.4403 5.6270 -14.1289 22.9187 -2.8781 0.0000 0.0000 12.2284 -22.0086 -11.5288 4.6185 7.1250 -0.0000 -0.0000 4.6402 -42.3415 0.3051
3.9396 8.0273 22.7526 12.2607 -82.0652 -24.1639 0.0000 0.0000 0.0000 48.5334 54.4264 -16.0850 33.0412 15.2971 131.2818 -60.6416 -72.9059 46.5877 4.1846 12.4020 37.1694 0.0000 0.0000 0.0000 -8.4966 -9.5359 -58.3634 -35.1867 -13.1704 139.9904 0.2916 40.0878 -27.4890 -0.4121 4.1210 -11.4174 -6.8167 25.5536 103.8680 7.1059 15.4427 -5.3402 5.3203 3.8234 -26.5292 -1.6686 9.7509 -41.6708 -8.7498 12.6975 -7.4875 -1.0484 5.0657 3.7141 -0.0000 -0.0000 0.0000 -113.6589 -79.0435 63.7746 12.5157 -20.5735 -2.2803 -0.0000 0.0000 -17.0533 51.7288 -8.3680 -10.4515 -7.1250 0.0000 -0.0000 17.1531 16.9621 -11.9545 -0.0000 -0.0000 0.0000 17.9822 79.2688 -0.8891 -13.9377 22.6456 -2.8041 0.0000 0.0000 12.0570 -21.4785 -11.1940 4.3681 7.1250 -0.0000 -0.0000 5.0614 -41.9316 0.3842
4.0989 8.0173 22.6831 16.4188 -82.6307 -30.1279 0.0000 0.0000 0.0000 51.8617 54.5637 -12.3066 32.8334 15.4706 130.4984 -64.3123 -72.5755 53.0933 4.4806 12.7739 38.5278 0.0000 0.0000 0.0000 -9.1144 -10.3202 -57.3466 -35.0894 -13.2824 139.5650 0.9742 42.1107 -26.4058 -0.1960 2.8507 -7.8634 -6.0797 26.4754 106.4220 7.1438 16.3856 -5.7762 4.9534 3.9120 -26.7501 -2.3168 9.5059 -42.0076 -9.2232 12.6812 -7.6943 -1.1155 5.0181 3.6822 -0.0000 0.0000 0.0000 -122.0465 -79.2348 70.3700 11.9577 -19.7412 -2.0880 -0.0000 0.0000 -14.9343 52.1905 -8.9964 -11.3939 -7.1250 0.0000 -0.0000 17.2792 15.8996 -12.4718 -0.0000 0.0000 0.0000 12.7247 78.9525 -6.5590 -13.6744 22.2673 -2.7035 0.0000 0.0000 12.2639 -21.2189 -10.9265 4.2090 7.1250 -0.0000 -0.0000 5.2507 -41.6223 0.4388
4.2530 8.0002 22.6140 22.1771 -83.1892 -37.7788 0.0000 0.0000 0.0000 55.3434 54.4907 -8.2744 32.6041 15.6564 129.6438 -66.0723 -71.8793 59.6053 4.7838 13.1362 39.8803 0.0000 0.0000 0.0000 -9.7929 -10.9466 -56.2287 -34.9972 -13.3870 139.1650 1.7228 44.0417 -25.2042 -0.0532 1.4890 -4.0953 -5.3497 27.4533 108.9720 7.1367 17.3371 -6.2262 4.5528 3.9966 -26.9682 -2.9216 9.2639 -42.1660 -9.6958 12.6589 -7.8775 -1.1906 4.9757 3.6447 -0.0000 0.0000 0.0000 -129.4388 -78.9003 76.1485 11.5202 -19.0813 -1.9426 -0.0000 0.0000 -12.7446 52.9210 -9.7444 -12.6239 -7.1250 0.0000 -0.0000 17.5344 14.5625 -13.2068 -0.0000 0.0000 0.0000 8.7218 78.4808 -11.0659 -13.4027 21.8745 -2.6014 0.0000 0.0000 12.6194 -21.3626 -10.8512 4.2114 7.1250 -0.0000 -0.0000 5.1119 -41.5562 0.4355
4.4007 7.9771 22.5464 30.0191 -83.6710 -47.5771 0.0000 0.0000 0.0000 58.7539 54.1921 -4.1557 32.3512 15.8548 128.7125 -63.9990 -70.8060 65.5607 5.1028 13.4986 41.2649 0.0000 0.0000 0.0000 -10.5549 -11.3698 -55.0163 -34.9064 -13.4884 138.7746 2.5591 45.9365 -23.8617 -0.0001 0.0670 -0.1842 -4.6548 28.4825 111.4920 7.0828 18.2555 -6.6859 4.1395 4.0705 -27.1762 -3.3969 9.0907 -42.1745 -10.2184 12.6787 -8.0069 -1.2941 4.9533 3.6256 0.0000 -0.0000 0.0000 -134.5697 -78.1544 80.0845 11.2588 -18.6839 -1.8580 -0.0000 0.0000 -10.8649 53.8056 -10.6898 -14.2245 -7.1250 0.0000 -0.0000 17.8184 12.8429 -14.1283 0.0000 -0.0000 0.0000 5.8003 77.8991 -14.4042 -13.1392 21.4908 -2.5040 0.0000 0.0000 12.8994 -21.9323 -11.1079 4.4358 7.1250 -0.0000 -0.0000 4.6447 -41.8849 0.3578
4.5416 7.9475 22.4820 39.4935 -83.9570 -58.9966 0.0000 0.0000 0.0000 61.9254 53.7380 -0.1963 32.0964 16.0479 127.7854 -59.6026 -69.8753 70.0899 5.3405 13.7573 42.2738 0.0000 0.0000 0.0000 -11.4675 -11.7001 -53.7612 -34.8182 -13.5856 138.3978 3.5836 47.9708 -22.2283 -0.0510 -1.4575 4.0086 -3.9440 29.4026 113.9280 6.9455 19.0710 -7.1584 3.6688 4.1167 -27.3682 -3.7201 8.9761 -42.0938 -10.8032 12.7218 -8.0467 -1.4342 4.9351 3.6452 0.0000 0.0000 0.0000 -137.3511 -77.0912 82.2953 11.2050 -18.6018 -1.8408 -0.0000 0.0000 -9.6327 54.7150 -12.0540 -16.4419 -7.1250 0.0000 -0.0000 17.9860 10.4271 -15.2240 0.0000 0.0000 0.0000 3.8156 77.3458 -16.8710 -12.8229 21.0271 -2.3894 0.0000 0.0000 13.1725 -22.9072 -11.7218 4.9067 7.1250 -0.0000 -0.0000 3.8635 -42.6415 0.2252
4.6765 7.9107 22.4241 48.5688 -83.9696 -69.8959 0.0000 0.0000 0.0000 64.7629 53.2534 3.3172 31.8815 16.2057 127.0116 -55.3657 -69.3029 73.2832 5.5066 13.9325 42.9677 0.0000 0.0000 0.0000 -12.6146 -12.2633 -52.5667 -34.7392 -13.6716 138.0626 4.8559 50.2159 -20.2953 -0.2211 -3.0267 8.3531 -3.1561 29.9511 116.1860 6.6877 19.6789 -7.6377 3.0999 4.1117 -27.5279 -3.9048 8.9020 -41.9498 -11.4116 12.7653 -8.0183 -1.5998 4.9129 3.6936 0.0000 0.0000 0.0000 -138.2353 -75.7908 83.4297 11.3606 -18.8388 -1.8907 -0.0000 0.0000 -9.1939 55.5707 -13.8498 -19.2502 -7.1250 0.0000 -0.0000 17.9873 7.3282 -16.3972 0.0000 0.0000 0.0000 2.7199 76.8912 -18.6187 -12.4450 20.4687 -2.2555 0.0000 0.0000 13.4969 -24.3461 -12.5489 5.6149 7.1250 -0.0000 -0.0000 2.6793 -43.6930 0.0865
4.8057 7.8678 22.3753 54.9949 -83.7625 -77.9272 0.0000 0.0000 0.0000 67.2057 52.8530 6.1689 31.7413 16.3062 126.5109 -50.0507 -68.8061 75.6257 5.7090 14.1403 43.8025 0.0000 0.0000 0.0000 -14.0493 -13.4438 -51.5261 -34.6781 -13.7373 137.8047 6.2891 52.5486 -18.3807 -0.4817 -4.4507 12.3483 -2.2658 29.8840 118.2020 6.2753 19.9563 -8.1773 2.4469 4.0360 -27.5950 -3.9652 8.8882 -41.7224 -11.9963 12.8276 -7.9904 -1.7724 4.9045 3.7405 -0.0000 -0.0000 0.0000 -137.7645 -74.3540 84.0920 11.6849 -19.3304 -1.9968 -0.0000 0.0000 -9.4304 56.3421 -15.7770 -22.2120 -7.1250 0.0000 -0.0000 17.8913 4.0455 -17.4753 -0.0000 -0.0000 0.0000 2.5323 76.4757 -19.4029 -12.0911 19.9411 -2.1333 0.0000 0.0000 13.7644 -26.3478 -13.3336 6.5161 7.1250 -0.0000 -0.0000 0.9428 -44.7923 0.0048
4.9284 7.8227 22.3365 58.1076 -83.4497 -82.3853 0.0000 0.0000 0.0000 69.1445 52.5901 8.2545 31.6788 16.3505 126.2885 -45.1409 -68.4393 77.1771 5.9265 14.3567 44.6860 0.0000 0.0000 0.0000 -15.7588 -15.4141 -50.6400 -34.6383 -13.7798 137.6374 7.6894 54.7864 -16.9645 -0.7633 -5.5794 15.5687 -1.3799 29.2975 119.8200 5.8319 19.9763 -8.5947 1.7839 3.9085 -27.6498 -3.9392 8.9478 -41.3872 -12.5285 12.9303 -8.0231 -1.9355 4.9288 3.7586 -0.0000 -0.0000 0.0000 -136.5068 -72.8507 84.6269 12.1068 -19.9646 -2.1386 -0.0000 0.0000 -9.9913 56.9986 -17.5142 -24.8624 -7.1250 0.0000 -0.0000 17.7736 1.1082 -18.3374 -0.0000 -0.0000 0.0000 3.2471 75.9947 -18.8737 -11.8599 19.5943 -2.0551 0.0000 0.0000 13.9275 -28.8972 -13.9326 7.5704 7.1250 -0.0000 -0.0000 -1.3771 -45.7958 0.0271
5.0427 7.7803 22.3059 58.8093 -83.1073 -84.1904 0.0000 0.0000 0.0000 70.4894 52.4561 9.6171 31.6665 16.3592 126.2446 -41.0794 -68.1532 78.0598 6.1386 14.5613 45.5353 0.0000 0.0000 0.0000 -17.6198 -17.9607 -49.8297 -34.6151 -13.8046 137.5397 8.8720 56.7788 -16.3274 -1.0208 -6.4277 18.0305 -0.5414 28.3324 121.0710 5.3859 19.8045 -8.9444 1.1621 3.7531 -27.6648 -3.8379 9.0716 -40.8380 -13.0632 13.0489 -8.2464 -2.0751 4.9815 3.7341 0.0000 -0.0000 0.0000 -134.9854 -71.2857 85.1311 12.5508 -20.6255 -2.2926 -0.0000 0.0000 -10.4272 57.4884 -18.9176 -26.9614 -7.1250 0.0000 -0.0000 17.6493 -1.2292 -18.9382 0.0000 -0.0000 0.0000 4.7905 75.4056 -17.0164 -11.7804 19.4745 -2.0285 0.0000 0.0000 14.2161 -31.8233 -14.3859 8.7652 7.1250 -0.0000 -0.0000 -4.1353 -46.7353 0.1774
5.1457 7.7444 22.2792 58.7275 -82.7760 -85.0228 0.0000 0.0000 0.0000 71.3774 52.4024 10.5207 31.6653 16.3600 126.2405 -37.1517 -67.8458 78.5291 6.3317 14.7423 46.2990 0.0000 0.0000 0.0000 -19.3837 -20.5273 -49.0455 -34.5989 -13.8217 137.4720 9.7685 58.4105 -16.2897 -1.2705 -7.1441 20.1431 0.1616 27.3193 121.9730 4.9930 19.5815 -9.2142 0.6244 3.6090 -27.6582 -3.7719 9.1846 -40.3486 -13.4357 13.1620 -8.4189 -2.1912 5.0425 3.6785 0.0000 0.0000 0.0000 -133.4661 -69.6508 85.5266 12.9584 -21.2263 -2.4382 -0.0000 0.0000 -10.4139 57.8180 -19.9644 -28.4829 -7.1250 0.0000 -0.0000 17.5328 -2.9382 -19.3171 0.0000 0.0000 0.0000 7.0510 74.7422 -14.1632 -11.8199 19.5340 -2.0417 0.0000 0.0000 14.9430 -34.9172 -14.7178 10.0566 7.1250 -0.0000 -0.0000 -7.1428 -47.6136 0.4629
5.2353 7.7155 22.2531 59.2124 -82.4877 -86.2698 0.0000 0.0000 0.0000 72.2037 52.3899 11.3649 31.6526 16.3689 126.1956 -32.4009 -67.4458 78.9678 6.5007 14.8966 46.9595 0.0000 0.0000 0.0000 -20.7798 -22.5677 -48.3611 -34.5858 -13.8356 137.4172 10.4037 59.6065 -16.4562 -1.5411 -7.8365 22.2186 0.6503 26.5576 122.5450 4.6796 19.4046 -9.4058 0.1922 3.5050 -27.6487 -3.6209 9.3159 -39.8892 -13.7376 13.2571 -8.5783 -2.2992 5.0963 3.6272 0.0000 -0.0000 0.0000 -131.9096 -67.9544 85.6996 13.3103 -21.7402 -2.5671 -0.0000 0.0000 -9.9977 58.1547 -20.7267 -29.6742 -7.1250 0.0000 -0.0000 17.4975 -4.2360 -19.6528 0.0000 -0.0000 0.0000 9.9458 74.1079 -10.7925 -11.8954 19.6476 -2.0670 0.0000 0.0000 16.3642 -38.0361 -14.7624 11.2735 7.1250 -0.0000 -0.0000 -10.2566 -48.2078 0.8197
5.3115 7.6933 22.2266 60.7334 -82.2470 -88.4195 0.0000 0.0000 0.0000 73.1767 52.4014 12.3473 31.6227 16.3899 126.0895 -26.7116 -66.9369 79.5014 6.6492 15.0292 47.5348 0.0000 0.0000 0.0000 -21.6673 -23.8568 -47.8816 -34.5743 -13.8477 137.3693 10.7472 60.3246 -16.7097 -1.8087 -8.4557 24.1070 0.9074 26.1606 122.8330 4.4436 19.2986 -9.5356 -0.1364 3.4473 -27.6521 -3.3578 9.4836 -39.5041 -13.9764 13.3567 -8.6809 -2.4010 5.1474 3.6026 0.0000 -0.0000 0.0000 -130.2189 -66.1907 85.6244 13.6299 -22.2031 -2.6867 -0.0000 0.0000 -9.5438 58.6940 -21.3626 -30.9206 -7.1250 0.0000 -0.0000 17.6046 -5.4867 -20.1413 0.0000 -0.0000 0.0000 13.4101 73.5838 -7.2829 -11.9176 19.6810 -2.0745 0.0000 0.0000 18.6353 -41.0831 -14.3968 12.2307 7.1250 -0.0000 -0.0000 -13.3259 -48.3254 1.1115
5.3762 7.6800 22.2016 62.8914 -82.0264 -91.1030 0.0000 0.0000 0.0000 74.0075 52.4260 13.2764 31.5745 16.4234 125.9189 -21.2784 -66.3316 79.8106 6.7878 15.1505 48.0670 0.0000 0.0000 0.0000 -22.0984 -24.4915 -47.5984 -34.5586 -13.8643 137.3035 10.7670 60.5955 -17.1157 -2.0251 -8.9182 25.5397 0.9996 26.0336 122.9430 4.2653 19.2421 -9.6351 -0.3844 3.4218 -27.6826 -3.0748 9.6721 -39.1720 -14.1160 13.4774 -8.7429 -2.4703 5.2115 3.5881 -0.0000 0.0000 0.0000 -128.4466 -64.3099 85.3442 13.9559 -22.6717 -2.8111 -0.0000 0.0000 -9.3708 59.4507 -22.0613 -32.4721 -7.1250 0.0000 -0.0000 17.8062 -6.9818 -20.8116 -0.0000 0.0000 0.0000 17.3562 73.1155 -3.6839 -11.8849 19.6317 -2.0634 0.0000 0.0000 21.6675 -43.9398 -13.7979 12.9436 7.1250 -0.0000 -0.0000 -16.1788 -48.1289 1.2802
5.4321 7.6782 22.1796 65.0740 -81.7989 -93.7643 0.0000 0.0000 0.0000 74.3023 52.4439 13.8820 31.5040 16.4722 125.6697 -17.3821 -65.6457 79.5647 6.9256 15.2689 48.5922 0.0000 0.0000 0.0000 -22.2190 -24.6487 -47.4026 -34.5299 -13.8944 137.1839 10.5482 60.5212 -17.5926 -2.1783 -9.2280 26.5112 1.0275 26.0072 123.0260 4.1085 19.1953 -9.7452 -0.5950 3.4049 -27.7490 -2.8410 9.8557 -38.8779 -14.1496 13.6125 -8.7790 -2.4966 5.2893 3.5720 0.0000 -0.0000 0.0000 -126.6863 -62.2639 84.9000 14.3218 -23.1929 -2.9537 -0.0000 0.0000 -9.5236 60.2727 -22.9188 -34.2932 -7.1250 0.0000 -0.0000 17.9908 -8.7577 -21.5276 0.0000 -0.0000 0.0000 21.6612 72.5350 0.1859 -11.9099 19.6694 -2.0719 0.0000 0.0000 25.0701 -46.4162 -13.3118 13.5999 7.1250 -0.0000 -0.0000 -18.6504 -48.0077 1.4306
5.4810 7.6876 22.1608 67.0109 -81.5464 -96.1984 0.0000 0.0000 0.0000 73.9759 52.4216 14.1301 31.4055 16.5396 125.3231 -20.2074 -65.7009 78.4051 6.8920 15.2403 48.4647 0.0000 0.0000 0.0000 -22.1575 -24.4196 -47.1878 -34.4853 -13.9410 136.9984 10.2368 60.2114 -17.9380 -2.2916 -9.4488 27.2095 1.0569 25.9767 123.2170 3.9328 19.1153 -9.8988 -0.8095 3.3757 -27.8486 -2.5879 10.0380 -38.6780 -14.1611 13.7494 -8.7494 -2.5165 5.3602 3.5860 0.0000 -0.0000 0.0000 -124.9806 -60.0565 84.2878 14.7257 -23.7627 -3.1146 -0.0000 0.0000 -9.7795 61.0023 -23.8690 -36.1321 -7.1250 0.0000 -0.0000 18.0926 -10.5995 -22.1355 0.0000 -0.0000 0.0000 26.2084 71.7079 4.3968 -12.1376 20.0106 -2.1491 0.0000 0.0000 28.2885 -48.3272 -13.1307 14.3173 7.1250 -0.0000 -0.0000 -20.6160 -48.1827 1.6857
5.5236 7.7060 22.1441 68.6487 -81.2605 -98.3823 0.0000 0.0000 0.0000 73.1261 52.3355 14.1028 31.2785 16.6251 124.8781 -24.3257 -65.8574 76.6884 6.8188 15.1774 48.1857 0.0000 0.0000 0.0000 -22.0085 -23.8839 -46.8975 -34.4267 -14.0017 136.7559 9.9241 59.7573 -18.0661 -2.3837 -9.6234 27.7656 1.0979 25.9227 123.5600 3.7305 18.9788 -10.0937 -1.0268 3.3266 -27.9637 -2.2146 10.2434 -38.6355 -14.2599 13.8868 -8.6312 -2.5777 5.4065 3.6628 0.0000 0.0000 0.0000 -123.4232 -57.7358 83.4349 15.1043 -24.2912 -3.2687 -0.0000 0.0000 -9.7574 61.5823 -24.7394 -37.7189 -7.1250 0.0000 -0.0000 18.1334 -12.2151 -22.5854 0.0000 0.0000 0.0000 30.9366 70.6003 8.7939 -12.6717 20.8042 -2.3354 0.0000 0.0000 30.7386 -49.5971 -13.1414 14.9553 7.1250 -0.0000 -0.0000 -21.9813 -48.4884 1.9802
5.5598 7.7305 22.1296 69.7849 -80.9661 -100.0760 0.0000 0.0000 0.0000 71.8558 52.2002 13.8067 31.1369 16.7188 124.3846 -28.6473 -66.0547 74.5759 6.7203 15.0918 47.8084 0.0000 0.0000 0.0000 -21.8476 -23.2300 -46.5287 -34.3594 -14.0708 136.4783 9.6482 59.2598 -18.0391 -2.4578 -9.7608 28.2055 1.1343 25.8485 123.9590 3.5499 18.8061 -10.2844 -1.1915 3.2673 -28.0715 -1.7782 10.4736 -38.7174 -14.4440 14.0377 -8.4898 -2.6710 5.4412 3.7744 0.0000 -0.0000 0.0000 -122.1723 -55.3630 82.2591 15.3889 -24.6850 -3.3867 -0.0000 0.0000 -9.2198 62.0242 -25.3960 -38.9178 -7.1250 0.0000 -0.0000 18.1627 -13.4317 -22.9099 0.0000 -0.0000 0.0000 35.7472 69.1754 13.2744 -13.6070 22.1701 -2.6780 0.0000 0.0000 31.7845 -50.2797 -13.1001 15.2594 7.1250 -0.0000 -0.0000 -22.7070 -48.5940 2.1137
5.5891 7.7565 22.1177 70.2446 -80.7178 -101.0370 0.0000 0.0000 0.0000 70.3969 52.0457 13.2824 31.0060 16.8039 123.9305 -32.5373 -66.2880 72.3439 6.6081 14.9928 47.3762 0.0000 0.0000 0.0000 -21.7162 -22.6784 -46.1216 -34.2907 -14.1406 136.1966 9.4116 58.8071 -17.9888 -2.5094 -9.8550 28.5085 1.1476 25.7578 124.2630 3.4492 18.6395 -10.4195 -1.2467 3.2144 -28.1575 -1.4146 10.7117 -38.8371 -14.6276 14.2190 -8.3942 -2.7497 5.4919 3.8719 0.0000 0.0000 0.0000 -121.2372 -53.0252 80.8182 15.6000 -24.9753 -3.4753 -0.0000 0.0000 -8.3528 62.3082 -25.8050 -39.6734 -7.1250 0.0000 -0.0000 18.1838 -14.1939 -23.1115 0.0000 0.0000 0.0000 40.4108 67.3435 17.8668 -15.0515 24.2178 -3.2470 0.0000 0.0000 31.0374 -50.4957 -12.9007 15.1521 7.1250 -0.0000 -0.0000 -22.8655 -48.3708 1.9985
5.6114 7.7805 22.1087 70.1400 -80.5427 -101.3650 0.0000 0.0000 0.0000 69.0149 51.8683 12.6715 30.8993 16.8721 123.5623 -35.6503 -66.5322 70.2718 6.4976 14.8938 46.9477 0.0000 0.0000 0.0000 -21.6246 -22.3028 -45.6886 -34.2261 -14.2056 135.9327 9.2024 58.4318 -17.9967 -2.5393 -9.9090 28.6825 1.1209 25.6731 124.4240 3.4418 18.4911 -10.4891 -1.1780 3.1737 -28.2233 -1.1643 10.9577 -38.9429 -14.7467 14.4463 -8.3350 -2.7855 5.5755 3.9441 -0.0000 0.0000 0.0000 -120.4283 -50.8520 79.3108 15.8065 -25.2576 -3.5630 -0.0000 0.0000 -7.5399 62.3380 -25.9947 -39.9011 -7.1250 0.0000 -0.0000 18.1394 -14.4638 -23.1095 -0.0000 0.0000 0.0000 44.7742 65.0951 22.4380 -17.0291 26.8961 -4.1005 0.0000 0.0000 28.9949 -50.4049 -12.6599 14.8406 7.1250 -0.0000 -0.0000 -22.6752 -48.0162 1.7731
5.6274 7.8008 22.1015 69.7078 -80.4255 -101.3280 0.0000 0.0000 0.0000 67.8531 51.6495 12.1108 30.8149 16.9254 123.2718 -37.7837 -66.7269 68.5197 6.4060 14.8106 46.5902 0.0000 0.0000 0.0000 -21.5894 -22.0723 -45.2137 -34.1676 -14.2639 135.6946 9.0305 58.1442 -18.0443 -2.5571 -9.9411 28.7861 1.0311 25.6174 124.4780 3.4932 18.3168 -10.5156 -1.0084 3.1355 -28.2749 -0.9284 11.2420 -39.0159 -14.8114 14.7243 -8.2828 -2.7942 5.6911 4.0067 0.0000 0.0000 0.0000 -119.5456 -48.9990 77.8704 16.0056 -25.5282 -3.6484 -0.0000 0.0000 -6.9100 62.0637 -25.9805 -39.5599 -7.1250 0.0000 -0.0000 17.9993 -14.2244 -22.8618 0.0000 0.0000 0.0000 49.0042 62.5962 26.6681 -19.3781 29.8858 -5.2179 0.0000 0.0000 26.9021 -50.1443 -12.5148 14.5510 7.1250 -0.0000 -0.0000 -22.3417 -47.7548 1.5940
5.6375 7.8169 22.0954 69.1362 -80.3333 -101.1360 0.0000 0.0000 0.0000 66.9010 51.3882 11.6459 30.7454 16.9688 123.0335 -38.9384 -66.8262 67.1132 6.3413 14.7511 46.3366 0.0000 0.0000 0.0000 -21.6412 -21.9529 -44.6972 -34.1170 -14.3140 135.4895 8.9356 57.9667 -18.0440 -2.5791 -9.9803 28.9129 0.8504 25.6074 124.4580 3.5614 18.0614 -10.5239 -0.7685 3.0883 -28.3186 -0.5813 11.5943 -39.0209 -14.8652 15.0408 -8.2446 -2.8094 5.8287 4.0666 -0.0000 0.0000 0.0000 -118.5186 -47.6047 76.4264 16.1215 -25.6851 -3.6985 -0.0000 0.0000 -6.3052 61.5651 -25.7554 -38.7463 -7.1250 0.0000 -0.0000 17.8075 -13.5367 -22.4438 -0.0000 0.0000 0.0000 53.3735 60.0500 30.3907 -21.8359 32.7911 -6.4968 0.0000 0.0000 25.6581 -49.7723 -12.4970 14.3491 7.1250 -0.0000 -0.0000 -21.9394 -47.6452 1.5006
5.6428 7.8284 22.0890 68.5378 -80.2353 -100.9010 0.0000 0.0000 0.0000 66.0718 51.0993 11.2506 30.6863 17.0054 122.8311 -39.3707 -66.8357 65.9813 6.2970 14.7101 46.1624 0.0000 0.0000 0.0000 -21.8224 -21.9537 -44.1629 -34.0776 -14.3528 135.3303 8.9443 57.9281 -17.9569 -2.6135 -10.0414 29.1109 0.5631 25.6586 124.3700 3.6262 17.7083 -10.5295 -0.4779 3.0301 -28.3646 -0.0708 12.0098 -38.8970 -14.9343 15.3677 -8.2469 -2.8521 5.9759 4.1146 -0.0000 0.0000 0.0000 -117.3686 -46.7521 74.8563 16.1112 -25.6711 -3.6940 -0.0000 0.0000 -5.6796 60.9841 -25.3489 -37.6631 -7.1250 0.0000 -0.0000 17.6284 -12.5552 -21.9763 -0.0000 0.0000 0.0000 57.8915 57.5378 33.6863 -24.1998 35.3749 -7.8219 0.0000 0.0000 25.2456 -49.3210 -12.5815 14.2215 7.1250 -0.0000 -0.0000 -21.4908 -47.6593 1.4748
5.6443 7.8354 22.0813 68.0096 -80.1033 -100.7250 0.0000 0.0000 0.0000 65.2627 50.7897 10.8894 30.6318 17.0389 122.6451 -39.1751 -66.7459 65.0504 6.2700 14.6850 46.0560 0.0000 0.0000 0.0000 -22.1632 -22.0703 -43.6240 -34.0507 -14.3790 135.2222 9.0313 58.0248 -17.8517 -2.6503 -10.1061 29.3212 0.1717 25.8037 124.2230 3.7023 17.2960 -10.5365 -0.1297 2.9703 -28.4246 0.5319 12.4436 -38.5780 -14.9858 15.6759 -8.3115 -2.9084 6.1284 4.1266 0.0000 -0.0000 0.0000 -116.1351 -46.4311 73.2187 16.0153 -25.5414 -3.6526 -0.0000 0.0000 -5.3540 60.5152 -24.9978 -36.7736 -7.1250 0.0000 -0.0000 17.4898 -11.7379 -21.5994 0.0000 -0.0000 0.0000 62.3301 55.0620 36.6715 -26.3221 37.5251 -9.0832 0.0000 0.0000 25.2620 -48.8584 -12.7422 14.1692 7.1250 -0.0000 -0.0000 -21.0550 -47.7750 1.5047
5.6429 7.8379 22.0714 67.6799 -79.9172 -100.7490 0.0000 0.0000 0.0000 64.4619 50.4588 10.5893 30.5745 17.0739 122.4498 -38.2007 -66.5107 64.3704 6.2709 14.6859 46.0596 0.0000 0.0000 0.0000 -22.6523 -22.2465 -43.0857 -34.0365 -14.3928 135.1651 9.1343 58.2110 -17.8441 -2.6703 -10.1413 29.4354 -0.3228 26.1150 124.0240 3.8392 16.9044 -10.5345 0.3199 2.9284 -28.5061 1.0972 12.8456 -38.0440 -14.9670 15.9575 -8.4351 -2.9460 6.2905 4.0855 -0.0000 0.0000 0.0000 -114.8676 -46.5070 71.7603 15.9078 -25.3954 -3.6063 -0.0000 0.0000 -5.7585 60.4463 -25.1229 -36.8248 -7.1250 0.0000 -0.0000 17.4146 -11.8509 -21.5245 -0.0000 0.0000 0.0000 66.4330 52.6252 39.4037 -28.0820 39.1916 -10.1754 0.0000 0.0000 25.4608 -48.4100 -12.9198 14.1398 7.1250 -0.0000 -0.0000 -20.6375 -47.9163 1.5470
5.6398 7.8367 22.0585 67.7196 -79.6688 -101.1760 0.0000 0.0000 0.0000 63.7262 50.0953 10.4323 30.5050 17.1159 122.2132 -36.3535 -66.0935 64.0145 6.3117 14.7237 46.2200 0.0000 0.0000 0.0000 -23.2162 -22.3565 -42.5449 -34.0321 -14.3972 135.1471 9.2012 58.4113 -17.9674 -2.6707 -10.1419 29.4375 -0.9158 26.6809 123.8030 4.0846 16.6206 -10.5153 0.9113 2.9244 -28.6133 1.5309 13.1883 -37.3537 -14.8609 16.2226 -8.5728 -2.9446 6.4648 4.0035 -0.0000 -0.0000 0.0000 -113.6458 -46.7399 70.6624 15.8272 -25.2858 -3.5718 -0.0000 0.0000 -6.8652 60.9482 -25.8778 -38.1570 -7.1250 0.0000 -0.0000 17.4437 -13.2166 -21.8739 -0.0000 -0.0000 0.0000 69.9364 50.1952 41.9282 -29.5043 40.4647 -11.0865 0.0000 0.0000 25.6811 -47.9151 -13.1209 14.1099 7.1250 -0.0000 -0.0000 -20.1756 -48.0777 1.5927
5.6360 7.8333 22.0421 68.2271 -79.3680 -102.1350 0.0000 0.0000 0.0000 63.0808 49.6848 10.4639 30.4155 17.1695 121.9096 -33.8832 -65.5238 63.9028 6.3867 14.7929 46.5147 0.0000 0.0000 0.0000 -23.7345 -22.2617 -41.9979 -34.0306 -14.3987 135.1411 9.2117 58.5438 -18.1483 -2.6677 -10.1366 29.4204 -1.5738 27.5185 123.6210 4.4313 16.4861 -10.4882 1.6166 2.9634 -28.7453 1.8130 13.4626 -36.6205 -14.6849 16.4731 -8.6600 -2.9041 6.6410 3.9133 0.0000 -0.0000 0.0000 -112.5442 -46.8931 69.8531 15.7698 -25.2076 -3.5474 -0.0000 0.0000 -8.1034 61.7953 -26.8170 -40.0709 -7.1250 0.0000 -0.0000 17.5898 -15.0817 -22.4777 0.0000 -0.0000 0.0000 72.6811 47.7266 44.2579 -30.7481 41.5261 -11.9025 0.0000 0.0000 25.7607 -47.3168 -13.4352 14.1407 7.1250 -0.0000 -0.0000 -19.6329 -48.3661 1.6908
5.6326 7.8298 22.0225 69.1516 -79.0489 -103.5770 0.0000 0.0000 0.0000 62.5195 49.2274 10.6536 30.3068 17.2337 121.5420 -31.2706 -64.8842 63.8617 6.4744 14.8728 46.8573 0.0000 0.0000 0.0000 -24.0612 -21.8691 -41.4589 -34.0248 -14.4042 135.1180 9.1616 58.5362 -18.2822 -2.6795 -10.1571 29.4871 -2.2370 28.5397 123.5180 4.8152 16.4786 -10.4699 2.3382 3.0323 -28.8909 1.9780 13.6654 -35.9546 -14.4621 16.6897 -8.6596 -2.8369 6.7991 3.8420 0.0000 0.0000 0.0000 -111.5633 -46.8575 69.1044 15.7269 -25.1490 -3.5291 -0.0000 0.0000 -8.9724 62.4977 -27.3232 -41.4014 -7.1250 0.0000 -0.0000 17.7942 -16.2851 -23.0115 0.0000 0.0000 0.0000 74.7371 45.2560 46.3718 -31.9043 42.4707 -12.6761 0.0000 0.0000 25.6327 -46.6634 -13.8771 14.2617 7.1250 -0.0000 -0.0000 -19.0583 -48.8076 1.8514
5.6303 7.8279 22.0005 70.3344 -78.7557 -105.3060 0.0000 0.0000 0.0000 62.0152 48.7441 10.9132 30.1853 17.3043 121.1329 -28.9410 -64.2607 63.7491 6.5513 14.9421 47.1563 0.0000 0.0000 0.0000 -24.0701 -21.1538 -40.9558 -34.0084 -14.4202 135.0519 9.0414 58.3420 -18.3259 -2.7086 -10.2077 29.6519 -2.8565 29.6135 123.4840 5.1671 16.5386 -10.4686 2.9827 3.1109 -29.0334 2.0833 13.8050 -35.4195 -14.2130 16.8533 -8.5809 -2.7588 6.9234 3.7985 -0.0000 0.0000 0.0000 -110.6326 -46.6787 68.2645 15.6984 -25.1100 -3.5170 -0.0000 0.0000 -9.4939 62.7673 -27.1899 -41.6007 -7.1250 0.0000 -0.0000 17.9799 -16.3385 -23.2838 -0.0000 0.0000 0.0000 76.2799 42.9210 48.3370 -32.8962 43.2501 -13.3509 0.0000 0.0000 25.3659 -46.0835 -14.3505 14.4350 7.1250 -0.0000 -0.0000 -18.5586 -49.3005 2.0312
5.6296 7.8304 21.9772 71.5344 -78.5158 -107.0410 0.0000 0.0000 0.0000 61.4067 48.2586 11.0796 30.0538 17.3795 120.6915 -27.1356 -63.7040 63.4044 6.6038 14.9890 47.3595 0.0000 0.0000 0.0000 -23.7216 -20.1638 -40.4894 -33.9727 -14.4548 134.9086 8.8369 57.9609 -18.3277 -2.7372 -10.2570 29.8130 -3.4018 30.6077 123.4990 5.4446 16.5956 -10.4885 3.5050 3.1791 -29.1620 2.1666 13.8956 -35.0204 -13.9502 16.9592 -8.4673 -2.6798 7.0114 3.7734 -0.0000 -0.0000 0.0000 -109.6665 -46.4879 67.4051 15.6687 -25.0694 -3.5044 -0.0000 0.0000 -9.9938 62.6973 -26.6329 -40.9714 -7.1250 0.0000 -0.0000 18.1244 -15.5761 -23.3289 -0.0000 -0.0000 0.0000 77.4024 40.8635 50.3267 -33.6130 43.7960 -13.8445 0.0000 0.0000 25.0736 -45.6809 -14.8284 14.6859 7.1250 -0.0000 -0.0000 -18.2401 -49.8329 2.2394
5.6314 7.8406 21.9537 72.4254 -78.3381 -108.4100 0.0000 0.0000 0.0000 60.4123 47.7957 10.9294 29.9119 17.4591 120.2177 -25.8868 -63.2156 62.6794 6.6368 15.0182 47.4867 0.0000 0.0000 0.0000 -23.0963 -19.0432 -40.0400 -33.9117 -14.5133 134.6651 8.5564 57.4556 -18.3759 -2.7391 -10.2602 29.8235 -3.8493 31.3784 123.5420 5.6244 16.5726 -10.5338 3.8927 3.2174 -29.2725 2.2387 13.9490 -34.7188 -13.6865 17.0128 -8.3709 -2.6062 7.0686 3.7485 0.0000 -0.0000 0.0000 -108.6099 -46.4015 66.7020 15.6016 -24.9775 -3.4760 -0.0000 0.0000 -10.6842 62.5234 -25.9752 -40.1039 -7.1250 0.0000 -0.0000 18.2434 -14.5895 -23.2824 0.0000 -0.0000 0.0000 78.2378 39.1722 52.3999 -33.9790 44.0692 -14.0985 0.0000 0.0000 24.8604 -45.4734 -15.3649 15.0765 7.1250 -0.0000 -0.0000 -18.1393 -50.4800 2.5219
5.6363 7.8606 21.9314 72.6575 -78.2310 -108.9930 0.0000 0.0000 0.0000 58.8221 47.3958 10.2674 29.7662 17.5392 119.7332 -25.1718 -62.8016 61.5193 6.6631 15.0415 47.5882 0.0000 0.0000 0.0000 -22.3171 -17.9829 -39.6216 -33.8243 -14.5965 134.3170 8.2475 56.9162 -18.4789 -2.7100 -10.2102 29.6600 -4.1908 31.7853 123.5490 5.6986 16.4019 -10.5964 4.1524 3.2124 -29.3593 2.3046 13.9724 -34.4644 -13.4512 17.0200 -8.3326 -2.5487 7.1004 3.7098 -0.0000 -0.0000 0.0000 -107.4403 -46.4733 66.3265 15.4751 -24.8038 -3.4228 -0.0000 0.0000 -11.6916 62.3510 -25.4516 -39.3628 -7.1250 0.0000 -0.0000 18.3180 -13.7677 -23.2018 -0.0000 -0.0000 0.0000 78.9864 37.8925 54.4463 -33.9322 44.0345 -14.0659 0.0000 0.0000 24.6393 -45.4400 -15.8915 15.5388 7.1250 -0.0000 -0.0000 -18.2241 -51.1505 2.8414
5.6443 7.8916 21.9115 72.0012 -78.2035 -108.4700 0.0000 0.0000 0.0000 56.6011 47.1093 8.9937 29.6267 17.6145 119.2710 -25.0508 -62.5152 59.9177 6.6837 15.0596 47.6675 0.0000 0.0000 0.0000 -21.4465 -17.1167 -39.3072 -33.7154 -14.6986 133.8863 7.9568 56.3889 -18.5682 -2.6739 -10.1475 29.4557 -4.4516 31.7613 123.3930 5.6895 16.0640 -10.6461 4.3177 3.1666 -29.4143 2.3629 13.9670 -34.2291 -13.2765 16.9843 -8.3691 -2.5170 7.1081 3.6533 -0.0000 0.0000 0.0000 -106.2165 -46.6946 66.3363 15.2919 -24.5512 -3.3463 -0.0000 0.0000 -13.0648 62.0750 -25.1061 -38.6777 -7.1250 0.0000 -0.0000 18.2801 -13.0913 -22.9934 -0.0000 0.0000 0.0000 79.7717 37.0671 56.3503 -33.4113 43.6438 -13.7051 0.0000 0.0000 24.1929 -45.5689 -16.2608 15.9408 7.1250 -0.0000 -0.0000 -18.4550 -51.6555 3.1134
5.6556 7.9356 21.8945 70.4330 -78.2524 -106.7560 0.0000 0.0000 0.0000 53.7602 46.9540 7.0787 29.4961 17.6836 118.8405 -25.7203 -62.4536 57.6849 6.6712 15.0486 47.6194 0.0000 0.0000 0.0000 -20.4705 -16.4831 -39.1662 -33.5874 -14.8166 133.3839 7.6358 55.8185 -18.7117 -2.6340 -10.0775 29.2282 -4.6702 31.3562 122.9660 5.6484 15.6114 -10.6481 4.4442 3.0995 -29.4381 2.3779 13.9253 -34.0211 -13.1616 16.9096 -8.4707 -2.5047 7.0935 3.5807 -0.0000 0.0000 0.0000 -105.1681 -47.0056 66.4711 15.0474 -24.2121 -3.2454 -0.0000 0.0000 -14.4492 61.5037 -24.8128 -37.7050 -7.1250 0.0000 -0.0000 18.0692 -12.2509 -22.5061 -0.0000 0.0000 0.0000 80.5602 36.7193 58.0830 -32.4290 42.8865 -13.0319 0.0000 0.0000 23.4323 -45.7863 -16.4189 16.1999 7.1250 -0.0000 -0.0000 -18.7390 -51.9112 3.2844
5.6707 7.9963 21.8790 68.1417 -78.3584 -104.0500 0.0000 0.0000 0.0000 50.3034 46.8815 4.5673 29.3609 17.7539 118.3962 -27.2814 -62.7005 54.3879 6.5771 14.9652 47.2562 0.0000 0.0000 0.0000 -19.3201 -16.0258 -39.2043 -33.4357 -14.9538 132.7933 7.1203 55.0320 -19.1891 -2.5441 -9.9176 28.7103 -4.8666 30.7106 122.2630 5.6300 15.1444 -10.5879 4.5805 3.0371 -29.4455 2.2897 13.8355 -33.8635 -13.0770 16.8008 -8.6213 -2.4929 7.0608 3.4919 0.0000 -0.0000 0.0000 -104.6421 -47.3338 66.1460 14.7010 -23.7279 -3.1046 -0.0000 0.0000 -15.0136 60.5076 -24.3836 -36.1266 -7.1250 0.0000 -0.0000 17.6743 -10.9174 -21.6522 0.0000 -0.0000 0.0000 81.2650 36.8259 59.6335 -31.0950 41.8137 -12.1331 0.0000 0.0000 22.5132 -45.9242 -16.4555 16.3074 7.1250 -0.0000 -0.0000 -18.9048 -51.9920 3.3535
5.6898 8.0791 21.8632 65.4625 -78.4935 -100.7710 0.0000 0.0000 0.0000 46.2941 46.7929 1.6158 29.1949 17.8384 117.8531 -29.2870 -63.2249 49.5291 6.3559 14.7646 46.3941 0.0000 0.0000 0.0000 -17.8600 -15.5402 -39.3571 -33.2469 -15.1204 132.0659 6.2580 53.7793 -20.2142 -2.3540 -9.5674 27.5870 -5.0358 29.9857 121.3900 5.6607 14.7520 -10.4831 4.7406 2.9973 -29.4599 2.0747 13.6960 -33.7737 -13.0119 16.6638 -8.8082 -2.4729 7.0130 3.3905 0.0000 -0.0000 0.0000 -104.7684 -47.6685 65.0135 14.2328 -23.0665 -2.9187 -0.0000 0.0000 -14.2599 59.0050 -23.6083 -33.6892 -7.1250 0.0000 -0.0000 17.1112 -8.7899 -20.3856 0.0000 -0.0000 0.0000 81.8290 37.3084 60.9802 -29.5887 40.5382 -11.1413 0.0000 0.0000 21.6321 -45.8212 -16.4519 16.2487 7.1250 -0.0000 -0.0000 -18.7867 -51.9622 3.3172
5.7130 8.1882 21.8459 62.7454 -78.6312 -97.3602 0.0000 0.0000 0.0000 41.8803 46.5860 -1.5591 28.9730 17.9483 117.1309 -30.4217 -63.7274 43.0256 6.0136 14.4415 45.0362 0.0000 0.0000 0.0000 -15.9822 -14.7541 -39.5380 -33.0052 -15.3275 131.1454 5.0817 51.9043 -21.6630 -2.0564 -8.9826 25.7410 -5.1744 29.3042 120.4840 5.7386 14.4706 -10.3669 4.9190 2.9847 -29.5023 1.7692 13.5225 -33.7632 -12.9944 16.5097 -9.0126 -2.4556 6.9516 3.2905 0.0000 -0.0000 0.0000 -105.2791 -48.0806 63.3240 13.6959 -22.2983 -2.7116 -0.0000 0.0000 -12.6144 56.9032 -22.2097 -30.1102 -7.1250 0.0000 -0.0000 16.3960 -5.4999 -18.6392 0.0000 -0.0000 0.0000 82.2478 38.0540 62.1172 -28.0995 39.2076 -10.1865 0.0000 0.0000 20.8891 -45.4037 -16.4114 15.9892 7.1250 -0.0000 -0.0000 -18.3035 -51.8087 3.1566
5.7397 8.3241 21.8269 60.1973 -78.7470 -94.0892 0.0000 0.0000 0.0000 37.2172 46.1929 -4.7702 28.6802 18.0881 116.1842 -29.6496 -63.8182 35.3720 5.5949 14.0240 43.3336 0.0000 0.0000 0.0000 -13.7604 -13.5333 -39.6703 -32.7007 -15.5789 130.0024 3.8040 49.4964 -23.1839 -1.6759 -8.1557 23.1879 -5.2983 28.7148 119.6490 5.8510 14.2671 -10.2707 5.1215 2.9909 -29.5852 1.4327 13.3477 -33.8361 -13.0522 16.3646 -9.2086 -2.4523 6.8851 3.2096 0.0000 -0.0000 0.0000 -105.7630 -48.6712 61.5045 13.1574 -21.5173 -2.5107 -0.0000 0.0000 -10.9359 54.0946 -19.8366 -25.1118 -7.1250 0.0000 -0.0000 15.5229 -0.6209 -16.2977 0.0000 -0.0000 0.0000 82.5773 38.9367 63.0929 -26.7908 37.9790 -9.3701 0.0000 0.0000 20.2873 -44.6560 -16.3430 15.5374 7.1250 -0.0000 -0.0000 -17.4485 -51.5430 2.8854
5.7686 8.4828 21.8075 57.8092 -78.8236 -90.9683 0.0000 0.0000 0.0000 32.4298 45.5938 -7.8974 28.3176 18.2531 115.0215 -27.1972 -63.3703 27.0745 5.1001 13.4956 41.2532 0.0000 0.0000 0.0000 -11.4154 -11.9540 -39.7101 -32.3373 -15.8654 128.6617 2.6471 46.8354 -24.4646 -1.2594 -7.1141 20.0537 -5.4344 28.1908 118.9090 5.9831 14.0667 -10.2087 5.3654 3.0005 -29.7073 1.1126 13.2075 -33.9846 -13.1726 16.2625 -9.3719 -2.4608 6.8294 3.1583 0.0000 -0.0000 0.0000 -105.9642 -49.5229 59.6863 12.6554 -20.7802 -2.3296 -0.0000 0.0000 -9.8648 50.4104 -16.1833 -18.6253 -7.1250 0.0000 -0.0000 14.3651 6.1241 -13.1820 0.0000 -0.0000 0.0000 82.8954 39.8576 64.0071 -25.7709 36.9816 -8.7495 0.0000 0.0000 19.7829 -43.5769 -16.3946 15.0330 7.1250 -0.0000 -0.0000 -16.2603 -51.3577 2.6045
5.7995 8.6508 21.7896 55.0772 -78.9111 -87.3279 0.0000 0.0000 0.0000 27.6708 44.8744 -11.0960 27.9730 18.4021 113.9255 -23.8927 -62.6022 18.1528 4.4706 12.7616 38.4826 0.0000 0.0000 0.0000 -9.1010 -10.3546 -39.8330 -31.9564 -16.1512 127.2805 1.6935 44.2267 -25.4920 -0.8710 -5.9505 16.6410 -5.6296 27.5496 117.9360 6.1063 13.7649 -10.1182 5.6351 2.9998 -29.8223 0.8767 13.1336 -34.1847 -13.3077 16.2243 -9.4745 -2.4730 6.7965 3.1432 0.0000 -0.0000 0.0000 -105.7790 -50.6697 57.7787 12.2124 -20.1224 -2.1748 -0.0000 0.0000 -9.8047 45.6987 -11.4269 -11.4756 -7.1250 0.0000 -0.0000 12.5558 14.1073 -9.3483 0.0000 -0.0000 0.0000 83.2814 40.7442 64.9429 -25.0804 36.2861 -8.3375 0.0000 0.0000 19.2772 -42.1640 -16.7008 14.5874 7.1250 -0.0000 -0.0000 -14.7541 -51.4216 2.3772
5.8467 8.7470 21.7731 48.0551 -79.4184 -77.6379 0.0000 0.0000 0.0000 23.2118 44.5771 -17.1517 28.2170 18.2974 114.7005 -20.9141 -62.3406 8.7703 3.6985 11.7480 34.8463 0.0000 0.0000 0.0000 -6.5422 -10.2424 -42.3535 -31.8299 -16.2429 126.8271 0.8948 42.0749 -26.6898 -0.5464 -4.7357 13.1564 -6.2438 25.7430 113.8210 6.1921 12.9935 -9.3167 5.8822 2.9959 -29.6416 1.0042 13.2219 -34.3171 -13.3785 16.2845 -9.4607 -2.4998 6.8059 3.1822 -0.0000 -0.0000 0.0000 -104.8223 -51.9932 55.4994 11.8409 -19.5656 -2.0487 -0.0000 0.0000 -11.0499 40.0155 -6.3435 -5.2997 -7.1250 0.0000 -0.0000 9.6353 21.7625 -5.4520 -0.0000 -0.0000 0.0000 84.0645 41.3942 66.0265 -24.7415 35.9386 -8.1377 0.0000 0.0000 18.6681 -40.3973 -17.1561 14.0913 7.1250 -0.0000 -0.0000 -12.8770 -51.5935 2.1204
5.9404 8.6186 21.7514 27.2456 -79.8676 -49.0962 0.0000 0.0000 0.0000 17.6653 45.5701 -33.1163 29.9311 17.4484 120.2817 -18.4533 -63.1193 -1.0810 2.8787 10.4960 30.5983 0.0000 0.0000 0.0000 -2.6636 -13.6541 -52.6183 -32.4685 -15.7636 129.1428 0.1891 40.6227 -28.3133 -0.2967 -3.5022 9.6803 -7.2644 20.5734 101.3250 6.0669 10.8916 -6.8036 6.0262 2.9062 -28.4766 1.8858 13.6027 -34.1714 -13.2911 16.4855 -9.2706 -2.5633 6.8846 3.2919 -0.0000 -0.0000 0.0000 -102.4148 -53.1781 52.5084 11.5519 -19.1293 -1.9530 -0.0000 0.0000 -13.6710 33.9570 -1.7119 -1.1525 -7.1250 0.0000 -0.0000 5.6927 27.9010 -2.3779 -0.0000 -0.0000 0.0000 85.7560 41.4763 67.3851 -24.7646 35.9624 -8.1513 0.0000 0.0000 17.9322 -38.3125 -17.5651 13.4115 7.1250 -0.0000 -0.0000 -10.6486 -51.6425 1.7586
6.0778 8.2576 21.7224 3.7467 -76.6787 -10.1091 0.0000 0.0000 0.0000 2.3623 44.7523 -67.4458 32.6674 15.6057 129.8788 -13.7839 -60.8150 -8.9977 2.1898 9.2508 26.5830 0.0000 0.0000 0.0000 4.1794 -19.3355 -75.7800 -33.9266 -14.4991 134.7242 -0.1873 39.1781 -28.7452 -0.1433 -2.4396 6.7222 -7.2969 11.7799 77.4083 5.3496 6.8531 -1.9737 6.1524 2.4473 -25.9093 3.4574 14.2154 -33.6708 -13.0249 16.7804 -8.9167 -2.6569 7.0193 3.4502 0.0000 0.0000 0.0000 -98.5854 -53.9126 49.0853 11.3747 -18.8602 -1.8953 -0.0000 0.0000 -17.3025 28.7967 1.6782 0.9223 -7.1250 0.0000 -0.0000 1.7841 31.8915 -0.5725 0.0000 0.0000 0.0000 88.2359 40.9243 68.8570 -25.0617 36.2670 -8.3264 0.0000 0.0000 17.0395 -36.1142 -17.9334 12.6613 7.1250 -0.0000 -0.0000 -8.3036 -51.6250 1.3626
6.1820 7.9397 21.7228 1.0575 -72.7703 10.7469 0.0000 0.0000 0.0000 -12.3313 25.7722 -100.2140 34.2646 14.1669 136.0896 -6.2672 -47.7823 -11.0801 1.7283 8.2757 23.5547 0.0000 0.0000 0.0000 10.2207 -16.5892 -103.5546 -35.1465 -13.2169 139.8139 -0.2749 34.1873 -25.5911 -0.0714 -1.7237 4.7426 -6.2072 4.9799 51.9048 3.8619 2.8223 0.4014 6.0248 1.5393 -21.6014 4.9848 14.7633 -33.0954 -12.7093 17.0276 -8.5186 -2.7362 7.1408 3.6023 0.0000 -0.0000 0.0000 -94.6649 -54.2632 46.2239 11.3397 -18.8071 -1.8840 -0.0000 0.0000 -20.9164 25.7131 2.6485 1.2747 -7.1250 0.0000 -0.0000 -0.7171 32.9183 0.2123 0.0000 -0.0000 0.0000 90.4580 40.2608 70.0002 -25.4288 36.6391 -8.5445 0.0000 0.0000 15.8249 -34.1285 -18.3790 12.0629 7.1250 -0.0000 -0.0000 -6.1846 -51.7456 1.0306
6.2194 7.8126 21.7421 2.2066 -71.6370 19.7138 0.0000 0.0000 0.0000 -12.2999 11.7409 -113.3166 34.6122 13.8076 137.5278 -3.0840 -38.2725 -12.4812 1.3242 7.2878 20.5709 0.0000 0.0000 0.0000 9.3691 -9.5527 -117.5610 -35.4974 -12.8007 141.3730 -0.6091 28.2241 -23.3557 -0.0375 -1.2504 3.4381 -5.5191 2.5443 38.0625 2.9043 1.1868 0.6794 5.7177 1.0105 -18.7654 5.8414 15.0507 -32.7947 -12.5133 17.1546 -8.1936 -2.7722 7.2018 3.7196 -0.0000 0.0000 0.0000 -91.8787 -54.5569 44.4267 11.4646 -18.9968 -1.9244 -0.0000 0.0000 -23.1361 24.8656 0.5408 0.2506 -7.1250 0.0000 -0.0000 -1.3490 30.5743 0.4754 -0.0000 0.0000 0.0000 91.5835 40.0642 70.5992 -25.7147 36.9256 -8.7157 0.0000 0.0000 14.1926 -32.6068 -18.9380 11.7285 7.1250 -0.0000 -0.0000 -4.5343 -52.0858 0.7924
6.2357 7.9573 21.7397 1.9772 -71.6792 22.3527 0.0000 0.0000 0.0000 -11.2602 7.9055 -114.6092 34.2670 14.1645 136.0996 -2.1169 -35.3988 -14.3841 0.9620 6.2451 17.4974 0.0000 0.0000 0.0000 7.9785 -5.3711 -118.7722 -35.1784 -13.1801 139.9537 -1.0576 25.0007 -23.9952 -0.0190 -0.8904 2.4474 -5.4848 2.2062 34.9587 2.7629 0.9775 0.1617 5.6572 0.9474 -18.0956 6.1163 15.1303 -32.7636 -12.4551 17.1924 -7.9334 -2.7781 7.2130 3.8156 -0.0000 -0.0000 0.0000 -90.1789 -54.8403 43.3324 11.7879 -19.4858 -2.0310 -0.0000 0.0000 -23.1754 25.7538 -3.5010 -1.6874 -7.1250 0.0000 -0.0000 -0.6561 26.0936 0.3007 -0.0000 -0.0000 0.0000 91.7506 40.2865 70.7219 -25.9261 37.1357 -8.8430 0.0000 0.0000 12.3673 -31.5494 -19.5798 11.6269 7.1250 -0.0000 -0.0000 -3.3419 -52.6041 0.6260
6.2459 8.1959 21.7287 1.3772 -71.9736 22.9293 0.0000 0.0000 0.0000 -10.6728 6.6576 -112.2355 33.6970 14.7157 133.8140 -1.6310 -34.4106 -16.0730 0.7108 5.3881 15.0188 0.0000 0.0000 0.0000 7.1563 -2.3544 -116.1036 -34.6350 -13.7834 137.6234 -1.4671 23.0076 -25.3319 -0.0087 -0.6035 1.6583 -5.6936 2.3766 34.7800 2.7957 1.1383 -0.0117 5.7383 1.0497 -18.2620 6.2276 15.1328 -32.8084 -12.4498 17.1873 -7.6545 -2.7813 7.2002 3.9184 0.0000 0.0000 0.0000 -88.8977 -54.9322 42.4988 12.3612 -20.3441 -2.2263 -0.0000 0.0000 -21.3478 27.8799 -7.2631 -3.8264 -7.1250 0.0000 -0.0000 0.7883 21.7755 -0.4397 0.0000 0.0000 0.0000 91.5463 40.5559 70.4692 -26.1054 37.3126 -8.9515 0.0000 0.0000 10.7501 -30.7174 -20.2084 11.5986 7.1250 -0.0000 -0.0000 -2.3668 -53.1435 0.4743
6.2518 8.4309 21.7221 0.9375 -72.2122 23.3374 0.0000 0.0000 0.0000 -10.1701 5.4428 -109.9357 33.0992 15.2478 131.5019 -1.2735 -33.5650 -17.2294 0.5624 4.8032 13.3482 0.0000 0.0000 0.0000 6.5442 0.0566 -113.5727 -34.0644 -14.3656 135.2773 -1.7771 21.5258 -26.4565 -0.0033 -0.3684 1.0124 -5.8067 2.5049 34.5047 2.7697 1.2795 -0.1839 5.7095 1.1315 -18.3782 6.3851 15.1123 -32.8554 -12.4434 17.1465 -7.3006 -2.7935 7.1684 4.0468 -0.0000 0.0000 0.0000 -87.6794 -54.7637 41.8378 13.1882 -21.5623 -2.5220 -0.0000 0.0000 -18.6632 30.6235 -9.4150 -5.5310 -7.1250 0.0000 -0.0000 2.6026 19.0791 -1.6106 -0.0000 0.0000 0.0000 91.2957 40.7015 69.8840 -26.2384 37.4431 -9.0322 0.0000 0.0000 9.5925 -29.8316 -20.6409 11.4279 7.1250 -0.0000 -0.0000 -1.3518 -53.4467 0.2809
6.2552 8.6489 21.7229 0.7743 -72.3068 23.7628 0.0000 0.0000 0.0000 -9.7104 3.9134 -108.1429 32.5034 15.7362 129.2717 -0.9640 -32.6078 -18.0565 0.4651 4.3744 12.1323 0.0000 0.0000 0.0000 6.0422 1.8574 -111.6348 -33.5046 -14.8918 133.0610 -2.0111 20.4270 -27.3632 -0.0005 -0.1386 0.3808 -5.7378 2.5042 33.7887 2.6740 1.3463 -0.4056 5.5404 1.1633 -18.3429 6.5373 15.0483 -32.9179 -12.3942 17.0581 -6.8636 -2.7966 7.1153 4.1954 -0.0000 -0.0000 0.0000 -86.5477 -54.3695 41.4135 14.2256 -23.0564 -2.9159 -0.0000 0.0000 -16.2162 33.1279 -10.0971 -6.5268 -7.1250 0.0000 -0.0000 4.2943 17.9953 -2.7654 -0.0000 -0.0000 0.0000 90.9944 40.7248 68.9990 -26.3011 37.5045 -9.0703 0.0000 0.0000 8.9158 -28.8308 -20.7914 11.0559 7.1250 -0.0000 -0.0000 -0.2651 -53.4123 0.0549
6.2574 8.8491 21.7314 0.8310 -72.2583 24.2854 0.0000 0.0000 0.0000 -9.2772 2.1119 -106.8827 31.9156 16.1810 127.1338 -0.6723 -31.5208 -18.7288 0.3867 3.9932 11.0575 0.0000 0.0000 0.0000 5.5957 3.1736 -110.3062 -32.9656 -15.3608 130.9959 -2.1953 19.5395 -28.0981 -0.0003 0.1033 -0.2838 -5.4941 2.3924 32.6148 2.5497 1.3618 -0.6849 5.2716 1.1571 -18.1531 6.6112 14.9255 -32.9861 -12.3034 16.9257 -6.3690 -2.7817 7.0451 4.3502 -0.0000 -0.0000 0.0000 -85.5892 -53.7724 41.2549 15.4486 -24.7673 -3.4117 -0.0000 0.0000 -14.9237 34.6662 -10.0588 -6.8872 -7.1250 0.0000 -0.0000 5.3694 17.8412 -3.4815 -0.0000 -0.0000 0.0000 90.5603 40.6394 67.8882 -26.2968 37.5003 -9.0677 0.0000 0.0000 8.6291 -27.7916 -20.7287 10.5669 7.1250 -0.0000 -0.0000 0.8098 -53.1385 -0.1621
6.2582 9.0394 21.7453 0.9314 -72.1522 24.9200 0.0000 0.0000 0.0000 -8.8761 0.3077 -105.8863 31.3227 16.5955 125.0326 -0.4048 -30.4521 -19.3489 0.3221 3.6478 10.0879 0.0000 0.0000 0.0000 5.2049 4.2565 -109.2883 -32.4304 -15.7934 129.0028 -2.3550 18.7030 -28.7389 -0.0022 0.3057 -0.8399 -5.1609 2.2530 31.1794 2.4395 1.3860 -0.9990 4.9691 1.1464 -17.8685 6.6551 14.7667 -33.0409 -12.2691 16.7675 -5.8452 -2.7837 6.9594 4.5169 -0.0000 -0.0000 0.0000 -84.8246 -52.9832 41.3372 16.8666 -26.6816 -4.0273 -0.0000 0.0000 -15.3164 34.9909 -9.8383 -6.8203 -7.1250 0.0000 -0.0000 5.6220 18.0617 -3.6194 -0.0000 -0.0000 0.0000 89.9567 40.4582 66.6557 -26.2454 37.4500 -9.0365 0.0000 0.0000 8.5956 -26.7341 -20.5252 10.0155 7.1250 -0.0000 -0.0000 1.8588 -52.7136 -0.3529
6.2571 9.2279 21.7618 0.9133 -72.0698 25.6765 0.0000 0.0000 0.0000 -8.5168 -1.2944 -104.9067 30.7115 16.9898 122.9175 -0.1581 -29.4917 -19.9971 0.2684 3.3327 9.2065 0.0000 0.0000 0.0000 4.9023 5.3011 -108.2965 -31.8755 -16.2101 126.9902 -2.5090 17.8291 -29.3629 -0.0046 0.4363 -1.1988 -4.8096 2.1468 29.6711 2.3542 1.4554 -1.3237 4.6670 1.1533 -17.5460 6.7736 14.6091 -33.0831 -12.3720 16.5999 -5.2994 -2.8396 6.8574 4.7110 0.0000 0.0000 0.0000 -84.1870 -52.0030 41.5918 18.4905 -28.7807 -4.7831 -0.0000 0.0000 -17.3496 34.3542 -9.5109 -6.4440 -7.1250 0.0000 -0.0000 5.2174 18.5351 -3.3019 0.0000 0.0000 0.0000 89.2276 40.1868 65.3908 -26.1749 37.3809 -8.9936 0.0000 0.0000 8.6492 -25.6536 -20.2268 9.4278 7.1250 -0.0000 -0.0000 2.8931 -52.1894 -0.5124
6.2539 9.4168 21.7803 0.7288 -72.0305 26.5687 0.0000 0.0000 0.0000 -8.1946 -2.6876 -103.8818 30.0759 17.3669 120.7657 0.0859 -28.5986 -20.7275 0.2204 3.0221 8.3404 0.0000 0.0000 0.0000 4.7066 6.3468 -107.2475 -31.2873 -16.6193 124.9088 -2.6662 16.9097 -30.0184 -0.0057 0.4867 -1.3374 -4.4529 2.0757 28.1439 2.2803 1.5617 -1.6527 4.3617 1.1750 -17.2002 6.9383 14.4598 -33.1280 -12.5133 16.4324 -4.7364 -2.9141 6.7510 4.9189 0.0000 -0.0000 0.0000 -83.5796 -50.8293 41.9477 20.3002 -31.0024 -5.6852 -0.0000 0.0000 -20.5071 33.3052 -8.9238 -5.8192 -7.1250 0.0000 -0.0000 4.5457 19.3571 -2.7908 0.0000 -0.0000 0.0000 88.4512 39.8259 64.1377 -26.1009 37.3082 -8.9487 0.0000 0.0000 8.6303 -24.6018 -19.9288 8.8704 7.1250 -0.0000 -0.0000 3.8827 -51.6794 -0.6395
6.2487 9.6066 21.8013 0.4364 -72.0222 27.5538 0.0000 0.0000 0.0000 -7.9064 -3.9535 -102.8162 29.4117 17.7276 118.5630 0.3392 -27.7028 -21.5491 0.1753 2.6970 7.4363 0.0000 0.0000 0.0000 4.5954 7.3603 -106.1450 -30.6619 -17.0204 122.7479 -2.8254 15.9861 -30.7079 -0.0044 0.4296 -1.1803 -4.0861 2.0180 26.5964 2.1981 1.6741 -1.9872 4.0427 1.1972 -16.8268 7.0790 14.3171 -33.1849 -12.5569 16.2735 -4.1635 -2.9545 6.6559 5.1185 -0.0000 -0.0000 0.0000 -82.9120 -49.4611 42.3477 22.2507 -33.2592 -6.7228 -0.0000 0.0000 -24.1926 32.3507 -8.0272 -5.0548 -7.1250 0.0000 -0.0000 3.9572 20.5131 -2.3251 -0.0000 -0.0000 0.0000 87.6943 39.3782 62.9135 -26.0197 37.2281 -8.8996 0.0000 0.0000 8.4337 -23.5789 -19.6850 8.3636 7.1250 -0.0000 -0.0000 4.8439 -51.2398 -0.7461
6.2419 9.7984 21.8248 0.1529 -72.0405 28.5068 0.0000 0.0000 0.0000 -7.6731 -5.1549 -101.6757 28.7118 18.0732 116.2861 0.5989 -26.7726 -22.4240 0.1353 2.3706 6.5310 0.0000 0.0000 0.0000 4.5150 8.3122 -104.9843 -29.9985 -17.4107 120.5068 -2.9806 15.0838 -31.4020 -0.0024 0.3139 -0.8624 -3.7305 1.9617 25.0537 2.0948 1.7668 -2.3237 3.7179 1.2100 -16.4320 7.2129 14.1924 -33.2493 -12.4894 16.1294 -3.5814 -2.9576 6.5770 5.3093 0.0000 0.0000 0.0000 -82.1372 -47.8997 42.7262 24.2920 -35.4715 -7.8754 -0.0000 0.0000 -27.9749 31.6671 -6.9384 -4.2614 -7.1250 0.0000 -0.0000 3.5620 21.8486 -1.9843 0.0000 0.0000 0.0000 86.9822 38.8440 61.7288 -25.9219 37.1315 -8.8405 0.0000 0.0000 8.0270 -22.5211 -19.4441 7.8589 7.1250 -0.0000 -0.0000 5.8288 -50.8042 -0.8361
6.2339 9.9926 21.8502 0.0011 -72.0883 29.2818 0.0000 0.0000 0.0000 -7.5309 -6.3190 -100.4259 27.9713 18.4027 113.9203 0.8553 -25.7975 -23.2941 0.1025 2.0647 5.6845 0.0000 0.0000 0.0000 4.4151 9.1855 -103.7643 -29.3031 -17.7836 118.2066 -3.1236 14.1760 -32.0530 -0.0020 0.2920 -0.8024 -3.4324 1.9094 23.6323 1.8817 1.8172 -2.3957 3.5006 1.2362 -16.3740 7.4016 14.0989 -33.2965 -12.3759 16.0025 -2.9878 -2.9518 6.5110 5.5017 -0.0000 0.0000 0.0000 -81.2741 -46.1448 43.0088 26.3685 -37.5703 -9.1114 -0.0000 0.0000 -31.5200 31.1269 -5.8063 -3.4960 -7.1250 0.0000 -0.0000 3.2566 23.2080 -1.7124 -0.0000 0.0000 0.0000 86.2999 38.2174 60.5892 -25.7975 37.0080 -8.7654 0.0000 0.0000 7.4264 -21.4470 -19.1476 7.3423 7.1250 -0.0000 -0.0000 6.8020 -50.3148 -0.8946
6.2253 10.1892 21.8761 0.0519 -72.1650 29.7900 0.0000 0.0000 0.0000 -7.5078 -7.4423 -99.0607 27.1925 18.7115 111.4735 1.0994 -24.7720 -24.1116 0.0757 1.7745 4.8828 0.0000 0.0000 0.0000 4.2674 9.9773 -102.5050 -28.5861 -18.1317 115.8815 -3.2432 13.2283 -32.6027 -0.0047 0.4415 -1.2132 -3.2221 1.8566 22.1960 1.7626 1.8417 -2.7555 3.2400 1.2238 -15.9462 7.6455 14.0299 -33.2936 -12.2388 15.8886 -2.3895 -2.9455 6.4565 5.6922 0.0000 0.0000 0.0000 -80.3913 -44.2047 43.1626 28.4009 -39.4827 -10.3776 -0.0000 0.0000 -34.4849 30.5619 -4.7543 -2.8020 -7.1250 0.0000 -0.0000 2.9106 24.4632 -1.4458 0.0000 0.0000 0.0000 85.6216 37.4965 59.4861 -25.6238 36.8348 -8.6611 0.0000 0.0000 6.6548 -20.4712 -18.7931 6.8576 7.1250 -0.0000 -0.0000 7.6506 -49.7884 -0.9079
6.2166 10.3883 21.9012 0.2921 -72.2683 30.0430 0.0000 0.0000 0.0000 -7.6048 -8.4981 -97.5931 26.3759 18.9960 108.9468 1.3244 -23.7060 -24.8498 0.0521 1.4729 4.0510 0.0000 0.0000 0.0000 4.0674 10.7088 -101.2263 -27.8571 -18.4504 113.5591 -3.3262 12.2779 -32.9894 -0.0106 0.6661 -1.8305 -3.1146 1.8134 20.8272 1.6428 1.8421 -3.1023 3.0502 1.2099 -15.5359 7.9030 13.9667 -33.2224 -12.0659 15.7782 -1.7968 -2.9312 6.4118 5.8703 0.0000 0.0000 0.0000 -79.5566 -42.1065 43.2203 30.2859 -41.1372 -11.5972 -0.0000 0.0000 -36.5877 29.9149 -3.8918 -2.2364 -7.1250 0.0000 -0.0000 2.4765 25.4913 -1.1706 0.0000 0.0000 0.0000 84.9332 36.6864 58.4032 -25.3751 36.5849 -8.5124 0.0000 0.0000 5.7155 -19.6876 -18.4095 6.4469 7.1250 -0.0000 -0.0000 8.2954 -49.2687 -0.8787
6.2083 10.5906 21.9245 0.6606 -72.3887 30.1222 0.0000 0.0000 0.0000 -7.7988 -9.4694 -96.0529 25.5201 19.2532 106.3350 1.5238 -22.6273 -25.4876 0.0333 1.1775 3.2372 0.0000 0.0000 0.0000 3.8343 11.3954 -99.9495 -27.1172 -18.7394 111.2389 -3.3672 11.3885 -33.1856 -0.0170 0.8407 -2.3106 -3.0874 1.7795 19.5065 1.5262 1.8294 -3.4413 2.9172 1.1972 -15.1402 8.1106 13.8897 -33.1561 -11.8041 15.6601 -1.1487 -2.9058 6.3728 6.0304 -0.0000 -0.0000 0.0000 -78.7927 -39.8880 43.2498 31.9214 -42.4844 -12.6877 -0.0000 0.0000 -37.7375 29.2256 -3.3040 -1.8468 -7.1250 0.0000 -0.0000 1.9841 26.1943 -0.9050 -0.0000 -0.0000 0.0000 84.2345 35.7873 57.3300 -25.0431 36.2480 -8.3154 0.0000 0.0000 4.6191 -19.1166 -18.0444 6.1279 7.1250 -0.0000 -0.0000 8.7359 -48.8057 -0.8257
6.2006 10.7969 21.9461 1.0918 -72.5123 30.1296 0.0000 0.0000 0.0000 -8.0586 -10.3574 -94.4855 24.6236 19.4796 103.6321 1.6913 -21.5679 -26.0024 0.0207 0.9278 2.5502 0.0000 0.0000 0.0000 3.6013 12.0370 -98.6980 -26.3619 -19.0006 108.9037 -3.3697 10.5792 -33.2042 -0.0196 0.9042 -2.4853 -3.1010 1.7462 18.2026 1.4104 1.8055 -3.7838 2.8141 1.1827 -14.7533 8.3469 13.8101 -32.9579 -11.5749 15.5367 -0.5834 -2.8760 6.3370 6.1774 0.0000 -0.0000 0.0000 -78.0835 -37.5824 43.3005 33.2281 -43.5046 -13.5788 -0.0000 0.0000 -38.0492 28.5646 -3.0242 -1.6452 -7.1250 0.0000 -0.0000 1.4931 26.5368 -0.6689 0.0000 -0.0000 0.0000 83.5449 34.7930 56.2701 -24.6315 35.8250 -8.0732 0.0000 0.0000 3.4262 -18.7598 -17.7568 5.9138 7.1250 -0.0000 -0.0000 8.9922 -48.4570 -0.7726
6.1936 11.0078 21.9669 1.5129 -72.6344 30.1633 0.0000 0.0000 0.0000 -8.3598 -11.1598 -92.9220 23.6857 19.6711 100.8332 1.8240 -20.5432 -26.3791 0.0121 0.7113 1.9549 0.0000 0.0000 0.0000 3.4005 12.6380 -97.4749 -25.5816 -19.2361 106.5216 -3.3406 9.8215 -33.0737 -0.0187 0.8822 -2.4248 -3.1168 1.7078 16.8858 1.2928 1.7732 -4.1345 2.7146 1.1638 -14.3620 8.5896 13.7329 -32.7294 -11.3479 15.4165 -0.0159 -2.8479 6.3055 6.3226 -0.0000 0.0000 0.0000 -77.4112 -35.2207 43.3972 34.1484 -44.1943 -14.2164 -0.0000 0.0000 -37.7688 27.9932 -3.0212 -1.6048 -7.1250 0.0000 -0.0000 1.0581 26.5589 -0.4734 -0.0000 0.0000 0.0000 82.8942 33.7051 55.2249 -24.1398 35.3117 -7.7872 0.0000 0.0000 2.2329 -18.6047 -17.5767 5.8045 7.1250 -0.0000 -0.0000 9.0873 -48.2495 -0.7341
6.1860 11.2243 21.9883 1.8432 -72.7663 30.3000 0.0000 0.0000 0.0000 -8.6883 -11.8625 -91.3559 22.7092 19.8231 97.9437 1.9227 -19.5494 -26.6144 0.0057 0.4869 1.3380 0.0000 0.0000 0.0000 3.2506 13.2199 -96.2462 -24.7648 -19.4467 104.0559 -3.2845 9.0935 -32.8133 -0.0168 0.8375 -2.3019 -3.1130 1.6704 15.5362 1.1807 1.7470 -4.4842 2.6104 1.1451 -13.9447 8.8205 13.6585 -32.5009 -11.1259 15.3059 0.5684 -2.8178 6.2790 6.4744 0.0000 0.0000 0.0000 -76.7924 -32.8356 43.5583 34.6372 -44.5513 -14.5582 -0.0000 0.0000 -37.1704 27.5547 -3.2185 -1.6780 -7.1250 0.0000 -0.0000 0.7184 26.3504 -0.3249 0.0000 0.0000 0.0000 82.2828 32.5347 54.1882 -23.5735 34.7100 -7.4623 0.0000 0.0000 1.0929 -18.6110 -17.5052 5.7839 7.1250 -0.0000 -0.0000 9.0608 -48.1770 -0.7156
6.1770 11.4471 22.0113 2.0353 -72.9202 30.5680 0.0000 0.0000 0.0000 -9.0344 -12.4567 -89.7630 21.6973 19.9308 94.9682 1.9872 -18.5869 -26.7011 0.0020 0.2858 0.7852 0.0000 0.0000 0.0000 3.1624 13.7939 -94.9710 -23.9044 -19.6305 101.4837 -3.2046 8.4075 -32.4320 -0.0154 0.8008 -2.2010 -3.0936 1.6466 14.1533 1.0917 1.7447 -4.8227 2.5193 1.1360 -13.4916 8.9999 13.5733 -32.2894 -10.9046 15.2005 1.1776 -2.7789 6.2547 6.6343 -0.0000 -0.0000 0.0000 -76.2706 -30.4495 43.8055 34.6727 -44.5770 -14.5832 -0.0000 0.0000 -36.4992 27.2713 -3.5138 -1.8096 -7.1250 0.0000 -0.0000 0.4945 26.0278 -0.2274 -0.0000 -0.0000 0.0000 81.6640 31.2804 53.1578 -22.9545 34.0390 -7.1128 0.0000 -0.0000 -0.0181 -18.7438 -17.4907 5.8233 7.1250 -0.0000 -0.0000 8.9310 -48.1812 -0.7062
6.1659 11.6758 22.0356 2.0960 -73.0982 30.9498 0.0000 0.0000 0.0000 -9.3911 -12.9477 -88.1310 20.6535 19.9898 91.9111 2.0173 -17.6629 -26.6326 0.0008 0.1776 0.4880 0.0000 0.0000 0.0000 3.1437 14.3494 -93.6339 -23.0009 -19.7827 98.8047 -3.1043 7.7973 -31.9396 -0.0131 0.7392 -2.0315 -3.0809 1.6428 12.7509 1.0398 1.7712 -5.1496 2.4684 1.1419 -13.0138 9.1035 13.4643 -32.0907 -10.6839 15.0920 1.8082 -2.7293 6.2284 6.7987 -0.0000 -0.0000 0.0000 -75.8791 -28.0669 44.1417 34.2663 -44.2811 -14.2987 -0.0000 0.0000 -35.9446 27.1194 -3.7940 -1.9409 -7.1250 0.0000 -0.0000 0.3715 25.7187 -0.1735 -0.0000 -0.0000 0.0000 80.9930 29.9265 52.1468 -22.3072 33.3225 -6.7538 0.0000 -0.0000 -1.1334 -18.9994 -17.4393 5.8915 7.1250 -0.0000 -0.0000 8.6744 -48.1654 -0.6822
6.1527 11.9093 22.0610 2.0704 -73.2931 31.4110 0.0000 0.0000 0.0000 -9.7560 -13.3627 -86.4662 19.5793 19.9958 88.7699 2.0164 -16.7696 -26.4169 0.0006 0.1639 0.4504 0.0000 0.0000 0.0000 3.1865 14.8745 -92.2483 -22.0570 -19.8982 96.0241 -2.9892 7.2409 -31.3594 -0.0102 0.6520 -1.7918 -3.0859 1.6498 11.3287 1.0189 1.8114 -5.4717 2.4616 1.1565 -12.5192 9.1800 13.3402 -31.8257 -10.5028 14.9828 2.3921 -2.6722 6.2009 6.9602 -0.0000 0.0000 0.0000 -75.6235 -25.6892 44.5064 33.4382 -43.6641 -13.7237 -0.0000 0.0000 -35.5895 27.0123 -3.9663 -2.0196 -7.1250 0.0000 -0.0000 0.2856 25.5296 -0.1346 -0.0000 0.0000 0.0000 80.2977 28.4690 51.1548 -21.6401 32.5679 -6.3910 0.0000 -0.0000 -2.1808 -19.3165 -17.2942 5.9488 7.1250 -0.0000 -0.0000 8.3337 -48.0617 -0.6336
6.1369 12.1466 22.0876 2.0058 -73.5004 31.9346 0.0000 0.0000 0.0000 -10.1270 -13.7380 -84.7898 18.4745 19.9441 85.5357 1.9898 -15.8835 -26.0708 0.0007 0.1693 0.4652 0.0000 0.0000 0.0000 3.2479 15.3980 -90.8387 -21.0732 -19.9724 93.1392 -2.8637 6.6375 -30.7209 -0.0090 0.6110 -1.6790 -3.1086 1.6495 9.8542 1.0119 1.8398 -5.7979 2.4859 1.1667 -11.9964 9.2227 13.2144 -31.5714 -10.2846 14.8763 3.0052 -2.6173 6.1782 7.1084 0.0000 -0.0000 0.0000 -75.5053 -23.3215 44.7683 32.2002 -42.7062 -12.8764 -0.0000 0.0000 -35.3890 26.8582 -4.0116 -2.0290 -7.1250 0.0000 -0.0000 0.1680 25.4849 -0.0793 0.0000 -0.0000 0.0000 79.6575 26.9245 50.1490 -20.9510 31.7711 -6.0241 0.0000 -0.0000 -2.9971 -19.5270 -17.0967 5.9523 7.1250 -0.0000 -0.0000 8.0808 -47.8879 -0.5793
6.1180 12.3876 22.1146 1.9063 -73.7347 32.5394 0.0000 0.0000 0.0000 -10.5013 -14.0712 -83.1166 17.3392 19.8294 82.1991 1.9420 -14.9900 -25.6101 0.0004 0.1301 0.3574 0.0000 0.0000 0.0000 3.2754 15.9883 -89.4134 -20.0466 -19.9999 90.1363 -2.7284 5.9072 -30.0337 -0.0110 0.6787 -1.8652 -3.1630 1.6376 8.2992 1.0072 1.8484 -6.1355 2.5378 1.1684 -11.4374 9.3075 13.1081 -31.2463 -10.0816 14.7828 3.5722 -2.5740 6.1648 7.2372 0.0000 -0.0000 0.0000 -75.5130 -20.9676 44.8375 30.6011 -41.4031 -11.8052 -0.0000 0.0000 -35.3094 26.6611 -3.9603 -1.9861 -7.1250 0.0000 -0.0000 0.0207 25.5501 -0.0098 0.0000 -0.0000 0.0000 79.1198 25.3012 49.0835 -20.2498 30.9421 -5.6592 0.0000 -0.0000 -3.4823 -19.4704 -16.9187 5.8742 7.1250 -0.0000 -0.0000 8.0868 -47.6955 -0.5412
6.0947 12.6332 22.1402 1.7359 -74.0143 33.2391 0.0000 0.0000 0.0000 -10.8852 -14.3218 -81.4113 16.1736 19.6453 78.7486 1.8778 -14.0752 -25.0547 0.0000 0.0053 0.0146 0.0000 0.0000 0.0000 3.2608 16.6896 -87.9298 -18.9740 -19.9747 86.9990 -2.5810 5.0618 -29.2861 -0.0169 0.8386 -2.3049 -3.2709 1.6264 6.6936 1.0052 1.8519 -6.4816 2.6257 1.1704 -10.8605 9.4236 13.0179 -30.8625 -9.8840 14.7003 4.0997 -2.5378 6.1599 7.3482 -0.0000 0.0000 0.0000 -75.5848 -18.6199 44.7994 28.7741 -39.8191 -10.6157 -0.0000 0.0000 -35.4852 26.5681 -3.8225 -1.9094 -7.1250 0.0000 -0.0000 -0.0460 25.7075 0.0215 -0.0000 0.0000 0.0000 78.6613 23.5868 47.9436 -19.5642 30.1137 -5.3110 0.0000 -0.0000 -3.6846 -19.1348 -16.7921 5.7241 7.1250 -0.0000 -0.0000 8.3693 -47.5173 -0.5233
6.0667 12.8839 22.1642 1.4790 -74.3238 33.9628 0.0000 0.0000 0.0000 -11.2991 -14.4769 -79.5583 14.9747 19.3835 75.1606 1.8008 -13.1201 -24.4180 0.0014 -0.2433 -0.6684 0.0000 0.0000 0.0000 3.2560 17.4670 -86.2731 -17.8543 -19.8893 83.7154 -2.4224 4.1485 -28.4760 -0.0259 1.0398 -2.8583 -3.4124 1.6220 5.1531 1.0077 1.8609 -6.8182 2.7364 1.1766 -10.3166 9.5356 12.9305 -30.4522 -9.6669 14.6207 4.6190 -2.4953 6.1597 7.4506 -0.0000 0.0000 0.0000 -75.6350 -16.2627 44.8388 26.8746 -38.0594 -9.4217 -0.0000 0.0000 -36.1120 26.7250 -3.5783 -1.7999 -7.1250 0.0000 -0.0000 0.0788 25.9748 -0.0363 -0.0000 0.0000 0.0000 78.2410 21.7721 46.7412 -18.9161 29.3143 -4.9897 0.0000 -0.0000 -3.6929 -18.6286 -16.6918 5.5302 7.1250 -0.0000 -0.0000 8.8179 -47.3436 -0.5137
6.0348 13.1390 22.1886 1.1534 -74.6188 34.5780 0.0000 0.0000 0.0000 -11.7582 -14.5720 -77.4104 13.7414 19.0337 71.4133 1.7114 -12.1140 -23.6962 0.0089 -0.6089 -1.6733 0.0000 0.0000 0.0000 3.3329 18.2433 -84.2995 -16.6912 -19.7355 80.2845 -2.2564 3.2008 -27.6196 -0.0376 1.2509 -3.4393 -3.5241 1.6182 3.8300 1.0118 1.8701 -7.1221 2.8285 1.1810 -9.8680 9.6457 12.8389 -30.0397 -9.4304 14.5348 5.1670 -2.4470 6.1586 7.5597 0.0000 -0.0000 0.0000 -75.6535 -13.8961 44.9839 24.9659 -36.1691 -8.2697 -0.0000 0.0000 -37.1418 27.0727 -3.2438 -1.6566 -7.1250 0.0000 -0.0000 0.3511 26.3378 -0.1589 0.0000 -0.0000 0.0000 77.8367 19.8612 45.4973 -18.3155 28.5593 -4.6991 0.0000 -0.0000 -3.5477 -18.0476 -16.5673 5.3081 7.1250 -0.0000 -0.0000 9.3279 -47.1360 -0.4958
5.9999 13.3963 22.2154 0.7693 -74.8731 35.0273 0.0000 0.0000 0.0000 -12.2460 -14.6475 -74.9163 12.4853 18.5884 67.5191 1.6093 -11.0575 -22.8826 0.0242 -1.0043 -2.7606 0.0000 0.0000 0.0000 3.5186 18.9803 -81.9596 -15.4977 -19.5069 76.7314 -2.0872 2.2480 -26.7332 -0.0506 1.4523 -3.9941 -3.5645 1.6094 2.7816 1.0151 1.8725 -7.3873 2.8757 1.1780 -9.5391 9.7762 12.7413 -29.6259 -9.1839 14.4357 5.7684 -2.3997 6.1528 7.6861 0.0000 -0.0000 0.0000 -75.7034 -11.5346 45.0614 23.0333 -34.1252 -7.1570 -0.0000 0.0000 -38.2700 27.4023 -2.8549 -1.4791 -7.1250 0.0000 -0.0000 0.6122 26.7646 -0.2709 0.0000 -0.0000 0.0000 77.4382 17.8603 44.2459 -17.7700 27.8616 -4.4412 0.0000 -0.0000 -3.2946 -17.4214 -16.4135 5.0670 7.1250 -0.0000 -0.0000 9.8690 -46.8940 -0.4657
5.9616 13.6509 22.2441 0.3441 -75.0857 35.3608 0.0000 0.0000 0.0000 -12.7190 -14.7364 -72.1785 11.2327 18.0471 63.5349 1.4975 -9.9445 -21.9897 0.0455 -1.3761 -3.7842 0.0000 0.0000 0.0000 3.7697 19.6889 -79.3665 -14.3002 -19.2026 73.1191 -1.9176 1.3056 -25.8305 -0.0629 1.6188 -4.4532 -3.5488 1.5915 1.9056 1.0212 1.8615 -7.6331 2.8925 1.1652 -9.2890 9.9138 12.6304 -29.1883 -8.9084 14.3178 6.4260 -2.3469 6.1424 7.8245 -0.0000 -0.0000 0.0000 -75.8289 -9.1829 44.8932 21.0830 -31.9251 -6.0938 -0.0000 0.0000 -39.1772 27.5609 -2.4103 -1.2574 -7.1250 0.0000 -0.0000 0.7447 27.2612 -0.3209 -0.0000 -0.0000 0.0000 77.0338 15.7734 43.0431 -17.2904 27.2390 -4.2194 0.0000 -0.0000 -3.0274 -16.7707 -16.3106 4.8377 7.1250 -0.0000 -0.0000 10.4442 -46.7028 -0.4436
5.9191 13.8968 22.2727 -0.0850 -75.2618 35.6430 0.0000 0.0000 0.0000 -13.1409 -14.8627 -69.3455 10.0141 17.4178 59.5356 1.3803 -8.7676 -21.0442 0.0751 -1.7676 -4.8638 0.0000 0.0000 0.0000 4.0264 20.3911 -76.6869 -13.1291 -18.8283 69.5259 -1.7503 0.3500 -24.9335 -0.0725 1.7375 -4.7808 -3.5178 1.5588 1.0534 1.0379 1.8296 -7.8843 2.9134 1.1412 -9.0585 10.0149 12.4929 -28.6992 -8.5647 14.1747 7.1358 -2.2716 6.1286 7.9628 0.0000 -0.0000 0.0000 -76.0056 -6.8164 44.4505 19.1883 -29.6520 -5.1237 -0.0000 0.0000 -39.7097 27.5175 -1.8701 -0.9740 -7.1250 0.0000 -0.0000 0.7235 27.8711 -0.3014 0.0000 -0.0000 0.0000 76.6125 13.6128 41.9329 -16.8784 26.6972 -4.0326 0.0000 -0.0000 -2.8002 -16.1249 -16.3212 4.6448 7.1250 -0.0000 -0.0000 11.0447 -46.6286 -0.4492
5.8718 14.1294 22.3003 -0.5140 -75.4102 35.9015 0.0000 0.0000 0.0000 -13.5028 -15.0226 -66.4875 8.8550 16.7135 55.5875 1.2615 -7.5304 -20.0739 0.1186 -2.2203 -6.1148 0.0000 0.0000 0.0000 4.2727 21.1023 -73.9981 -12.0076 -18.3939 66.0129 -1.5873 -0.6511 -24.0716 -0.0792 1.8158 -4.9969 -3.4974 1.5102 0.1677 1.0744 1.7751 -8.1471 2.9635 1.1067 -8.8219 10.0619 12.3240 -28.1508 -8.1444 14.0047 7.9096 -2.1688 6.1110 8.1021 0.0000 0.0000 0.0000 -76.1787 -4.3983 43.8259 17.4500 -27.4472 -4.2927 -0.0000 0.0000 -39.8696 27.2904 -1.1948 -0.6164 -7.1250 0.0000 -0.0000 0.5594 28.6352 -0.2229 0.0000 0.0000 0.0000 76.1613 11.4060 40.9309 -16.5205 26.2213 -3.8731 0.0000 -0.0000 -2.5842 -15.4808 -16.3922 4.4693 7.1250 -0.0000 -0.0000 11.6600 -46.6158 -0.4712
5.8202 14.3456 22.3266 -0.9680 -75.5430 36.1448 0.0000 0.0000 0.0000 -13.8054 -15.1987 -63.6162 7.7733 15.9499 51.7419 1.1431 -6.2485 -19.0994 0.1726 -2.6766 -7.3796 0.0000 0.0000 0.0000 4.5123 21.8419 -71.3055 -10.9508 -17.9109 62.6216 -1.4303 -1.7120 -23.2730 -0.0840 1.8693 -5.1447 -3.5024 1.4456 -0.7424 1.1402 1.6978 -8.4146 3.0600 1.0630 -8.5782 10.0822 12.1341 -27.5485 -7.6830 13.8170 8.7672 -2.0519 6.0904 8.2561 -0.0000 -0.0000 0.0000 -76.3079 -1.8971 43.1509 15.9531 -25.4570 -3.6258 -0.0000 0.0000 -39.7476 26.9201 -0.3639 -0.1848 -7.1250 0.0000 -0.0000 0.2783 29.5715 -0.1047 -0.0000 -0.0000 0.0000 75.6572 9.1828 40.0720 -16.2083 25.8023 -3.7362 0.0000 -0.0000 -2.3691 -14.7998 -16.4432 4.2771 7.1250 -0.0000 -0.0000 12.3027 -46.5782 -0.4864
5.7649 14.5437 22.3515 -1.4432 -75.6639 36.3591 0.0000 0.0000 0.0000 -14.0450 -15.3956 -60.7370 6.7780 15.1420 48.0295 1.0270 -4.9405 -18.1412 0.2253 -3.0551 -8.4322 0.0000 0.0000 0.0000 4.7286 22.6364 -68.6107 -9.9684 -17.3920 59.3827 -1.2800 -2.8394 -22.5638 -0.0874 1.9071 -5.2491 -3.5276 1.3725 -1.6717 1.2284 1.6086 -8.6768 3.1911 1.0147 -8.3202 10.0820 11.9176 -26.9114 -7.2052 13.6021 9.7159 -1.9308 6.0590 8.4323 0.0000 0.0000 0.0000 -76.4233 0.6511 42.3654 14.6901 -23.7127 -3.1003 -0.0000 0.0000 -39.2398 26.4160 0.5820 0.2891 -7.1250 0.0000 -0.0000 -0.1195 30.6295 0.0420 0.0000 0.0000 0.0000 75.0759 6.9526 39.4000 -15.9606 25.4671 -3.6290 0.0000 -0.0000 -2.2325 -14.0565 -16.4776 4.0621 7.1250 -0.0000 -0.0000 12.9961 -46.5161 -0.4944
5.7067 14.7226 22.3745 -1.8973 -75.7666 36.4937 0.0000 0.0000 0.0000 -14.2261 -15.6331 -57.8401 5.8694 14.3006 44.4554 0.9151 -3.6152 -17.2235 0.2709 -3.3478 -9.2486 0.0000 0.0000 0.0000 4.8988 23.5071 -65.9134 -9.0667 -16.8505 56.3206 -1.1365 -4.0398 -21.9701 -0.0868 1.8998 -5.2287 -3.5494 1.3079 -2.6113 1.3131 1.5306 -8.9191 3.3146 0.9702 -8.0370 10.0230 11.6499 -26.2671 -6.6940 13.3293 10.7384 -1.7992 6.0019 8.6226 0.0000 -0.0000 0.0000 -76.5795 3.1473 41.2348 13.5907 -22.1466 -2.6719 -0.0000 0.0000 -38.0840 25.7838 1.5336 0.7407 -7.1250 0.0000 -0.0000 -0.6349 31.6824 0.2068 0.0000 -0.0000 0.0000 74.4241 4.7202 38.9001 -15.8001 25.2489 -3.5603 0.0000 -0.0000 -2.2351 -13.2357 -16.5289 3.8283 7.1250 -0.0000 -0.0000 13.7645 -46.4613 -0.5058
5.6471 14.8826 22.3950 -2.2656 -75.8412 36.4702 0.0000 0.0000 0.0000 -14.3745 -15.9197 -54.9036 5.0425 13.4315 41.0061 0.8074 -2.2719 -16.3598 0.3124 -3.5933 -9.9351 0.0000 0.0000 0.0000 5.0166 24.4544 -63.2115 -8.2498 -16.2999 53.4574 -0.9995 -5.3152 -21.5195 -0.0780 1.8017 -4.9578 -3.5718 1.2438 -3.5373 1.3877 1.4531 -9.1235 3.4257 0.9244 -7.7221 9.9045 11.3423 -25.6191 -6.1503 13.0072 11.7939 -1.6563 5.9226 8.8148 0.0000 0.0000 0.0000 -76.7586 5.5557 39.7537 12.6618 -20.7896 -2.3319 -0.0000 0.0000 -36.3735 25.1000 2.3897 1.1190 -7.1250 0.0000 -0.0000 -1.2067 32.6167 0.3660 0.0000 0.0000 0.0000 73.7331 2.5303 38.5396 -15.7239 25.1449 -3.5278 0.0000 -0.0000 -2.3166 -12.3165 -16.5891 3.5670 7.1250 -0.0000 -0.0000 14.6234 -46.4029 -0.5172
5.5881 15.0243 22.4126 -2.4736 -75.8793 36.2180 0.0000 0.0000 0.0000 -14.5260 -16.2497 -51.9288 4.2917 12.5388 37.6656 0.7018 -0.9182 -15.5416 0.3476 -3.7883 -10.4817 0.0000 0.0000 0.0000 5.0866 25.4557 -60.5292 -7.5213 -15.7556 50.8195 -0.8676 -6.6635 -21.2317 -0.0621 1.6085 -4.4250 -3.6415 1.1390 -4.4328 1.4806 1.3226 -9.2818 3.5820 0.8552 -7.3743 9.7847 11.0493 -24.9469 -5.6287 12.6985 12.8431 -1.5192 5.8472 9.0053 -0.0000 -0.0000 0.0000 -76.8892 7.9612 38.3364 12.0140 -19.8257 -2.1070 -0.0000 0.0000 -34.7235 24.4623 3.1168 1.4169 -7.1250 0.0000 -0.0000 -1.7516 33.3996 0.4983 -0.0000 -0.0000 0.0000 73.0023 0.4432 38.3600 -15.7216 25.1417 -3.5268 0.0000 -0.0000 -2.3874 -11.2998 -16.6326 3.2734 7.1250 -0.0000 -0.0000 15.5631 -46.3160 -0.5178
5.5308 15.1485 22.4276 -2.4680 -75.8770 35.6954 0.0000 0.0000 0.0000 -14.7045 -16.6207 -48.9297 3.6131 11.6270 34.4249 0.5966 0.4331 -14.7565 0.3671 -3.8920 -10.7729 0.0000 0.0000 0.0000 5.1184 26.4801 -57.9015 -6.8834 -15.2329 48.4320 -0.7373 -8.0815 -21.1057 -0.0465 1.3912 -3.8260 -3.7733 0.9772 -5.2883 1.6005 1.1190 -9.3899 3.7992 0.7537 -6.9927 9.6825 10.7950 -24.2739 -5.1689 12.4349 13.8721 -1.3980 5.7859 9.1989 -0.0000 -0.0000 0.0000 -76.9199 10.4199 37.4094 11.7177 -19.3799 -2.0076 -0.0000 0.0000 -33.6824 23.8412 3.7106 1.6382 -7.1250 0.0000 -0.0000 -2.2881 34.0287 0.6163 -0.0000 -0.0000 0.0000 72.2123 -1.5279 38.4002 -15.8047 25.2551 -3.5622 0.0000 -0.0000 -2.4607 -10.2457 -16.6483 2.9644 7.1250 -0.0000 -0.0000 16.5237 -46.1983 -0.5023
5.4757 15.2552 22.4408 -2.2397 -75.8336 34.8904 0.0000 0.0000 0.0000 -14.9181 -17.0404 -45.9015 3.0043 10.7021 31.2815 0.4912 1.7845 -14.0076 0.3706 -3.9104 -10.8248 0.0000 0.0000 0.0000 5.1314 27.5002 -55.3421 -6.3351 -14.7454 46.3121 -0.6061 -9.5450 -21.1282 -0.0346 1.2015 -3.3033 -3.9167 0.7903 -6.0845 1.7082 0.8854 -9.4390 4.0047 0.6361 -6.5784 9.5639 10.5522 -23.6703 -4.7657 12.1838 14.8812 -1.2893 5.7206 9.4018 -0.0000 0.0000 0.0000 -76.8175 12.8726 37.0611 11.7376 -19.4099 -2.0142 -0.0000 0.0000 -33.3344 23.1161 4.1633 1.7751 -7.1250 0.0000 -0.0000 -2.9108 34.4938 0.7514 -0.0000 0.0000 0.0000 71.3869 -3.4181 38.6139 -15.9944 25.5131 -3.6436 0.0000 -0.0000 -2.6356 -9.2626 -16.6451 2.6746 7.1250 -0.0000 -0.0000 17.4093 -46.0723 -0.4750
5.4230 15.3449 22.4527 -1.8029 -75.7498 33.8195 0.0000 0.0000 0.0000 -15.1738 -17.5076 -42.8505 2.4634 9.7710 28.2383 0.3856 3.1380 -13.3064 0.3681 -3.8974 -10.7881 0.0000 0.0000 0.0000 5.1418 28.4937 -52.8659 -5.8728 -14.3040 44.4692 -0.4777 -10.9977 -21.3027 -0.0238 0.9968 -2.7400 -4.0321 0.6043 -6.8098 1.7721 0.6554 -9.4258 4.1421 0.5159 -6.1353 9.4104 10.2997 -23.1749 -4.4080 11.9163 15.8555 -1.1904 5.6371 9.6115 -0.0000 0.0000 0.0000 -76.5706 15.2419 37.1574 12.0048 -19.8119 -2.1039 -0.0000 0.0000 -33.5345 22.2153 4.5003 1.8354 -7.1250 0.0000 -0.0000 -3.6774 34.8207 0.9207 -0.0000 0.0000 0.0000 70.5787 -5.2468 38.9266 -16.2870 25.9082 -3.7705 0.0000 -0.0000 -2.9637 -8.4690 -16.6344 2.4407 7.1250 -0.0000 -0.0000 18.1185 -45.9635 -0.4454
5.3728 15.4185 22.4631 -1.1802 -75.6358 32.5372 0.0000 0.0000 0.0000 -15.4832 -17.9900 -39.8303 1.9890 8.8432 25.3060 0.2801 4.4682 -12.6553 0.3645 -3.8781 -10.7340 0.0000 0.0000 0.0000 5.1522 29.4338 -50.5234 -5.4918 -13.9171 42.9064 -0.3617 -12.3588 -21.6402 -0.0116 0.6951 -1.9101 -4.1292 0.4224 -7.4821 1.7940 0.4334 -9.3613 4.2196 0.3961 -5.6671 9.2060 10.0281 -22.7753 -4.0870 11.6244 16.7621 -1.0980 5.5322 9.8127 0.0000 -0.0000 0.0000 -76.2103 17.4877 37.5216 12.4596 -20.4904 -2.2606 -0.0000 0.0000 -34.1044 21.1501 4.7759 1.8449 -7.1250 0.0000 -0.0000 -4.5805 35.0694 1.1201 0.0000 -0.0000 0.0000 69.8119 -7.0184 39.2987 -16.6603 26.4078 -3.9351 0.0000 -0.0000 -3.4260 -7.9504 -16.6014 2.2850 7.1250 -0.0000 -0.0000 18.5709 -45.8679 -0.4120
5.3254 15.4773 22.4716 -0.3824 -75.5046 31.1010 0.0000 0.0000 0.0000 -15.8538 -18.4434 -36.9234 1.5803 7.9308 22.5041 0.1767 5.7211 -12.0457 0.3539 -3.8222 -10.5769 0.0000 0.0000 0.0000 5.1550 30.2795 -48.3877 -5.1866 -13.5909 41.6226 -0.2654 -13.5647 -22.1125 -0.0024 0.3159 -0.8681 -4.2219 0.2510 -8.1386 1.7736 0.2288 -9.2587 4.2458 0.2822 -5.1692 8.9173 9.7173 -22.4531 -3.7822 11.2887 17.5603 -1.0051 5.3976 9.9832 0.0000 0.0000 0.0000 -75.7615 19.5682 38.0311 13.0489 -21.3588 -2.4711 -0.0000 0.0000 -34.8806 19.9793 5.0224 1.8230 -7.1250 0.0000 -0.0000 -5.5726 35.2776 1.3361 0.0000 0.0000 0.0000 69.1082 -8.7421 39.6836 -17.0932 26.9804 -4.1295 0.0000 -0.0000 -3.9827 -7.7573 -16.5384 2.2207 7.1250 -0.0000 -0.0000 18.7203 -45.7842 -0.3755
5.2811 15.5219 22.4781 0.5550 -75.3614 29.5815 0.0000 0.0000 0.0000 -16.2721 -18.8369 -34.2059 1.2357 7.0493 19.8615 0.0793 6.8378 -11.4676 0.3315 -3.7005 -10.2356 0.0000 0.0000 0.0000 5.1506 30.9868 -46.5147 -4.9493 -13.3265 40.6034 -0.1902 -14.5832 -22.6509 -0.0000 -0.0442 0.1215 -4.3018 0.1051 -8.8023 1.7038 0.0608 -9.1338 4.2103 0.1835 -4.6487 8.5226 9.3441 -22.1835 -3.4814 10.8841 18.2196 -0.9093 5.2224 10.1047 0.0000 -0.0000 0.0000 -75.2341 21.4419 38.5950 13.7169 -22.3285 -2.7196 -0.0000 0.0000 -35.7210 18.7889 5.2181 1.7722 -7.1250 0.0000 -0.0000 -6.5789 35.4269 1.5557 0.0000 -0.0000 0.0000 68.5095 -10.4402 40.0031 -17.5623 27.5930 -4.3446 0.0000 -0.0000 -4.6035 -7.9176 -16.4824 2.2596 7.1250 -0.0000 -0.0000 18.5564 -45.7506 -0.3561
5.2408 15.5541 22.4831 1.5177 -75.2102 28.1155 0.0000 0.0000 0.0000 -16.6866 -19.1734 -31.7411 0.9537 6.2188 17.4206 -0.0088 7.7959 -10.9286 0.2986 -3.5135 -9.7119 0.0000 0.0000 0.0000 5.1574 31.5301 -44.9308 -4.7677 -13.1173 39.8093 -0.1360 -15.3994 -23.1896 -0.0027 -0.3382 0.9292 -4.3512 -0.0087 -9.4707 1.5990 -0.0642 -9.0138 4.1202 0.1037 -4.1375 8.0416 8.9117 -21.9234 -3.2023 10.4185 18.7387 -0.8192 5.0100 10.1728 0.0000 0.0000 0.0000 -74.6746 23.1050 39.0910 14.4100 -23.3178 -2.9885 -0.0000 0.0000 -36.5100 17.6788 5.3206 1.6929 -7.1250 0.0000 -0.0000 -7.5095 35.4799 1.7690 0.0000 0.0000 0.0000 68.0380 -12.1243 40.2025 -18.0268 28.1914 -4.5619 0.0000 -0.0000 -5.2705 -8.4201 -16.4624 2.4020 7.1250 -0.0000 -0.0000 18.0998 -45.7930 -0.3663
5.2052 15.5765 22.4873 2.3453 -75.0700 26.8750 0.0000 0.0000 0.0000 -17.0169 -19.5095 -29.5687 0.7313 5.4638 15.2364 -0.0886 8.6588 -10.4681 0.2608 -3.2858 -9.0754 0.0000 0.0000 0.0000 5.2091 31.9045 -43.6380 -4.6265 -12.9504 39.1832 -0.0977 -16.0266 -23.6634 -0.0075 -0.5609 1.5413 -4.3575 -0.0890 -10.1359 1.4908 -0.1475 -8.9217 4.0034 0.0436 -3.6646 7.5258 8.4495 -21.6452 -2.9876 9.9312 19.1507 -0.7507 4.7768 10.2026 -0.0000 -0.0000 0.0000 -74.1705 24.5653 39.3646 15.0774 -24.2538 -3.2577 -0.0000 0.0000 -37.1547 16.7431 5.3140 1.5959 -7.1250 0.0000 -0.0000 -8.2818 35.4271 1.9647 -0.0000 -0.0000 0.0000 67.6693 -13.7791 40.2978 -18.4379 28.7142 -4.7578 0.0000 -0.0000 -5.9842 -9.1805 -16.4490 2.6202 7.1250 -0.0000 -0.0000 17.4132 -45.8737 -0.3872
5.1744 15.5915 22.4908 2.9388 -74.9683 25.9491 0.0000 0.0000 0.0000 -17.2053 -19.9257 -27.6884 0.5640 4.8102 13.3681 -0.1660 9.5383 -10.1506 0.2244 -3.0492 -8.4158 0.0000 0.0000 0.0000 5.3322 32.1362 -42.6029 -4.5132 -12.8137 38.6751 -0.0590 -16.5406 -24.0019 -0.0108 -0.6712 1.8445 -4.3200 -0.1353 -10.8007 1.4004 -0.1890 -8.8521 3.8828 0.0036 -3.2226 7.0370 7.9933 -21.3676 -2.8763 9.4619 19.5036 -0.7185 4.5402 10.2224 0.0000 0.0000 0.0000 -73.7953 25.7980 39.2804 15.6706 -25.0720 -3.5052 -0.0000 0.0000 -37.6037 16.0451 5.2156 1.4976 -7.1250 0.0000 -0.0000 -8.8441 35.2919 2.1301 0.0000 0.0000 0.0000 67.3835 -15.3492 40.3092 -18.7442 29.0996 -4.9058 0.0000 -0.0000 -6.7067 -10.0387 -16.4008 2.8615 7.1250 -0.0000 -0.0000 16.6242 -45.9332 -0.3937
5.1470 15.6013 22.4929 3.2788 -74.9207 25.3292 0.0000 0.0000 0.0000 -17.2523 -20.4422 -26.0840 0.4450 4.2802 11.8663 -0.2449 10.4843 -10.0327 0.1936 -2.8332 -7.8147 0.0000 0.0000 0.0000 5.5157 32.3156 -41.7500 -4.4205 -12.6999 38.2551 -0.0118 -17.0189 -24.2299 -0.0112 -0.6827 1.8760 -4.2454 -0.1466 -11.4650 1.3307 -0.1871 -8.7852 3.7665 -0.0149 -2.7898 6.6064 7.5621 -21.1315 -2.8627 9.0252 19.8423 -0.7214 4.3092 10.2568 -0.0000 -0.0000 0.0000 -73.5820 26.7649 38.7455 16.1476 -25.7203 -3.7098 -0.0000 0.0000 -37.8237 15.6019 5.0489 1.4078 -7.1250 0.0000 -0.0000 -9.1859 35.0999 2.2576 -0.0000 -0.0000 0.0000 67.2151 -16.7668 40.1613 -18.8872 29.2782 -4.9756 0.0000 -0.0000 -7.3258 -10.8352 -16.3053 3.0759 7.1250 -0.0000 -0.0000 15.8728 -45.9392 -0.3774
5.1222 15.6074 22.4936 3.3620 -74.9208 24.9893 0.0000 0.0000 0.0000 -17.1882 -21.0169 -24.7494 0.3667 3.8896 10.7662 -0.3237 11.4586 -10.1406 0.1693 -2.6507 -7.3076 0.0000 0.0000 0.0000 5.7258 32.5572 -40.9933 -4.3444 -12.6051 37.9078 0.0292 -17.4621 -24.4813 -0.0125 -0.7224 1.9852 -4.1333 -0.1256 -12.1085 1.2819 -0.1468 -8.7153 3.6550 -0.0143 -2.3703 6.2346 7.1605 -20.9526 -2.9091 8.6192 20.1971 -0.7465 4.0872 10.3164 -0.0000 -0.0000 0.0000 -73.5528 27.4634 37.6859 16.4822 -26.1701 -3.8562 -0.0000 0.0000 -37.7736 15.3986 4.8304 1.3286 -7.1250 0.0000 -0.0000 -9.3227 34.8670 2.3454 -0.0000 -0.0000 0.0000 67.2153 -17.9915 39.7425 -18.8172 29.1910 -4.9414 0.0000 -0.0000 -7.7393 -11.4964 -16.1846 3.2446 7.1250 -0.0000 -0.0000 15.2347 -45.9034 -0.3477
5.0999 15.6104 22.4938 3.2070 -74.9391 24.8939 0.0000 0.0000 0.0000 -17.0461 -21.6095 -23.6875 0.3216 3.6452 10.0807 -0.3979 12.3887 -10.4549 0.1499 -2.4950 -6.8757 0.0000 0.0000 0.0000 5.9528 32.8699 -40.2886 -4.2820 -12.5265 37.6208 0.0488 -17.8238 -24.8192 -0.0175 -0.8552 2.3505 -3.9784 -0.0858 -12.7009 1.2605 -0.0893 -8.6537 3.5510 -0.0043 -1.9899 5.9186 6.7934 -20.7995 -2.9883 8.2479 20.5694 -0.7849 3.8799 10.3942 -0.0000 0.0000 0.0000 -73.7471 27.9277 36.0390 16.6713 -26.4225 -3.9400 -0.0000 0.0000 -37.4496 15.4449 4.5720 1.2616 -7.1250 0.0000 -0.0000 -9.2501 34.6048 2.3864 -0.0000 0.0000 0.0000 67.3881 -19.0129 39.0281 -18.5198 28.8176 -4.7972 0.0000 -0.0000 -7.9243 -12.0141 -16.0870 3.3748 7.1250 -0.0000 -0.0000 14.7340 -45.8719 -0.3241
5.0808 15.6107 22.4943 2.8847 -74.9345 24.9643 0.0000 0.0000 0.0000 -16.8844 -22.1278 -22.9122 0.3028 3.5382 9.7809 -0.4568 13.1395 -10.8716 0.1353 -2.3712 -6.5326 0.0000 0.0000 0.0000 6.2286 33.1252 -39.6358 -4.2296 -12.4598 37.3787 0.0536 -18.0784 -25.1390 -0.0237 -0.9934 2.7307 -3.7807 -0.0451 -13.2211 1.2672 -0.0400 -8.6063 3.4525 0.0025 -1.6631 5.6581 6.4636 -20.6323 -3.0879 7.9148 20.9372 -0.8334 3.6914 10.4740 0.0000 0.0000 0.0000 -74.1918 28.1770 33.7938 16.7284 -26.4983 -3.9654 -0.0000 0.0000 -36.9292 15.7967 4.2793 1.2094 -7.1250 0.0000 -0.0000 -8.9249 34.3199 2.3632 0.0000 0.0000 0.0000 67.7069 -19.8254 38.0616 -18.0118 28.1722 -4.5548 0.0000 -0.0000 -7.8876 -12.3582 -16.0640 3.4694 7.1250 -0.0000 -0.0000 14.4146 -45.8920 -0.3240
5.0655 15.6092 22.4942 2.4983 -74.8696 25.0917 0.0000 0.0000 0.0000 -16.7915 -22.3698 -22.4498 0.3036 3.5426 9.7932 -0.4803 13.4879 -11.2080 0.1290 -2.3149 -6.3768 0.0000 0.0000 0.0000 6.5776 33.2163 -39.0342 -4.1841 -12.4015 37.1674 0.0579 -18.2455 -25.3393 -0.0262 -1.0457 2.8745 -3.5543 -0.0159 -13.6591 1.2886 -0.0138 -8.5642 3.3510 -0.0009 -1.3841 5.4424 6.1647 -20.4486 -3.1803 7.6070 21.2820 -0.8833 3.5188 10.5458 -0.0000 -0.0000 0.0000 -74.8643 28.1902 31.0166 16.6727 -26.4243 -3.9406 -0.0000 0.0000 -36.3370 16.5265 3.9557 1.1726 -7.1250 0.0000 -0.0000 -8.2907 34.0162 2.2538 -0.0000 -0.0000 0.0000 68.1792 -20.4104 36.8247 -17.3144 27.2704 -4.2304 0.0000 -0.0000 -7.5709 -12.4974 -16.1339 3.5245 7.1250 -0.0000 -0.0000 14.3107 -45.9781 -0.3527
5.0542 15.6065 22.4924 2.1586 -74.7140 25.1638 0.0000 0.0000 0.0000 -16.8154 -22.2325 -22.2853 0.3179 3.6242 10.0218 -0.4587 13.3228 -11.3318 0.1327 -2.3478 -6.4679 0.0000 0.0000 0.0000 6.9871 33.1260 -38.4840 -4.1457 -12.3518 36.9881 0.0750 -18.3924 -25.4020 -0.0218 -0.9538 2.6216 -3.3306 -0.0116 -14.0062 1.3170 -0.0238 -8.5196 3.2538 -0.0201 -1.1487 5.2380 5.8865 -20.2721 -3.2262 7.3096 21.6064 -0.9166 3.3573 10.6108 0.0000 0.0000 0.0000 -75.7264 27.9468 27.8229 16.5290 -26.2327 -3.8769 -0.0000 0.0000 -35.7909 17.6511 3.6292 1.1539 -7.1250 0.0000 -0.0000 -7.3394 33.7202 2.0444 0.0000 0.0000 0.0000 68.8329 -20.7456 35.1804 -16.4427 26.1172 -3.8388 0.0000 -0.0000 -6.8221 -12.4488 -16.2391 3.5326 7.1250 -0.0000 -0.0000 14.3887 -46.0756 -0.3900
5.0471 15.6027 22.4883 1.9737 -74.4546 25.0804 0.0000 0.0000 0.0000 -16.9244 -21.8775 -22.3190 0.3400 3.7472 10.3664 -0.4091 12.8030 -11.2564 0.1437 -2.4430 -6.7317 0.0000 0.0000 0.0000 7.4080 32.8892 -38.0083 -4.1192 -12.3173 36.8639 0.1156 -18.5980 -25.3481 -0.0113 -0.6870 1.8880 -3.1550 -0.0472 -14.2637 1.3591 -0.0839 -8.4728 3.1913 -0.0603 -0.9556 5.0034 5.6222 -20.1190 -3.2032 7.0206 21.9225 -0.9185 3.2051 10.6740 -0.0000 0.0000 0.0000 -76.7490 27.4544 24.3551 16.3300 -25.9661 -3.7893 -0.0000 0.0000 -35.3992 19.1084 3.3541 1.1612 -7.1250 0.0000 -0.0000 -6.1279 33.4833 1.7387 -0.0000 0.0000 0.0000 69.6624 -20.8287 32.9596 -15.4317 24.7440 -3.4046 0.0000 -0.0000 -5.4703 -12.2611 -16.3050 3.4915 7.1250 -0.0000 -0.0000 14.5806 -46.1168 -0.4105
5.0429 15.5983 22.4810 1.9569 -74.1177 24.8333 0.0000 0.0000 0.0000 -17.0525 -21.5257 -22.4149 0.3643 3.8772 10.7315 -0.3568 12.1890 -11.0685 0.1579 -2.5605 -7.0574 0.0000 0.0000 0.0000 7.7850 32.6149 -37.6081 -4.1090 -12.3040 36.8162 0.1646 -18.8520 -25.2947 -0.0040 -0.4081 1.1213 -3.0597 -0.1213 -14.4571 1.4202 -0.1865 -8.4196 3.1880 -0.1172 -0.7877 4.7206 5.3688 -19.9947 -3.1167 6.7423 22.2363 -0.8872 3.0610 10.7386 -0.0000 0.0000 0.0000 -77.8789 26.7349 20.7958 16.1128 -25.6734 -3.6947 -0.0000 0.0000 -35.2704 20.8899 3.1340 1.1953 -7.1250 0.0000 -0.0000 -4.6618 33.3079 1.3398 -0.0000 0.0000 0.0000 70.6287 -20.6943 30.1085 -14.3642 23.2530 -2.9704 0.0000 -0.0000 -3.4614 -11.9860 -16.3229 3.4146 7.1250 -0.0000 -0.0000 14.8364 -46.0998 -0.4117
5.0395 15.5949 22.4695 1.9976 -73.7697 24.5254 0.0000 0.0000 0.0000 -17.1469 -21.2625 -22.4673 0.3864 3.9918 11.0537 -0.3155 11.6570 -10.8571 0.1721 -2.6725 -7.3681 0.0000 0.0000 0.0000 8.0977 32.4531 -37.2248 -4.1131 -12.3094 36.8355 0.1798 -19.0366 -25.4364 -0.0043 -0.4246 1.1667 -3.0424 -0.2061 -14.6238 1.4929 -0.2936 -8.3495 3.2397 -0.1728 -0.6166 4.4120 5.1244 -19.8989 -2.9945 6.4729 22.5489 -0.8366 2.9225 10.8075 0.0000 0.0000 0.0000 -79.0241 25.8209 17.3731 15.9143 -25.4043 -3.6091 -0.0000 0.0000 -35.5040 22.9362 2.9305 1.2393 -7.1250 0.0000 -0.0000 -2.9853 33.1509 0.8679 0.0000 0.0000 0.0000 71.6859 -20.4173 26.7756 -13.3565 21.8073 -2.5842 0.0000 -0.0000 -0.9606 -11.6888 -16.3353 3.3302 7.1250 -0.0000 -0.0000 15.1102 -46.0747 -0.4101
5.0355 15.5933 22.4552 2.0040 -73.4689 24.2389 0.0000 0.0000 0.0000 -17.1961 -21.0866 -22.4286 0.4050 4.0856 11.3175 -0.2878 11.2760 -10.6894 0.1834 -2.7579 -7.6056 0.0000 0.0000 0.0000 8.3807 32.4055 -36.8131 -4.1233 -12.3227 36.8834 0.1446 -19.0651 -25.7812 -0.0142 -0.7691 2.1137 -3.0741 -0.2734 -14.7829 1.5680 -0.3708 -8.2635 3.3253 -0.2116 -0.4352 4.1169 4.8942 -19.8173 -2.8760 6.2181 22.8641 -0.7866 2.7907 10.8827 0.0000 0.0000 0.0000 -80.1207 24.7754 14.2812 15.7695 -25.2071 -3.5472 -0.0000 0.0000 -36.1499 24.9163 2.8304 1.3140 -7.1250 0.0000 -0.0000 -1.3705 33.0979 0.3998 0.0000 0.0000 0.0000 72.7839 -20.0824 23.2257 -12.5035 20.5555 -2.2760 0.0000 0.0000 1.7207 -11.4065 -16.3306 3.2468 7.1250 -0.0000 -0.0000 15.3645 -46.0349 -0.4019
5.0307 15.5925 22.4417 1.9908 -73.2400 23.9527 0.0000 0.0000 0.0000 -17.2346 -20.9743 -22.2868 0.4200 4.1598 11.5267 -0.2713 11.0441 -10.5922 0.1905 -2.8111 -7.7532 0.0000 0.0000 0.0000 8.6772 32.3432 -36.3777 -4.1315 -12.3334 36.9218 0.0940 -18.9973 -26.1092 -0.0306 -1.1292 3.1044 -3.1307 -0.3146 -14.9307 1.6406 -0.4101 -8.1697 3.4275 -0.2306 -0.2544 3.8693 4.6920 -19.7310 -2.7968 5.9970 23.1846 -0.7531 2.6731 10.9648 0.0000 0.0000 0.0000 -81.1672 23.6694 11.5819 15.7084 -25.1236 -3.5212 -0.0000 0.0000 -37.1286 26.4190 3.0520 1.5152 -7.1250 0.0000 -0.0000 -0.1525 33.3868 0.0434 0.0000 0.0000 0.0000 73.8690 -19.7461 19.7489 -11.8600 19.5943 -2.0551 0.0000 0.0000 4.2282 -11.1239 -16.3061 3.1599 7.1250 -0.0000 -0.0000 15.6121 -45.9758 -0.3853
5.0252 15.5916 22.4316 2.0020 -73.0857 23.6131 0.0000 0.0000 0.0000 -17.3094 -20.8768 -22.0275 0.4299 4.2076 11.6613 -0.2625 10.9210 -10.5450 0.1952 -2.8454 -7.8487 0.0000 0.0000 0.0000 9.0000 32.1920 -35.9221 -4.1341 -12.3367 36.9337 0.0637 -18.9290 -26.2636 -0.0391 -1.2757 3.5078 -3.2010 -0.3351 -15.0591 1.7100 -0.4201 -8.0656 3.5385 -0.2346 -0.0754 3.6794 4.5324 -19.6393 -2.7646 5.8296 23.5066 -0.7376 2.5787 11.0532 0.0000 -0.0000 0.0000 -82.1893 22.5440 9.2234 15.7480 -25.1778 -3.5381 -0.0000 0.0000 -38.2198 27.3951 3.6105 1.8692 -7.1250 0.0000 -0.0000 0.6356 34.0443 -0.1708 0.0000 -0.0000 0.0000 74.9000 -19.4257 16.6290 -11.4535 18.9800 -1.9208 0.0000 0.0000 6.2399 -10.8017 -16.3468 3.0737 7.1250 -0.0000 -0.0000 15.9172 -45.9754 -0.3931
5.0186 15.5908 22.4252 2.0492 -73.0076 23.1992 0.0000 0.0000 0.0000 -17.4448 -20.7443 -21.6237 0.4309 4.2127 11.6758 -0.2598 10.8746 -10.5125 0.1992 -2.8738 -7.9276 0.0000 0.0000 0.0000 9.3375 31.9792 -35.4283 -4.1316 -12.3335 36.9222 0.0510 -18.8644 -26.2767 -0.0380 -1.2582 3.4596 -3.2881 -0.3438 -15.1599 1.7832 -0.4123 -7.9493 3.6656 -0.2292 0.1003 3.5306 4.4225 -19.5454 -2.7636 5.7270 23.8232 -0.7301 2.5133 11.1447 0.0000 0.0000 0.0000 -83.1957 21.4409 7.2102 15.8974 -25.3813 -3.6019 -0.0000 0.0000 -39.2319 28.0180 4.2709 2.2693 -7.1250 0.0000 -0.0000 1.1382 34.8133 -0.2847 0.0000 0.0000 0.0000 75.8365 -19.1367 14.1142 -11.2956 18.7399 -1.8698 0.0000 0.0000 7.5374 -10.3801 -16.5205 2.9817 7.1250 -0.0000 -0.0000 16.3576 -46.0914 -0.4526
5.0108 15.5902 22.4220 2.1359 -72.9963 22.7199 0.0000 0.0000 0.0000 -17.6350 -20.5790 -21.0733 0.4212 4.1653 11.5421 -0.2633 10.8995 -10.4764 0.2018 -2.8926 -7.9799 0.0000 0.0000 0.0000 9.6665 31.7356 -34.9052 -4.1268 -12.3272 36.8996 0.0398 -18.7622 -26.2251 -0.0337 -1.1851 3.2581 -3.3873 -0.3483 -15.2360 1.8606 -0.3982 -7.8323 3.8054 -0.2202 0.2630 3.4094 4.3605 -19.4401 -2.7774 5.6872 24.1243 -0.7230 2.4769 11.2324 -0.0000 0.0000 0.0000 -84.1523 20.4210 5.6834 16.1602 -25.7374 -3.7153 -0.0000 0.0000 -40.1435 28.3114 4.8742 2.6207 -7.1250 0.0000 -0.0000 1.3715 35.5096 -0.3199 -0.0000 0.0000 0.0000 76.6590 -18.8972 12.2770 -11.3738 18.8590 -1.8950 0.0000 0.0000 8.1115 -9.7579 -16.7567 2.8385 7.1250 -0.0000 -0.0000 17.0027 -46.2416 -0.5363
5.0018 15.5897 22.4212 2.2588 -73.0230 22.2129 0.0000 0.0000 0.0000 -17.8511 -20.4127 -20.4377 0.4032 4.0767 11.2926 -0.2714 10.9763 -10.4353 0.2030 -2.9014 -8.0044 0.0000 0.0000 0.0000 9.9620 31.4867 -34.3929 -4.1217 -12.3205 36.8756 0.0265 -18.6325 -26.1524 -0.0289 -1.0967 3.0149 -3.4725 -0.3483 -15.3171 1.9187 -0.3801 -7.7234 3.9176 -0.2104 0.4194 3.3321 4.3357 -19.3212 -2.7927 5.6860 24.3931 -0.7181 2.4624 11.3086 0.0000 -0.0000 0.0000 -84.9764 19.5087 4.7865 16.5212 -26.2223 -3.8734 -0.0000 0.0000 -40.9772 28.1316 5.4330 2.8980 -7.1250 0.0000 -0.0000 1.2084 36.1330 -0.2635 0.0000 -0.0000 0.0000 77.4146 -18.6965 10.9800 -11.6547 19.2848 -1.9868 0.0000 0.0000 8.1340 -8.8736 -16.9591 2.6074 7.1250 -0.0000 -0.0000 17.8738 -46.3245 -0.6033
4.9925 15.5891 22.4209 2.3740 -73.0463 21.7559 0.0000 0.0000 0.0000 -18.0507 -20.2562 -19.8358 0.3843 3.9812 11.0239 -0.2786 11.0416 -10.3893 0.2061 -2.9229 -8.0641 0.0000 0.0000 0.0000 10.2175 31.2658 -33.9268 -4.1161 -12.3133 36.8494 0.0156 -18.5218 -26.0878 -0.0248 -1.0171 2.7959 -3.5081 -0.3402 -15.4366 1.9337 -0.3566 -7.6220 3.9572 -0.2008 0.5877 3.3125 4.3316 -19.1990 -2.7937 5.6909 24.6120 -0.7166 2.4590 11.3672 0.0000 0.0000 0.0000 -85.6018 18.6734 4.5145 16.9428 -26.7823 -4.0615 -0.0000 0.0000 -41.6405 27.3977 5.9111 3.0554 -7.1250 0.0000 -0.0000 0.5743 36.6308 -0.1182 0.0000 0.0000 0.0000 78.1842 -18.4851 9.9737 -12.0905 19.9402 -2.1330 0.0000 0.0000 7.8518 -7.7896 -17.1082 2.3045 7.1250 -0.0000 -0.0000 18.9048 -46.3297 -0.6431
4.9842 15.5884 22.4197 2.3972 -73.0375 21.4492 0.0000 0.0000 0.0000 -18.1890 -20.1020 -19.3869 0.3729 3.9222 10.8579 -0.2793 11.0324 -10.3489 0.2146 -2.9821 -8.2290 0.0000 0.0000 0.0000 10.4544 31.0895 -33.5233 -4.1076 -12.3023 36.8098 0.0100 -18.4543 -26.0404 -0.0225 -0.9681 2.6610 -3.4766 -0.3312 -15.5904 1.9164 -0.3410 -7.5426 3.9236 -0.1977 0.7518 3.3433 4.3419 -19.0641 -2.7748 5.6940 24.7818 -0.7168 2.4632 11.4058 -0.0000 -0.0000 0.0000 -86.0426 17.9069 4.7398 17.3926 -27.3725 -4.2663 -0.0000 0.0000 -41.9845 26.1769 6.2020 3.0399 -7.1250 0.0000 -0.0000 -0.4720 36.8837 0.0942 -0.0000 -0.0000 0.0000 78.9887 -18.2177 9.0436 -12.6225 20.7316 -2.3179 0.0000 0.0000 7.4780 -6.6351 -17.1863 1.9686 7.1250 -0.0000 -0.0000 19.9693 -46.2582 -0.6455
4.9775 15.5877 22.4180 2.2680 -72.9947 21.3582 0.0000 0.0000 0.0000 -18.2346 -19.9726 -19.1439 0.3735 3.9253 10.8665 -0.2728 10.9546 -10.3451 0.2270 -3.0670 -8.4655 0.0000 0.0000 0.0000 10.6929 30.9532 -33.1933 -4.0946 -12.2852 36.7486 0.0104 -18.4259 -25.9971 -0.0209 -0.9343 2.5682 -3.3774 -0.3359 -15.7595 1.8935 -0.3557 -7.5103 3.8407 -0.2112 0.8770 3.4238 4.3747 -18.8939 -2.7470 5.7111 24.9281 -0.7205 2.4805 11.4305 -0.0000 -0.0000 0.0000 -86.3560 17.2448 5.3186 17.8586 -27.9757 -4.4827 -0.0000 0.0000 -41.9023 24.6722 6.2146 2.8468 -7.1250 0.0000 -0.0000 -1.7464 36.8082 0.3520 -0.0000 -0.0000 0.0000 79.7788 -17.8837 8.1507 -13.1979 21.5765 -2.5256 0.0000 0.0000 7.0517 -5.5104 -17.1502 1.6295 7.1250 -0.0000 -0.0000 20.9574 -46.0836 -0.5861
4.9717 15.5871 22.4166 2.0180 -72.9327 21.4538 0.0000 0.0000 0.0000 -18.1901 -19.9179 -19.0681 0.3844 3.9817 11.0252 -0.2641 10.8769 -10.4034 0.2384 -3.1426 -8.6759 0.0000 0.0000 0.0000 10.9224 30.8672 -32.9384 -4.0785 -12.2641 36.6727 0.0173 -18.4416 -25.9618 -0.0193 -0.8959 2.4625 -3.2300 -0.3606 -15.9538 1.8717 -0.4071 -7.5287 3.7255 -0.2439 0.9650 3.5633 4.4340 -18.6947 -2.7202 5.7481 25.0832 -0.7319 2.5123 11.4557 -0.0000 0.0000 0.0000 -86.5701 16.6937 6.1435 18.3292 -28.5767 -4.7057 -0.0000 0.0000 -41.3234 23.1386 5.9170 2.5224 -7.1250 0.0000 -0.0000 -3.0173 36.3961 0.6391 -0.0000 0.0000 0.0000 80.5031 -17.4913 7.4199 -13.7851 22.4267 -2.7456 0.0000 0.0000 6.4630 -4.5465 -17.0248 1.3337 7.1250 -0.0000 -0.0000 21.7612 -45.8473 -0.4777
4.9655 15.5866 22.4154 1.7366 -72.8634 21.6388 0.0000 0.0000 0.0000 -18.0902 -19.9647 -19.0724 0.4001 4.0612 11.2488 -0.2587 10.8632 -10.5161 0.2464 -3.1939 -8.8191 0.0000 0.0000 0.0000 11.1167 30.8568 -32.7423 -4.0633 -12.2441 36.6012 0.0308 -18.5232 -25.9632 -0.0180 -0.8662 2.3806 -3.0773 -0.4040 -16.1956 1.8523 -0.4859 -7.5776 3.6051 -0.2909 1.0471 3.7455 4.5104 -18.5003 -2.6959 5.7972 25.2683 -0.7493 2.5528 11.4955 0.0000 -0.0000 0.0000 -86.7020 16.2103 7.1449 18.7780 -29.1419 -4.9223 -0.0000 0.0000 -40.2507 21.7052 5.4159 2.1516 -7.1250 0.0000 -0.0000 -4.1754 35.7803 0.9481 0.0000 -0.0000 0.0000 81.1268 -17.0500 6.9923 -14.3694 23.2604 -2.9724 0.0000 0.0000 5.6245 -3.9967 -16.9191 1.1648 7.1250 -0.0000 -0.0000 22.2032 -45.6819 -0.3932
4.9583 15.5860 22.4145 1.4926 -72.7919 21.8240 0.0000 0.0000 0.0000 -17.9766 -20.0907 -19.0836 0.4154 4.1372 11.4630 -0.2589 10.9261 -10.6507 0.2526 -3.2340 -8.9309 0.0000 0.0000 0.0000 11.2641 30.9332 -32.5759 -4.0523 -12.2296 36.5492 0.0495 -18.6781 -26.0252 -0.0184 -0.8750 2.4049 -2.9644 -0.4643 -16.4823 1.8484 -0.5826 -7.6375 3.5202 -0.3462 1.1417 3.9257 4.5905 -18.3353 -2.6691 5.8515 25.4920 -0.7640 2.5949 11.5561 -0.0000 0.0000 0.0000 -86.7809 15.7480 8.2881 19.1713 -29.6309 -5.1153 -0.0000 0.0000 -38.8186 20.3282 4.9053 1.8144 -7.1250 0.0000 -0.0000 -5.2724 35.1697 1.2775 -0.0000 0.0000 0.0000 81.6158 -16.5746 6.9290 -14.9450 24.0695 -3.2035 0.0000 0.0000 4.5725 -4.1056 -16.9085 1.1960 7.1250 -0.0000 -0.0000 22.1030 -45.6854 -0.3932
4.9501 15.5852 22.4139 1.3191 -72.7262 21.9574 0.0000 0.0000 0.0000 -17.8814 -20.2496 -19.0686 0.4275 4.1964 11.6299 -0.2641 11.0419 -10.7768 0.2586 -3.2720 -9.0369 0.0000 0.0000 0.0000 11.3659 31.0762 -32.4228 -4.0466 -12.2222 36.5227 0.0701 -18.8807 -26.1416 -0.0205 -0.9247 2.5416 -2.9171 -0.5389 -16.7925 1.8706 -0.6898 -7.7024 3.4977 -0.4052 1.2437 4.0716 4.6658 -18.2009 -2.6376 5.9080 25.7550 -0.7703 2.6344 11.6369 0.0000 -0.0000 0.0000 -86.8274 15.2856 9.5601 19.4848 -30.0166 -5.2712 -0.0000 0.0000 -37.2442 19.0076 4.4499 1.5310 -7.1250 0.0000 -0.0000 -6.3163 34.6310 1.6159 0.0000 -0.0000 0.0000 81.9430 -16.0848 7.1877 -15.5083 24.8495 -3.4367 0.0000 0.0000 3.4634 -4.8735 -16.9371 1.4229 7.1250 -0.0000 -0.0000 21.4368 -45.8059 -0.4470
4.9417 15.5843 22.4141 1.2269 -72.6823 22.0165 0.0000 0.0000 0.0000 -17.8223 -20.4031 -19.0236 0.4361 4.2377 11.7463 -0.2723 11.1846 -10.8844 0.2635 -3.3024 -9.1218 0.0000 0.0000 0.0000 11.4282 31.2410 -32.2836 -4.0455 -12.2207 36.5173 0.0888 -19.0823 -26.2749 -0.0233 -0.9857 2.7094 -2.9354 -0.6200 -17.1050 1.9108 -0.7970 -7.7724 3.5310 -0.4623 1.3410 4.1877 4.7332 -18.0864 -2.6009 5.9608 26.0508 -0.7699 2.6692 11.7334 -0.0000 0.0000 0.0000 -86.8418 14.8142 10.9162 19.7095 -30.2907 -5.3840 -0.0000 0.0000 -35.7105 17.9558 3.9381 1.2750 -7.1250 0.0000 -0.0000 -7.1240 34.0532 1.9257 -0.0000 0.0000 0.0000 82.1182 -15.5867 7.6131 -16.0459 25.5828 -3.6658 0.0000 0.0000 2.5360 -6.0647 -16.8680 1.7658 7.1250 -0.0000 -0.0000 20.3534 -45.8879 -0.4653
4.9337 15.5834 22.4151 1.1818 -72.6735 22.0215 0.0000 0.0000 0.0000 -17.7971 -20.5246 -18.9588 0.4430 4.2705 11.8391 -0.2814 11.3314 -10.9838 0.2662 -3.3190 -9.1683 0.0000 0.0000 0.0000 11.4744 31.3801 -32.1526 -4.0457 -12.2210 36.5184 0.1038 -19.2394 -26.3771 -0.0251 -1.0237 2.8141 -2.9971 -0.6975 -17.3987 1.9576 -0.8932 -7.8458 3.5973 -0.5126 1.4240 4.2911 4.7940 -17.9844 -2.5585 6.0058 26.3708 -0.7661 2.6995 11.8413 0.0000 0.0000 0.0000 -86.8345 14.3202 12.2545 19.8480 -30.4588 -5.4541 -0.0000 0.0000 -34.3367 17.3771 3.3184 1.0378 -7.1250 0.0000 -0.0000 -7.5290 33.3876 2.1591 0.0000 0.0000 0.0000 82.1752 -15.0717 8.0692 -16.5428 26.2511 -3.8829 0.0000 0.0000 1.9046 -7.3942 -16.6252 2.1264 7.1250 -0.0000 -0.0000 19.0766 -45.8223 -0.4018
4.9267 15.5826 22.4170 1.1141 -72.7011 22.0249 0.0000 0.0000 0.0000 -17.7888 -20.5936 -18.8895 0.4512 4.3095 11.9490 -0.2884 11.4577 -11.0913 0.2674 -3.3264 -9.1888 0.0000 0.0000 0.0000 11.5413 31.4609 -32.0112 -4.0433 -12.2178 36.5067 0.1152 -19.3292 -26.4129 -0.0248 -1.0162 2.7934 -3.0726 -0.7626 -17.6537 2.0124 -0.9712 -7.9162 3.6831 -0.5529 1.4886 4.3738 4.8474 -17.8968 -2.5062 6.0431 26.7068 -0.7561 2.7252 11.9576 0.0000 -0.0000 0.0000 -86.8328 13.7864 13.4903 19.9074 -30.5306 -5.4842 -0.0000 0.0000 -33.2148 17.2397 2.6876 0.8336 -7.1250 0.0000 -0.0000 -7.5750 32.7287 2.2942 0.0000 -0.0000 0.0000 82.1258 -14.5399 8.5620 -17.0032 26.8619 -4.0888 0.0000 0.0000 1.4628 -8.5969 -16.2385 2.4208 7.1250 -0.0000 -0.0000 17.8612 -45.6004 -0.2735
4.9212 15.5820 22.4196 0.9733 -72.7586 22.0676 0.0000 0.0000 0.0000 -17.7825 -20.6050 -18.8232 0.4624 4.3619 12.0972 -0.2921 11.5530 -11.2132 0.2694 -3.3386 -9.2229 0.0000 0.0000 0.0000 11.6530 31.4666 -31.8494 -4.0360 -12.2081 36.4722 0.1215 -19.3386 -26.3742 -0.0221 -0.9596 2.6378 -3.1456 -0.8094 -17.8548 2.0837 -1.0264 -7.9809 3.7895 -0.5807 1.5295 4.4204 4.8889 -17.8262 -2.4490 6.0724 27.0525 -0.7391 2.7440 12.0800 -0.0000 -0.0000 0.0000 -86.8442 13.2174 14.6482 19.9025 -30.5247 -5.4818 -0.0000 0.0000 -32.4424 17.3507 2.1607 0.6749 -7.1250 0.0000 -0.0000 -7.4345 32.1848 2.3492 -0.0000 -0.0000 0.0000 81.9630 -14.0110 9.1386 -17.4466 27.4428 -4.2911 0.0000 0.0000 1.0707 -9.5371 -15.7951 2.6184 7.1250 -0.0000 -0.0000 16.8664 -45.2874 -0.1232
4.9173 15.5814 22.4226 0.7652 -72.8432 22.1485 0.0000 0.0000 0.0000 -17.7770 -20.5723 -18.7534 0.4756 4.4227 12.2691 -0.2940 11.6319 -11.3445 0.2738 -3.3659 -9.2991 0.0000 0.0000 0.0000 11.8041 31.3974 -31.6785 -4.0253 -12.1940 36.4216 0.1204 -19.2615 -26.2716 -0.0180 -0.8658 2.3797 -3.2183 -0.8362 -18.0010 2.1696 -1.0563 -8.0433 3.9163 -0.5948 1.5424 4.4440 4.9172 -17.7663 -2.4007 6.0918 27.4028 -0.7228 2.7545 12.2062 0.0000 0.0000 0.0000 -86.8467 12.6406 15.7980 19.8588 -30.4719 -5.4596 -0.0000 0.0000 -32.0798 17.5402 1.7826 0.5633 -7.1250 0.0000 -0.0000 -7.2482 31.7962 2.3578 0.0000 0.0000 0.0000 81.7010 -13.5098 9.7842 -17.8919 28.0185 -4.4983 0.0000 0.0000 0.6887 -10.3082 -15.3961 2.7645 7.1250 -0.0000 -0.0000 16.0446 -44.9922 0.0032
4.9145 15.5806 22.4255 0.5367 -72.9568 22.2359 0.0000 0.0000 0.0000 -17.7789 -20.5196 -18.6644 0.4880 4.4793 12.4291 -0.2967 11.7216 -11.4782 0.2799 -3.4024 -9.4013 0.0000 0.0000 0.0000 11.9685 31.2730 -31.5205 -4.0146 -12.1798 36.3712 0.1121 -19.1120 -26.1235 -0.0137 -0.7546 2.0738 -3.2962 -0.8440 -18.1116 2.2505 -1.0604 -8.1021 4.0461 -0.5954 1.5383 4.4763 4.9352 -17.7178 -2.3600 6.0951 27.7523 -0.7132 2.7578 12.3353 -0.0000 -0.0000 0.0000 -86.8090 12.0749 16.9448 19.8061 -30.4080 -5.4329 -0.0000 0.0000 -32.0858 17.6948 1.5631 0.4986 -7.1250 0.0000 -0.0000 -7.1055 31.5711 2.3495 -0.0000 -0.0000 0.0000 81.3870 -13.0441 10.4730 -18.3526 28.6063 -4.7169 0.0000 0.0000 0.2898 -11.0757 -15.1302 2.9249 7.1250 -0.0000 -0.0000 15.2735 -44.8227 0.0685
4.9124 15.5795 22.4279 0.3370 -73.0965 22.2969 0.0000 0.0000 0.0000 -17.7938 -20.4698 -18.5460 0.4971 4.5202 12.5449 -0.3021 11.8393 -11.6113 0.2844 -3.4298 -9.4776 0.0000 0.0000 0.0000 12.1181 31.1225 -31.3933 -4.0070 -12.1698 36.3352 0.0985 -18.9169 -25.9559 -0.0103 -0.6543 1.7981 -3.3783 -0.8355 -18.2180 2.3047 -1.0404 -8.1468 4.1546 -0.5842 1.5442 4.5241 4.9448 -17.6975 -2.3027 6.0750 28.0931 -0.7030 2.7545 12.4668 0.0000 -0.0000 0.0000 -86.7177 11.5166 18.0292 19.7702 -30.3645 -5.4147 -0.0000 0.0000 -32.3251 17.7568 1.4991 0.4800 -7.1250 0.0000 -0.0000 -7.0507 31.5056 2.3423 0.0000 -0.0000 0.0000 81.0654 -12.6009 11.1963 -18.8342 29.2121 -4.9497 0.0000 -0.0000 -0.1451 -11.8313 -15.0067 3.1048 7.1250 -0.0000 -0.0000 14.5590 -44.7894 0.0774
4.9107 15.5782 22.4298 0.1834 -73.2556 22.3212 0.0000 0.0000 0.0000 -17.8235 -20.4218 -18.4025 0.5024 4.5439 12.6121 -0.3091 11.9746 -11.7443 0.2855 -3.4364 -9.4963 0.0000 0.0000 0.0000 12.2423 30.9724 -31.2945 -4.0030 -12.1644 36.3162 0.0808 -18.7014 -25.7950 -0.0083 -0.5883 1.6167 -3.4674 -0.8182 -18.3367 2.3336 -1.0051 -8.1710 4.2429 -0.5660 1.5767 4.5667 4.9474 -17.7187 -2.2124 6.0342 28.4207 -0.6816 2.7463 12.6001 0.0000 -0.0000 0.0000 -86.5909 10.9681 18.9990 19.7684 -30.3623 -5.4138 -0.0000 0.0000 -32.6568 17.7259 1.5659 0.5004 -7.1250 0.0000 -0.0000 -7.0810 31.5746 2.3407 0.0000 -0.0000 0.0000 80.7396 -12.1695 11.9571 -19.3313 29.8282 -5.1946 0.0000 -0.0000 -0.6090 -12.4264 -14.9621 3.2560 7.1250 -0.0000 -0.0000 14.0120 -44.8146 0.0654
4.9081 15.5767 22.4305 0.0286 -73.4506 22.3414 0.0000 0.0000 0.0000 -17.8630 -20.3359 -18.2414 0.5064 4.5615 12.6620 -0.3152 12.1058 -11.8945 0.2840 -3.4276 -9.4717 0.0000 0.0000 0.0000 12.3625 30.8726 -31.1803 -3.9999 -12.1603 36.3015 0.0636 -18.5005 -25.6543 -0.0073 -0.5510 1.5142 -3.5773 -0.7977 -18.4654 2.3574 -0.9604 -8.1739 4.3396 -0.5432 1.6357 4.5927 4.9485 -17.7709 -2.0942 5.9859 28.7343 -0.6473 2.7370 12.7332 0.0000 0.0000 0.0000 -86.4552 10.4534 19.8337 19.8071 -30.4092 -5.4334 -0.0000 0.0000 -32.9897 17.6555 1.7047 0.5425 -7.1250 0.0000 -0.0000 -7.1492 31.7177 2.3388 0.0000 0.0000 0.0000 80.3907 -11.7572 12.7712 -19.8328 30.4404 -5.4464 0.0000 -0.0000 -1.0901 -12.8286 -14.9193 3.3553 7.1250 -0.0000 -0.0000 13.6383 -44.8192 0.0621
4.9031 15.5753 22.4294 -0.1934 -73.7036 22.4082 0.0000 0.0000 0.0000 -17.9027 -20.1784 -18.0691 0.5121 4.5867 12.7335 -0.3186 12.2258 -12.0811 0.2829 -3.4207 -9.4522 0.0000 0.0000 0.0000 12.5066 30.8709 -31.0032 -3.9943 -12.1528 36.2746 0.0530 -18.3506 -25.5311 -0.0063 -0.5143 1.4133 -3.7038 -0.7698 -18.6012 2.3810 -0.9019 -8.1581 4.4486 -0.5135 1.7169 4.6213 4.9526 -17.8288 -1.9594 5.9346 29.0294 -0.6072 2.7295 12.8604 0.0000 0.0000 0.0000 -86.3072 10.0017 20.5378 19.8863 -30.5051 -5.4735 -0.0000 0.0000 -33.2774 17.6242 1.8372 0.5835 -7.1250 0.0000 -0.0000 -7.1860 31.8550 2.3271 0.0000 0.0000 0.0000 80.0366 -11.3730 13.6131 -20.3241 31.0309 -5.6975 0.0000 -0.0000 -1.5599 -13.2001 -14.8377 3.4373 7.1250 -0.0000 -0.0000 13.2803 -44.7814 0.0730
4.8964 15.5742 22.4280 -0.4766 -73.9925 22.5268 0.0000 0.0000 0.0000 -17.9382 -19.9884 -17.8939 0.5197 4.6205 12.8293 -0.3215 12.3525 -12.2918 0.2834 -3.4239 -9.4613 0.0000 0.0000 0.0000 12.6670 30.9446 -30.7794 -3.9857 -12.1414 36.2340 0.0499 -18.2517 -25.4175 -0.0050 -0.4576 1.2573 -3.8092 -0.7267 -18.7483 2.3860 -0.8252 -8.1327 4.5294 -0.4762 1.8117 4.6697 4.9549 -17.8710 -1.8140 5.8702 29.2947 -0.5686 2.7208 12.9729 0.0000 0.0000 0.0000 -86.1297 9.6285 21.1321 20.0028 -30.6458 -5.5328 -0.0000 0.0000 -33.5036 17.6997 1.8996 0.6061 -7.1250 0.0000 -0.0000 -7.1312 31.9216 2.2976 0.0000 0.0000 0.0000 79.7239 -11.0188 14.3933 -20.7866 31.5785 -5.9378 0.0000 -0.0000 -1.9624 -13.5873 -14.7123 3.5125 7.1250 -0.0000 -0.0000 12.8962 -44.7018 0.0966
4.8903 15.5733 22.4292 -0.7446 -74.2540 22.6508 0.0000 0.0000 0.0000 -17.9700 -19.8589 -17.7281 0.5274 4.6540 12.9242 -0.3281 12.5094 -12.4896 0.2846 -3.4310 -9.4810 0.0000 0.0000 0.0000 12.8058 31.0042 -30.5779 -3.9769 -12.1296 36.1918 0.0479 -18.1619 -25.3076 -0.0036 -0.3882 1.0667 -3.8522 -0.6738 -18.9039 2.3611 -0.7450 -8.1146 4.5436 -0.4389 1.9022 4.7257 4.9483 -17.8891 -1.6623 5.7882 29.5217 -0.5323 2.7071 13.0646 0.0000 0.0000 0.0000 -85.9376 9.3362 21.6191 20.1475 -30.8196 -5.6067 -0.0000 0.0000 -33.6724 17.9200 1.8663 0.6034 -7.1250 0.0000 -0.0000 -6.9523 31.8919 2.2442 0.0000 0.0000 0.0000 79.4649 -10.6941 15.0598 -21.2046 32.0664 -6.1582 0.0000 -0.0000 -2.2821 -13.8862 -14.5819 3.5616 7.1250 -0.0000 -0.0000 12.5907 -44.6064 0.1244
4.8858 15.5724 22.4342 -0.9727 -74.4597 22.7646 0.0000 0.0000 0.0000 -17.9925 -19.8358 -17.5756 0.5345 4.6845 13.0109 -0.3394 12.7051 -12.6692 0.2837 -3.4257 -9.4662 0.0000 0.0000 0.0000 12.9109 31.0083 -30.4296 -3.9692 -12.1193 36.1554 0.0426 -18.0539 -25.2004 -0.0025 -0.3254 0.8941 -3.8266 -0.6203 -19.0606 2.3142 -0.6755 -8.1093 4.4928 -0.4086 1.9806 4.7695 4.9326 -17.8895 -1.5055 5.6953 29.7112 -0.4941 2.6890 13.1365 -0.0000 -0.0000 0.0000 -85.7575 9.1174 21.9864 20.3040 -31.0068 -5.6871 -0.0000 0.0000 -33.8062 18.2866 1.7467 0.5771 -7.1250 0.0000 -0.0000 -6.6493 31.7750 2.1640 -0.0000 -0.0000 0.0000 79.2358 -10.3953 15.6270 -21.5646 32.4815 -6.3504 0.0000 -0.0000 -2.5104 -13.9823 -14.4495 3.5553 7.1250 -0.0000 -0.0000 12.4675 -44.4851 0.1610
4.8819 15.5712 22.4413 -1.2047 -74.6301 22.9013 0.0000 0.0000 0.0000 -17.9974 -19.8873 -17.4365 0.5421 4.7173 13.1039 -0.3532 12.9249 -12.8531 0.2798 -3.4018 -9.3996 0.0000 0.0000 0.0000 13.0030 30.9802 -30.3150 -3.9621 -12.1098 36.1214 0.0363 -17.9369 -25.0888 -0.0017 -0.2674 0.7346 -3.7494 -0.5668 -19.2192 2.2543 -0.6149 -8.1098 4.3969 -0.3839 2.0550 4.8023 4.9123 -17.8846 -1.3446 5.5979 29.8706 -0.4533 2.6689 13.1944 -0.0000 -0.0000 0.0000 -85.5863 8.9602 22.2438 20.4538 -31.1853 -5.7645 -0.0000 0.0000 -33.9444 18.7626 1.5709 0.5336 -7.1250 0.0000 -0.0000 -6.2552 31.6006 2.0608 -0.0000 -0.0000 0.0000 79.0312 -10.1164 16.1181 -21.8570 32.8150 -6.5082 0.0000 -0.0000 -2.6467 -13.8494 -14.2819 3.4804 7.1250 -0.0000 -0.0000 12.5406 -44.3027 0.2194
4.8776 15.5698 22.4489 -1.4584 -74.7939 23.0729 0.0000 0.0000 0.0000 -17.9912 -19.9476 -17.3142 0.5502 4.7518 13.2019 -0.3660 13.1355 -13.0436 0.2742 -3.3680 -9.3049 0.0000 0.0000 0.0000 13.0918 30.9492 -30.2190 -3.9555 -12.1010 36.0901 0.0323 -17.8257 -24.9672 -0.0009 -0.1918 0.5271 -3.6513 -0.5111 -19.3830 2.1901 -0.5554 -8.1155 4.2844 -0.3603 2.1268 4.8272 4.8899 -17.8767 -1.1872 5.5008 30.0124 -0.4125 2.6480 13.2445 -0.0000 0.0000 0.0000 -85.4145 8.8666 22.4295 20.5822 -31.3373 -5.8311 -0.0000 0.0000 -34.1359 19.2803 1.3798 0.4826 -7.1250 0.0000 -0.0000 -5.8283 31.4093 1.9457 -0.0000 0.0000 0.0000 78.8589 -9.8645 16.5414 -22.0783 33.0654 -6.6285 0.0000 -0.0000 -2.7569 -13.6180 -14.1137 3.3808 7.1250 -0.0000 -0.0000 12.7016 -44.1089 0.2841
4.8724 15.5685 22.4560 -1.6884 -74.9617 23.2411 0.0000 0.0000 0.0000 -17.9928 -19.9661 -17.2151 0.5566 4.7789 13.2791 -0.3754 13.3004 -13.2112 0.2693 -3.3384 -9.2225 0.0000 0.0000 0.0000 13.1602 30.9274 -30.1509 -3.9512 -12.0952 36.0696 0.0284 -17.7172 -24.8486 -0.0003 -0.1053 0.2894 -3.5670 -0.4587 -19.5492 2.1310 -0.4995 -8.1361 4.1850 -0.3379 2.1841 4.8362 4.8666 -17.8619 -1.0410 5.4112 30.1494 -0.3722 2.6272 13.2914 0.0000 -0.0000 0.0000 -85.2512 8.8480 22.5687 20.6773 -31.4498 -5.8807 -0.0000 0.0000 -34.4143 19.7821 1.2081 0.4345 -7.1250 0.0000 -0.0000 -5.4168 31.2364 1.8298 0.0000 -0.0000 0.0000 78.7103 -9.6565 16.9075 -22.2226 33.2277 -6.7074 0.0000 -0.0000 -2.8917 -13.7284 -14.0662 3.3980 7.1250 -0.0000 -0.0000 12.5900 -44.0739 0.2926
4.8666 15.5672 22.4620 -1.8523 -75.1316 23.3679 0.0000 0.0000 0.0000 -18.0125 -19.9272 -17.1407 0.5597 4.7919 13.3160 -0.3806 13.4040 -13.3302 0.2667 -3.3222 -9.1772 0.0000 0.0000 0.0000 13.1935 30.9231 -30.1172 -3.9505 -12.0942 36.0660 0.0211 -17.6058 -24.7556 -0.0000 -0.0430 0.1182 -3.5183 -0.4173 -19.7104 2.0805 -0.4535 -8.1749 4.1131 -0.3195 2.2202 4.8267 4.8448 -17.8453 -0.9066 5.3337 30.2856 -0.3313 2.6080 13.3380 -0.0000 -0.0000 0.0000 -85.1096 8.9004 22.6555 20.7268 -31.5080 -5.9065 -0.0000 0.0000 -34.7732 20.2385 1.0756 0.3965 -7.1250 0.0000 -0.0000 -5.0453 31.1031 1.7196 -0.0000 -0.0000 0.0000 78.5662 -9.4946 17.2128 -22.2752 33.2866 -6.7363 0.0000 -0.0000 -2.9644 -14.2830 -14.1243 3.5549 7.1250 -0.0000 -0.0000 12.1092 -44.1940 0.2446
4.8608 15.5661 22.4667 -1.9430 -75.2951 23.4411 0.0000 0.0000 0.0000 -18.0482 -19.8479 -17.0840 0.5594 4.7909 13.3132 -0.3835 13.4609 -13.3955 0.2676 -3.3276 -9.1923 0.0000 0.0000 0.0000 13.1962 30.9280 -30.1123 -3.9527 -12.0972 36.0766 0.0106 -17.4927 -24.6905 -0.0000 -0.0142 0.0391 -3.4999 -0.3877 -19.8606 2.0311 -0.4186 -8.2228 4.0575 -0.3056 2.2417 4.8172 4.8271 -17.8383 -0.7893 5.2674 30.4121 -0.2947 2.5916 13.3837 -0.0000 -0.0000 0.0000 -84.9835 8.9956 22.6823 20.7141 -31.4931 -5.8999 -0.0000 0.0000 -35.1764 20.6319 0.9938 0.3742 -7.1250 0.0000 -0.0000 -4.7278 31.0217 1.6199 -0.0000 -0.0000 0.0000 78.4334 -9.3625 17.4456 -22.2291 33.2349 -6.7110 0.0000 -0.0000 -2.9031 -14.8366 -14.1451 3.7038 7.1250 -0.0000 -0.0000 11.6180 -44.2772 0.2102
4.8558 15.5651 22.4704 -1.9684 -75.4448 23.4571 0.0000 0.0000 0.0000 -18.0980 -19.7538 -17.0272 0.5564 4.7780 13.2765 -0.3864 13.4982 -13.4178 0.2725 -3.3576 -9.2760 0.0000 0.0000 0.0000 13.1801 30.9275 -30.1229 -3.9568 -12.1027 36.0964 -0.0015 -17.3822 -24.6435 -0.0000 -0.0030 0.0082 -3.4978 -0.3641 -19.9883 1.9748 -0.3885 -8.2715 4.0029 -0.2935 2.2513 4.8297 4.8116 -17.8438 -0.7002 5.2065 30.5176 -0.2718 2.5766 13.4255 -0.0000 0.0000 0.0000 -84.8562 9.1087 22.6699 20.6259 -31.3891 -5.8539 -0.0000 0.0000 -35.5897 20.9490 0.9696 0.3712 -7.1250 0.0000 -0.0000 -4.4744 31.0001 1.5350 -0.0000 0.0000 0.0000 78.3397 -9.2503 17.6061 -22.0944 33.0836 -6.6373 0.0000 -0.0000 -2.7834 -15.0541 -14.0819 3.7441 7.1250 -0.0000 -0.0000 11.4060 -44.2383 0.2174
4.8518 15.5644 22.4736 -1.9406 -75.5808 23.4163 0.0000 0.0000 0.0000 -18.1602 -19.6717 -16.9479 0.5510 4.7552 13.2117 -0.3912 13.5456 -13.4243 0.2777 -3.3896 -9.3655 0.0000 0.0000 0.0000 13.1552 30.9203 -30.1312 -3.9620 -12.1097 36.1211 -0.0140 -17.2779 -24.6095 -0.0000 -0.0011 0.0030 -3.5053 -0.3398 -20.0797 1.9107 -0.3557 -8.3195 3.9459 -0.2794 2.2426 4.8627 4.7922 -17.8550 -0.6384 5.1429 30.5947 -0.2634 2.5596 13.4581 -0.0000 -0.0000 0.0000 -84.7217 9.2350 22.6449 20.4581 -31.1903 -5.7667 -0.0000 0.0000 -35.9887 21.1927 1.0029 0.3888 -7.1250 0.0000 -0.0000 -4.2826 31.0389 1.4648 -0.0000 -0.0000 0.0000 78.3000 -9.1601 17.6923 -21.8804 32.8416 -6.5208 0.0000 -0.0000 -2.6759 -15.0570 -14.0109 3.7264 7.1250 -0.0000 -0.0000 11.3850 -44.1671 0.2373
4.8483 15.5639 22.4764 -1.8944 -75.7069 23.3456 0.0000 0.0000 0.0000 -18.2244 -19.6261 -16.8372 0.5448 4.7287 13.1362 -0.3990 13.6279 -13.4480 0.2786 -3.3950 -9.3806 0.0000 0.0000 0.0000 13.1345 30.9103 -30.1229 -3.9667 -12.1160 36.1435 -0.0259 -17.1808 -24.5807 -0.0000 -0.0096 0.0264 -3.5177 -0.3118 -20.1305 1.8465 -0.3175 -8.3662 3.8926 -0.2617 2.2143 4.8930 4.7645 -17.8635 -0.5897 5.0734 30.6377 -0.2609 2.5386 13.4758 0.0000 -0.0000 0.0000 -84.5956 9.3751 22.6060 20.2125 -30.8975 -5.6401 -0.0000 0.0000 -36.3456 21.3693 1.0869 0.4253 -7.1250 0.0000 -0.0000 -4.1465 31.1314 1.4088 0.0000 -0.0000 0.0000 78.3065 -9.0872 17.6852 -21.5832 32.5027 -6.3604 0.0000 -0.0000 -2.5366 -14.9949 -13.9820 3.7029 7.1250 -0.0000 -0.0000 11.4332 -44.1310 0.2486
4.8451 15.5635 22.4789 -1.8858 -75.8241 23.3003 0.0000 0.0000 0.0000 -18.2744 -19.6255 -16.7105 0.5402 4.7091 13.0807 -0.4098 13.7537 -13.5078 0.2753 -3.3750 -9.3244 0.0000 0.0000 0.0000 13.1346 30.8958 -30.0936 -3.9690 -12.1190 36.1544 -0.0358 -17.0903 -24.5443 -0.0000 -0.0183 0.0504 -3.5279 -0.2834 -20.1572 1.7960 -0.2792 -8.4026 3.8526 -0.2434 2.1849 4.9014 4.7319 -17.8706 -0.5457 5.0069 30.6436 -0.2562 2.5164 13.4767 0.0000 -0.0000 0.0000 -84.5015 9.5143 22.5233 19.8891 -30.5085 -5.4749 -0.0000 0.0000 -36.6215 21.4794 1.2009 0.4725 -7.1250 0.0000 -0.0000 -4.0650 31.2550 1.3689 0.0000 -0.0000 0.0000 78.3360 -9.0130 17.5841 -21.2008 32.0620 -6.1562 0.0000 -0.0000 -2.3196 -14.9047 -13.9882 3.6812 7.1250 -0.0000 -0.0000 11.5158 -44.1270 0.2516
