HIERARCHY
ROOT Hips
{
	OFFSET 0.00000 0.00000 0.00000
	CHANNELS 6 Xposition Yposition Zposition Zrotation Yrotation Xrotation 
	JOINT LHipJoint
	{
		OFFSET 0 0 0
		CHANNELS 3 Zrotation Yrotation Xrotation
		JOINT LeftUpLeg
		{
			OFFSET 1.43652 -1.81092 0.91346
			CHANNELS 3 Zrotation Yrotation Xrotation
			JOINT LeftLeg
			{
				OFFSET 2.45984 -6.75837 0.00000
				CHANNELS 3 Zrotation Yrotation Xrotation
				JOINT LeftFoot
				{
					OFFSET 2.63718 -7.24559 0.00000
					CHANNELS 3 Zrotation Yrotation Xrotation
					JOINT LeftToeBase
					{
						OFFSET 0.19690 -0.54098 2.12239
						CHANNELS 3 Zrotation Yrotation Xrotation
						End Site
						{
							OFFSET 0.00000 -0.00000 1.10116
						}
					}
				}
			}
		}
	}
	JOINT RHipJoint
	{
		OFFSET 0 0 0
		CHANNELS 3 Zrotation Yrotation Xrotation
		JOINT RightUpLeg
		{
			OFFSET -1.35116 -1.81092 0.91345
			CHANNELS 3 Zrotation Yrotation Xrotation
			JOINT RightLeg
			{
				OFFSET -2.55576 -7.02189 0.00000
				CHANNELS 3 Zrotation Yrotation Xrotation
				JOINT RightFoot
				{
					OFFSET -2.61938 -7.19669 0.00000
					CHANNELS 3 Zrotation Yrotation Xrotation
					JOINT RightToeBase
					{
						OFFSET -0.32509 -0.89318 2.23646
						CHANNELS 3 Zrotation Yrotation Xrotation
						End Site
						{
							OFFSET -0.00000 -0.00000 1.19625
						}
					}
				}
			}
		}
	}
	JOINT LowerBack
	{
		OFFSET 0 0 0
		CHANNELS 3 Zrotation Yrotation Xrotation
		JOINT Spine
		{
			OFFSET 0.05193 2.08077 -0.11958
			CHANNELS 3 Zrotation Yrotation Xrotation
			JOINT Spine1
			{
				OFFSET 0.04960 2.08447 0.01967
				CHANNELS 3 Zrotation Yrotation Xrotation
				JOINT Neck
				{
					OFFSET 0 0 0
					CHANNELS 3 Zrotation Yrotation Xrotation
					JOINT Neck1
					{
						OFFSET -0.10699 1.82066 0.27584
						CHANNELS 3 Zrotation Yrotation Xrotation
						JOINT Head
						{
							OFFSET 0.14949 1.84747 -0.32279
							CHANNELS 3 Zrotation Yrotation Xrotation
							End Site
							{
								OFFSET 0.04969 1.88916 -0.14562
							}
						}
					}
				}
				JOINT LeftShoulder
				{
					OFFSET 0 0 0
					CHANNELS 3 Zrotation Yrotation Xrotation
					JOINT LeftArm
					{
						OFFSET 3.73629 1.27211 -0.12847
						CHANNELS 3 Zrotation Yrotation Xrotation
						JOINT LeftForeArm
						{
							OFFSET 5.10995 -0.00000 0.00000
							CHANNELS 3 Zrotation Yrotation Xrotation
							JOINT LeftHand
							{
								OFFSET 3.21207 -0.00000 0.00000
								CHANNELS 3 Zrotation Yrotation Xrotation
								JOINT LeftFingerBase
								{
									OFFSET 0 0 0
									CHANNELS 3 Zrotation Yrotation Xrotation
									JOINT LeftHandIndex1
									{
										OFFSET 0.63349 -0.00000 0.00000
										CHANNELS 3 Zrotation Yrotation Xrotation
										End Site
										{
											OFFSET 0.51074 -0.00000 0.00000
										}
									}
								}
								JOINT LThumb
								{
									OFFSET 0 0 0
									CHANNELS 3 Zrotation Yrotation Xrotation
									End Site
									{
										OFFSET 0.51853 -0.00000 0.51853
									}
								}
							}
						}
					}
				}
				JOINT RightShoulder
				{
					OFFSET 0 0 0
					CHANNELS 3 Zrotation Yrotation Xrotation
					JOINT RightArm
					{
						OFFSET -3.70251 1.29541 -0.35354
						CHANNELS 3 Zrotation Yrotation Xrotation
						JOINT RightForeArm
						{
							OFFSET -5.25109 -0.00000 0.00000
							CHANNELS 3 Zrotation Yrotation Xrotation
							JOINT RightHand
							{
								OFFSET -3.28364 -0.00000 0.00000
								CHANNELS 3 Zrotation Yrotation Xrotation
								JOINT RightFingerBase
								{
									OFFSET 0 0 0
									CHANNELS 3 Zrotation Yrotation Xrotation
									JOINT RightHandIndex1
									{
										OFFSET -0.59974 -0.00000 0.00000
										CHANNELS 3 Zrotation Yrotation Xrotation
										End Site
										{
											OFFSET -0.48353 -0.00000 0.00000
										}
									}
								}
								JOINT RThumb
								{
									OFFSET 0 0 0
									CHANNELS 3 Zrotation Yrotation Xrotation
									End Site
									{
										OFFSET -0.49091 -0.00000 0.49091
									}
								}
							}
						}
					}
				}
			}
		}
	}
}
MOTION
Frames: 133
Frame Time: 0.0166667
12.1710 16.8107 -2.1825 0.0000 0.0000 0.0000 0.0000 0.0000 0.0000 -21.0000 0.0000 0.0000 0.0000 0.0000 0.0000 0.0000 0.0000 0.0000 0.0000 0.0000 0.0000 0.0000 0.0000 0.0000 21.0000 0.0000 0.0000 0.0000 0.0000 0.0000 0.0000 0.0000 0.0000 0.0000 0.0000 0.0000 0.0000 0.0000 0.0000 0.0000 0.0000 0.0000 0.0000 0.0000 0.0000 0.0000 0.0000 -16.0000 0.0000 0.0000 21.0000 0.0000 0.0000 11.0000 0.0000 0.0000 0.0000 -8.0000 0.0000 0.0000 0.0000 0.0000 0.0000 0.0000 0.0000 0.0000 0.0000 0.0000 0.0000 0.0000 0.0000 0.0000 0.0000 0.0000 0.0000 0.0000 0.0000 0.0000 8.0000 0.0000 0.0000 0.0000 0.0000 0.0000 0.0000 0.0000 0.0000 0.0000 0.0000 0.0000 0.0000 0.0000 0.0000 0.0000 0.0000 0.0000
11.9778 16.1790 -2.9630 -177.0610 -74.0599 183.9740 0.0000 0.0000 0.0000 0.4406 2.4286 -26.8496 4.8222 13.1807 40.0489 0.7744 -2.5816 -15.9516 0.6657 -5.2180 -14.5315 0.0000 0.0000 0.0000 10.9699 14.6123 -36.8647 -9.3566 -17.0318 57.3155 -1.9582 4.8246 -25.3786 -0.1480 2.4789 -6.8312 1.6631 -0.2443 17.0003 0.5391 -0.3496 5.0602 -0.2930 -0.3175 -4.1215 -2.5318 19.0723 -16.0343 -1.8434 26.6417 12.9377 2.3878 12.5919 6.4093 -0.0000 0.0000 0.0000 -136.4776 -48.6761 136.2397 55.8057 -55.0845 -30.8756 -0.0000 0.0000 -18.9543 30.8469 10.4730 6.1957 -7.1250 0.0000 -0.0000 3.4180 42.1058 -0.2444 -0.0000 0.0000 0.0000 22.1558 12.8364 13.9369 -145.2628 44.6236 -105.3715 0.0000 -0.0000 -56.8702 -36.8559 -4.7587 3.5585 7.1250 -0.0000 -0.0000 -8.5287 -35.8096 -1.9440
11.9903 16.1655 -2.9838 -177.2710 -73.9705 184.1610 0.0000 0.0000 0.0000 0.4796 2.5039 -26.9032 4.8503 13.2132 40.1717 0.7776 -2.5841 -15.9852 0.6599 -5.1955 -14.4669 0.0000 0.0000 0.0000 10.9733 14.6440 -37.0275 -9.4290 -17.0760 57.5622 -1.9690 4.9316 -25.4363 -0.1443 2.4482 -6.7460 1.6288 -0.3063 17.0874 0.5692 -0.4393 5.1056 -0.2231 -0.3638 -4.1207 -2.6257 19.1241 -16.1531 -1.8936 26.7480 12.9726 2.4075 12.6294 6.4342 -0.0000 0.0000 0.0000 -136.5005 -48.7757 136.0444 55.7728 -55.0740 -30.8486 -0.0000 0.0000 -18.8217 30.8218 10.3798 6.1356 -7.1250 0.0000 -0.0000 3.3987 41.9958 -0.2522 -0.0000 0.0000 0.0000 22.1382 13.0225 13.9467 -145.2904 44.6037 -105.3909 0.0000 -0.0000 -56.7203 -36.8760 -4.7304 3.5400 7.1250 -0.0000 -0.0000 -8.5432 -35.7757 -1.9545
12.0024 16.1508 -3.0035 -177.4000 -73.8793 184.2630 0.0000 0.0000 0.0000 0.5431 2.5972 -26.9689 4.8840 13.2519 40.3190 0.7818 -2.6096 -16.0253 0.6577 -5.1872 -14.4433 0.0000 0.0000 0.0000 10.9993 14.6831 -37.1849 -9.5038 -17.1212 57.8166 -1.9800 5.0174 -25.4989 -0.1431 2.4378 -6.7171 1.6717 -0.3348 17.1801 0.5769 -0.4714 5.1304 -0.2320 -0.3813 -4.1441 -2.6726 19.1425 -16.1702 -1.9515 26.7940 12.9741 2.4030 12.6434 6.4398 0.0000 -0.0000 0.0000 -136.5220 -48.7607 135.9445 55.7503 -55.0669 -30.8302 -0.0000 0.0000 -18.7103 30.7950 10.2904 6.0773 -7.1250 0.0000 -0.0000 3.3778 41.8901 -0.2595 0.0000 -0.0000 0.0000 22.1574 13.0397 13.9437 -145.3436 44.5652 -105.4283 0.0000 -0.0000 -56.6205 -36.8998 -4.6798 3.5054 7.1250 -0.0000 -0.0000 -8.5590 -35.7148 -1.9711
12.0145 16.1350 -3.0210 -177.6090 -73.7683 184.4440 0.0000 0.0000 0.0000 0.5771 2.7078 -27.0440 4.9208 13.2941 40.4796 0.7868 -2.6389 -16.0733 0.6633 -5.2089 -14.5053 0.0000 0.0000 0.0000 10.9898 14.7462 -37.3510 -9.5820 -17.1680 58.0820 -1.9907 5.0913 -25.5612 -0.1439 2.4451 -6.7374 1.7535 -0.3355 17.2867 0.5398 -0.4599 5.1283 -0.3189 -0.3768 -4.2033 -2.5947 19.1561 -16.1035 -1.9964 26.8013 12.9776 2.3791 12.6472 6.4469 -0.0000 0.0000 0.0000 -136.5008 -48.6575 135.9034 55.7567 -55.0689 -30.8355 -0.0000 0.0000 -18.6207 30.7605 10.2101 6.0225 -7.1250 0.0000 -0.0000 3.3495 41.7940 -0.2652 -0.0000 0.0000 0.0000 22.2469 12.9379 13.9537 -145.4086 44.5182 -105.4739 0.0000 -0.0000 -56.5276 -36.9306 -4.6292 3.4715 7.1250 -0.0000 -0.0000 -8.5807 -35.6539 -1.9890
12.0262 16.1191 -3.0357 -177.8430 -73.6268 184.6400 0.0000 0.0000 0.0000 0.5978 2.8286 -27.1053 4.9598 13.3384 40.6488 0.7928 -2.6724 -16.1303 0.6682 -5.2275 -14.5586 0.0000 0.0000 0.0000 10.9612 14.8386 -37.5071 -9.6598 -17.2141 58.3451 -2.0009 5.1685 -25.6193 -0.1442 2.4470 -6.7428 1.8578 -0.3336 17.4222 0.4858 -0.4408 5.1168 -0.4377 -0.3687 -4.2876 -2.5519 19.1746 -16.0540 -1.9642 26.8121 13.0110 2.3819 12.6570 6.4505 0.0000 -0.0000 0.0000 -136.4532 -48.5492 135.8611 55.7790 -55.0760 -30.8537 -0.0000 0.0000 -18.5469 30.7287 10.1273 5.9670 -7.1250 0.0000 -0.0000 3.3238 41.6954 -0.2713 0.0000 -0.0000 0.0000 22.3715 12.8383 13.9884 -145.4617 44.4797 -105.5111 0.0000 -0.0000 -56.3931 -36.9652 -4.5912 3.4475 7.1250 -0.0000 -0.0000 -8.6066 -35.6089 -2.0046
12.0372 16.1034 -3.0482 -177.9470 -73.4704 184.7020 0.0000 0.0000 0.0000 0.6530 2.9673 -27.1603 5.0021 13.3861 40.8316 0.7995 -2.7244 -16.1917 0.6679 -5.2265 -14.5556 0.0000 0.0000 0.0000 10.9676 14.9501 -37.6384 -9.7327 -17.2568 58.5911 -2.0106 5.2342 -25.6756 -0.1440 2.4452 -6.7377 2.0054 -0.3358 17.5745 0.4434 -0.4191 5.1073 -0.5693 -0.3600 -4.3786 -2.5957 19.1880 -16.0294 -1.8732 26.8246 13.0399 2.4093 12.6699 6.4368 0.0000 -0.0000 0.0000 -136.4009 -48.4555 135.8245 55.8164 -55.0880 -30.8844 -0.0000 0.0000 -18.4737 30.7192 10.0575 5.9244 -7.1250 0.0000 -0.0000 3.3177 41.6140 -0.2775 0.0000 -0.0000 0.0000 22.4875 12.7532 14.0169 -145.5068 44.4468 -105.5427 0.0000 -0.0000 -56.2500 -36.9590 -4.5616 3.4246 7.1250 -0.0000 -0.0000 -8.5989 -35.5721 -2.0106
12.0479 16.0877 -3.0589 -178.0140 -73.3167 184.7280 0.0000 0.0000 0.0000 0.7068 3.1323 -27.2358 5.0464 13.4359 41.0228 0.8062 -2.7855 -16.2515 0.6711 -5.2388 -14.5910 0.0000 0.0000 0.0000 10.9806 15.0611 -37.7614 -9.8009 -17.2963 58.8207 -2.0197 5.2798 -25.7306 -0.1464 2.4654 -6.7936 2.1450 -0.3443 17.7246 0.4272 -0.4061 5.1069 -0.6671 -0.3560 -4.4585 -2.6924 19.2004 -16.0402 -1.7599 26.8437 13.0603 2.4503 12.6858 6.4159 0.0000 0.0000 0.0000 -136.3757 -48.3879 135.7927 55.8535 -55.0998 -30.9148 -0.0000 0.0000 -18.3692 30.7075 9.9959 5.8861 -7.1250 0.0000 -0.0000 3.3093 41.5420 -0.2826 0.0000 0.0000 0.0000 22.5628 12.6997 14.0285 -145.5431 44.4204 -105.5681 0.0000 -0.0000 -56.1127 -36.9474 -4.5226 3.3940 7.1250 -0.0000 -0.0000 -8.5859 -35.5233 -2.0178
12.0583 16.0730 -3.0676 -178.1960 -73.1693 184.8730 0.0000 0.0000 0.0000 0.7112 3.3001 -27.3291 5.0892 13.4836 41.2068 0.8124 -2.8443 -16.3063 0.6767 -5.2600 -14.6516 0.0000 0.0000 0.0000 10.9484 15.1658 -37.8889 -9.8643 -17.3329 59.0340 -2.0282 5.3183 -25.7820 -0.1503 2.4979 -6.8838 2.2197 -0.3648 17.8643 0.4346 -0.4194 5.1141 -0.6977 -0.3648 -4.5251 -2.8364 19.2128 -16.0761 -1.6679 26.8771 13.0699 2.4931 12.7045 6.3925 -0.0000 0.0000 0.0000 -136.3949 -48.3493 135.7369 55.8514 -55.0991 -30.9131 -0.0000 0.0000 -18.2368 30.6515 9.9189 5.8285 -7.1250 0.0000 -0.0000 3.2617 41.4476 -0.2862 -0.0000 0.0000 0.0000 22.5834 12.7122 14.0482 -145.5715 44.3997 -105.5880 0.0000 -0.0000 -55.9805 -36.9913 -4.4754 3.3641 7.1250 -0.0000 -0.0000 -8.6187 -35.4673 -2.0376
12.0684 16.0601 -3.0738 -178.4110 -73.0195 185.0590 0.0000 0.0000 0.0000 0.6943 3.4623 -27.4235 5.1284 13.5269 41.3744 0.8173 -2.9047 -16.3463 0.6809 -5.2759 -14.6971 0.0000 0.0000 0.0000 10.8938 15.2727 -38.0112 -9.9189 -17.3640 59.2169 -2.0346 5.3651 -25.8186 -0.1523 2.5145 -6.9297 2.2863 -0.3976 18.0031 0.4431 -0.4501 5.1217 -0.7187 -0.3823 -4.5914 -2.9517 19.2200 -16.0852 -1.6524 26.9063 13.0343 2.5076 12.7180 6.3652 0.0000 -0.0000 0.0000 -136.4556 -48.3217 135.6928 55.7668 -55.0721 -30.8437 -0.0000 0.0000 -18.0934 30.5742 9.8192 5.7533 -7.1250 0.0000 -0.0000 3.1958 41.3251 -0.2900 0.0000 -0.0000 0.0000 22.6187 12.7533 14.1105 -145.5891 44.3868 -105.6003 0.0000 -0.0000 -55.7953 -37.0832 -4.4157 3.3305 7.1250 -0.0000 -0.0000 -8.6905 -35.3982 -2.0696
12.0781 16.0500 -3.0770 -178.5850 -72.8571 185.2180 0.0000 0.0000 0.0000 0.6775 3.6099 -27.5060 5.1619 13.5639 41.5176 0.8200 -2.9376 -16.3691 0.6864 -5.2969 -14.7575 0.0000 0.0000 0.0000 10.8391 15.3884 -38.1221 -9.9590 -17.3867 59.3511 -2.0369 5.4231 -25.8267 -0.1520 2.5120 -6.9229 2.3650 -0.4463 18.1432 0.4536 -0.4990 5.1270 -0.7404 -0.4087 -4.6613 -2.9478 19.2423 -16.0695 -1.7367 26.9446 12.9653 2.4826 12.7330 6.3530 0.0000 -0.0000 0.0000 -136.5026 -48.3124 135.6190 55.6205 -55.0253 -30.7238 -0.0000 0.0000 -17.9289 30.5216 9.7137 5.6806 -7.1250 0.0000 -0.0000 3.1523 41.1984 -0.2959 0.0000 -0.0000 0.0000 22.6738 12.8284 14.2180 -145.5774 44.3954 -105.5921 0.0000 -0.0000 -55.5337 -37.1789 -4.3171 3.2677 7.1250 -0.0000 -0.0000 -8.7617 -35.2809 -2.1122
12.0869 16.0439 -3.0773 -178.7450 -72.6778 185.3840 0.0000 0.0000 0.0000 0.6442 3.7299 -27.5709 5.1866 13.5909 41.6226 0.8205 -2.9132 -16.3780 0.6928 -5.3209 -14.8260 0.0000 0.0000 0.0000 10.7721 15.5157 -38.2242 -9.9799 -17.3985 59.4211 -2.0330 5.4964 -25.7921 -0.1497 2.4932 -6.8707 2.4376 -0.5010 18.2790 0.4745 -0.5558 5.1283 -0.7455 -0.4390 -4.7334 -2.9234 19.2722 -16.0692 -1.8453 26.9940 12.8998 2.4527 12.7511 6.3505 -0.0000 -0.0000 0.0000 -136.5109 -48.3109 135.4965 55.4607 -54.9737 -30.5929 -0.0000 0.0000 -17.7358 30.5012 9.5940 5.6072 -7.1250 0.0000 -0.0000 3.1382 41.0589 -0.3054 -0.0000 -0.0000 0.0000 22.7446 12.9166 14.3476 -145.5362 44.4254 -105.5633 0.0000 -0.0000 -55.2359 -37.2668 -4.1703 3.1671 7.1250 -0.0000 -0.0000 -8.8220 -35.1034 -2.1656
12.0950 16.0430 -3.0744 -178.8620 -72.4866 185.5340 0.0000 0.0000 0.0000 0.6008 3.8102 -27.6170 5.1990 13.6045 41.6756 0.8184 -2.8216 -16.3719 0.6971 -5.3370 -14.8722 0.0000 0.0000 0.0000 10.7009 15.6550 -38.3170 -9.9779 -17.3974 59.4146 -2.0213 5.5893 -25.7039 -0.1432 2.4384 -6.7189 2.5149 -0.5501 18.4085 0.5079 -0.6030 5.1242 -0.7421 -0.4646 -4.8076 -2.9126 19.2975 -16.0816 -1.9636 27.0433 12.8455 2.4238 12.7666 6.3534 0.0000 -0.0000 0.0000 -136.5078 -48.2809 135.3633 55.2885 -54.9178 -30.4519 -0.0000 0.0000 -17.5131 30.4812 9.4648 5.5285 -7.1250 0.0000 -0.0000 3.1247 40.9085 -0.3156 0.0000 -0.0000 0.0000 22.8450 12.9722 14.4760 -145.4901 44.4590 -105.5310 0.0000 -0.0000 -54.9453 -37.3355 -3.9942 3.0413 7.1250 -0.0000 -0.0000 -8.8632 -34.8882 -2.2228
12.1025 16.0473 -3.0681 -178.9070 -72.2885 185.6450 0.0000 0.0000 0.0000 0.5591 3.8194 -27.6378 5.1964 13.6016 41.6642 0.8135 -2.6338 -16.3537 0.6975 -5.3386 -14.8769 0.0000 0.0000 0.0000 10.6376 15.8088 -38.3995 -9.9509 -17.3821 59.3240 -2.0021 5.6797 -25.5659 -0.1346 2.3651 -6.5159 2.6306 -0.5902 18.5327 0.5381 -0.6309 5.1130 -0.7680 -0.4807 -4.8862 -2.9387 19.3157 -16.0910 -2.0435 27.0832 12.7853 2.4060 12.7806 6.3436 -0.0000 0.0000 0.0000 -136.5127 -48.2058 135.2783 55.0815 -54.8501 -30.2826 -0.0000 0.0000 -17.2486 30.4667 9.3253 5.4451 -7.1250 0.0000 -0.0000 3.1162 40.7468 -0.3272 -0.0000 0.0000 0.0000 23.0264 12.9529 14.6104 -145.4715 44.4725 -105.5180 0.0000 -0.0000 -54.6328 -37.3852 -3.8213 2.9153 7.1250 -0.0000 -0.0000 -8.8885 -34.6758 -2.2757
12.1100 16.0570 -3.0583 -178.9440 -72.0817 185.7810 0.0000 0.0000 0.0000 0.4969 3.7416 -27.6250 5.1756 13.5788 41.5758 0.8053 -2.3311 -16.3257 0.6941 -5.3257 -14.8399 0.0000 0.0000 0.0000 10.5651 15.9732 -38.4779 -9.8984 -17.3523 59.1481 -1.9766 5.7357 -25.3889 -0.1289 2.3145 -6.3757 2.7678 -0.6264 18.6573 0.5553 -0.6493 5.0955 -0.8218 -0.4924 -4.9719 -3.0054 19.3393 -16.1280 -2.0513 27.1286 12.7390 2.4140 12.8016 6.3266 0.0000 -0.0000 0.0000 -136.4900 -48.1041 135.2187 54.8640 -54.7783 -30.1049 -0.0000 0.0000 -16.9394 30.4631 9.1469 5.3416 -7.1250 0.0000 -0.0000 3.1185 40.5414 -0.3432 0.0000 -0.0000 0.0000 23.2721 12.8755 14.7369 -145.4793 44.4668 -105.5235 0.0000 -0.0000 -54.2918 -37.4352 -3.6502 2.7902 7.1250 -0.0000 -0.0000 -8.9140 -34.4655 -2.3284
12.1177 16.0722 -3.0456 -179.0150 -71.8639 185.9810 0.0000 0.0000 0.0000 0.3991 3.6172 -27.5841 5.1350 13.5342 41.4027 0.7939 -1.9645 -16.2829 0.6823 -5.2814 -14.7130 0.0000 0.0000 0.0000 10.4659 16.1614 -38.5502 -9.8212 -17.3081 58.8892 -1.9454 5.7565 -25.1767 -0.1246 2.2754 -6.2674 2.9039 -0.6622 18.7951 0.5558 -0.6668 5.0697 -0.8927 -0.5037 -5.0734 -3.0967 19.3663 -16.1837 -2.0303 27.1790 12.6873 2.4332 12.8270 6.3032 -0.0000 0.0000 0.0000 -136.4314 -47.9884 135.1573 54.6563 -54.7091 -29.9353 -0.0000 0.0000 -16.6413 30.4289 8.9318 5.2107 -7.1250 0.0000 -0.0000 3.0945 40.2909 -0.3597 -0.0000 0.0000 0.0000 23.5803 12.7553 14.8500 -145.5107 44.4440 -105.5454 0.0000 -0.0000 -53.9064 -37.4541 -3.4859 2.6668 7.1250 -0.0000 -0.0000 -8.9141 -34.2621 -2.3729
12.1259 16.0926 -3.0300 -179.1570 -71.6331 186.2830 0.0000 0.0000 0.0000 0.2503 3.4852 -27.5329 5.0759 13.4688 41.1498 0.7793 -1.5618 -16.2225 0.6685 -5.2287 -14.5621 0.0000 0.0000 0.0000 10.3203 16.3753 -38.6214 -9.7210 -17.2500 58.5519 -1.9084 5.7614 -24.9256 -0.1190 2.2236 -6.1241 3.0228 -0.6926 18.9447 0.5375 -0.6793 5.0306 -0.9747 -0.5124 -5.1955 -3.1402 19.3871 -16.2240 -2.0367 27.2137 12.6197 2.4373 12.8452 6.2826 0.0000 -0.0000 0.0000 -136.3601 -47.8534 135.0899 54.4764 -54.6487 -29.7885 -0.0000 0.0000 -16.4500 30.2664 8.6939 5.0410 -7.1250 0.0000 -0.0000 2.9578 40.0028 -0.3647 0.0000 -0.0000 0.0000 23.9591 12.5854 14.9650 -145.5686 44.4018 -105.5859 0.0000 -0.0000 -53.4581 -37.4252 -3.3134 2.5325 7.1250 -0.0000 -0.0000 -8.8739 -34.0466 -2.4089
12.1345 16.1175 -3.0110 -179.3250 -71.3915 186.6410 0.0000 0.0000 0.0000 0.0697 3.3599 -27.4842 5.0029 13.3871 40.8354 0.7618 -1.1544 -16.1392 0.6489 -5.1530 -14.3454 0.0000 0.0000 0.0000 10.1466 16.5964 -38.6930 -9.5995 -17.1784 58.1411 -1.8662 5.7404 -24.6392 -0.1165 2.2005 -6.0600 3.1476 -0.7150 19.1066 0.5035 -0.6788 4.9767 -1.0796 -0.5150 -5.3399 -3.1784 19.3937 -16.2443 -2.0540 27.2282 12.5412 2.4337 12.8539 6.2578 -0.0000 -0.0000 0.0000 -136.3061 -47.6949 134.9976 54.5154 -54.6619 -29.8203 -0.0000 0.0000 -16.6867 29.3856 8.6916 4.8641 -7.1250 0.0000 -0.0000 2.1822 39.9215 -0.2733 -0.0000 -0.0000 0.0000 24.4052 12.3601 15.0906 -145.6478 44.3440 -105.6414 0.0000 -0.0000 -52.9494 -37.3746 -3.1736 2.4215 7.1250 -0.0000 -0.0000 -8.8192 -33.8713 -2.4317
12.1436 16.1462 -2.9887 -179.4970 -71.1491 187.0290 0.0000 0.0000 0.0000 -0.1324 3.2402 -27.4522 4.9214 13.2947 40.4819 0.7414 -0.7500 -16.0319 0.6225 -5.0491 -14.0487 0.0000 0.0000 0.0000 9.9582 16.7988 -38.7722 -9.4594 -17.0944 57.6658 -1.8187 5.7122 -24.3133 -0.1173 2.2080 -6.0808 3.2347 -0.7291 19.2580 0.4964 -0.6732 4.9244 -1.1359 -0.5149 -5.4762 -3.1975 19.4097 -16.2505 -2.1063 27.2559 12.4507 2.4185 12.8675 6.2345 -0.0000 0.0000 0.0000 -136.3167 -47.5511 134.8264 54.9358 -54.8021 -30.1635 -0.0000 0.0000 -17.5819 27.3320 9.1073 4.6769 -7.1250 0.0000 -0.0000 0.3526 40.2085 -0.0416 -0.0000 0.0000 0.0000 24.8263 12.1296 15.2169 -145.7318 44.2824 -105.7000 0.0000 -0.0000 -52.4390 -37.3667 -3.0429 2.3213 7.1250 -0.0000 -0.0000 -8.8003 -33.7086 -2.4615
12.1536 16.1783 -2.9633 -179.5860 -70.9296 187.3510 0.0000 0.0000 0.0000 -0.3213 3.1181 -27.4404 4.8354 13.1960 40.1067 0.7180 -0.3501 -15.8974 0.5904 -4.9195 -13.6790 0.0000 0.0000 0.0000 9.7866 16.9767 -38.8446 -9.3037 -16.9992 57.1345 -1.7662 5.7304 -23.9436 -0.1138 2.1746 -5.9883 3.2604 -0.7494 19.3888 0.5620 -0.6861 4.8973 -1.0755 -0.5236 -5.5743 -3.2271 19.4570 -16.2984 -2.2140 27.3426 12.3969 2.4027 12.9004 6.2362 -0.0000 0.0000 0.0000 -136.4444 -47.4759 134.6058 55.5784 -55.0117 -30.6893 -0.0000 0.0000 -18.8457 24.6810 9.8054 4.4750 -7.1250 0.0000 -0.0000 -2.0443 40.7406 0.2148 -0.0000 0.0000 0.0000 25.1300 11.9620 15.3188 -145.8166 44.2201 -105.7592 0.0000 -0.0000 -51.9849 -37.4443 -2.8848 2.2071 7.1250 -0.0000 -0.0000 -8.8485 -33.5146 -2.5173
12.1647 16.2128 -2.9353 -179.6280 -70.7493 187.6500 0.0000 0.0000 0.0000 -0.5037 2.9679 -27.4662 4.7487 13.0951 39.7253 0.6924 0.0481 -15.7440 0.5558 -4.7755 -13.2694 0.0000 0.0000 0.0000 9.6160 17.1257 -38.9225 -9.1358 -16.8943 56.5586 -1.7099 5.7797 -23.5386 -0.1058 2.0974 -5.7750 3.2565 -0.7933 19.5076 0.6588 -0.7354 4.8850 -0.9563 -0.5497 -5.6510 -3.2651 19.5341 -16.4053 -2.3184 27.4775 12.3881 2.4022 12.9523 6.2598 0.0000 0.0000 0.0000 -136.5589 -47.4995 134.6341 55.6799 -55.0443 -30.7725 -0.0000 0.0000 -19.0961 23.8552 9.8983 4.3470 -7.1250 0.0000 -0.0000 -2.7828 40.7663 0.2908 0.0000 0.0000 0.0000 25.3878 11.8543 15.3852 -145.9051 44.1549 -105.8209 0.0000 -0.0000 -51.6028 -37.5714 -2.6844 2.0635 7.1250 -0.0000 -0.0000 -8.9324 -33.2688 -2.5954
12.1767 16.2477 -2.9034 -179.6100 -70.6036 187.9130 0.0000 0.0000 0.0000 -0.6697 2.8098 -27.5457 4.6647 12.9959 39.3531 0.6669 0.3965 -15.5792 0.5189 -4.6170 -12.8192 0.0000 0.0000 0.0000 9.4506 17.2514 -39.0150 -8.9596 -16.7817 55.9504 -1.6521 5.7888 -23.1210 -0.1014 2.0535 -5.6536 3.3214 -0.8653 19.6446 0.7246 -0.8084 4.8660 -0.9029 -0.5880 -5.7461 -3.3010 19.6130 -16.5207 -2.4009 27.6097 12.3669 2.4067 13.0057 6.2776 0.0000 -0.0000 0.0000 -136.5319 -47.5858 135.0532 54.9248 -54.7984 -30.1545 -0.0000 0.0000 -17.7135 25.9189 9.0082 4.3514 -7.1250 0.0000 -0.0000 -0.8815 39.9745 0.1092 0.0000 -0.0000 0.0000 25.6946 11.7436 15.4099 -146.0021 44.0832 -105.8884 0.0000 -0.0000 -51.2254 -37.6838 -2.5148 1.9412 7.1250 -0.0000 -0.0000 -9.0067 -33.0604 -2.6633
12.1892 16.2819 -2.8669 -179.5140 -70.4632 188.1190 0.0000 0.0000 0.0000 -0.8106 2.6406 -27.6644 4.5853 12.9010 38.9990 0.6425 0.7274 -15.4234 0.4881 -4.4797 -12.4304 0.0000 0.0000 0.0000 9.2907 17.3874 -39.1231 -8.7790 -16.6634 55.3226 -1.5939 5.7525 -22.6977 -0.0996 2.0356 -5.6039 3.4597 -0.9373 19.7970 0.7717 -0.8665 4.8410 -0.9143 -0.6201 -5.8562 -3.3066 19.6733 -16.5945 -2.4948 27.7046 12.2799 2.3935 13.0464 6.2735 0.0000 0.0000 0.0000 -136.4859 -47.6624 135.5761 54.0192 -54.4932 -29.4159 -0.0000 0.0000 -15.9727 28.7840 7.9988 4.3717 -7.1250 0.0000 -0.0000 1.6832 39.0832 -0.2455 0.0000 0.0000 0.0000 26.0247 11.5829 15.3802 -146.1028 44.0084 -105.9584 0.0000 -0.0000 -50.8259 -37.7336 -2.3748 1.8365 7.1250 -0.0000 -0.0000 -9.0327 -32.8868 -2.7095
12.2022 16.3150 -2.8263 -179.3480 -70.3195 188.2700 0.0000 0.0000 0.0000 -0.9303 2.4903 -27.8236 4.5118 12.8120 38.6688 0.6186 1.0334 -15.2670 0.4680 -4.3877 -12.1700 0.0000 0.0000 0.0000 9.1294 17.5495 -39.2435 -8.5993 -16.5428 54.6936 -1.5360 5.7167 -22.2690 -0.0945 1.9824 -5.4571 3.6176 -0.9891 19.9514 0.8385 -0.8931 4.8212 -0.9230 -0.6373 -5.9602 -3.3120 19.7128 -16.6529 -2.6130 27.7733 12.1723 2.3688 13.0738 6.2644 0.0000 -0.0000 0.0000 -136.5876 -47.6868 135.9527 53.5785 -54.3406 -29.0575 -0.0000 0.0000 -15.1887 29.9613 7.4506 4.2748 -7.1250 0.0000 -0.0000 2.7223 38.5503 -0.4328 0.0000 -0.0000 0.0000 26.3236 11.3724 15.2944 -146.2109 43.9279 -106.0334 0.0000 -0.0000 -50.4230 -37.7377 -2.2344 1.7284 7.1250 -0.0000 -0.0000 -9.0217 -32.7118 -2.7448
12.2164 16.3467 -2.7826 -179.2320 -70.1870 188.4810 0.0000 0.0000 0.0000 -1.0765 2.3913 -28.0571 4.4475 12.7332 38.3777 0.5961 1.2663 -15.0975 0.4558 -4.3311 -12.0101 0.0000 0.0000 0.0000 8.9191 17.7264 -39.3984 -8.4281 -16.4252 54.0903 -1.4787 5.6923 -21.8362 -0.0829 1.8567 -5.1099 3.7568 -1.0276 20.1071 0.9127 -0.9053 4.8032 -0.9166 -0.6475 -6.0622 -3.3504 19.7393 -16.7313 -2.7057 27.8287 12.0741 2.3548 13.0949 6.2534 0.0000 0.0000 0.0000 -136.8279 -47.6688 136.2670 53.4135 -54.2828 -28.9235 -0.0000 0.0000 -15.0273 29.8506 7.2013 4.1147 -7.1250 0.0000 -0.0000 2.6319 38.2562 -0.4374 0.0000 0.0000 0.0000 26.6090 11.1353 15.1710 -146.3110 43.8530 -106.1029 0.0000 -0.0000 -50.0283 -37.7435 -2.0805 1.6098 7.1250 -0.0000 -0.0000 -9.0105 -32.5198 -2.7835
12.2330 16.3757 -2.7359 -179.2450 -70.0938 188.8230 0.0000 0.0000 0.0000 -1.2750 2.3477 -28.3896 4.3982 12.6722 38.1536 0.5767 1.3712 -14.9062 0.4430 -4.2703 -11.8385 0.0000 0.0000 0.0000 8.6403 17.8980 -39.5942 -8.2701 -16.3144 53.5300 -1.4248 5.6047 -21.4275 -0.0733 1.7472 -4.8074 3.8555 -1.0760 20.2784 0.9758 -0.9372 4.7809 -0.8935 -0.6669 -6.1778 -3.4056 19.7637 -16.8121 -2.7926 27.8839 11.9760 2.3439 13.1160 6.2399 -0.0000 -0.0000 0.0000 -137.1074 -47.6467 136.6032 53.2064 -54.2096 -28.7555 -0.0000 0.0000 -14.7716 29.7601 7.0282 4.0020 -7.1250 0.0000 -0.0000 2.5575 38.0512 -0.4379 -0.0000 -0.0000 0.0000 26.8871 10.9149 15.0249 -146.3955 43.7895 -106.1614 0.0000 -0.0000 -49.6671 -37.7963 -1.9164 1.4857 7.1250 -0.0000 -0.0000 -9.0359 -32.3157 -2.8366
12.2524 16.4016 -2.6864 -179.3260 -70.0516 189.2250 0.0000 0.0000 0.0000 -1.4922 2.3592 -28.8320 4.3736 12.6416 38.0412 0.5600 1.3167 -14.6739 0.4285 -4.2012 -11.6433 0.0000 0.0000 0.0000 8.3288 18.0785 -39.8005 -8.1241 -16.2097 53.0083 -1.3772 5.3795 -21.0723 -0.0720 1.7314 -4.7638 3.9264 -1.1455 20.4848 1.0288 -1.0005 4.7558 -0.8565 -0.7015 -6.3160 -3.5001 19.7922 -16.8981 -2.8304 27.9441 11.8725 2.3487 13.1435 6.2126 -0.0000 0.0000 0.0000 -137.3830 -47.6391 136.9226 52.9641 -54.1232 -28.5590 -0.0000 0.0000 -14.4258 29.7029 6.9414 3.9438 -7.1250 0.0000 -0.0000 2.5100 37.9476 -0.4361 -0.0000 0.0000 0.0000 27.1855 10.7321 14.8751 -146.4617 43.7398 -106.2071 0.0000 -0.0000 -49.3049 -37.8795 -1.7292 1.3447 7.1250 -0.0000 -0.0000 -9.0828 -32.0829 -2.9032
12.2748 16.4252 -2.6343 -179.4310 -70.0829 189.6450 0.0000 0.0000 0.0000 -1.7086 2.4629 -29.4525 4.3887 12.6605 38.1104 0.5440 1.0307 -14.3435 0.4118 -4.1196 -11.4133 0.0000 0.0000 0.0000 7.9998 18.2637 -40.0026 -7.9859 -16.1089 52.5120 -1.3351 5.0207 -20.7691 -0.0773 1.7931 -4.9341 3.9776 -1.2409 20.7217 1.0869 -1.0997 4.7323 -0.7925 -0.7534 -6.4700 -3.5602 19.8282 -16.9680 -2.9031 28.0096 11.7402 2.3387 13.1737 6.1832 -0.0000 -0.0000 0.0000 -137.6691 -47.6550 137.2331 52.6708 -54.0175 -28.3215 -0.0000 0.0000 -14.0255 29.6611 6.8387 3.8794 -7.1250 0.0000 -0.0000 2.4762 37.8271 -0.4376 -0.0000 -0.0000 0.0000 27.5229 10.5922 14.7321 -146.5048 43.7073 -106.2369 0.0000 -0.0000 -48.8584 -37.9575 -1.5119 1.1791 7.1250 -0.0000 -0.0000 -9.1218 -31.8119 -2.9761
12.3016 16.4486 -2.5806 -179.5580 -70.2457 190.0990 0.0000 0.0000 0.0000 -1.9354 2.7373 -30.4165 4.4713 12.7625 38.4858 0.5228 0.4229 -13.8202 0.3819 -3.9687 -10.9887 0.0000 0.0000 0.0000 7.6495 18.3966 -40.2224 -7.8549 -16.0115 52.0382 -1.2956 4.5875 -20.4942 -0.0827 1.8554 -5.1061 4.0107 -1.3666 20.9804 1.1756 -1.2383 4.7070 -0.6733 -0.8240 -6.6379 -3.6025 19.8549 -17.0305 -3.0745 28.0722 11.5768 2.2998 13.1953 6.1604 -0.0000 -0.0000 0.0000 -138.0391 -47.6777 137.6038 52.3128 -53.8868 -28.0321 -0.0000 0.0000 -13.5690 29.6506 6.7139 3.8075 -7.1250 0.0000 -0.0000 2.4697 37.6835 -0.4451 -0.0000 -0.0000 0.0000 27.8592 10.4715 14.5528 -146.5153 43.6993 -106.2442 0.0000 -0.0000 -48.3310 -38.0108 -1.2608 0.9853 7.1250 -0.0000 -0.0000 -9.1370 -31.4980 -3.0511
12.3345 16.4705 -2.5253 -179.6930 -70.6195 190.5960 0.0000 0.0000 0.0000 -2.1920 3.2760 -31.9464 4.6681 13.0000 39.3685 0.4947 -0.5493 -13.1074 0.3225 -3.6502 -10.0946 0.0000 0.0000 0.0000 7.2803 18.3908 -40.5165 -7.7369 -15.9223 51.6095 -1.2576 4.1212 -20.2385 -0.0900 1.9344 -5.3245 4.0405 -1.5510 21.2616 1.3026 -1.4471 4.6638 -0.4895 -0.9279 -6.8385 -3.5936 19.8794 -17.1160 -3.3078 28.1335 11.4221 2.2449 13.2103 6.1602 0.0000 -0.0000 0.0000 -138.4916 -47.7157 138.0549 51.8765 -53.7249 -27.6800 -0.0000 0.0000 -13.0397 29.6484 6.5353 3.7066 -7.1250 0.0000 -0.0000 2.4710 37.4788 -0.4577 0.0000 -0.0000 0.0000 28.1803 10.3627 14.2936 -146.4971 43.7130 -106.2316 0.0000 -0.0000 -47.8292 -38.0391 -0.9409 0.7361 7.1250 -0.0000 -0.0000 -9.1241 -31.0971 -3.1355
12.3746 16.4867 -2.4682 -179.7920 -71.2464 191.1060 0.0000 0.0000 0.0000 -2.5112 4.2123 -34.2463 5.0514 13.4414 41.0441 0.4920 -1.8487 -12.7403 0.3222 -3.6483 -10.0893 0.0000 0.0000 0.0000 6.8975 18.2239 -40.9214 -7.6422 -15.8497 51.2636 -1.2225 3.6559 -20.0101 -0.0976 2.0148 -5.5465 4.0754 -1.8070 21.5726 1.4716 -1.7394 4.5961 -0.2363 -1.0712 -7.0826 -3.6089 19.9075 -17.2545 -3.4651 28.1937 11.2634 2.2156 13.2304 6.1520 -0.0000 0.0000 0.0000 -139.0374 -47.7923 138.6260 51.3474 -53.5247 -27.2540 -0.0000 0.0000 -12.4108 29.6070 6.2852 3.5597 -7.1250 0.0000 -0.0000 2.4400 37.1897 -0.4693 -0.0000 0.0000 0.0000 28.4828 10.2469 13.9234 -146.4732 43.7311 -106.2151 0.0000 -0.0000 -47.3576 -38.1073 -0.5585 0.4380 7.1250 -0.0000 -0.0000 -9.1350 -30.6175 -3.2457
12.4222 16.4950 -2.4076 -179.7970 -72.1121 191.5580 0.0000 0.0000 0.0000 -2.9527 5.6347 -37.4434 5.7185 14.1499 43.8412 0.5543 -3.4364 -13.3116 0.4745 -4.4179 -12.2553 0.0000 0.0000 0.0000 6.5228 17.8985 -41.4295 -7.5701 -15.7937 50.9988 -1.1895 3.1967 -19.8039 -0.1038 2.0776 -5.7203 4.0961 -2.1041 21.9077 1.7207 -2.0798 4.5242 0.1303 -1.2364 -7.3402 -3.6422 19.9327 -17.4153 -3.6027 28.2441 11.0318 2.1884 13.2516 6.1180 0.0000 -0.0000 0.0000 -139.8214 -47.9303 139.4729 50.7539 -53.2951 -26.7774 -0.0000 0.0000 -11.6981 29.5365 6.0283 3.4054 -7.1250 0.0000 -0.0000 2.3840 36.8912 -0.4759 0.0000 -0.0000 0.0000 28.6892 10.0967 13.3472 -146.4645 43.7376 -106.2091 0.0000 -0.0000 -46.8464 -38.2707 -0.1724 0.1360 7.1250 -0.0000 -0.0000 -9.2188 -30.1316 -3.3847
12.4771 16.4990 -2.3403 -179.6390 -73.1654 191.8510 0.0000 0.0000 0.0000 -3.5541 7.4513 -41.5039 6.7564 15.1233 47.9469 0.6702 -5.0026 -14.5821 0.7413 -5.5000 -15.3404 0.0000 0.0000 0.0000 6.1951 17.4330 -41.9718 -7.5028 -15.7411 50.7513 -1.1548 2.7107 -19.5930 -0.1081 2.1196 -5.8362 4.0875 -2.4067 22.2996 2.0853 -2.4238 4.4655 0.6478 -1.4020 -7.6035 -3.7210 19.9511 -17.5533 -3.8422 28.2990 10.6769 2.1286 13.2725 6.0504 -0.0000 -0.0000 0.0000 -141.0139 -48.1462 140.7428 50.1520 -53.0566 -26.2956 -0.0000 0.0000 -10.9634 29.4569 5.8103 3.2724 -7.1250 0.0000 -0.0000 2.3196 36.6370 -0.4774 -0.0000 -0.0000 0.0000 28.7368 9.9192 12.4545 -146.4904 43.7181 -106.2270 0.0000 -0.0000 -46.3264 -38.4654 0.1881 -0.1494 7.1250 -0.0000 -0.0000 -9.3280 -29.6755 -3.5286
12.5389 16.5037 -2.2627 -179.3430 -74.2983 191.9600 0.0000 0.0000 0.0000 -4.2364 9.3545 -46.0871 8.1778 16.2485 53.2005 0.7878 -6.2151 -15.8268 0.8710 -5.9506 -16.6411 0.0000 0.0000 0.0000 5.9103 16.9083 -42.4516 -7.4214 -15.6767 50.4505 -1.1139 2.1421 -19.3508 -0.1134 2.1708 -5.9781 4.0731 -2.6809 22.8137 2.5316 -2.7216 4.4196 1.2571 -1.5455 -7.9060 -3.8392 19.9337 -17.6449 -4.2020 28.3221 10.2344 2.0287 13.2724 5.9615 -0.0000 0.0000 0.0000 -142.6723 -48.4022 142.4935 49.5698 -52.8205 -25.8310 -0.0000 0.0000 -10.2073 29.3442 5.5747 3.1260 -7.1250 0.0000 -0.0000 2.2276 36.3610 -0.4735 -0.0000 0.0000 0.0000 28.7093 9.6987 11.2086 -146.5927 43.6408 -106.2976 0.0000 -0.0000 -45.9205 -38.5970 0.5748 -0.4588 7.1250 -0.0000 -0.0000 -9.3832 -29.1855 -3.6609
12.6063 16.5112 -2.1770 -179.0320 -75.3851 191.9870 0.0000 0.0000 0.0000 -4.9386 11.1926 -50.8398 9.8961 17.3510 59.1406 0.8755 -7.0503 -16.7136 0.8295 -5.8107 -16.2360 0.0000 0.0000 0.0000 5.6176 16.4571 -42.8236 -7.3218 -15.5970 50.0813 -1.0657 1.4377 -19.0860 -0.1196 2.2295 -6.1404 4.0466 -2.8779 23.4435 2.9683 -2.9162 4.3826 1.8465 -1.6390 -8.2524 -3.9344 19.8529 -17.6652 -4.6205 28.2549 9.7557 1.8949 13.2289 5.8627 -0.0000 -0.0000 0.0000 -144.6775 -48.6107 144.6925 49.0413 -52.6014 -25.4105 -0.0000 0.0000 -9.4031 29.1381 5.3031 2.9495 -7.1250 0.0000 -0.0000 2.0577 36.0395 -0.4535 -0.0000 -0.0000 0.0000 28.8306 9.3629 9.6530 -146.8316 43.4591 -106.4622 0.0000 -0.0000 -45.5941 -38.6500 1.0248 -0.8195 7.1250 -0.0000 -0.0000 -9.3685 -28.6161 -3.7835
12.6754 16.5208 -2.0833 -178.8110 -76.3315 192.0750 0.0000 0.0000 0.0000 -5.7163 13.0345 -55.6002 11.7639 18.2891 65.2385 0.9314 -7.7628 -17.2779 0.7488 -5.5272 -15.4187 0.0000 0.0000 0.0000 5.2694 16.1213 -43.1402 -7.2101 -15.5063 49.6645 -1.0104 0.6492 -18.7967 -0.1226 2.2573 -6.2172 3.9655 -3.0162 24.1181 3.3552 -3.0498 4.3637 2.4033 -1.7013 -8.5984 -4.0590 19.7479 -17.7058 -5.0079 28.1576 9.3017 1.7726 13.1713 5.7664 -0.0000 0.0000 0.0000 -146.8710 -48.8635 147.1224 48.5679 -52.4013 -25.0350 -0.0000 0.0000 -8.4860 28.7813 4.9663 2.7226 -7.1250 0.0000 -0.0000 1.7630 35.6372 -0.4058 -0.0000 0.0000 0.0000 29.1649 9.0859 7.9086 -147.2141 43.1648 -106.7246 0.0000 -0.0000 -45.1908 -38.6439 1.4961 -1.1959 7.1250 -0.0000 -0.0000 -9.3046 -28.0211 -3.8899
12.7401 16.5332 -1.9797 -178.8370 -77.0908 192.4250 0.0000 0.0000 0.0000 -6.6899 14.9727 -60.2930 13.6184 18.9942 71.0356 0.9451 -8.4879 -17.4677 0.6595 -5.1939 -14.4624 0.0000 0.0000 0.0000 4.8274 15.8290 -43.4624 -7.0847 -15.4028 49.1938 -0.9493 -0.0955 -18.4557 -0.1223 2.2544 -6.2093 3.8361 -3.1353 24.7374 3.6448 -3.1831 4.3758 2.8810 -1.7613 -8.8808 -4.2089 19.6665 -17.7987 -5.3386 28.0910 8.8693 1.6760 13.1310 5.6729 0.0000 0.0000 0.0000 -149.1120 -49.2356 149.6205 48.1439 -52.2189 -24.6994 -0.0000 0.0000 -7.3536 28.3987 4.6189 2.4930 -7.1250 0.0000 -0.0000 1.4488 35.2242 -0.3480 0.0000 0.0000 0.0000 29.7611 9.0197 6.0691 -147.7165 42.7720 -107.0671 0.0000 -0.0000 -44.6011 -38.5301 1.9770 -1.5736 7.1250 -0.0000 -0.0000 -9.1573 -27.4185 -3.9588
12.7958 16.5515 -1.8652 -179.2150 -77.6501 193.1560 0.0000 0.0000 0.0000 -7.8406 16.9697 -64.7494 15.3082 19.4638 76.1632 0.8877 -9.3360 -17.0695 0.5312 -4.6702 -12.9702 0.0000 0.0000 0.0000 4.2977 15.4936 -43.7967 -6.9350 -15.2769 48.6281 -0.8837 -0.7030 -18.0317 -0.1231 2.2621 -6.2306 3.6917 -3.2222 25.2297 3.8194 -3.2969 4.4165 3.2268 -1.8115 -9.0690 -4.3369 19.6003 -17.8958 -5.5724 28.0301 8.4948 1.6065 13.1002 5.5864 0.0000 0.0000 0.0000 -151.2982 -49.6183 152.0859 47.8178 -52.0765 -24.4419 -0.0000 0.0000 -5.9752 28.0981 4.3215 2.3038 -7.1250 0.0000 -0.0000 1.2038 34.8740 -0.2994 0.0000 0.0000 0.0000 30.6548 9.0858 4.1275 -148.3223 42.2887 -107.4766 0.0000 -0.0000 -43.8933 -38.2140 2.5569 -2.0116 7.1250 -0.0000 -0.0000 -8.8457 -26.7029 -3.9717
12.8419 16.5766 -1.7424 -179.7400 -78.0287 194.0480 0.0000 0.0000 0.0000 -8.9600 18.9248 -68.7329 16.7127 19.7389 80.3483 0.7239 -10.3445 -15.7779 0.4007 -4.0639 -11.2565 0.0000 0.0000 0.0000 3.7723 15.0941 -44.1050 -6.7561 -15.1231 47.9459 -0.8152 -1.1867 -17.5262 -0.1297 2.3214 -6.3949 3.5170 -3.2542 25.5977 3.9295 -3.3628 4.4808 3.4940 -1.8387 -9.1682 -4.4325 19.5670 -18.0147 -5.6158 27.9984 8.2984 1.5984 13.0900 5.5353 -0.0000 0.0000 0.0000 -153.4115 -49.9256 154.4399 47.5963 -51.9788 -24.2673 -0.0000 0.0000 -4.4465 27.8400 3.9974 2.1085 -7.1250 0.0000 -0.0000 0.9955 34.4970 -0.2567 -0.0000 0.0000 0.0000 31.7869 9.2211 2.0991 -149.0295 41.7109 -107.9498 0.0000 -0.0000 -43.1712 -37.7819 3.3037 -2.5578 7.1250 -0.0000 -0.0000 -8.4292 -25.7905 -3.9627
12.8788 16.6051 -1.6133 -180.2850 -78.2666 194.9500 0.0000 0.0000 0.0000 -9.8246 20.6930 -71.9759 17.7382 19.8769 83.3738 0.4450 -11.4257 -13.3820 0.3498 -3.8000 -10.5147 0.0000 0.0000 0.0000 3.2880 14.6430 -44.3628 -6.5546 -14.9450 47.1688 -0.7457 -1.5856 -16.9599 -0.1430 2.4374 -6.7160 3.3143 -3.2205 25.8622 3.9919 -3.3635 4.5652 3.6942 -1.8355 -9.1941 -4.5177 19.5464 -18.1027 -5.4821 27.9675 8.2303 1.6386 13.0900 5.4948 -0.0000 0.0000 0.0000 -155.4665 -50.0897 156.7044 47.4473 -51.9126 -24.1500 -0.0000 0.0000 -2.8201 27.5330 3.5118 1.8289 -7.1250 0.0000 -0.0000 0.7506 33.9380 -0.2037 -0.0000 0.0000 0.0000 33.1441 9.3819 0.0237 -149.8164 41.0503 -108.4700 0.0000 -0.0000 -42.4094 -37.4143 4.1418 -3.1623 7.1250 -0.0000 -0.0000 -8.0536 -24.7698 -3.9759
12.9066 16.6348 -1.4769 -180.9790 -78.4217 195.9630 0.0000 0.0000 0.0000 -10.2861 22.1168 -74.2001 18.3067 19.9311 85.0437 0.0743 -12.6660 -9.8340 0.3732 -3.9236 -10.8620 0.0000 0.0000 0.0000 2.8010 14.1302 -44.5399 -6.3356 -14.7459 46.3142 -0.6757 -1.9190 -16.3388 -0.1690 2.6483 -7.3012 3.1005 -3.1235 26.0254 3.9970 -3.2980 4.6702 3.8056 -1.8020 -9.1500 -4.5125 19.5036 -18.0483 -5.3152 27.8743 8.1594 1.6597 13.0703 5.4384 -0.0000 0.0000 0.0000 -157.4635 -50.0273 158.9293 47.3494 -51.8689 -24.0729 -0.0000 0.0000 -1.0208 27.1562 2.9181 1.4959 -7.1250 0.0000 -0.0000 0.4517 33.2584 -0.1300 -0.0000 0.0000 0.0000 34.7619 9.5220 -2.0875 -150.6556 40.3248 -109.0171 0.0000 -0.0000 -41.6063 -37.1905 5.0016 -3.7847 7.1250 -0.0000 -0.0000 -7.7834 -23.7198 -4.0308
12.9269 16.6668 -1.3315 -181.8240 -78.5814 197.1010 0.0000 0.0000 0.0000 -10.2619 23.0655 -75.2570 18.3626 19.9356 85.2077 -0.3333 -14.1287 -5.3092 0.3822 -3.9701 -10.9925 0.0000 0.0000 0.0000 2.2833 13.5630 -44.6035 -6.0911 -14.5160 45.3462 -0.6049 -2.2280 -15.6663 -0.2027 2.8988 -7.9971 2.9230 -3.0286 26.0932 3.9632 -3.2331 4.7761 3.8460 -1.7701 -9.0607 -4.3796 19.4667 -17.8610 -5.2052 27.7672 8.1248 1.6452 13.0436 5.3988 0.0000 0.0000 0.0000 -159.3135 -49.7868 160.9725 47.2981 -51.8459 -24.0326 -0.0000 -0.0000 1.0024 26.5861 2.2574 1.1293 -7.1250 0.0000 -0.0000 -0.0010 32.5037 0.0003 0.0000 0.0000 0.0000 36.6592 9.7060 -4.1473 -151.5299 39.5455 -109.5783 0.0000 -0.0000 -40.8724 -37.0667 5.8576 -4.4083 7.1250 -0.0000 -0.0000 -7.5872 -22.6717 -4.1115
12.9406 16.7045 -1.1769 -182.6500 -78.8100 198.1980 0.0000 0.0000 0.0000 -9.7039 23.4837 -75.0614 17.8812 19.8920 83.7942 -0.6882 -15.5110 -0.1386 0.2759 -3.3786 -9.3346 0.0000 0.0000 0.0000 1.7611 12.9938 -44.4865 -5.8109 -14.2425 44.2178 -0.5322 -2.5998 -14.9718 -0.2380 3.1396 -8.6677 2.8374 -3.0192 26.0864 3.9183 -3.2565 4.8715 3.8458 -1.7821 -8.9471 -4.2120 19.4798 -17.7262 -5.0168 27.7362 8.3263 1.6761 13.0442 5.4357 -0.0000 0.0000 0.0000 -161.0058 -49.4946 162.7899 47.1945 -51.7994 -23.9512 -0.0000 -0.0000 3.1009 25.8719 1.4714 0.7135 -7.1250 0.0000 -0.0000 -0.5633 31.6147 0.1844 -0.0000 0.0000 0.0000 38.7801 10.0424 -6.0364 -152.3912 38.7536 -110.1222 0.0000 -0.0000 -40.2510 -36.9431 6.7827 -5.0753 7.1250 -0.0000 -0.0000 -7.3813 -21.5427 -4.1894
12.9465 16.7450 -1.0137 -183.3590 -79.1240 199.1540 0.0000 0.0000 0.0000 -8.7531 23.4106 -73.6589 16.8862 19.7659 80.8617 -0.8442 -16.0571 4.7420 0.1411 -2.4213 -6.6715 0.0000 0.0000 0.0000 1.2398 12.4912 -44.1646 -5.5025 -13.9282 42.9507 -0.4563 -3.1391 -14.2974 -0.2711 3.3492 -9.2526 2.7963 -3.1081 25.9973 3.9315 -3.3933 4.9572 3.9173 -1.8489 -8.7966 -4.1410 19.5427 -17.6947 -4.7148 27.7994 8.7182 1.7752 13.0828 5.5201 0.0000 -0.0000 0.0000 -162.5777 -49.2533 164.4167 46.9813 -51.7030 -23.7837 -0.0000 -0.0000 5.0371 25.2732 0.6336 0.2991 -7.1250 0.0000 -0.0000 -1.0271 30.6795 0.3593 0.0000 -0.0000 0.0000 40.9325 10.5816 -7.7248 -153.1725 38.0142 -110.6073 0.0000 -0.0000 -39.7729 -36.7516 7.8162 -5.7990 7.1250 -0.0000 -0.0000 -7.1122 -20.2935 -4.2363
12.9428 16.7834 -0.8416 -183.7420 -79.5189 199.7570 0.0000 0.0000 0.0000 -7.5565 22.9164 -71.1808 15.4570 19.4978 76.6096 -0.7436 -15.2486 8.2543 0.0636 -1.6277 -4.4777 0.0000 0.0000 0.0000 0.7468 12.0997 -43.6475 -5.1814 -13.5852 41.6006 -0.3755 -3.8847 -13.6642 -0.3148 3.6066 -9.9726 2.7792 -3.2194 25.8278 4.0503 -3.5469 5.0224 4.0932 -1.9244 -8.6211 -4.1390 19.5963 -17.6571 -4.4247 27.8647 9.1109 1.8768 13.1197 5.5969 -0.0000 -0.0000 0.0000 -164.0179 -48.9760 165.9088 46.6750 -51.5632 -23.5436 -0.0000 -0.0000 6.6651 24.8291 -0.1604 -0.0742 -7.1250 0.0000 -0.0000 -1.3662 29.8016 0.5067 -0.0000 -0.0000 0.0000 43.0019 11.1893 -9.3396 -153.8368 37.3694 -111.0135 0.0000 -0.0000 -39.5933 -36.5860 8.9173 -6.5636 7.1250 -0.0000 -0.0000 -6.8515 -18.9662 -4.2833
12.9290 16.8176 -0.6604 -183.6080 -79.9810 199.8300 0.0000 0.0000 0.0000 -6.2433 22.0753 -67.8490 13.7162 19.0257 71.3358 -0.4607 -12.8174 9.7670 0.0498 -1.4408 -3.9626 0.0000 0.0000 0.0000 0.2985 11.8318 -42.9531 -4.8513 -13.2144 40.1765 -0.2898 -4.8022 -13.0821 -0.3687 3.9000 -10.7956 2.8742 -3.2840 25.5588 4.2139 -3.6087 5.0525 4.2191 -1.9583 -8.4414 -3.9882 19.5980 -17.5101 -4.2213 27.8263 9.4201 1.9191 13.1102 5.6628 -0.0000 0.0000 0.0000 -165.1994 -48.4986 167.2824 46.2768 -51.3789 -23.2321 -0.0000 -0.0000 8.0827 24.3730 -0.8997 -0.4076 -7.1250 0.0000 -0.0000 -1.7139 28.9902 0.6687 -0.0000 0.0000 0.0000 45.1332 11.6865 -11.0036 -154.3753 36.8357 -111.3383 0.0000 -0.0000 -39.7504 -36.5401 9.9940 -7.3283 7.1250 -0.0000 -0.0000 -6.6750 -17.6596 -4.3654
12.9063 16.8477 -0.4704 -182.8750 -80.5135 199.3020 0.0000 0.0000 0.0000 -4.9028 20.9368 -63.9215 11.8117 18.3099 65.3908 -0.1057 -8.4069 9.5918 0.0856 -1.8870 -5.1935 0.0000 0.0000 0.0000 -0.1011 11.6449 -42.1030 -4.5133 -12.8138 38.6756 -0.2003 -5.8229 -12.5531 -0.4296 4.2064 -11.6580 3.0713 -3.3358 25.1694 4.4346 -3.6271 5.0442 4.3288 -1.9730 -8.2468 -3.7921 19.5941 -17.3868 -3.9663 27.7682 9.7884 1.9753 13.0923 5.7492 0.0000 -0.0000 0.0000 -166.2047 -47.9002 168.5297 45.6575 -51.0866 -22.7492 -0.0000 -0.0000 9.4120 23.7175 -1.5917 -0.6992 -7.1250 0.0000 -0.0000 -2.2146 28.2388 0.9038 0.0000 -0.0000 0.0000 47.3104 12.2294 -12.6244 -154.7311 36.4776 -111.5508 0.0000 -0.0000 -40.1280 -36.5770 10.9634 -8.0327 7.1250 -0.0000 -0.0000 -6.5664 -16.4752 -4.4643
12.8759 16.8708 -0.2718 -181.6400 -81.1504 198.2520 0.0000 0.0000 0.0000 -3.6770 19.5671 -59.7140 9.9029 17.3549 59.1634 0.1663 -2.0245 8.7248 0.1829 -2.7546 -7.5964 0.0000 0.0000 0.0000 -0.4767 11.4554 -41.1182 -4.1801 -12.3962 37.1485 -0.1108 -6.8641 -12.0944 -0.4910 4.4927 -12.4671 3.2484 -3.4284 24.6824 4.7836 -3.6991 4.9904 4.6041 -2.0123 -8.0396 -3.6997 19.6415 -17.3291 -3.6356 27.7978 10.2316 2.0784 13.1148 5.8449 0.0000 -0.0000 0.0000 -167.1689 -47.3756 169.6156 44.7495 -50.6452 -22.0449 -0.0000 -0.0000 10.7084 22.7954 -2.1578 -0.9066 -7.1250 0.0000 -0.0000 -2.9183 27.6357 1.2332 0.0000 -0.0000 0.0000 49.3938 13.0693 -14.0866 -154.8647 36.3420 -111.6300 0.0000 -0.0000 -40.8627 -36.4989 11.8074 -8.6096 7.1250 -0.0000 -0.0000 -6.3939 -15.4643 -4.4860
12.8393 16.8825 -0.0650 -179.7700 -81.9613 196.5080 0.0000 0.0000 0.0000 -2.5652 17.9883 -55.4787 8.1216 16.2080 52.9995 0.2033 5.4539 8.3281 0.2255 -3.0565 -8.4361 0.0000 0.0000 0.0000 -0.8155 11.2033 -39.9991 -3.8732 -11.9897 35.6956 -0.0247 -7.8878 -11.7482 -0.5570 4.7805 -13.2836 3.4742 -3.5232 24.1228 5.1902 -3.7604 4.8795 4.9086 -2.0461 -7.8565 -3.4481 19.6758 -17.2247 -3.3018 27.7736 10.7126 2.1631 13.1152 5.9658 0.0000 -0.0000 0.0000 -167.9914 -46.7726 170.6476 43.5908 -50.0591 -21.1527 -0.0000 -0.0000 11.8668 21.5848 -2.5685 -1.0157 -7.1250 0.0000 -0.0000 -3.8401 27.2126 1.6625 0.0000 -0.0000 0.0000 51.5343 14.1056 -15.5163 -154.8130 36.3945 -111.5994 0.0000 -0.0000 -42.0665 -36.3221 12.4563 -9.0105 7.1250 -0.0000 -0.0000 -6.1815 -14.7102 -4.4355
12.7983 16.8788 0.1502 -176.7620 -83.0658 193.5280 0.0000 0.0000 0.0000 -1.4134 16.0497 -51.3509 6.5459 14.9372 47.1351 0.0301 12.0066 8.8352 0.1154 -2.1904 -6.0321 0.0000 0.0000 0.0000 -1.0891 10.8469 -38.7328 -3.6153 -11.6301 34.4358 0.0607 -8.9632 -11.5888 -0.6301 5.0793 -14.1349 3.8404 -3.6140 23.4928 5.6314 -3.7840 4.7140 5.1570 -2.0635 -7.7036 -2.9213 19.6250 -17.0887 -2.9559 27.5724 11.2368 2.2125 13.0374 6.1304 0.0000 -0.0000 0.0000 -168.6499 -46.0251 171.7273 42.1929 -49.3168 -20.0867 -0.0000 -0.0000 12.8019 20.1950 -2.7918 -1.0264 -7.1250 0.0000 -0.0000 -4.8974 26.9975 2.1478 0.0000 -0.0000 0.0000 53.7558 15.2975 -16.9660 -154.5870 36.6231 -111.4649 0.0000 -0.0000 -43.6558 -36.2069 12.8240 -9.2293 7.1250 -0.0000 -0.0000 -6.0511 -14.2876 -4.3956
12.7567 16.8550 0.3730 -170.7150 -84.6462 187.4060 0.0000 0.0000 0.0000 -0.0256 13.4890 -47.4944 5.2227 13.6303 41.7761 -0.0627 15.2998 10.0489 0.0374 -1.2487 -3.4333 0.0000 0.0000 0.0000 -1.2583 10.3669 -37.3137 -3.4326 -11.3644 33.5190 0.1557 -10.2423 -11.7266 -0.7046 5.3650 -14.9526 4.3241 -3.7779 22.8065 6.2785 -3.8737 4.4968 5.5863 -2.1167 -7.5646 -2.3940 19.5056 -17.1383 -2.5945 27.2936 11.9215 2.2892 12.9098 6.3749 -0.0000 0.0000 0.0000 -169.3459 -45.3888 172.8280 40.5295 -48.3805 -18.8341 -0.0000 -0.0000 13.4491 18.7635 -2.8286 -0.9604 -7.1250 0.0000 -0.0000 -5.9892 26.9808 2.6335 -0.0000 0.0000 0.0000 55.7877 16.8100 -18.2505 -154.1640 37.0464 -111.2113 0.0000 -0.0000 -45.4328 -36.2346 12.7905 -9.2151 7.1250 -0.0000 -0.0000 -6.0744 -14.3230 -4.4082
12.7166 16.8082 0.6001 -154.4410 -86.8160 170.8960 0.0000 0.0000 0.0000 1.3660 10.3544 -44.2927 4.2127 12.4382 37.3003 0.0008 14.9302 10.4931 0.1207 -2.2398 -6.1689 0.0000 0.0000 0.0000 -1.4118 9.7506 -35.6373 -3.3494 -11.2403 33.0946 0.2774 -11.8455 -12.1876 -0.8032 5.7201 -15.9743 4.8798 -4.0185 22.0759 7.2139 -4.0466 4.2173 6.3230 -2.2156 -7.4444 -1.9460 19.2660 -17.3829 -2.3388 26.9000 12.7017 2.3611 12.7043 6.6889 -0.0000 0.0000 0.0000 -170.1159 -44.9296 173.9259 38.7344 -47.3020 -17.5033 -0.0000 -0.0000 13.6991 17.3518 -2.6219 -0.8189 -7.1250 0.0000 -0.0000 -7.0771 27.2145 3.0790 -0.0000 0.0000 0.0000 57.5378 18.5350 -19.4533 -153.5779 37.6225 -110.8559 0.0000 -0.0000 -47.2917 -36.1924 12.3437 -8.8900 7.1250 -0.0000 -0.0000 -6.1104 -14.8682 -4.3632
12.6792 16.7447 0.8270 -70.8435 -88.1308 86.8103 0.0000 0.0000 0.0000 2.1378 7.1741 -42.3776 3.5831 11.5839 34.2755 -0.0019 13.0980 9.1676 0.4788 -4.4372 -12.3101 0.0000 0.0000 0.0000 -1.6884 8.9552 -33.4449 -3.3668 -11.2664 33.1837 0.4421 -13.7910 -12.9187 -0.9685 6.2655 -17.5568 5.5634 -4.3042 21.2816 8.3613 -4.2532 3.8384 7.2422 -2.3356 -7.3835 -1.4483 18.7856 -17.6890 -2.2422 26.1973 13.4841 2.3595 12.3357 7.0464 -0.0000 0.0000 0.0000 -170.7829 -44.4633 174.9993 37.0298 -46.2083 -16.2616 -0.0000 -0.0000 13.4572 15.8719 -2.1310 -0.6057 -7.1250 0.0000 -0.0000 -8.2399 27.7336 3.4921 -0.0000 0.0000 0.0000 59.3109 20.2026 -20.7322 -153.0296 38.1510 -110.5192 0.0000 -0.0000 -49.1705 -35.9259 11.4879 -8.2114 7.1250 -0.0000 -0.0000 -6.0499 -15.9431 -4.1790
12.6443 16.6758 1.0493 -19.9237 -84.2502 35.0530 0.0000 0.0000 0.0000 1.8938 4.4263 -41.9167 3.3166 11.1908 32.9260 -0.0535 11.0936 6.9467 0.8979 -6.0393 -16.8986 0.0000 0.0000 0.0000 -2.0417 7.8656 -30.4144 -3.4576 -11.4014 33.6458 0.6520 -15.9854 -13.9574 -1.1448 6.7941 -19.1068 6.4906 -4.6142 20.3582 9.5741 -4.4510 3.3400 8.1019 -2.4552 -7.3917 -0.7973 17.9475 -17.9777 -2.1605 24.9700 14.2887 2.2735 11.7230 7.4303 -0.0000 0.0000 0.0000 -171.0318 -43.8649 175.8566 35.6373 -45.2619 -15.2643 -0.0000 -0.0000 12.9434 14.1667 -1.3059 -0.3296 -7.1250 0.0000 -0.0000 -9.6151 28.5788 3.8943 -0.0000 0.0000 0.0000 61.6355 21.6977 -21.9857 -152.7952 38.3738 -110.3740 0.0000 -0.0000 -50.9004 -35.4057 10.2830 -7.2315 7.1250 -0.0000 -0.0000 -5.8534 -17.4710 -3.8463
12.6112 16.6088 1.2625 -10.4085 -78.3474 24.3421 0.0000 0.0000 0.0000 1.0656 1.8157 -42.1425 3.2525 11.0930 32.5943 -0.0516 8.5169 4.8936 1.0728 -6.5841 -18.4890 0.0000 0.0000 0.0000 -2.1495 6.3171 -26.5153 -3.5888 -11.5922 34.3041 0.8794 -18.1358 -15.2708 -1.2357 7.0494 -19.8618 7.6582 -4.9346 19.2259 10.8426 -4.6391 2.7124 8.8890 -2.5745 -7.4394 -0.1906 16.7191 -18.3120 -1.9045 23.1869 15.2692 2.1744 10.8599 7.8487 0.0000 0.0000 0.0000 -170.6287 -43.3005 175.8968 34.5391 -44.4802 -14.4895 -0.0000 -0.0000 12.7038 12.2332 -0.2909 -0.0631 -7.1250 0.0000 -0.0000 -11.2104 29.5891 4.2873 0.0000 0.0000 0.0000 64.8148 23.2137 -22.6083 -152.9851 38.1934 -110.4917 0.0000 -0.0000 -52.3644 -34.7130 8.8340 -6.0729 7.1250 -0.0000 -0.0000 -5.5483 -19.3002 -3.4186
12.5788 16.5544 1.4585 -7.2684 -71.3890 19.6774 0.0000 0.0000 0.0000 0.2321 -1.1025 -42.1270 3.2046 11.0191 32.3443 0.0046 4.7391 3.4803 1.2133 -6.9875 -19.6783 0.0000 0.0000 0.0000 -1.8246 4.3639 -21.9222 -3.7354 -11.7997 35.0270 1.1037 -20.0062 -16.4789 -1.2504 7.0895 -19.9809 8.8696 -5.1879 17.8639 12.1909 -4.7715 1.9640 9.7329 -2.6679 -7.4933 -0.0515 15.0571 -18.8523 -1.2515 20.8521 16.5873 2.1924 9.7475 8.3162 -0.0000 0.0000 0.0000 -169.4027 -43.0167 174.4228 33.5613 -43.7571 -13.8088 -0.0000 -0.0000 13.1575 10.3493 0.6793 0.1240 -7.1250 0.0000 -0.0000 -12.7920 30.5256 4.6249 -0.0000 0.0000 0.0000 68.8227 24.8068 -21.8572 -153.4109 37.7845 -110.7538 0.0000 -0.0000 -53.4443 -34.1142 7.3339 -4.9422 7.1250 -0.0000 -0.0000 -5.2898 -21.1596 -3.0364
12.5552 16.5242 1.6259 -5.9319 -63.6867 16.5803 0.0000 0.0000 0.0000 -0.5722 -4.2904 -41.8835 3.1152 10.8793 31.8738 0.0274 -0.0427 3.1419 1.2549 -7.1017 -20.0171 0.0000 0.0000 0.0000 -1.1438 2.3470 -16.9086 -3.9080 -12.0370 35.8630 1.3271 -21.4858 -16.9873 -1.1664 6.8558 -19.2888 9.9683 -5.2905 16.3797 13.5432 -4.7496 1.0942 10.6303 -2.6775 -7.6182 -0.6412 12.8750 -19.6761 -0.2107 17.9049 18.1037 2.3604 8.3507 8.8129 -0.0000 0.0000 0.0000 -167.3881 -42.9754 171.2579 32.3262 -42.8057 -12.9620 -0.0000 -0.0000 14.3048 8.8948 1.5153 0.2371 -7.1250 0.0000 -0.0000 -14.0454 31.3153 4.8278 -0.0000 0.0000 0.0000 73.4475 26.2089 -19.4747 -153.6281 37.5736 -110.8865 0.0000 -0.0000 -54.3511 -33.8176 6.1653 -4.1150 7.1250 -0.0000 -0.0000 -5.1945 -22.5810 -2.8129
12.5470 16.5142 1.7521 -5.0159 -55.4950 13.6811 0.0000 0.0000 0.0000 -1.7278 -7.6515 -41.4320 3.0134 10.7167 31.3303 -0.0741 -5.2053 3.9857 1.1150 -6.7082 -18.8537 0.0000 0.0000 0.0000 -0.3109 0.7007 -11.5897 -4.1630 -12.3742 37.0689 1.4380 -21.8171 -15.9692 -1.0032 6.3736 -17.8723 10.8077 -5.1846 14.9745 14.7244 -4.4923 0.2324 11.4527 -2.5519 -7.7988 -1.9948 10.1596 -20.7465 0.9809 14.3861 19.3409 2.6079 6.6780 9.2526 -0.0000 0.0000 0.0000 -165.0320 -43.0558 166.8909 30.4534 -41.2788 -11.7076 -0.0000 -0.0000 15.9209 7.7930 2.4838 0.3398 -7.1250 0.0000 -0.0000 -15.0643 32.2285 4.8565 -0.0000 0.0000 0.0000 78.2224 27.2116 -15.8648 -152.9956 38.1834 -110.4982 0.0000 -0.0000 -55.6565 -33.8826 5.5443 -3.7121 7.1250 -0.0000 -0.0000 -5.3021 -23.3172 -2.7819
12.5516 16.5111 1.8388 -4.2272 -47.2366 10.6203 0.0000 0.0000 0.0000 -3.3658 -11.3351 -40.2468 2.9015 10.5339 30.7237 -0.2852 -9.5995 5.5123 0.8460 -5.8666 -16.3979 0.0000 0.0000 0.0000 0.7068 -0.4151 -6.0221 -4.5356 -12.8409 38.7759 1.1478 -19.1684 -12.4472 -1.0606 6.5478 -18.3824 11.4162 -4.7621 13.8080 15.5886 -3.8252 -0.4818 11.9667 -2.2034 -8.0090 -3.9253 6.9497 -21.5152 1.9452 10.3910 19.7436 2.7557 4.7605 9.4482 0.0000 0.0000 0.0000 -162.9142 -43.0101 161.9466 27.7556 -38.8902 -9.9698 -0.0000 -0.0000 17.7425 6.3811 3.9408 0.4404 -7.1250 0.0000 -0.0000 -16.4433 33.5859 4.7706 0.0000 0.0000 0.0000 82.4681 27.6967 -12.1187 -150.9435 40.0708 -109.2029 0.0000 -0.0000 -58.6209 -34.2199 5.1207 -3.4737 7.1250 -0.0000 -0.0000 -5.5906 -23.7993 -2.8724
12.5617 16.5054 1.8992 -3.8387 -39.5789 7.7218 0.0000 0.0000 0.0000 -5.1638 -15.1137 -38.1309 2.7805 10.3310 30.0553 -0.5126 -12.7312 6.9076 0.6500 -5.1570 -14.3570 0.0000 0.0000 0.0000 2.3182 -0.9959 -0.6331 -4.9651 -13.3444 40.6718 0.5049 -12.8376 -8.0074 -1.5686 7.9030 -22.4197 12.0248 -3.9836 12.8334 16.2247 -2.6896 -0.9498 12.1124 -1.6208 -8.1241 -6.1795 3.5479 -21.5900 2.4820 6.3020 19.3145 2.7478 2.7585 9.3674 0.0000 -0.0000 0.0000 -161.3769 -43.0993 156.8807 24.3631 -35.5459 -7.9167 -0.0000 -0.0000 19.1890 4.0586 6.3818 0.4519 -7.1250 0.0000 -0.0000 -18.8243 35.8005 4.4551 0.0000 -0.0000 0.0000 85.6788 27.9574 -8.8444 -146.9538 43.3655 -106.5462 0.0000 -0.0000 -64.5000 -34.5913 3.1868 -2.1955 7.1250 -0.0000 -0.0000 -6.0494 -26.1031 -2.7853
12.5740 16.4959 1.9456 -4.0143 -33.0162 5.4086 0.0000 0.0000 0.0000 -6.6446 -18.6477 -35.7130 2.6866 10.1696 29.5277 -0.6951 -14.7427 7.8647 0.5384 -4.7016 -13.0594 0.0000 0.0000 0.0000 4.8245 -1.1565 3.8994 -5.3084 -13.7229 42.1386 0.0541 -5.3449 -5.5698 -2.1771 9.2256 -26.5037 12.9157 -2.9813 11.9171 16.7967 -1.2433 -1.2713 11.9690 -0.9000 -8.1521 -8.4295 0.3929 -20.8855 2.5757 2.5774 18.5685 2.6200 0.8832 9.1466 0.0000 -0.0000 0.0000 -160.0851 -43.6733 151.8853 20.5155 -31.2584 -5.7964 -0.0000 -0.0000 19.0577 1.4995 10.7463 0.2797 -7.1250 0.0000 -0.0000 -22.1147 39.7076 3.0598 0.0000 -0.0000 0.0000 87.7642 28.3097 -5.8671 -140.0596 48.0345 -101.6051 0.0000 -0.0000 -73.1940 -34.5519 -1.7154 1.1809 7.1250 -0.0000 -0.0000 -6.4118 -32.0198 -2.0479
12.5802 16.4805 1.9843 -4.3989 -27.7107 3.7201 0.0000 0.0000 0.0000 -7.7799 -21.6349 -33.6733 2.6453 10.0974 29.2928 -0.8456 -16.1704 8.3701 0.4712 -4.4024 -12.2115 0.0000 0.0000 0.0000 7.8310 -1.0952 7.2831 -5.4106 -13.8318 42.5679 -0.0751 -0.2566 -5.2745 -2.4409 9.7297 -28.1059 13.9405 -1.9433 10.9359 17.3196 0.2361 -1.6428 11.7169 -0.1737 -8.1879 -10.5173 -2.2023 -19.3815 2.4480 -0.5213 17.9666 2.4841 -0.7208 8.8812 -0.0000 0.0000 0.0000 -157.9919 -44.7713 146.6634 16.7197 -26.4867 -3.9615 -0.0000 -0.0000 15.9145 0.5900 18.1524 0.1838 -7.1250 0.0000 -0.0000 -25.7255 46.3824 -0.9392 -0.0000 0.0000 0.0000 89.0139 28.9627 -2.5202 -128.1533 53.7137 -92.3441 0.0000 -0.0000 -81.8025 -32.8604 -8.4707 5.4354 7.1250 -0.0000 -0.0000 -5.2499 -39.9804 -0.6517
12.5696 16.4608 2.0211 -4.4681 -23.7034 2.4821 0.0000 0.0000 0.0000 -8.9439 -23.6157 -32.3071 2.6419 10.0914 29.2732 -0.9996 -17.4737 8.6379 0.4185 -4.1521 -11.5051 0.0000 0.0000 0.0000 10.5638 -0.9019 9.6240 -5.2328 -13.6413 41.8191 -0.1274 1.1261 -6.4393 -2.4768 9.7956 -28.3174 14.7125 -0.8599 9.8758 17.5776 1.7097 -2.1404 11.3172 0.5480 -8.2883 -12.2474 -4.2207 -17.0792 2.4339 -3.1492 17.5891 2.4207 -2.0799 8.5708 -0.0000 0.0000 0.0000 -154.0863 -45.7351 139.4167 13.4543 -21.9493 -2.6207 -0.0000 -0.0000 10.0384 1.6325 28.1943 0.7715 -7.1250 0.0000 -0.0000 -30.7113 55.4020 -8.4189 -0.0000 0.0000 0.0000 89.9958 30.1840 1.9849 -108.7547 58.6283 -76.1672 0.0000 -0.0000 -85.9645 -29.8550 -16.4074 9.2092 7.1250 -0.0000 -0.0000 -2.0285 -48.7223 0.1863
12.5418 16.4407 2.0612 -3.9699 -21.1658 1.6401 0.0000 0.0000 0.0000 -10.3177 -24.2229 -31.6777 2.6472 10.1008 29.3039 -1.1637 -18.7520 8.8991 0.3676 -3.8944 -10.7798 0.0000 0.0000 0.0000 12.3667 -0.5417 11.0311 -4.9760 -13.3567 40.7188 -0.1769 -0.5607 -8.1671 -2.4503 9.7469 -28.1609 15.0300 0.2484 8.8543 17.5308 3.1171 -2.6159 10.8328 1.2395 -8.3430 -13.5924 -5.6360 -14.4406 2.5776 -5.2196 17.3898 2.4566 -3.1479 8.2499 0.0000 0.0000 0.0000 -148.9503 -46.1109 124.4945 10.2477 -17.1261 -1.5471 -0.0000 -0.0000 6.5201 2.7758 36.7402 1.6613 -7.1250 0.0000 -0.0000 -37.8616 62.7012 -17.5790 0.0000 0.0000 0.0000 91.1152 32.4602 9.1886 -81.9328 59.7527 -53.0194 0.0000 -0.0000 -84.1338 -27.0273 -24.2135 11.8171 7.1250 -0.0000 -0.0000 2.5924 -56.7472 -0.7468
12.5071 16.4283 2.1135 -2.9061 -20.2688 1.1417 0.0000 0.0000 0.0000 -11.8187 -23.6356 -31.5863 2.6407 10.0893 29.2664 -1.3091 -19.8116 9.2061 0.3091 -3.5742 -9.8818 0.0000 0.0000 0.0000 12.8487 -0.1317 11.5903 -4.8836 -13.2516 40.3176 -0.1629 -3.5556 -9.7847 -2.3724 9.6021 -27.6975 15.0765 1.3969 8.0915 17.2067 4.5139 -2.8598 10.1733 1.9187 -8.2399 -14.5684 -6.5351 -12.1465 2.7040 -6.6673 17.4010 2.5229 -3.9085 8.0189 -0.0000 0.0000 0.0000 -144.7694 -46.7955 94.4979 6.4295 -10.9766 -0.6184 -0.0000 -0.0000 13.6970 3.2815 39.2289 2.0767 -7.1250 0.0000 -0.0000 -40.6603 64.7406 -21.0152 -0.0000 0.0000 0.0000 92.7096 36.4708 20.6055 -53.9427 54.4670 -29.3537 0.0000 -0.0000 -78.4503 -24.4247 -28.5971 12.2637 7.1250 -0.0000 -0.0000 7.3836 -60.7397 -2.8416
12.4754 16.4288 2.1848 -1.5754 -20.7342 0.9501 0.0000 0.0000 0.0000 -13.1522 -22.5271 -31.8148 2.6337 10.0771 29.2266 -1.4042 -20.4706 9.4293 0.2354 -3.1226 -8.6203 0.0000 0.0000 0.0000 12.2271 0.1390 11.5985 -4.9115 -13.2834 40.4389 -0.1068 -6.2716 -11.3380 -2.1441 9.1600 -26.2971 15.3911 2.6364 7.7486 16.6360 6.0707 -2.8611 9.0592 2.6405 -8.0276 -15.3709 -7.1646 -10.4987 2.7769 -7.6946 17.6475 2.5894 -4.4678 7.9472 -0.0000 -0.0000 0.0000 -135.2756 -48.8306 69.1366 6.2488 -10.6764 -0.5845 -0.0000 -0.0000 7.7362 3.0367 41.3133 2.0058 -7.1250 0.0000 -0.0000 -44.0753 66.1848 -24.5171 -0.0000 -0.0000 0.0000 95.6188 43.0079 38.1470 -31.9315 42.4925 -12.6945 0.0000 -0.0000 -72.0087 -21.5074 -29.5451 10.9964 7.1250 -0.0000 -0.0000 11.2505 -60.9811 -4.4125
12.4477 16.4362 2.2748 -0.5651 -21.7912 1.1432 0.0000 0.0000 0.0000 -13.8628 -21.6090 -32.3579 2.6766 10.1521 29.4706 -1.4463 -20.7460 9.3884 0.1550 -2.5372 -6.9929 0.0000 0.0000 0.0000 11.3455 0.1154 11.5447 -4.8014 -13.1566 39.9575 -0.0853 -8.0080 -13.0187 -1.8732 8.5968 -24.5420 16.6217 4.0978 7.8420 15.8711 8.0617 -2.7490 7.2021 3.5068 -7.7562 -16.0948 -7.9000 -9.5816 2.8799 -8.7776 17.9685 2.6260 -5.0398 8.0417 0.0000 0.0000 0.0000 -122.5091 -49.8879 62.5547 7.7089 -13.0799 -0.8851 -0.0000 0.0000 -23.7222 5.6151 42.5995 3.8073 -7.1250 0.0000 -0.0000 -43.7817 67.8714 -25.9353 0.0000 0.0000 0.0000 100.9262 50.5336 66.4425 -19.6721 30.2452 -5.3652 0.0000 -0.0000 -70.1299 -19.9850 -29.9074 10.2777 7.1250 -0.0000 -0.0000 13.1903 -60.9668 -5.1830
12.4206 16.4394 2.3786 -0.2009 -22.6278 1.6900 0.0000 0.0000 0.0000 -13.8496 -21.3029 -33.1883 2.8159 10.3908 30.2519 -1.4553 -20.7855 8.9895 0.0899 -1.9342 -5.3238 0.0000 0.0000 0.0000 10.7876 -0.4642 11.8625 -4.4230 -12.7030 38.2667 -0.1092 -8.8109 -14.4066 -1.6406 8.0735 -22.9376 18.5220 5.7708 8.4708 15.1865 10.5441 -2.6664 5.0941 4.5654 -7.6011 -16.4831 -8.8585 -9.1821 2.7881 -10.0956 17.8312 2.5000 -5.6943 8.0765 0.0000 0.0000 0.0000 -108.0721 -46.8993 60.4840 13.9881 -22.7177 -2.8235 -0.0000 0.0000 -64.8741 15.5497 43.2011 10.7848 -7.1250 0.0000 -0.0000 -34.7382 71.5681 -22.7847 0.0000 0.0000 0.0000 103.9115 56.8043 104.0048 -18.3912 28.6552 -4.7353 0.0000 -0.0000 -76.6487 -19.3040 -32.9449 10.7850 7.1250 -0.0000 -0.0000 16.2736 -63.7424 -7.4936
12.3883 16.4312 2.4922 -0.2764 -22.6801 2.3423 0.0000 0.0000 0.0000 -13.5495 -21.6701 -34.1100 3.0484 10.7730 31.5181 -1.4666 -20.8406 8.2986 0.0533 -1.4897 -4.0973 0.0000 0.0000 0.0000 10.5552 -1.8014 12.7647 -3.8424 -11.9477 35.5474 -0.1554 -8.9539 -15.2710 -1.4365 7.5776 -21.4383 20.2850 7.3851 9.6421 14.6709 13.1732 -2.7490 3.2518 5.6721 -7.8145 -16.0780 -9.8765 -8.9204 2.5630 -11.5624 16.8160 2.2044 -6.3502 7.7933 0.0000 -0.0000 0.0000 -97.7854 -41.3076 52.7545 23.5408 -34.6748 -7.4437 -0.0000 0.0000 -92.6549 26.2943 41.3322 18.0725 -7.1250 0.0000 -0.0000 -17.7016 73.7972 -12.1552 0.0000 -0.0000 0.0000 111.9906 60.1117 132.6947 -18.6182 28.9414 -4.8447 0.0000 -0.0000 -67.2392 -7.0594 -35.0663 4.0696 7.1250 -0.0000 -0.0000 31.6122 -62.4512 -14.1512
12.3386 16.4118 2.6132 -0.4080 -21.6446 2.9196 0.0000 0.0000 0.0000 -13.4484 -22.5404 -34.9895 3.3259 11.2048 32.9739 -1.5195 -21.1930 7.6193 0.0303 -1.1240 -3.0899 0.0000 0.0000 0.0000 10.5240 -3.9100 14.1966 -3.1676 -10.9616 32.1505 -0.2105 -8.9339 -16.0186 -1.2104 6.9794 -19.6543 21.5469 8.7811 11.0124 13.9662 15.6427 -3.1568 1.4378 6.6682 -8.4136 -15.1159 -11.0411 -8.4024 3.1560 -13.4778 15.1169 2.0793 -7.1150 7.2822 -0.0000 -0.0000 0.0000 -92.1409 -36.3217 45.8786 33.5524 -43.7504 -13.8026 -0.0000 0.0000 -101.0130 31.2737 40.0923 21.3638 -7.1250 0.0000 -0.0000 -8.0713 74.4177 -5.6154 -0.0000 -0.0000 0.0000 121.1141 57.0192 141.9275 -16.9998 26.8575 -4.0873 0.0000 -0.0000 -46.2041 9.0449 -31.4787 -4.7518 7.1250 -0.0000 -0.0000 43.3454 -55.9258 -13.3982
12.2601 16.3872 2.7381 -0.4808 -19.5302 3.4992 0.0000 0.0000 0.0000 -13.5468 -23.7322 -35.8380 3.5937 11.5992 34.3286 -1.6445 -22.0181 7.1788 0.0161 -0.8189 -2.2506 0.0000 0.0000 0.0000 10.8440 -6.5485 15.9182 -2.4949 -9.8287 28.4237 -0.2014 -9.4382 -16.4741 -1.0642 6.5586 -18.4142 22.1494 10.1075 11.8559 13.0362 17.8381 -3.7833 -0.2086 7.5584 -8.9389 -14.4122 -12.6094 -7.6163 5.0288 -16.0933 13.2116 2.3323 -8.1620 6.8534 0.0000 0.0000 0.0000 -89.0041 -33.0043 40.7759 42.7236 -49.6032 -20.4900 -0.0000 0.0000 -94.9044 31.2993 41.5117 21.9475 -7.1250 0.0000 -0.0000 -10.2665 75.7954 -7.4500 0.0000 0.0000 0.0000 127.9948 52.7404 143.0887 -16.4576 26.1372 -3.8454 0.0000 -0.0000 -36.6893 13.5452 -31.4417 -7.1627 7.1250 -0.0000 -0.0000 47.2539 -54.9897 -13.8637
12.1575 16.3692 2.8662 -0.5905 -16.7613 4.2309 0.0000 0.0000 0.0000 -13.5313 -25.1279 -36.6749 3.8182 11.9144 35.4298 -1.8117 -23.0753 6.8744 0.0148 -0.7864 -2.1613 0.0000 0.0000 0.0000 11.7037 -9.2095 17.5164 -1.9065 -8.6686 24.7641 -0.0848 -10.6922 -16.4461 -0.9666 6.2597 -17.5399 21.9509 11.5386 11.7906 12.2321 19.7764 -4.3709 -1.1422 8.4390 -9.0968 -14.3835 -14.4592 -6.7224 7.5197 -19.0274 11.2576 2.8107 -9.3945 6.5984 -0.0000 -0.0000 0.0000 -87.3323 -31.0712 36.4253 49.9158 -52.9615 -26.1070 -0.0000 0.0000 -84.9939 27.2266 42.5379 19.1805 -7.1250 0.0000 -0.0000 -18.6627 75.2217 -13.3885 -0.0000 -0.0000 0.0000 134.2713 49.3079 145.7141 -16.8152 26.6134 -4.0042 0.0000 -0.0000 -37.9630 8.8844 -35.9093 -5.2383 7.1250 -0.0000 -0.0000 47.8299 -59.2060 -19.2702
12.0479 16.3695 2.9982 -0.8510 -13.9107 5.1211 0.0000 0.0000 0.0000 -13.1871 -26.6097 -37.4270 3.9861 12.1419 36.2360 -1.9685 -24.0385 6.5053 0.0266 -1.0522 -2.8924 0.0000 0.0000 0.0000 13.0564 -11.4865 18.6594 -1.4476 -7.6058 21.5230 0.1285 -12.3979 -15.8419 -0.8523 5.8880 -16.4598 21.2733 13.0233 11.0694 11.5773 21.4760 -4.7545 -1.4892 9.3183 -8.8385 -14.5580 -16.2132 -5.9247 9.9818 -21.6798 8.9883 3.3103 -10.5434 6.3289 0.0000 0.0000 0.0000 -86.5244 -29.9052 31.4058 56.6752 -55.3568 -31.5898 -0.0000 0.0000 -78.4296 24.4975 41.9445 16.9395 -7.1250 0.0000 -0.0000 -21.3360 73.6962 -14.6577 0.0000 0.0000 0.0000 139.6737 46.4178 149.1871 -17.1870 27.1036 -4.1722 0.0000 -0.0000 -36.4948 4.1338 -37.0998 -2.4963 7.1250 -0.0000 -0.0000 44.9139 -61.2093 -19.9479
11.9460 16.3885 3.1328 -1.2630 -11.2393 5.9662 0.0000 0.0000 0.0000 -12.6315 -28.1048 -37.9002 4.1012 12.2939 36.7798 -2.0951 -24.8137 6.0522 0.0438 -1.3505 -3.7138 0.0000 0.0000 0.0000 14.6342 -13.3669 19.3853 -1.1111 -6.6969 18.8205 0.3967 -14.1418 -14.5893 -0.6931 5.3219 -14.8291 20.6502 14.3641 10.2118 10.8144 22.8881 -4.9212 -1.8224 10.1068 -8.2163 -14.4888 -17.6010 -5.1678 12.5998 -23.6924 5.9850 3.9110 -11.4278 5.8265 -0.0000 -0.0000 0.0000 -85.7586 -28.8814 25.5121 65.6345 -57.6334 -39.0665 -0.0000 0.0000 -76.9664 25.9207 41.0476 17.7012 -7.1250 0.0000 -0.0000 -17.7300 73.4053 -12.0266 -0.0000 -0.0000 0.0000 144.0228 43.7742 152.0255 -17.3523 27.3199 -4.2478 0.0000 -0.0000 -26.9041 4.2414 -33.7904 -2.3619 7.1250 -0.0000 -0.0000 41.2528 -58.7172 -15.4816
11.8550 16.4151 3.2637 -1.8526 -8.4858 6.5705 0.0000 0.0000 0.0000 -12.0040 -29.6657 -37.9959 4.1842 12.4015 37.1676 -2.2428 -25.6733 5.7307 0.0543 -1.5036 -4.1357 0.0000 0.0000 0.0000 16.3592 -15.1754 19.9246 -0.8607 -5.9159 16.5407 0.6737 -15.6969 -12.6516 -0.5347 4.6854 -13.0134 20.1661 15.3134 9.3646 10.0631 23.7617 -4.8597 -2.0937 10.6627 -7.3609 -14.2130 -18.4955 -4.6976 15.3007 -24.8570 2.6759 4.6088 -11.9509 5.2176 -0.0000 -0.0000 0.0000 -84.7538 -27.4833 18.9481 76.9880 -59.3505 -48.7558 -0.0000 0.0000 -79.0869 29.1907 39.9362 19.7293 -7.1250 0.0000 -0.0000 -11.1482 73.5261 -7.5536 -0.0000 -0.0000 0.0000 147.3889 41.0519 153.8433 -17.7514 27.8376 -4.4325 0.0000 -0.0000 -14.3910 5.7701 -28.2094 -2.7347 7.1250 -0.0000 -0.0000 37.5722 -54.0079 -9.3296
11.7698 16.4366 3.3860 -2.6409 -5.3172 6.9773 0.0000 0.0000 0.0000 -11.2992 -31.2587 -37.9691 4.2584 12.4966 37.5121 -2.4674 -26.8440 5.8128 0.0569 -1.5395 -4.2346 0.0000 0.0000 0.0000 18.3428 -17.1050 20.2864 -0.6687 -5.2294 14.5641 0.9073 -16.9491 -10.1531 -0.4223 4.1708 -11.5577 19.8303 15.8711 8.5312 9.2796 24.1948 -4.9528 -2.4456 10.9699 -6.6925 -14.0266 -19.0163 -4.0168 17.9208 -25.4767 -0.1441 5.3691 -12.2690 4.6990 -0.0000 0.0000 0.0000 -83.5461 -24.9662 12.8371 89.5354 -59.9992 -59.5977 -0.0000 0.0000 -81.9444 31.2988 38.3221 20.6563 -7.1250 0.0000 -0.0000 -5.7717 72.6777 -3.7949 -0.0000 0.0000 0.0000 149.5192 38.3835 155.0168 -19.2480 29.7257 -5.1533 0.0000 -0.0000 -8.1218 4.0208 -24.4440 -1.6661 7.1250 -0.0000 -0.0000 33.2791 -51.2047 -5.6164
11.6819 16.4522 3.4997 -3.4402 -1.9141 7.3649 0.0000 0.0000 0.0000 -10.6110 -32.5111 -38.1705 4.3210 12.5758 37.8006 -2.8036 -28.3904 6.5032 0.0538 -1.4965 -4.1160 0.0000 0.0000 0.0000 20.4745 -18.8657 20.3272 -0.5254 -4.6452 12.8993 1.0587 -17.8620 -7.3152 -0.3783 3.9501 -10.9364 19.4229 16.2868 7.6806 8.2090 24.5097 -5.4417 -3.0903 11.1651 -6.3811 -13.8910 -19.4475 -2.7088 20.5510 -26.0449 -2.3445 6.1753 -12.6233 4.3060 -0.0000 -0.0000 0.0000 -82.0571 -21.3333 8.3181 102.0874 -59.4407 -70.4483 -0.0000 0.0000 -82.3320 31.1360 36.5625 19.7917 -7.1250 0.0000 -0.0000 -4.2199 70.8474 -2.6033 -0.0000 -0.0000 0.0000 150.6800 36.3964 156.3320 -22.3402 33.3594 -6.7720 0.0000 -0.0000 -11.5704 -1.2915 -23.9873 0.5251 7.1250 -0.0000 -0.0000 28.1789 -51.6840 -4.9682
11.5861 16.4665 3.6077 -3.9700 1.3950 7.7532 0.0000 0.0000 0.0000 -10.2422 -33.1198 -38.5567 4.3483 12.6100 37.9255 -3.2780 -30.3053 7.9975 0.0395 -1.2833 -3.5287 0.0000 0.0000 0.0000 22.4181 -20.2207 20.1419 -0.4177 -4.1486 11.4952 1.1147 -18.4630 -4.3075 -0.3830 3.9743 -11.0043 18.5693 16.5710 6.7797 6.9856 24.6095 -5.9787 -3.7171 11.2641 -6.2091 -14.0185 -19.8297 -1.0540 23.3476 -26.5488 -4.3213 7.0925 -13.0016 4.0079 0.0000 -0.0000 0.0000 -80.3783 -17.3625 5.1099 113.5219 -57.8026 -80.2202 -0.0000 0.0000 -78.6093 29.6924 35.2308 18.2081 -7.1250 0.0000 -0.0000 -5.1530 69.0262 -2.9700 0.0000 -0.0000 0.0000 151.5824 34.9310 158.0849 -26.6892 37.8812 -9.3076 0.0000 -0.0000 -19.7314 -6.9107 -24.3748 2.8636 7.1250 -0.0000 -0.0000 23.1467 -52.9870 -4.7513
11.4827 16.4815 3.7117 -4.2048 4.4558 8.0477 0.0000 0.0000 0.0000 -10.2714 -33.1607 -38.8701 4.3350 12.5933 37.8645 -3.8736 -32.4249 10.4092 0.0144 -0.7756 -2.1317 0.0000 0.0000 0.0000 24.0481 -21.2064 20.0823 -0.3183 -3.6263 10.0278 1.0934 -18.9352 -1.2264 -0.3942 4.0316 -11.1655 17.1323 16.5490 5.8476 6.0525 24.2133 -6.0904 -3.8165 11.1848 -5.9475 -14.7725 -20.0233 0.2438 26.1045 -26.7622 -6.0672 8.0810 -13.2457 3.8945 0.0000 0.0000 0.0000 -78.9815 -13.7335 2.1378 123.0733 -55.4338 -88.2032 -0.0000 0.0000 -71.7284 28.3277 34.6450 17.0380 -7.1250 0.0000 -0.0000 -6.5515 68.0067 -3.6273 0.0000 0.0000 0.0000 152.5862 33.4242 160.9051 -31.4848 42.1326 -12.3938 0.0000 -0.0000 -25.2184 -9.9769 -24.0129 4.0946 7.1250 -0.0000 -0.0000 19.9982 -53.1910 -4.1610
11.3794 16.4985 3.8134 -4.3628 7.1851 8.2451 0.0000 0.0000 0.0000 -10.3969 -32.9646 -39.0430 4.3017 12.5514 37.7118 -4.4584 -34.3135 13.4056 0.0001 -0.0560 -0.1539 0.0000 0.0000 0.0000 24.8977 -23.3752 20.0862 -0.2050 -2.9153 8.0429 0.8159 -17.9643 2.6115 -0.3910 4.0154 -11.1200 15.5225 16.3795 5.0753 5.2852 23.6480 -5.9864 -3.7170 11.0318 -5.6928 -15.8153 -20.0987 1.3316 28.5928 -26.8366 -7.5280 9.0385 -13.4239 3.8946 -0.0000 -0.0000 0.0000 -77.9037 -10.6863 -0.5966 130.5650 -52.7651 -94.2764 -0.0000 0.0000 -63.7748 27.5857 34.2778 16.3969 -7.1250 0.0000 -0.0000 -7.2442 67.4090 -3.9138 -0.0000 -0.0000 0.0000 153.7543 31.7546 163.9007 -35.8084 45.3808 -15.3860 0.0000 -0.0000 -24.1551 -10.1435 -22.3917 3.8989 7.1250 -0.0000 -0.0000 19.0048 -51.6886 -3.2277
11.2825 16.5192 3.9102 -4.5983 9.7012 8.4767 0.0000 0.0000 0.0000 -10.3218 -32.8899 -39.2513 4.2677 12.5084 37.5551 -4.9020 -35.7017 16.5219 0.0146 0.7798 2.1432 0.0000 0.0000 0.0000 25.6859 -25.4333 20.6652 -0.0771 -1.7917 4.9304 0.4713 -17.4896 7.1508 -0.3764 3.9403 -10.9087 14.0940 16.3289 4.3947 4.3367 23.2983 -6.0070 -3.8703 10.9551 -5.4622 -16.5174 -20.1997 2.5672 30.8016 -26.9436 -8.9072 9.9096 -13.6534 3.8267 -0.0000 0.0000 0.0000 -76.8988 -8.5009 -2.6283 136.3893 -50.0694 -98.8321 -0.0000 0.0000 -56.2076 27.5955 33.8036 16.2142 -7.1250 0.0000 -0.0000 -6.8546 66.9313 -3.6277 -0.0000 0.0000 0.0000 155.0093 30.8407 166.4745 -40.0970 48.1273 -18.5114 0.0000 -0.0000 -18.8012 -9.0833 -19.9408 3.1210 7.1250 -0.0000 -0.0000 18.8741 -49.1966 -2.0184
11.1937 16.5426 4.0015 -4.9274 12.1912 8.7937 0.0000 0.0000 0.0000 -9.9999 -33.1243 -39.5725 4.2397 12.4727 37.4254 -5.1628 -36.6146 19.6447 0.0829 1.8569 5.1104 0.0000 0.0000 0.0000 26.4071 -27.6241 22.0927 0.0000 0.0000 0.0000 -0.0292 -17.7790 12.7708 -0.3641 3.8762 -10.7287 12.8665 16.3967 3.6628 3.2223 23.1389 -6.1942 -4.2388 10.9492 -5.2321 -16.8367 -20.3170 3.9501 32.6609 -27.0484 -10.2161 10.6744 -13.9154 3.6513 0.0000 0.0000 0.0000 -76.0487 -7.2633 -4.1014 141.0337 -47.4454 -102.3260 -0.0000 0.0000 -49.7187 28.1413 33.2175 16.3314 -7.1250 0.0000 -0.0000 -5.7004 66.4946 -2.9580 0.0000 0.0000 0.0000 156.1947 30.8855 168.4323 -45.0680 50.8017 -22.2914 0.0000 -0.0000 -14.0337 -8.5093 -17.7733 2.6149 7.1250 -0.0000 -0.0000 18.5112 -47.0551 -0.9709
11.1102 16.5664 4.0859 -5.3275 14.7111 9.1527 0.0000 0.0000 0.0000 -9.4960 -33.6170 -39.9893 4.2196 12.4471 37.3324 -5.2545 -37.1949 22.7788 0.2435 3.1756 8.7680 0.0000 0.0000 0.0000 27.8876 -28.9920 20.5871 0.0000 0.0000 -0.0000 -0.3736 -17.6517 15.6694 -0.3524 3.8141 -10.5543 11.7825 16.4266 2.9864 2.1044 22.9782 -6.4802 -4.6949 10.9224 -5.0985 -17.0395 -20.4037 5.1531 34.0031 -27.1534 -11.1059 11.2545 -14.1489 3.5185 -0.0000 0.0000 0.0000 -75.4722 -6.8073 -5.5174 144.7762 -44.9713 -105.0287 -0.0000 0.0000 -44.5497 28.7942 32.3574 16.3916 -7.1250 0.0000 -0.0000 -4.2613 65.7985 -2.1416 -0.0000 0.0000 0.0000 157.2966 31.2770 170.0193 -50.8362 53.3272 -26.8434 0.0000 -0.0000 -13.1218 -9.4958 -16.7146 2.7542 7.1250 -0.0000 -0.0000 17.2243 -46.1682 -0.5116
11.0290 16.5893 4.1630 -5.7462 17.1384 9.5040 0.0000 0.0000 0.0000 -8.9243 -34.1818 -40.4629 4.2067 12.4305 37.2723 -5.2027 -37.5529 25.8210 0.5085 4.5712 12.6895 0.0000 0.0000 0.0000 29.4267 -30.2260 19.0315 0.0000 0.0000 -0.0000 -0.7413 -17.3687 18.3711 -0.3321 3.7034 -10.2438 10.8290 16.3459 2.5247 1.0435 22.7309 -6.8063 -5.2292 10.8311 -5.1216 -17.2291 -20.4608 6.0060 34.7651 -27.3079 -11.4239 11.5915 -14.3388 3.5054 0.0000 0.0000 0.0000 -75.0615 -6.9306 -7.1238 147.7842 -42.7186 -107.1130 -0.0000 0.0000 -40.6393 29.0788 31.1486 16.0480 -7.1250 0.0000 -0.0000 -3.1659 64.6197 -1.5041 0.0000 0.0000 0.0000 158.4539 31.4504 171.3664 -56.9026 55.4264 -31.7769 0.0000 -0.0000 -15.4706 -11.6954 -16.4730 3.3594 7.1250 -0.0000 -0.0000 15.1499 -46.2102 -0.4630
10.9472 16.6082 4.2306 -6.0883 19.4714 9.8609 0.0000 0.0000 0.0000 -8.4220 -34.6879 -41.0151 4.1966 12.4175 37.2255 -4.9917 -37.7132 28.9343 0.8802 5.9810 16.7292 0.0000 0.0000 0.0000 30.8714 -31.3422 17.4878 0.0000 0.0000 -0.0000 -1.1613 -16.4840 21.0036 -0.3014 3.5296 -9.7569 9.9159 16.1715 2.1738 0.0460 22.3785 -7.0804 -5.7533 10.6837 -5.1800 -17.3641 -20.4882 6.6866 35.1769 -27.4462 -11.5229 11.7931 -14.4893 3.5017 0.0000 0.0000 0.0000 -74.6250 -7.5187 -8.7447 150.2265 -40.6985 -108.7384 -0.0000 0.0000 -37.7692 28.9354 29.9083 15.4109 -7.1250 0.0000 -0.0000 -2.6870 63.2759 -1.1921 0.0000 0.0000 0.0000 159.6494 31.9387 172.7746 -63.0512 57.0697 -36.8913 0.0000 -0.0000 -18.3282 -14.1838 -16.1845 4.0296 7.1250 -0.0000 -0.0000 12.7890 -46.2407 -0.3980
10.8656 16.6207 4.2887 -6.3216 21.6336 10.2395 0.0000 0.0000 0.0000 -8.0147 -35.0292 -41.6582 4.1840 12.4014 37.1670 -4.5707 -37.6163 32.1716 1.3240 7.2871 20.5688 0.0000 0.0000 0.0000 32.1517 -32.2993 16.0359 0.0000 -0.0000 0.0000 -1.5919 -15.0763 23.4543 -0.2877 3.4497 -9.5334 9.0083 15.9601 1.8648 -0.8921 21.9783 -7.2550 -6.2215 10.5180 -5.1868 -17.4686 -20.4862 7.3548 35.5111 -27.5207 -11.6842 11.9859 -14.6127 3.4471 -0.0000 -0.0000 0.0000 -73.9507 -8.3642 -10.0751 152.2628 -38.8732 -110.0417 -0.0000 0.0000 -35.9349 28.8906 29.0201 14.9864 -7.1250 0.0000 -0.0000 -2.3144 62.3247 -0.9749 -0.0000 -0.0000 0.0000 160.8174 32.8911 174.0192 -68.6287 58.2019 -41.6036 0.0000 -0.0000 -19.1930 -16.2225 -15.4603 4.4349 7.1250 -0.0000 -0.0000 10.7132 -45.7698 -0.2059
10.7845 16.6261 4.3368 -6.4745 23.5427 10.6215 0.0000 0.0000 0.0000 -7.6702 -35.1343 -42.3689 4.1639 12.3753 37.0729 -3.9478 -37.2828 35.4111 1.7455 8.3145 23.6736 0.0000 0.0000 0.0000 33.2868 -33.0543 14.7337 0.0000 0.0000 -0.0000 -1.9614 -13.6520 25.5019 -0.3125 3.5936 -9.9361 8.1330 15.7351 1.6740 -1.7483 21.5733 -7.3281 -6.6442 10.3510 -5.1752 -17.6079 -20.4678 7.9665 35.8492 -27.5501 -11.9362 12.1922 -14.7157 3.3723 0.0000 0.0000 0.0000 -72.8598 -9.2036 -10.9532 153.9593 -37.2488 -111.0878 -0.0000 0.0000 -35.2333 29.3883 28.5499 15.0651 -7.1250 0.0000 -0.0000 -1.4970 61.9559 -0.6175 0.0000 0.0000 0.0000 161.8905 34.0051 174.7835 -73.2587 58.9140 -45.5545 0.0000 -0.0000 -18.0032 -17.6391 -14.6199 4.5886 7.1250 -0.0000 -0.0000 9.2010 -45.0869 -0.0199
10.7047 16.6267 4.3742 -6.5761 25.1094 10.9982 0.0000 0.0000 0.0000 -7.3539 -35.0095 -43.1162 4.1346 12.3374 36.9362 -3.1961 -36.7673 38.3826 2.0611 8.9922 25.7708 0.0000 0.0000 0.0000 34.2680 -33.5322 13.6028 0.0000 0.0000 -0.0000 -2.2754 -12.4545 27.2485 -0.3702 3.9083 -10.8187 7.2938 15.4932 1.6480 -2.4699 21.1644 -7.2989 -6.9874 10.1800 -5.1875 -17.7964 -20.4338 8.3995 36.1158 -27.5474 -12.1922 12.3662 -14.7849 3.3117 0.0000 0.0000 0.0000 -71.3204 -9.8156 -11.4225 155.2908 -35.9053 -111.8812 -0.0000 0.0000 -35.3777 30.3718 28.3387 15.5456 -7.1250 0.0000 -0.0000 -0.2047 61.9893 -0.0846 0.0000 0.0000 0.0000 162.8234 35.0014 175.0318 -77.0696 59.3587 -48.8260 0.0000 -0.0000 -16.6982 -18.6787 -14.0042 4.6770 7.1250 -0.0000 -0.0000 8.1098 -44.5760 0.0854
10.6274 16.6246 4.3995 -6.6561 26.3150 11.3905 0.0000 0.0000 0.0000 -6.9853 -34.7964 -43.9093 4.1029 12.2961 36.7878 -2.4229 -36.1389 40.8526 2.2851 9.4362 27.1697 0.0000 0.0000 0.0000 35.1101 -33.6903 12.6011 0.0000 -0.0000 0.0000 -2.5661 -11.4691 28.8707 -0.4123 4.1220 -11.4202 6.4974 15.2214 1.7372 -3.0273 20.7295 -7.1837 -7.2126 9.9936 -5.2249 -18.0187 -20.3658 8.6089 36.2619 -27.4949 -12.3798 12.4861 -14.8012 3.2758 -0.0000 -0.0000 0.0000 -69.3910 -10.0485 -11.5706 156.2251 -34.9254 -112.4227 -0.0000 0.0000 -35.8878 31.5598 28.2685 16.2200 -7.1250 0.0000 -0.0000 1.2967 62.2301 0.5432 -0.0000 -0.0000 0.0000 163.5546 35.8987 174.9399 -80.4574 59.6531 -51.7455 0.0000 -0.0000 -16.9418 -19.8346 -13.6069 4.8505 7.1250 -0.0000 -0.0000 6.9730 -44.2978 0.1215
10.5548 16.6211 4.4116 -6.7675 27.1344 11.7814 0.0000 0.0000 0.0000 -6.4434 -34.6766 -44.7269 4.0780 12.2635 36.6704 -1.7755 -35.5173 42.5824 2.4640 9.7721 28.2417 0.0000 0.0000 0.0000 35.8316 -33.5053 11.7587 0.0000 0.0000 -0.0000 -2.8357 -10.6121 30.3622 -0.4071 4.0959 -11.3466 5.7995 14.9442 1.9091 -3.4209 20.3009 -7.0054 -7.3326 9.8063 -5.2683 -18.2805 -20.2323 8.6792 36.3659 -27.3415 -12.5537 12.6047 -14.7524 3.2385 -0.0000 -0.0000 0.0000 -67.2212 -9.8561 -11.3794 156.7804 -34.3281 -112.7382 -0.0000 0.0000 -36.4568 32.7830 28.3310 16.9951 -7.1250 0.0000 -0.0000 2.8212 62.6295 1.2088 -0.0000 -0.0000 0.0000 164.0020 36.7312 174.5110 -83.4479 59.8372 -54.3288 0.0000 -0.0000 -18.6274 -21.1823 -13.2970 5.0933 7.1250 -0.0000 -0.0000 5.6858 -44.1285 0.1227
10.4878 16.6172 4.4093 -6.9364 27.5643 12.1280 0.0000 0.0000 0.0000 -5.6498 -34.7928 -45.5084 4.0628 12.2435 36.5989 -1.4201 -35.0907 43.3558 2.5827 9.9868 28.9341 0.0000 0.0000 0.0000 36.4434 -33.0033 11.1282 0.0000 0.0000 -0.0000 -3.0576 -9.9224 31.5771 -0.3831 3.9746 -11.0053 5.2251 14.6781 2.1781 -3.6495 19.9011 -6.7583 -7.3571 9.6288 -5.3067 -18.5659 -20.0413 8.5892 36.4597 -27.0858 -12.7371 12.7289 -14.6384 3.2000 -0.0000 -0.0000 0.0000 -65.0510 -9.3427 -10.8546 156.9727 -34.1186 -112.8464 -0.0000 0.0000 -36.8307 33.7206 28.5051 17.6680 -7.1250 0.0000 -0.0000 3.9750 63.0786 1.7459 -0.0000 -0.0000 0.0000 164.1403 37.5328 173.8101 -85.7009 59.9300 -56.2777 0.0000 -0.0000 -20.6063 -22.5361 -12.8819 5.2854 7.1250 -0.0000 -0.0000 4.3799 -43.8435 0.1253
10.4264 16.6142 4.3928 -7.1425 27.6219 12.4159 0.0000 0.0000 0.0000 -4.6285 -35.1471 -46.2087 4.0526 12.2301 36.5509 -1.3891 -34.9085 43.1904 2.6199 10.0526 29.1474 0.0000 0.0000 0.0000 36.9400 -32.2267 10.7260 0.0000 -0.0000 0.0000 -3.2200 -9.6150 32.4508 -0.3705 3.9099 -10.8234 4.7512 14.4292 2.5504 -3.7317 19.5362 -6.4459 -7.2959 9.4646 -5.3457 -18.8294 -19.8550 8.2649 36.4561 -26.8235 -12.8282 12.7862 -14.4907 3.2009 0.0000 -0.0000 0.0000 -63.0581 -8.6592 -10.0708 156.7716 -34.3377 -112.7333 -0.0000 0.0000 -36.7502 34.1991 28.7336 18.0921 -7.1250 0.0000 -0.0000 4.5330 63.4635 2.0324 0.0000 -0.0000 0.0000 164.0374 38.2895 172.9708 -86.7805 59.9608 -57.2122 0.0000 -0.0000 -21.9012 -23.5643 -12.3874 5.3452 7.1250 -0.0000 -0.0000 3.3676 -43.4294 0.1307
10.3703 16.6129 4.3647 -7.3526 27.3602 12.6743 0.0000 0.0000 0.0000 -3.4732 -35.6180 -46.8381 4.0399 12.2133 36.4907 -1.5699 -34.8813 42.3888 2.6000 10.0175 29.0336 0.0000 0.0000 0.0000 37.3397 -31.2214 10.5060 0.0000 -0.0000 0.0000 -3.3162 -9.8591 32.9460 -0.3742 3.9290 -10.8770 4.3393 14.1879 2.9861 -3.7114 19.1881 -6.1014 -7.1696 9.3053 -5.3973 -19.0527 -19.6730 7.8406 36.3963 -26.5569 -12.8620 12.8073 -14.3272 3.2152 -0.0000 -0.0000 0.0000 -61.2923 -7.9002 -9.1063 156.1655 -34.9887 -112.3886 -0.0000 0.0000 -36.1291 34.4540 28.9799 18.3877 -7.1250 0.0000 -0.0000 4.7975 63.8065 2.1897 -0.0000 -0.0000 0.0000 163.7757 38.9675 172.0406 -86.5872 59.9559 -57.0449 0.0000 -0.0000 -22.6101 -24.0917 -11.8324 5.2387 7.1250 -0.0000 -0.0000 2.8116 -42.8876 0.1467
10.3189 16.6136 4.3276 -7.5675 26.8674 12.9401 0.0000 0.0000 0.0000 -2.2454 -36.0684 -47.4480 4.0177 12.1839 36.3856 -1.8345 -34.9128 41.2889 2.5544 9.9361 28.7700 0.0000 0.0000 0.0000 37.7021 -30.0383 10.3917 0.0000 -0.0000 0.0000 -3.3363 -10.5102 33.0336 -0.3933 4.0269 -11.1522 3.9744 13.9370 3.4380 -3.6306 18.8317 -5.7696 -7.0065 9.1381 -5.4763 -19.1883 -19.4583 7.4590 36.3420 -26.2178 -12.9392 12.8481 -14.1373 3.1784 -0.0000 -0.0000 0.0000 -59.7658 -7.1239 -8.0156 155.2068 -35.9918 -111.8320 -0.0000 0.0000 -35.1022 34.7477 29.2551 18.7263 -7.1250 0.0000 -0.0000 5.1093 64.1932 2.3785 -0.0000 -0.0000 0.0000 163.3986 39.5187 170.9575 -85.3461 59.9180 -55.9707 0.0000 -0.0000 -23.4514 -24.3169 -11.1407 4.9898 7.1250 -0.0000 -0.0000 2.5198 -42.1605 0.1767
10.2705 16.6157 4.2812 -7.7970 26.2512 13.2523 0.0000 0.0000 0.0000 -0.9510 -36.4421 -48.1087 3.9827 12.1373 36.2196 -2.1143 -34.9608 40.0918 2.4857 9.8118 28.3694 0.0000 0.0000 0.0000 38.0922 -28.7344 10.2967 0.0000 -0.0000 0.0000 -3.2853 -11.3267 32.7646 -0.4287 4.2020 -11.6457 3.6412 13.6773 3.8211 -3.5055 18.4641 -5.4550 -6.7919 8.9654 -5.5391 -19.1951 -19.2197 7.0761 36.2683 -25.8106 -13.0514 12.8868 -13.9185 3.0906 -0.0000 -0.0000 0.0000 -58.5593 -6.4933 -6.8341 153.9578 -37.2504 -111.0868 -0.0000 0.0000 -33.9399 34.9049 29.5175 18.9713 -7.1250 0.0000 -0.0000 5.2432 64.5273 2.4818 -0.0000 -0.0000 0.0000 162.8703 40.0688 169.7348 -83.3443 59.8319 -54.2393 0.0000 -0.0000 -24.9392 -24.6084 -10.1146 4.5987 7.1250 -0.0000 -0.0000 2.1413 -41.0715 0.2076
10.2266 16.6193 4.2275 -8.0298 25.5232 13.5620 0.0000 0.0000 0.0000 0.3265 -36.7165 -48.7314 3.9362 12.0750 35.9979 -2.4069 -35.0224 38.7886 2.3763 9.6094 27.7209 0.0000 0.0000 0.0000 38.4504 -27.3522 10.2836 0.0000 -0.0000 0.0000 -3.1730 -12.1849 32.1973 -0.4604 4.3525 -12.0705 3.3083 13.3953 4.1096 -3.2871 18.0655 -5.0949 -6.4466 8.7829 -5.5310 -19.2787 -18.9353 6.5178 36.2004 -25.3576 -13.0240 12.9220 -13.6518 3.0722 -0.0000 -0.0000 0.0000 -57.7499 -6.0816 -5.7701 152.4553 -38.6937 -110.1623 -0.0000 0.0000 -32.9736 34.7292 29.6680 18.9376 -7.1250 0.0000 -0.0000 4.9563 64.6419 2.3588 -0.0000 -0.0000 0.0000 162.1084 40.7317 168.5308 -80.8068 59.6782 -52.0470 0.0000 -0.0000 -27.0728 -24.9484 -8.6574 4.0057 7.1250 -0.0000 -0.0000 1.6994 -39.5070 0.2301
10.1888 16.6245 4.1700 -8.2285 24.6526 13.8197 0.0000 0.0000 0.0000 1.4815 -36.9024 -49.1933 3.8803 11.9994 35.7298 -2.7737 -35.1631 37.1643 2.1638 9.1992 26.4203 0.0000 0.0000 0.0000 38.6830 -25.9132 10.4330 0.0000 -0.0000 0.0000 -3.0149 -13.0319 31.4070 -0.4729 4.4102 -12.2337 2.9503 13.0855 4.3444 -2.9950 17.6274 -4.6810 -5.9888 8.5856 -5.4649 -19.4562 -18.5914 5.8716 36.1757 -24.8488 -12.8665 12.9853 -13.3421 3.1125 -0.0000 -0.0000 0.0000 -57.2404 -5.8771 -4.9180 150.6693 -40.3127 -109.0260 -0.0000 0.0000 -32.4307 34.2213 29.5562 18.5466 -7.1250 0.0000 -0.0000 4.3030 64.3731 2.0205 -0.0000 -0.0000 0.0000 161.1271 41.4407 167.2820 -77.9374 59.4430 -49.5730 0.0000 -0.0000 -29.5862 -25.0559 -7.0086 3.2648 7.1250 -0.0000 -0.0000 1.4753 -37.7043 0.2650
10.1574 16.6307 4.1099 -8.3759 23.6699 14.0087 0.0000 0.0000 0.0000 2.4657 -37.0262 -49.4549 3.8142 11.9090 35.4109 -3.1709 -35.3181 35.2426 1.8741 8.5988 24.5483 0.0000 0.0000 0.0000 38.7792 -24.4556 10.7360 0.0000 0.0000 -0.0000 -2.8337 -13.8471 30.5056 -0.4691 4.3931 -12.1853 2.5947 12.7625 4.6033 -2.7167 17.1720 -4.2773 -5.5469 8.3778 -5.4121 -19.5151 -18.2525 5.2683 36.0989 -24.3519 -12.6289 13.0177 -13.0396 3.1424 0.0000 0.0000 0.0000 -56.8280 -5.8710 -4.1227 148.5110 -42.1360 -107.6034 -0.0000 0.0000 -32.3702 33.5543 29.0490 17.8510 -7.1250 0.0000 -0.0000 3.5828 63.6285 1.6196 0.0000 0.0000 0.0000 159.9705 42.0682 165.6241 -74.9010 59.1208 -46.9624 0.0000 -0.0000 -32.0067 -24.5386 -5.7575 2.6223 7.1250 -0.0000 -0.0000 1.8289 -36.2993 0.3914
10.1318 16.6374 4.0454 -8.4852 22.6387 14.1533 0.0000 0.0000 0.0000 3.3095 -37.0993 -49.5825 3.7377 11.8029 35.0383 -3.5096 -35.4045 33.2998 1.5871 7.9472 22.5539 0.0000 0.0000 0.0000 38.7961 -23.0038 11.1167 0.0000 0.0000 -0.0000 -2.6495 -14.6238 29.5941 -0.4654 4.3756 -12.1357 2.3160 12.4607 4.9304 -2.5591 16.7478 -3.9503 -5.2807 8.1776 -5.4105 -19.2287 -17.9802 4.6666 35.8779 -23.9170 -12.3484 12.9370 -12.7692 3.1235 0.0000 0.0000 0.0000 -56.3033 -6.1725 -3.2969 145.8886 -44.1671 -105.8094 -0.0000 0.0000 -32.8019 33.1968 28.1725 17.1666 -7.1250 0.0000 -0.0000 3.4015 62.5689 1.4529 0.0000 0.0000 0.0000 158.6098 42.7558 163.2646 -72.0619 58.7486 -44.5305 0.0000 -0.0000 -34.1089 -22.8753 -4.8928 2.0609 7.1250 -0.0000 -0.0000 3.1596 -35.2737 0.7558
10.1135 16.6444 3.9769 -8.5897 21.5499 14.2333 0.0000 0.0000 0.0000 4.0214 -37.0912 -49.5724 3.6551 11.6867 34.6324 -3.7872 -35.4559 31.4549 1.3332 7.3114 20.6412 0.0000 0.0000 0.0000 39.0712 -20.5062 8.4399 -0.1137 -2.1745 5.9881 -1.9964 -14.0263 25.7725 -0.4681 4.3882 -12.1714 2.1273 12.1750 5.3236 -2.4820 16.3496 -3.6678 -5.1523 7.9840 -5.4378 -18.8085 -17.7148 3.9323 35.6487 -23.4914 -11.9555 12.8129 -12.4880 3.1434 -0.0000 -0.0000 0.0000 -55.7077 -6.7812 -2.7550 142.8221 -46.3061 -103.6315 -0.0000 0.0000 -33.6208 33.5916 27.2210 16.8996 -7.1250 0.0000 -0.0000 4.1793 61.6280 1.6930 -0.0000 -0.0000 0.0000 156.8477 43.6447 160.1859 -69.8658 58.4114 -42.6563 0.0000 -0.0000 -35.9173 -19.6744 -3.7282 1.3318 7.1250 -0.0000 -0.0000 5.7006 -33.8972 1.5590
10.1030 16.6515 3.9059 -8.7216 20.4086 14.2536 0.0000 0.0000 0.0000 4.6285 -36.9733 -49.4601 3.5718 11.5677 34.2192 -4.0324 -35.5146 29.6500 1.0844 6.6186 18.5902 0.0000 0.0000 0.0000 39.0522 -18.4358 7.3595 -0.2689 -3.3360 9.2156 -1.6025 -14.1188 23.3154 -0.4751 4.4206 -12.2630 1.9854 11.8634 5.7284 -2.3818 15.9217 -3.4015 -5.0212 7.7735 -5.4830 -18.4298 -17.4168 3.0796 35.4095 -23.0513 -11.4148 12.6773 -12.1788 3.2281 0.0000 -0.0000 0.0000 -55.2066 -7.5026 -2.8414 139.3505 -48.4500 -101.0761 -0.0000 0.0000 -34.4778 34.3750 26.4071 16.9218 -7.1250 0.0000 -0.0000 5.3629 60.9328 2.0854 0.0000 -0.0000 0.0000 154.5101 44.7061 156.4929 -68.2957 58.1430 -41.3207 0.0000 -0.0000 -36.9957 -15.4651 -1.8887 0.5224 7.1250 -0.0000 -0.0000 8.9122 -31.8578 2.8963
10.1005 16.6584 3.8331 -8.8895 19.2258 14.2423 0.0000 0.0000 0.0000 5.1676 -36.7515 -49.3005 3.4890 11.4474 33.8041 -4.2289 -35.5204 27.8437 0.8279 5.8050 16.2198 0.0000 0.0000 0.0000 38.8487 -17.1319 6.4773 -0.4355 -4.2349 11.7384 -1.3572 -13.8534 21.6114 -0.4748 4.4193 -12.2594 1.8203 11.5193 6.0551 -2.1855 15.4525 -3.1266 -4.7576 7.5460 -5.5090 -18.1669 -17.0907 2.2346 35.1502 -22.6056 -10.8025 12.5528 -11.8598 3.3451 -0.0000 -0.0000 0.0000 -54.9234 -8.1596 -3.4716 135.4293 -50.5565 -98.0932 -0.0000 0.0000 -34.8154 35.0602 25.7177 16.9369 -7.1250 0.0000 -0.0000 6.3577 60.3412 2.3845 -0.0000 -0.0000 0.0000 151.5767 45.7944 152.2733 -66.8710 57.8789 -40.1123 0.0000 -0.0000 -36.4768 -11.8305 0.0911 -0.0191 7.1250 -0.0000 -0.0000 11.5451 -29.7840 4.3653
10.1057 16.6652 3.7586 -9.0818 17.9925 14.2087 0.0000 0.0000 0.0000 5.6672 -36.4632 -49.0942 3.4056 11.3243 33.3816 -4.3630 -35.4301 26.0262 0.5811 4.8811 13.5697 0.0000 0.0000 0.0000 38.5031 -16.5805 5.5494 -0.6123 -5.0083 13.9322 -1.2249 -13.1498 20.5130 -0.4545 4.3248 -11.9923 1.5955 11.1698 6.2914 -1.9020 14.9745 -2.8433 -4.3522 7.3193 -5.5100 -17.9790 -16.7821 1.3854 34.8161 -22.2062 -10.1364 12.4019 -11.5565 3.4892 -0.0000 -0.0000 0.0000 -54.7800 -8.6856 -4.4239 130.9134 -52.6204 -94.5535 -0.0000 0.0000 -34.2172 35.4933 25.1999 16.8898 -7.1250 0.0000 -0.0000 6.9832 59.8704 2.5420 -0.0000 -0.0000 0.0000 148.1066 46.8519 147.6010 -65.2779 57.5597 -38.7654 0.0000 -0.0000 -34.2710 -10.4985 1.5795 -0.2927 7.1250 -0.0000 -0.0000 12.3973 -28.2861 5.1535
10.1195 16.6720 3.6852 -9.2708 16.6970 14.1520 0.0000 0.0000 0.0000 6.1056 -36.1431 -48.8034 3.3231 11.2006 32.9594 -4.4334 -35.2536 24.2982 0.3900 4.0101 11.1050 0.0000 0.0000 0.0000 38.0756 -16.0967 4.7617 -0.7956 -5.6934 15.8972 -1.1197 -12.5582 19.5970 -0.4131 4.1259 -11.4312 1.3238 10.8989 6.4416 -1.6083 14.5980 -2.5741 -3.9004 7.1463 -5.4785 -17.7991 -16.5268 0.6096 34.4626 -21.8980 -9.4508 12.2334 -11.3025 3.6499 -0.0000 -0.0000 0.0000 -54.6092 -9.1665 -5.4194 125.7303 -54.5788 -90.3800 -0.0000 0.0000 -32.8760 35.7253 24.8540 16.8202 -7.1250 0.0000 -0.0000 7.3217 59.5388 2.6079 -0.0000 -0.0000 0.0000 144.0011 48.0102 142.1845 -63.3779 57.1449 -37.1656 0.0000 -0.0000 -31.2862 -11.5488 2.5487 -0.5206 7.1250 -0.0000 -0.0000 11.4971 -27.3230 5.0316
10.1419 16.6787 3.6141 -9.4637 15.3598 14.0836 0.0000 0.0000 0.0000 6.4829 -35.7811 -48.4513 3.2442 11.0802 32.5509 -4.4627 -35.0502 22.7403 0.2600 3.2805 9.0608 0.0000 0.0000 0.0000 37.5961 -15.6430 4.0956 -0.9803 -6.3027 17.6652 -1.0308 -11.9934 18.7799 -0.3668 3.8902 -10.7679 1.0460 10.6852 6.5383 -1.3170 14.2982 -2.3406 -3.4448 7.0115 -5.4455 -17.6297 -16.3020 -0.1305 34.0791 -21.6526 -8.7044 12.0467 -11.0782 3.8362 0.0000 0.0000 0.0000 -54.3804 -9.5004 -6.4650 120.0632 -56.2931 -85.7115 -0.0000 0.0000 -31.5069 35.7552 24.4788 16.6125 -7.1250 0.0000 -0.0000 7.4103 59.1200 2.5654 0.0000 0.0000 0.0000 139.1517 49.2048 135.9179 -61.0817 56.5913 -35.2426 0.0000 -0.0000 -28.6240 -14.1204 3.3941 -0.8533 7.1250 -0.0000 -0.0000 9.4807 -26.4555 4.3198
10.1720 16.6846 3.5431 -9.6940 14.0298 14.0389 0.0000 0.0000 0.0000 6.8703 -35.3792 -48.1378 3.1710 10.9668 32.1681 -4.4638 -34.8316 21.3191 0.1667 2.6301 7.2506 0.0000 0.0000 0.0000 37.1374 -15.2028 3.4965 -1.1639 -6.8487 19.2678 -0.9495 -11.4294 17.9971 -0.3281 3.6814 -10.1820 0.8726 10.5238 6.6188 -1.0888 14.0763 -2.1886 -3.1138 6.9102 -5.4400 -17.3907 -16.0989 -0.7024 33.7434 -21.4403 -8.0271 11.8787 -10.8910 3.9842 -0.0000 0.0000 0.0000 -53.9924 -9.6450 -7.4025 114.3406 -57.6385 -80.9124 -0.0000 0.0000 -30.8519 35.8863 23.8942 16.3337 -7.1250 0.0000 -0.0000 7.6434 58.4870 2.5305 -0.0000 0.0000 0.0000 133.5910 50.2513 128.6493 -58.2208 55.8169 -32.8649 0.0000 -0.0000 -26.8673 -17.5883 4.2559 -1.3476 7.1250 -0.0000 -0.0000 6.8187 -25.5106 3.2390
10.2096 16.6889 3.4717 -9.9755 12.7358 14.0074 0.0000 0.0000 0.0000 7.3012 -34.9779 -47.8675 3.1055 10.8639 31.8222 -4.4591 -34.6213 19.7920 0.0849 1.8791 5.1716 0.0000 0.0000 0.0000 36.7264 -14.7940 2.9657 -1.3438 -7.3392 20.7243 -0.8720 -10.8611 17.2190 -0.3039 3.5445 -9.7986 0.8986 10.3659 6.7654 -0.9659 13.8738 -2.1289 -3.0091 6.8084 -5.4923 -17.0449 -15.9051 -1.1275 33.4826 -21.2419 -7.4304 11.7340 -10.7306 4.0888 -0.0000 -0.0000 0.0000 -53.3548 -9.5001 -8.2263 109.0670 -58.5807 -76.4338 -0.0000 0.0000 -31.1321 36.2774 23.1847 16.1172 -7.1250 0.0000 -0.0000 8.1880 57.7724 2.5714 -0.0000 -0.0000 0.0000 127.5710 50.9234 120.5847 -54.8063 54.7592 -30.0578 0.0000 -0.0000 -26.2219 -20.6062 4.7474 -1.7824 7.1250 -0.0000 -0.0000 4.5389 -24.9091 2.2116
10.2549 16.6921 3.4016 -10.2858 11.4495 13.9782 0.0000 0.0000 0.0000 7.7405 -34.5887 -47.5964 3.0475 10.7715 31.5132 -4.4399 -34.3988 18.1116 0.0271 1.0618 2.9190 0.0000 0.0000 0.0000 36.3241 -14.4135 2.5194 -1.5174 -7.7788 22.0443 -0.7986 -10.2522 16.4401 -0.2949 3.4922 -9.6521 1.0305 10.2006 6.9756 -0.8922 13.6708 -2.1371 -3.0249 6.6997 -5.6146 -16.6645 -15.6908 -1.4614 33.2671 -21.0223 -6.8603 11.6140 -10.5696 4.1701 0.0000 -0.0000 0.0000 -52.6106 -9.0201 -8.9466 104.6431 -59.1741 -72.6462 -0.0000 0.0000 -32.0921 36.9426 22.5334 16.0757 -7.1250 0.0000 -0.0000 9.0306 57.1860 2.7108 0.0000 -0.0000 0.0000 121.2975 51.0399 111.9065 -50.8487 53.3321 -26.8534 0.0000 -0.0000 -26.0282 -21.8466 4.8482 -1.9406 7.1250 -0.0000 -0.0000 3.6086 -24.7586 1.7690
10.3078 16.6956 3.3332 -10.5865 10.1164 13.9471 0.0000 0.0000 0.0000 8.0997 -34.1603 -47.2840 2.9941 10.6854 31.2261 -4.3978 -34.1584 16.4236 0.0031 0.3622 0.9952 0.0000 0.0000 0.0000 35.8706 -14.0632 2.1562 -1.6846 -8.1756 23.2488 -0.7240 -9.6130 15.6157 -0.2929 3.4803 -9.6188 1.0246 9.9871 7.1411 -0.6903 13.3980 -2.1124 -2.8255 6.5632 -5.7430 -16.4480 -15.4277 -1.9584 32.9717 -20.7624 -6.1028 11.4847 -10.3606 4.3320 0.0000 -0.0000 0.0000 -52.1536 -8.2034 -9.8499 101.1434 -59.5256 -69.6351 -0.0000 0.0000 -33.0592 37.3891 22.0788 16.0277 -7.1250 0.0000 -0.0000 9.5834 56.7679 2.7817 0.0000 -0.0000 0.0000 114.9959 50.5532 103.2331 -46.4845 51.4754 -23.3945 0.0000 -0.0000 -25.1995 -21.5296 4.4779 -1.7642 7.1250 -0.0000 -0.0000 3.8495 -25.1668 1.8510
10.3680 16.7003 3.2657 -10.8642 8.6974 13.9153 0.0000 0.0000 0.0000 8.3301 -33.6294 -46.9199 2.9429 10.6021 30.9495 -4.3309 -33.8920 14.7718 0.0009 -0.1972 -0.5418 0.0000 0.0000 0.0000 35.3445 -13.7351 1.8699 -1.8446 -8.5346 24.3500 -0.6453 -9.0178 14.7231 -0.2863 3.4411 -9.5093 0.8939 9.7879 7.2433 -0.4162 13.1359 -2.0553 -2.4759 6.4393 -5.8446 -16.3353 -15.1651 -2.5523 32.6459 -20.5308 -5.1901 11.3479 -10.1467 4.5721 -0.0000 -0.0000 0.0000 -51.9514 -7.2708 -10.8943 98.4075 -59.7312 -67.2745 -0.0000 0.0000 -33.7860 37.3369 21.7999 15.8166 -7.1250 0.0000 -0.0000 9.5345 56.4302 2.6892 -0.0000 -0.0000 0.0000 108.7735 49.6203 94.6262 -41.8813 49.1459 -19.8507 0.0000 -0.0000 -22.8437 -20.6197 3.6746 -1.3814 7.1250 -0.0000 -0.0000 4.5497 -26.0505 2.0956
10.4350 16.7077 3.2009 -11.1181 7.1416 13.8735 0.0000 0.0000 0.0000 8.4334 -32.9837 -46.4667 2.8944 10.5221 30.6846 -4.2282 -33.5631 12.7746 0.0192 -0.8952 -2.4605 0.0000 0.0000 0.0000 34.7281 -13.3917 1.6908 -1.9922 -8.8499 25.3268 -0.5682 -8.5279 13.8232 -0.2692 3.3376 -9.2201 0.7523 9.6442 7.2872 -0.1783 12.9430 -1.9539 -2.1455 6.3525 -5.8552 -16.2576 -14.9447 -3.1436 32.4173 -20.3654 -4.2874 11.2412 -9.9663 4.8477 -0.0000 -0.0000 0.0000 -51.8288 -6.3832 -12.0229 96.3391 -59.8476 -65.4870 -0.0000 0.0000 -34.4603 37.0129 21.6128 15.5194 -7.1250 0.0000 -0.0000 9.1657 56.1337 2.5180 -0.0000 -0.0000 0.0000 102.8174 48.3676 86.1221 -37.2870 46.3778 -16.4475 0.0000 -0.0000 -19.4076 -19.6587 2.9356 -1.0481 7.1250 -0.0000 -0.0000 5.3020 -26.8541 2.3446
10.5077 16.7179 3.1413 -11.3758 5.4305 13.8408 0.0000 0.0000 0.0000 8.4741 -32.2201 -45.9450 2.8502 10.4486 30.4419 -4.0483 -33.0739 10.2495 0.0826 -1.8536 -5.1012 0.0000 0.0000 0.0000 34.0479 -12.9878 1.6303 -2.1216 -9.1150 26.1556 -0.4968 -8.0874 12.9441 -0.2462 3.1931 -8.8168 0.6424 9.5560 7.2734 0.0058 12.8223 -1.8224 -1.8771 6.3020 -5.7784 -16.2194 -14.7613 -3.6677 32.3209 -20.2413 -3.5113 11.1887 -9.8192 5.1130 -0.0000 0.0000 0.0000 -51.7366 -5.4982 -13.1690 94.9627 -59.9067 -64.2965 -0.0000 0.0000 -35.2719 36.8915 21.5159 15.3915 -7.1250 0.0000 -0.0000 9.0300 55.9919 2.4491 -0.0000 0.0000 0.0000 97.3919 46.7795 77.7580 -32.8898 43.2452 -13.3465 0.0000 -0.0000 -16.0568 -19.5089 2.4655 -0.8732 7.1250 -0.0000 -0.0000 5.4344 -27.3530 2.3396
10.5839 16.7295 3.0860 -11.6501 3.6516 13.8272 0.0000 0.0000 0.0000 8.4891 -31.3725 -45.4069 2.8121 10.3845 30.2309 -3.7894 -32.4205 7.5570 0.1951 -2.8447 -7.8466 0.0000 0.0000 0.0000 33.3488 -12.6003 1.6605 -2.2295 -9.3286 26.8288 -0.4293 -7.5948 12.0445 -0.2295 3.0831 -8.5103 0.5521 9.4815 7.1977 0.1862 12.7206 -1.6727 -1.6107 6.2617 -5.6413 -16.2251 -14.5893 -4.1347 32.2502 -20.1167 -2.8389 11.1598 -9.6832 5.3490 -0.0000 -0.0000 0.0000 -51.7435 -4.5251 -14.3226 94.1617 -59.9345 -63.6033 -0.0000 0.0000 -35.9857 36.9524 21.5446 15.4426 -7.1250 0.0000 -0.0000 9.0988 56.0399 2.4786 -0.0000 -0.0000 0.0000 92.6379 44.9167 69.5501 -28.8372 39.8756 -10.6562 0.0000 -0.0000 -13.6846 -20.3739 1.9534 -0.7253 7.1250 -0.0000 -0.0000 4.7895 -27.8856 1.9997
10.6623 16.7416 3.0330 -11.9446 1.8861 13.8217 0.0000 0.0000 0.0000 8.4901 -30.4893 -44.8676 2.7763 10.3238 30.0318 -3.5163 -31.7428 5.2410 0.3165 -3.6167 -10.0007 0.0000 0.0000 0.0000 32.6612 -12.3013 1.7495 -2.3167 -9.4968 27.3620 -0.3666 -7.0710 11.1374 -0.2201 3.0200 -8.3344 0.5425 9.4148 7.1353 0.3479 12.6368 -1.5582 -1.4118 6.2264 -5.5263 -16.2151 -14.4185 -4.5088 32.1015 -19.9896 -2.1913 11.1098 -9.5565 5.5472 -0.0000 -0.0000 0.0000 -51.8152 -3.5070 -15.4155 93.6082 -59.9507 -63.1243 -0.0000 0.0000 -36.3584 37.1056 21.7050 15.6293 -7.1250 0.0000 -0.0000 9.2689 56.2635 2.5759 -0.0000 -0.0000 0.0000 88.5255 42.8464 61.1115 -25.2129 36.4208 -8.4160 0.0000 -0.0000 -11.8255 -21.5448 1.2535 -0.4949 7.1250 -0.0000 -0.0000 3.9082 -28.6236 1.5616
10.7423 16.7549 2.9796 -12.2345 0.1447 13.8377 0.0000 0.0000 0.0000 8.4758 -29.6107 -44.3345 2.7335 10.2507 29.7923 -3.2980 -31.2157 3.5295 0.4113 -4.1168 -11.4055 0.0000 0.0000 0.0000 31.9726 -12.0721 1.8342 -2.3893 -9.6337 27.7986 -0.3083 -6.6113 10.2383 -0.2063 2.9247 -8.0693 0.6006 9.3557 7.0798 0.4986 12.5694 -1.4734 -1.2643 6.1964 -5.4288 -16.1985 -14.2475 -4.8508 31.8246 -19.8674 -1.4754 11.0155 -9.4326 5.7409 -0.0000 0.0000 0.0000 -51.9690 -2.6153 -16.5424 92.7774 -59.9708 -62.4050 -0.0000 0.0000 -36.1604 37.2466 21.9431 15.8610 -7.1250 0.0000 -0.0000 9.4223 56.5749 2.6903 -0.0000 0.0000 0.0000 84.8116 40.6638 52.2039 -22.1103 33.1015 -6.6460 0.0000 -0.0000 -9.5996 -22.5448 0.5497 -0.2282 7.1250 -0.0000 -0.0000 3.1507 -29.3780 1.2015
10.8230 16.7698 2.9225 -12.4939 -1.5788 13.9116 0.0000 0.0000 0.0000 8.4497 -28.7400 -43.8388 2.6749 10.1492 29.4612 -3.1366 -30.8624 2.2201 0.4938 -4.5052 -12.5025 0.0000 0.0000 0.0000 31.2754 -11.8672 1.8312 -2.4577 -9.7606 28.2049 -0.2504 -6.1887 9.2789 -0.1927 2.8269 -7.7971 0.6736 9.2887 7.0392 0.6473 12.4935 -1.4207 -1.1318 6.1608 -5.3698 -16.2030 -14.0708 -5.2693 31.4258 -19.7468 -0.6163 10.8778 -9.2973 5.9760 -0.0000 0.0000 0.0000 -52.1991 -1.9204 -17.8331 91.2736 -59.9939 -61.1030 -0.0000 0.0000 -35.3477 37.3367 22.1701 16.0585 -7.1250 0.0000 -0.0000 9.5172 56.8613 2.7838 -0.0000 0.0000 0.0000 81.2759 38.4261 42.9165 -19.5286 30.0702 -5.2931 0.0000 -0.0000 -6.5791 -23.4398 0.1118 -0.0485 7.1250 -0.0000 -0.0000 2.4605 -29.8536 0.9100
10.9030 16.7860 2.8603 -12.6947 -3.2567 14.0520 0.0000 0.0000 0.0000 8.4313 -27.9410 -43.3933 2.6007 10.0188 29.0376 -2.9645 -30.4578 0.9909 0.5826 -4.8874 -13.5876 0.0000 0.0000 0.0000 30.5728 -11.6800 1.7166 -2.5280 -9.8886 28.6168 -0.1909 -5.7881 8.1985 -0.1797 2.7308 -7.5301 0.7078 9.1885 7.0100 0.8128 12.3714 -1.3870 -0.9624 6.1030 -5.3492 -16.2546 -13.8796 -5.8045 30.9264 -19.6048 0.3736 10.7121 -9.1385 6.2582 -0.0000 0.0000 0.0000 -52.4981 -1.3664 -19.3426 88.9935 -59.9962 -59.1283 -0.0000 0.0000 -34.0596 37.4526 22.3555 16.2438 -7.1250 0.0000 -0.0000 9.6457 57.1058 2.8790 -0.0000 0.0000 0.0000 77.7618 36.2028 33.5956 -17.4072 27.3914 -4.2730 0.0000 -0.0000 -3.3602 -24.1961 -0.2208 0.0992 7.1250 -0.0000 -0.0000 1.8723 -30.2191 0.6758
10.9829 16.8020 2.7969 -12.8457 -4.9427 14.2195 0.0000 0.0000 0.0000 8.4168 -27.2258 -42.9375 2.5199 9.8740 28.5696 -2.7201 -29.7776 -0.3996 0.6875 -5.3008 -14.7686 0.0000 0.0000 0.0000 29.8347 -11.5225 1.5686 -2.5988 -10.0154 29.0266 -0.1267 -5.4311 6.8925 -0.1793 2.7276 -7.5212 0.7389 9.0703 6.9790 0.9780 12.2252 -1.3601 -0.7895 6.0332 -5.3350 -16.3276 -13.6663 -6.3883 30.3593 -19.4226 1.4295 10.5348 -8.9582 6.5550 -0.0000 -0.0000 0.0000 -52.7998 -0.8861 -21.0545 85.9182 -59.9369 -56.4658 -0.0000 0.0000 -32.4009 37.5553 22.5153 16.4055 -7.1250 0.0000 -0.0000 9.7605 57.3174 2.9637 -0.0000 -0.0000 0.0000 74.2635 33.9841 24.6351 -15.7438 25.1721 -3.5363 0.0000 -0.0000 -1.0963 -24.9375 -0.8347 0.3881 7.1250 -0.0000 -0.0000 1.2976 -30.8988 0.4472
11.0627 16.8163 2.7335 -12.9647 -6.6814 14.3973 0.0000 0.0000 0.0000 8.3655 -26.4832 -42.4825 2.4409 9.7296 28.1054 -2.4210 -28.8749 -1.9428 0.8155 -5.7626 -16.0971 0.0000 0.0000 0.0000 29.0517 -11.4292 1.4092 -2.6672 -10.1357 29.4174 -0.0550 -5.2836 5.2347 -0.2218 3.0318 -8.3674 0.7887 8.9382 6.9304 1.1355 12.0611 -1.3333 -0.6286 5.9543 -5.3049 -16.4047 -13.4247 -6.9803 29.7675 -19.1964 2.5359 10.3627 -8.7592 6.8590 0.0000 -0.0000 0.0000 -53.0581 -0.4201 -22.9872 82.1104 -59.7635 -53.1728 -0.0000 0.0000 -30.5043 37.5063 22.6470 16.4639 -7.1250 0.0000 -0.0000 9.6953 57.4581 2.9766 0.0000 -0.0000 0.0000 70.8336 31.7430 16.4663 -14.5640 23.5353 -3.0497 0.0000 -0.0000 -0.3873 -25.7744 -1.8030 0.8704 7.1250 -0.0000 -0.0000 0.6476 -31.9814 0.2063
11.1410 16.8284 2.6684 -13.0379 -8.4252 14.5386 0.0000 0.0000 0.0000 8.1906 -25.6290 -42.0222 2.3638 9.5859 27.6458 -2.1263 -27.9356 -3.4027 0.9524 -6.2146 -17.4085 0.0000 0.0000 0.0000 28.2188 -11.5319 1.2165 -2.7336 -10.2508 29.7929 0.0175 -5.4695 3.2700 -0.3100 3.5796 -9.8967 0.8585 8.7563 6.9279 1.2790 11.8317 -1.3072 -0.4925 5.8415 -5.2934 -16.4662 -13.1576 -7.5928 29.1876 -18.9501 3.7539 10.2024 -8.5482 7.2014 0.0000 0.0000 0.0000 -53.2406 0.1165 -25.1316 77.8134 -59.4313 -49.4663 -0.0000 0.0000 -28.6580 37.2792 22.7239 16.3862 -7.1250 0.0000 -0.0000 9.4194 57.4906 2.8983 0.0000 0.0000 0.0000 67.5990 29.5487 9.1120 -13.7601 22.3907 -2.7360 0.0000 -0.0000 -0.6831 -26.6682 -2.5070 1.2586 7.1250 -0.0000 -0.0000 -0.0614 -32.7848 -0.0184
11.2164 16.8386 2.5987 -13.0596 -10.1865 14.6357 0.0000 0.0000 0.0000 7.9017 -24.6634 -41.5441 2.2850 9.4361 27.1694 -1.8584 -26.9948 -4.6209 1.0766 -6.5953 -18.5219 0.0000 0.0000 0.0000 27.3444 -11.8067 0.9651 -2.8003 -10.3646 30.1656 0.0811 -5.9326 1.1610 -0.3881 4.0003 -11.0775 0.9302 8.5115 6.9963 1.3996 11.5181 -1.2820 -0.3823 5.6856 -5.3166 -16.4955 -12.8802 -8.2777 28.6351 -18.7247 5.1673 10.0494 -8.3357 7.6299 -0.0000 -0.0000 0.0000 -53.3482 0.7756 -27.4659 73.2984 -58.9193 -45.5885 -0.0000 0.0000 -27.1098 36.9782 22.7218 16.2163 -7.1250 0.0000 -0.0000 9.0604 57.4130 2.7696 -0.0000 -0.0000 0.0000 64.6272 27.5002 2.3598 -13.2133 21.5989 -2.5312 0.0000 -0.0000 -0.9570 -27.2240 -2.7590 1.4185 7.1250 -0.0000 -0.0000 -0.5092 -33.0815 -0.1487
11.2889 16.8467 2.5229 -13.0775 -12.0608 14.7384 0.0000 0.0000 0.0000 7.6043 -23.5788 -41.0679 2.2036 9.2779 26.6685 -1.6113 -26.0285 -5.6474 1.1849 -6.9079 -19.4429 0.0000 0.0000 0.0000 26.4642 -12.0947 0.6332 -2.8699 -10.4814 30.5503 0.1295 -6.4887 -1.0410 -0.4200 4.1596 -11.5261 1.0177 8.2405 7.0939 1.4890 11.1703 -1.2725 -0.3129 5.5110 -5.3627 -16.4414 -12.6397 -9.1635 28.0454 -18.5967 6.8854 9.8547 -8.1437 8.2111 0.0000 -0.0000 0.0000 -53.4047 1.5459 -29.9407 68.6856 -58.2118 -41.6520 -0.0000 0.0000 -25.8197 36.6866 22.6263 15.9934 -7.1250 0.0000 -0.0000 8.7210 57.2301 2.6262 0.0000 -0.0000 0.0000 61.8971 25.5790 -3.6788 -12.9125 21.1589 -2.4216 0.0000 -0.0000 -0.9443 -27.4002 -2.6875 1.3923 7.1250 -0.0000 -0.0000 -0.6535 -33.0057 -0.1921
11.3584 16.8517 2.4392 -13.1211 -14.0681 14.9075 0.0000 0.0000 0.0000 7.3773 -22.3809 -40.6600 2.1214 9.1146 26.1543 -1.3875 -25.0740 -6.5322 1.2778 -7.1638 -20.2014 0.0000 0.0000 0.0000 25.6238 -12.3155 0.1971 -2.9412 -10.5993 30.9401 0.1593 -7.0987 -3.4014 -0.4256 4.1871 -11.6036 1.1198 7.9673 7.1637 1.5550 10.8207 -1.3049 -0.2730 5.3346 -5.4299 -16.3398 -12.4557 -10.1593 27.4386 -18.6059 8.9075 9.6338 -7.9994 8.9530 -0.0000 -0.0000 0.0000 -53.4656 2.3962 -32.4672 63.9879 -57.2822 -37.6784 -0.0000 0.0000 -24.5993 36.5960 22.4773 15.8489 -7.1250 0.0000 -0.0000 8.6251 57.0356 2.5565 -0.0000 -0.0000 0.0000 59.3637 23.7067 -8.6335 -12.8805 21.1119 -2.4101 0.0000 -0.0000 -1.1862 -27.3782 -2.5489 1.3193 7.1250 -0.0000 -0.0000 -0.6371 -32.8492 -0.1897
11.4253 16.8532 2.3496 -13.1736 -16.1810 15.0996 0.0000 0.0000 0.0000 7.2084 -21.1558 -40.2654 2.0422 8.9534 25.6497 -1.1786 -24.1011 -7.3189 1.3576 -7.3753 -20.8320 0.0000 0.0000 0.0000 24.8123 -12.5406 -0.2873 -3.0080 -10.7080 31.3014 0.1668 -7.7626 -5.8813 -0.4123 4.1220 -11.4201 1.2237 7.6983 7.2047 1.6154 10.4769 -1.3522 -0.2368 5.1610 -5.4956 -16.2797 -12.3193 -11.0029 26.8937 -18.7429 11.0981 9.4458 -7.9253 9.7906 -0.0000 -0.0000 0.0000 -53.5892 3.2772 -34.9774 59.2005 -56.0931 -33.6767 -0.0000 0.0000 -23.2835 36.8699 22.3157 15.8960 -7.1250 0.0000 -0.0000 8.9588 56.9158 2.6304 -0.0000 -0.0000 0.0000 56.9972 21.9163 -12.4763 -13.0919 21.4218 -2.4868 0.0000 -0.0000 -2.1985 -27.3527 -2.4524 1.2681 7.1250 -0.0000 -0.0000 -0.6175 -32.7400 -0.1854
11.4902 16.8516 2.2576 -13.2234 -18.4676 15.2521 0.0000 0.0000 0.0000 7.0795 -19.9715 -39.7709 1.9716 8.8066 25.1922 -0.9589 -22.9772 -8.1105 1.4432 -7.5946 -21.4893 0.0000 0.0000 0.0000 23.9795 -12.7859 -0.7390 -3.0644 -10.7986 31.6038 0.1481 -8.4271 -8.3765 -0.4008 4.0644 -11.2579 1.3058 7.4574 7.2133 1.6764 10.1664 -1.3655 -0.1844 5.0056 -5.5116 -16.2397 -12.2137 -11.5277 26.3500 -18.9649 13.3291 9.2731 -7.9231 10.6331 -0.0000 -0.0000 0.0000 -53.8197 4.1353 -37.5045 54.4019 -54.6236 -29.7277 -0.0000 0.0000 -21.8301 37.4956 22.1320 16.1213 -7.1250 0.0000 -0.0000 9.7069 56.8562 2.8388 -0.0000 -0.0000 0.0000 54.7911 20.2986 -15.3361 -13.5177 22.0411 -2.6444 0.0000 -0.0000 -4.2140 -27.5384 -2.5944 1.3521 7.1250 -0.0000 -0.0000 -0.7669 -32.9045 -0.2273
11.5531 16.8465 2.1650 -13.2701 -20.9833 15.3296 0.0000 0.0000 0.0000 6.9957 -18.8777 -39.1111 1.9142 8.6851 24.8151 -0.7193 -21.6285 -8.9617 1.5364 -7.8251 -22.1842 0.0000 0.0000 0.0000 23.0984 -13.0223 -1.1190 -3.1106 -10.8719 31.8492 0.1024 -9.1203 -10.9333 -0.4255 4.1865 -11.6019 1.3525 7.2508 7.1899 1.7377 9.8949 -1.3147 -0.1080 4.8721 -5.4480 -16.1128 -12.1313 -11.8623 25.6442 -19.2326 15.6309 9.0309 -7.9677 11.4734 -0.0000 -0.0000 0.0000 -54.1965 4.9730 -40.1325 49.8164 -52.9212 -26.0276 -0.0000 0.0000 -20.3104 38.2635 21.9091 16.3991 -7.1250 0.0000 -0.0000 10.6235 56.7857 3.0927 -0.0000 -0.0000 0.0000 52.7495 18.9571 -17.3477 -14.1155 22.8995 -2.8729 0.0000 -0.0000 -7.0949 -28.1047 -2.9667 1.5833 7.1250 -0.0000 -0.0000 -1.2251 -33.3403 -0.3502
11.6131 16.8366 2.0691 -13.3019 -23.6922 15.3463 0.0000 0.0000 0.0000 6.9592 -17.8878 -38.3170 1.8679 8.5853 24.5064 -0.4813 -20.1221 -9.7920 1.6230 -8.0322 -22.8118 0.0000 0.0000 0.0000 22.1938 -13.2121 -1.4698 -3.1496 -10.9334 32.0556 0.0129 -9.7457 -13.6653 -0.4759 4.4240 -12.2728 1.3719 7.0666 7.1646 1.7729 9.6479 -1.2360 -0.0442 4.7516 -5.3539 -15.8888 -12.0309 -11.9692 24.8149 -19.4808 17.9367 8.7407 -8.0323 12.2686 0.0000 0.0000 0.0000 -54.7234 5.8613 -42.7248 45.7437 -51.1276 -22.8163 -0.0000 0.0000 -18.9677 39.2180 21.7643 16.8360 -7.1250 0.0000 -0.0000 11.7633 56.8545 3.4503 0.0000 0.0000 0.0000 50.8912 17.9479 -18.7243 -14.7870 23.8486 -3.1393 0.0000 -0.0000 -10.2665 -28.9674 -3.3769 1.8676 7.1250 -0.0000 -0.0000 -1.9296 -33.8336 -0.5287
11.6690 16.8225 1.9653 -13.2929 -26.5277 15.3139 0.0000 0.0000 0.0000 6.9506 -16.9966 -37.4251 1.8249 8.4915 24.2172 -0.2712 -18.5883 -10.4965 1.6889 -8.1856 -23.2793 0.0000 0.0000 0.0000 21.2984 -13.3506 -1.8505 -3.1861 -10.9904 32.2476 -0.1307 -10.1680 -16.4030 -0.5063 4.5612 -12.6610 1.3401 6.8945 7.1626 1.7730 9.4102 -1.1321 0.0082 4.6366 -5.2485 -15.6259 -11.9036 -11.8683 23.9674 -19.6839 20.1411 8.4514 -8.1040 12.9974 -0.0000 -0.0000 0.0000 -55.4336 6.7934 -45.1075 42.3278 -49.3901 -20.1891 -0.0000 0.0000 -17.9918 40.3923 21.8119 17.5437 -7.1250 0.0000 -0.0000 13.1862 57.2111 3.9913 -0.0000 -0.0000 0.0000 49.1809 17.3088 -19.6591 -15.4489 24.7677 -3.4118 0.0000 -0.0000 -13.0734 -29.8984 -3.6464 2.0943 7.1250 -0.0000 -0.0000 -2.6961 -34.1747 -0.7168
11.7203 16.8044 1.8523 -13.2583 -29.4560 15.2453 0.0000 0.0000 0.0000 6.9883 -16.1953 -36.4444 1.7817 8.3958 23.9228 -0.0900 -17.0678 -11.0982 1.7349 -8.2905 -23.6001 0.0000 0.0000 0.0000 20.4545 -13.4485 -2.2748 -3.2246 -11.0500 32.4487 -0.2990 -10.5956 -18.9859 -0.5328 4.6773 -12.9904 1.2612 6.7367 7.1880 1.7461 9.1852 -0.9872 0.0561 4.5288 -5.1181 -15.3454 -11.7601 -11.6489 23.1207 -19.8323 22.1806 8.1657 -8.1730 13.6506 0.0000 0.0000 0.0000 -56.3416 7.6731 -47.2578 39.5088 -47.7762 -18.0746 -0.0000 0.0000 -17.4029 41.5699 22.0305 18.4011 -7.1250 0.0000 -0.0000 14.6575 57.7815 4.6520 0.0000 0.0000 0.0000 47.5944 17.0285 -20.2658 -16.0682 25.6130 -3.6754 0.0000 -0.0000 -15.1268 -30.7492 -3.8185 2.2688 7.1250 -0.0000 -0.0000 -3.4000 -34.4053 -0.8854
11.7674 16.7812 1.7291 -13.2332 -32.4514 15.1635 0.0000 0.0000 0.0000 7.0878 -15.4238 -35.4184 1.7413 8.3051 23.6446 0.0668 -15.5840 -11.6467 1.7646 -8.3574 -23.8051 0.0000 0.0000 0.0000 19.7071 -13.5367 -2.7481 -3.2636 -11.1100 32.6518 -0.4613 -11.3302 -21.4909 -0.6029 4.9703 -13.8238 1.1747 6.5954 7.2217 1.7030 8.9796 -0.7983 0.0916 4.4310 -4.9446 -15.0773 -11.5837 -11.3595 22.2851 -19.8830 24.0259 7.8966 -8.2181 14.2132 -0.0000 -0.0000 0.0000 -57.4224 8.4609 -49.1574 37.1855 -46.3111 -16.3740 -0.0000 0.0000 -17.2859 42.4918 22.3081 19.1740 -7.1250 0.0000 -0.0000 15.8543 58.3636 5.2676 -0.0000 -0.0000 0.0000 46.1536 17.0418 -20.5892 -16.6718 26.4231 -3.9402 0.0000 -0.0000 -16.4500 -31.4209 -3.9194 2.3911 7.1250 -0.0000 -0.0000 -3.9571 -34.5490 -1.0171
11.8110 16.7519 1.5954 -13.2388 -35.5084 15.1030 0.0000 0.0000 0.0000 7.2561 -14.6271 -34.3894 1.7043 8.2209 23.3872 0.2041 -14.1483 -12.1789 1.7954 -8.4262 -24.0162 0.0000 0.0000 0.0000 19.0751 -13.6449 -3.3084 -3.2936 -11.1559 32.8074 -0.6094 -12.3562 -23.9228 -0.6974 5.3381 -14.8754 1.1132 6.4813 7.2446 1.6467 8.8111 -0.5914 0.0985 4.3508 -4.7404 -14.8749 -11.3600 -10.9930 21.4634 -19.8033 25.6857 7.6616 -8.2293 14.6780 -0.0000 -0.0000 0.0000 -58.6359 9.1841 -50.6421 35.2878 -45.0165 -15.0165 -0.0000 0.0000 -17.8968 43.2923 22.5973 19.9004 -7.1250 0.0000 -0.0000 16.9319 58.9332 5.8716 -0.0000 -0.0000 0.0000 44.8951 17.2192 -20.6080 -17.3233 27.2820 -4.2344 0.0000 -0.0000 -17.3910 -31.8625 -3.9235 2.4352 7.1250 -0.0000 -0.0000 -4.3227 -34.5715 -1.1092
11.8507 16.7174 1.4509 -13.2509 -38.6031 15.0818 0.0000 0.0000 0.0000 7.4758 -13.8079 -33.3734 1.6654 8.1312 23.1134 0.3145 -12.8249 -12.6305 1.8074 -8.4529 -24.0984 0.0000 0.0000 0.0000 18.5408 -13.7730 -3.9952 -3.3043 -11.1721 32.8624 -0.7532 -13.3932 -26.1633 -0.7397 5.4944 -15.3242 1.0511 6.3931 7.2448 1.5789 8.6765 -0.3810 0.0932 4.2873 -4.5187 -14.7281 -11.1105 -10.6203 20.5984 -19.6078 27.1972 7.4277 -8.2104 15.0639 -0.0000 -0.0000 0.0000 -59.9567 9.8099 -51.6736 33.7207 -43.8768 -13.9191 -0.0000 0.0000 -19.1941 44.1284 22.8985 20.6784 -7.1250 0.0000 -0.0000 18.0939 59.5331 6.5524 -0.0000 -0.0000 0.0000 43.8424 17.4648 -20.3170 -18.0825 28.2627 -4.5883 0.0000 -0.0000 -18.2634 -32.0928 -3.8547 2.4141 7.1250 -0.0000 -0.0000 -4.5114 -34.4999 -1.1657
11.8867 16.6787 1.2956 -13.2695 -41.7110 15.1164 0.0000 0.0000 0.0000 7.7569 -13.0145 -32.3527 1.6204 8.0262 22.7935 0.4018 -11.5903 -12.9984 1.7859 -8.4052 -23.9516 0.0000 0.0000 0.0000 18.0879 -13.8978 -4.8420 -3.2956 -11.1588 32.8174 -0.9167 -14.1218 -28.1154 -0.6961 5.3332 -14.8613 0.9748 6.3215 7.2340 1.5042 8.5628 -0.1700 0.0871 4.2342 -4.2916 -14.5725 -10.8504 -10.3592 19.6401 -19.3063 28.5828 7.1528 -8.1539 15.3907 -0.0000 -0.0000 0.0000 -61.3629 10.2442 -52.3996 32.3935 -42.8587 -13.0077 -0.0000 0.0000 -20.7611 45.0210 23.2755 21.5760 -7.1250 0.0000 -0.0000 19.3916 60.2470 7.3760 -0.0000 -0.0000 0.0000 43.0309 17.7677 -19.7843 -18.9706 29.3821 -5.0164 0.0000 -0.0000 -19.1829 -32.1778 -3.7755 2.3724 7.1250 -0.0000 -0.0000 -4.5793 -34.4101 -1.1933
