HIERARCHY
ROOT Hips
{
	OFFSET 0.00000 0.00000 0.00000
	CHANNELS 6 Xposition Yposition Zposition Zrotation Yrotation Xrotation 
	JOINT LHipJoint
	{
		OFFSET 0 0 0
		CHANNELS 3 Zrotation Yrotation Xrotation
		JOINT LeftUpLeg
		{
			OFFSET 1.48831 -1.59570 0.95625
			CHANNELS 3 Zrotation Yrotation Xrotation
			JOINT LeftLeg
			{
				OFFSET 2.20856 -6.06797 0.00000
				CHANNELS 3 Zrotation Yrotation Xrotation
				JOINT LeftFoot
				{
					OFFSET 2.62924 -7.22379 0.00000
					CHANNELS 3 Zrotation Yrotation Xrotation
					JOINT LeftToeBase
					{
						OFFSET 0.16802 -0.46163 2.41673
						CHANNELS 3 Zrotation Yrotation Xrotation
						End Site
						{
							OFFSET 0.00000 -0.00000 1.23760
						}
					}
				}
			}
		}
	}
	JOINT RHipJoint
	{
		OFFSET 0 0 0
		CHANNELS 3 Zrotation Yrotation Xrotation
		JOINT RightUpLeg
		{
			OFFSET -1.56796 -1.59570 0.95625
			CHANNELS 3 Zrotation Yrotation Xrotation
			JOINT RightLeg
			{
				OFFSET -2.29239 -6.29829 0.00000
				CHANNELS 3 Zrotation Yrotation Xrotation
				JOINT RightFoot
				{
					OFFSET -2.66963 -7.33475 0.00000
					CHANNELS 3 Zrotation Yrotation Xrotation
					JOINT RightToeBase
					{
						OFFSET -0.18185 -0.49964 2.34359
						CHANNELS 3 Zrotation Yrotation Xrotation
						End Site
						{
							OFFSET -0.00000 -0.00000 1.20477
						}
					}
				}
			}
		}
	}
	JOINT LowerBack
	{
		OFFSET 0 0 0
		CHANNELS 3 Zrotation Yrotation Xrotation
		JOINT Spine
		{
			OFFSET 0.03505 2.15832 -0.34324
			CHANNELS 3 Zrotation Yrotation Xrotation
			JOINT Spine1
			{
				OFFSET -0.01089 2.17963 0.04689
				CHANNELS 3 Zrotation Yrotation Xrotation
				JOINT Neck
				{
					OFFSET 0 0 0
					CHANNELS 3 Zrotation Yrotation Xrotation
					JOINT Neck1
					{
						OFFSET 0.04686 1.69404 0.22159
						CHANNELS 3 Zrotation Yrotation Xrotation
						JOINT Head
						{
							OFFSET 0.00265 1.69305 -0.01513
							CHANNELS 3 Zrotation Yrotation Xrotation
							End Site
							{
								OFFSET -0.00415 1.80215 -0.03034
							}
						}
					}
				}
				JOINT LeftShoulder
				{
					OFFSET 0 0 0
					CHANNELS 3 Zrotation Yrotation Xrotation
					JOINT LeftArm
					{
						OFFSET 3.67184 1.11724 -0.19002
						CHANNELS 3 Zrotation Yrotation Xrotation
						JOINT LeftForeArm
						{
							OFFSET 5.17714 -0.00000 -0.00000
							CHANNELS 3 Zrotation Yrotation Xrotation
							JOINT LeftHand
							{
								OFFSET 3.43679 -0.00000 -0.00000
								CHANNELS 3 Zrotation Yrotation Xrotation
								JOINT LeftFingerBase
								{
									OFFSET 0 0 0
									CHANNELS 3 Zrotation Yrotation Xrotation
									JOINT LeftHandIndex1
									{
										OFFSET 0.57312 -0.00000 -0.00000
										CHANNELS 3 Zrotation Yrotation Xrotation
										End Site
										{
											OFFSET 0.46206 -0.00000 -0.00000
										}
									}
								}
								JOINT LThumb
								{
									OFFSET 0 0 0
									CHANNELS 3 Zrotation Yrotation Xrotation
									End Site
									{
										OFFSET 0.46912 -0.00000 0.46912
									}
								}
							}
						}
					}
				}
				JOINT RightShoulder
				{
					OFFSET 0 0 0
					CHANNELS 3 Zrotation Yrotation Xrotation
					JOINT RightArm
					{
						OFFSET -3.59596 0.95831 -0.26050
						CHANNELS 3 Zrotation Yrotation Xrotation
						JOINT RightForeArm
						{
							OFFSET -5.23908 -0.00000 -0.00000
							CHANNELS 3 Zrotation Yrotation Xrotation
							JOINT RightHand
							{
								OFFSET -3.46485 -0.00000 -0.00000
								CHANNELS 3 Zrotation Yrotation Xrotation
								JOINT RightFingerBase
								{
									OFFSET 0 0 0
									CHANNELS 3 Zrotation Yrotation Xrotation
									JOINT RightHandIndex1
									{
										OFFSET -0.60875 -0.00000 -0.00000
										CHANNELS 3 Zrotation Yrotation Xrotation
										End Site
										{
											OFFSET -0.49079 -0.00000 -0.00000
										}
									}
								}
								JOINT RThumb
								{
									OFFSET 0 0 0
									CHANNELS 3 Zrotation Yrotation Xrotation
									End Site
									{
										OFFSET -0.49829 -0.00000 0.49829
									}
								}
							}
						}
					}
				}
			}
		}
	}
}
MOTION
Frames: 417
Frame Time: 0.0166667
2.1940 16.5509 -2.6884 0.0000 0.0000 0.0000 0.0000 0.0000 0.0000 -21.0000 0.0000 0.0000 0.0000 0.0000 0.0000 0.0000 0.0000 0.0000 0.0000 0.0000 0.0000 0.0000 0.0000 0.0000 21.0000 0.0000 0.0000 0.0000 0.0000 0.0000 0.0000 0.0000 0.0000 0.0000 0.0000 0.0000 0.0000 0.0000 0.0000 0.0000 0.0000 0.0000 0.0000 0.0000 0.0000 0.0000 0.0000 -16.0000 0.0000 0.0000 21.0000 0.0000 0.0000 11.0000 0.0000 0.0000 0.0000 -8.0000 0.0000 0.0000 0.0000 0.0000 0.0000 0.0000 0.0000 0.0000 0.0000 0.0000 0.0000 0.0000 0.0000 0.0000 0.0000 0.0000 0.0000 0.0000 0.0000 0.0000 8.0000 0.0000 0.0000 0.0000 0.0000 0.0000 0.0000 0.0000 0.0000 0.0000 0.0000 0.0000 0.0000 0.0000 0.0000 0.0000 0.0000 0.0000
0.3933 16.3956 -3.6675 -12.6785 -73.2096 7.3794 0.0000 0.0000 0.0000 -8.2915 3.1371 1.3271 0.9698 6.2696 17.5687 0.6229 -1.1999 -14.5466 0.0330 -1.1725 -3.2235 0.0000 0.0000 0.0000 23.5828 -3.8680 0.0326 -2.4965 -9.8315 28.4329 -2.7043 -7.9048 -34.6068 -0.1333 -2.3531 6.4825 2.5481 -1.6003 3.6772 1.1428 -1.9528 -5.6674 -0.0127 -1.1048 -8.0526 -1.9433 -9.1570 6.8533 0.4322 -12.3865 -4.6877 0.9713 -6.1388 -2.5069 0.0000 0.0000 0.0000 -71.9394 15.7048 45.9801 18.6263 -28.9517 -4.8486 -0.0000 0.0000 -29.9168 10.1752 8.8823 1.5874 -7.1250 0.0000 -0.0000 -14.3852 38.6156 2.3191 0.0000 0.0000 0.0000 68.5548 -16.0754 46.7028 -19.5863 30.1406 -5.3220 0.0000 0.0000 0.3924 -10.3325 -3.3682 0.6137 7.1250 -0.0000 -0.0000 13.2009 -33.1879 3.9108
0.3975 16.3948 -3.6595 -12.7981 -73.5059 7.5009 0.0000 0.0000 0.0000 -8.3595 3.3649 1.3476 0.9612 6.2427 17.4903 0.6183 -0.8707 -14.5827 0.0617 -1.6032 -4.4102 0.0000 0.0000 0.0000 23.5011 -3.7466 -0.0062 -2.5106 -9.8571 28.5152 -2.6860 -7.8239 -34.4625 -0.1287 -2.3122 6.3692 2.4702 -1.6370 3.6956 1.1283 -2.0084 -5.6742 0.0223 -1.1280 -8.0694 -1.9633 -9.1615 6.8548 0.4482 -12.3932 -4.6680 0.9788 -6.1426 -2.4981 -0.0000 0.0000 0.0000 -71.8525 15.7952 46.2130 18.8354 -29.2137 -4.9503 -0.0000 0.0000 -30.0680 10.1862 8.9393 1.5993 -7.1250 0.0000 -0.0000 -14.3887 38.6724 2.2991 -0.0000 0.0000 0.0000 68.6324 -16.0784 46.6022 -19.5235 30.0639 -5.2905 0.0000 0.0000 0.3743 -10.2794 -3.3742 0.6116 7.1250 -0.0000 -0.0000 13.2442 -33.1918 3.9230
0.4018 16.3958 -3.6520 -12.9935 -73.8038 7.6992 0.0000 0.0000 0.0000 -8.4116 3.4321 1.4561 0.9545 6.2216 17.4287 0.6254 -0.6633 -14.7282 0.0582 -1.5573 -4.2836 0.0000 0.0000 0.0000 23.4427 -3.6211 -0.0342 -2.5192 -9.8727 28.5655 -2.6642 -7.7499 -34.3027 -0.1248 -2.2770 6.2719 2.3881 -1.6814 3.7009 1.1242 -2.0746 -5.6734 0.0712 -1.1558 -8.0699 -1.9559 -9.1616 6.8733 0.4458 -12.3934 -4.6823 0.9787 -6.1425 -2.5070 0.0000 -0.0000 0.0000 -71.7595 15.9004 46.4340 19.0539 -29.4856 -5.0574 -0.0000 0.0000 -30.2179 10.1722 8.9685 1.6022 -7.1250 0.0000 -0.0000 -14.4072 38.7000 2.2921 0.0000 -0.0000 0.0000 68.7119 -16.0741 46.5143 -19.4755 30.0052 -5.2665 0.0000 0.0000 0.3601 -10.2635 -3.3813 0.6119 7.1250 -0.0000 -0.0000 13.2581 -33.1983 3.9251
0.4062 16.3969 -3.6452 -13.2361 -74.1162 7.9416 0.0000 0.0000 0.0000 -8.4511 3.5030 1.5752 0.9473 6.1985 17.3614 0.6324 -0.4649 -14.8736 0.0516 -1.4662 -4.0326 0.0000 0.0000 0.0000 23.4007 -3.4724 -0.0557 -2.5273 -9.8873 28.6125 -2.6408 -7.6969 -34.1450 -0.1207 -2.2393 6.1675 2.3084 -1.7238 3.7192 1.1188 -2.1376 -5.6741 0.1175 -1.1821 -8.0794 -1.9246 -9.1692 6.9179 0.4302 -12.4030 -4.7190 0.9737 -6.1466 -2.5304 -0.0000 0.0000 0.0000 -71.6695 15.9924 46.6157 19.2311 -29.7048 -5.1449 -0.0000 0.0000 -30.3142 10.1342 8.9062 1.5851 -7.1250 0.0000 -0.0000 -14.4250 38.6360 2.3184 -0.0000 0.0000 0.0000 68.8046 -16.0843 46.4320 -19.4414 29.9634 -5.2495 0.0000 0.0000 0.3682 -10.2739 -3.3783 0.6120 7.1250 -0.0000 -0.0000 13.2492 -33.1957 3.9233
0.4109 16.3974 -3.6383 -13.4444 -74.4403 8.1550 0.0000 0.0000 0.0000 -8.5017 3.6508 1.6613 0.9376 6.1678 17.2720 0.6336 -0.2231 -14.9665 0.0576 -1.5487 -4.2600 0.0000 0.0000 0.0000 23.3370 -3.3370 -0.1030 -2.5393 -9.9090 28.6824 -2.6160 -7.6360 -33.9742 -0.1155 -2.1908 6.0332 2.2220 -1.7652 3.7401 1.1033 -2.2003 -5.6751 0.1569 -1.2082 -8.0908 -1.8995 -9.1837 6.9536 0.4214 -12.4215 -4.7352 0.9706 -6.1555 -2.5444 0.0000 0.0000 0.0000 -71.5676 16.0486 46.7943 19.3724 -29.8788 -5.2151 -0.0000 0.0000 -30.3782 10.0920 8.7704 1.5545 -7.1250 0.0000 -0.0000 -14.4298 38.4996 2.3689 0.0000 0.0000 0.0000 68.9083 -16.0992 46.3541 -19.4191 29.9361 -5.2384 0.0000 0.0000 0.4035 -10.2451 -3.3698 0.6087 7.1250 -0.0000 -0.0000 13.2708 -33.1862 3.9331
0.4155 16.3975 -3.6315 -13.6876 -74.7763 8.4047 0.0000 0.0000 0.0000 -8.5466 3.8232 1.7371 0.9275 6.1353 17.1775 0.6326 0.0466 -15.0485 0.0699 -1.7063 -4.6947 0.0000 0.0000 0.0000 23.2740 -3.2097 -0.1617 -2.5524 -9.9326 28.7588 -2.5905 -7.5649 -33.7931 -0.1103 -2.1418 5.8977 2.1283 -1.8107 3.7446 1.0945 -2.2692 -5.6667 0.2073 -1.2365 -8.0818 -1.8898 -9.1890 6.9579 0.4200 -12.4279 -4.7385 0.9693 -6.1588 -2.5470 -0.0000 0.0000 0.0000 -71.4623 16.0632 46.9716 19.4942 -30.0282 -5.2759 -0.0000 0.0000 -30.4305 10.0537 8.6351 1.5248 -7.1250 0.0000 -0.0000 -14.4316 38.3641 2.4185 -0.0000 0.0000 0.0000 68.9969 -16.1040 46.3135 -19.4155 29.9317 -5.2365 0.0000 0.0000 0.4378 -10.1752 -3.3676 0.6041 7.1250 -0.0000 -0.0000 13.3262 -33.1814 3.9519
0.4203 16.3981 -3.6245 -13.9907 -75.1305 8.7134 0.0000 0.0000 0.0000 -8.5892 3.9346 1.8482 0.9190 6.1079 17.0977 0.6374 0.2905 -15.1943 0.0696 -1.7018 -4.6823 0.0000 0.0000 0.0000 23.2145 -3.0895 -0.2177 -2.5631 -9.9518 28.8208 -2.5617 -7.4857 -33.5885 -0.1048 -2.0872 5.7467 2.0394 -1.8576 3.7451 1.0903 -2.3396 -5.6565 0.2598 -1.2657 -8.0683 -1.8883 -9.1891 6.9547 0.4166 -12.4281 -4.7377 0.9678 -6.1588 -2.5464 -0.0000 0.0000 0.0000 -71.3581 16.0740 47.1240 19.6099 -30.1694 -5.3339 -0.0000 0.0000 -30.4743 10.0160 8.5296 1.5006 -7.1250 0.0000 -0.0000 -14.4397 38.2578 2.4587 -0.0000 0.0000 0.0000 69.0695 -16.1170 46.3081 -19.4356 29.9564 -5.2466 0.0000 0.0000 0.4579 -10.0677 -3.3839 0.6004 7.1250 -0.0000 -0.0000 13.4145 -33.1934 3.9754
0.4257 16.3991 -3.6176 -14.3827 -75.4997 9.1198 0.0000 0.0000 0.0000 -8.6212 4.0324 1.9508 0.9111 6.0824 17.0236 0.6422 0.5609 -15.3543 0.0685 -1.6889 -4.6467 0.0000 0.0000 0.0000 23.1726 -2.9542 -0.2789 -2.5720 -9.9677 28.8723 -2.5304 -7.4108 -33.3712 -0.0988 -2.0269 5.5801 1.9669 -1.9028 3.7496 1.0872 -2.4063 -5.6544 0.3043 -1.2943 -8.0665 -1.8830 -9.1922 6.9654 0.4100 -12.4323 -4.7356 0.9657 -6.1607 -2.5484 0.0000 0.0000 0.0000 -71.2411 16.1108 47.2649 19.7388 -30.3264 -5.3989 -0.0000 0.0000 -30.5265 9.9888 8.4798 1.4877 -7.1250 0.0000 -0.0000 -14.4514 38.2070 2.4793 0.0000 0.0000 0.0000 69.1353 -16.1435 46.3352 -19.4750 30.0047 -5.2663 0.0000 0.0000 0.4391 -9.9863 -3.3949 0.5974 7.1250 -0.0000 -0.0000 13.4813 -33.2012 3.9935
0.4322 16.4007 -3.6117 -14.8052 -75.8833 9.5734 0.0000 0.0000 0.0000 -8.6538 4.1332 2.0329 0.9028 6.0552 16.9446 0.6452 0.8483 -15.5048 0.0679 -1.6807 -4.6241 0.0000 0.0000 0.0000 23.1417 -2.7772 -0.3530 -2.5814 -9.9844 28.9262 -2.5010 -7.3429 -33.1674 -0.0938 -1.9748 5.4361 1.8802 -1.9482 3.7484 1.0870 -2.4743 -5.6543 0.3599 -1.3226 -8.0625 -1.8704 -9.1939 6.9760 0.3991 -12.4343 -4.7386 0.9613 -6.1614 -2.5529 -0.0000 0.0000 0.0000 -71.1188 16.1506 47.3991 19.8705 -30.4860 -5.4655 -0.0000 0.0000 -30.6001 9.9946 8.4397 1.4816 -7.1250 0.0000 -0.0000 -14.4377 38.1680 2.4910 -0.0000 0.0000 0.0000 69.1921 -16.1540 46.3847 -19.5212 30.0612 -5.2894 0.0000 0.0000 0.3898 -9.9402 -3.3997 0.5954 7.1250 -0.0000 -0.0000 13.5187 -33.2042 4.0041
0.4384 16.4019 -3.6059 -15.3778 -76.3235 10.1656 0.0000 0.0000 0.0000 -8.6680 4.2555 2.1373 0.8943 6.0274 16.8640 0.6485 1.1707 -15.6807 0.0677 -1.6791 -4.6195 0.0000 0.0000 0.0000 23.1383 -2.5386 -0.4093 -2.5927 -10.0045 28.9914 -2.4730 -7.2780 -32.9723 -0.0895 -1.9292 5.3101 1.7990 -1.9809 3.7489 1.0980 -2.5241 -5.6461 0.4217 -1.3418 -8.0500 -1.8596 -9.1909 6.9782 0.3871 -12.4302 -4.7428 0.9561 -6.1590 -2.5563 0.0000 0.0000 0.0000 -71.0091 16.1835 47.5035 19.9829 -30.6217 -5.5226 -0.0000 0.0000 -30.6556 10.0344 8.3776 1.4768 -7.1250 0.0000 -0.0000 -14.3908 38.1100 2.5036 0.0000 0.0000 0.0000 69.2364 -16.1490 46.4399 -19.5705 30.1215 -5.3141 0.0000 0.0000 0.3376 -9.9019 -3.4074 0.5944 7.1250 -0.0000 -0.0000 13.5506 -33.2103 4.0120
0.4440 16.4024 -3.5988 -16.0560 -76.8323 10.8525 0.0000 0.0000 0.0000 -8.6976 4.3754 2.2792 0.8865 6.0018 16.7896 0.6540 1.5594 -15.9181 0.0685 -1.6887 -4.6460 0.0000 0.0000 0.0000 23.1243 -2.2722 -0.4570 -2.6063 -10.0286 29.0695 -2.4420 -7.1965 -32.7495 -0.0845 -1.8750 5.1604 1.7390 -1.9916 3.7530 1.1017 -2.5430 -5.6370 0.4610 -1.3474 -8.0397 -1.8515 -9.1893 6.9590 0.3772 -12.4272 -4.7156 0.9495 -6.1578 -2.5449 0.0000 -0.0000 0.0000 -70.9031 16.2162 47.5766 20.0684 -30.7247 -5.5663 -0.0000 0.0000 -30.6715 10.0822 8.2957 1.4696 -7.1250 0.0000 -0.0000 -14.3329 38.0328 2.5209 0.0000 -0.0000 0.0000 69.2829 -16.1556 46.4726 -19.6223 30.1846 -5.3401 0.0000 0.0000 0.3009 -9.8728 -3.4161 0.5942 7.1250 -0.0000 -0.0000 13.5752 -33.2178 4.0171
0.4497 16.4027 -3.5909 -16.8377 -77.3652 11.6539 0.0000 0.0000 0.0000 -8.7379 4.4665 2.4297 0.8786 5.9756 16.7135 0.6597 2.0005 -16.1955 0.0691 -1.6954 -4.6647 0.0000 0.0000 0.0000 23.1099 -1.9906 -0.5206 -2.6211 -10.0548 29.1543 -2.4095 -7.1088 -32.5135 -0.0790 -1.8134 4.9902 1.7009 -1.9933 3.7477 1.0994 -2.5492 -5.6322 0.4800 -1.3484 -8.0297 -1.8408 -9.1882 6.9232 0.3764 -12.4235 -4.6779 0.9437 -6.1568 -2.5264 0.0000 -0.0000 0.0000 -70.8001 16.2358 47.6225 20.1267 -30.7946 -5.5960 -0.0000 0.0000 -30.6578 10.1109 8.2253 1.4614 -7.1250 0.0000 -0.0000 -14.2937 37.9656 2.5378 0.0000 -0.0000 0.0000 69.3384 -16.1705 46.4594 -19.6725 30.2457 -5.3654 0.0000 0.0000 0.3043 -9.8551 -3.4157 0.5930 7.1250 -0.0000 -0.0000 13.5892 -33.2167 4.0218
0.4567 16.4036 -3.5833 -17.6123 -77.8761 12.4643 0.0000 0.0000 0.0000 -8.7956 4.5376 2.5611 0.8701 5.9474 16.6317 0.6638 2.4520 -16.4712 0.0695 -1.7005 -4.6787 0.0000 0.0000 0.0000 23.0834 -1.7263 -0.6083 -2.6353 -10.0798 29.2355 -2.3787 -7.0135 -32.2815 -0.0741 -1.7559 4.8315 1.6497 -2.0065 3.7410 1.0963 -2.5717 -5.6279 0.5074 -1.3567 -8.0190 -1.8256 -9.1861 6.8844 0.3835 -12.4179 -4.6644 0.9405 -6.1548 -2.5153 -0.0000 -0.0000 0.0000 -70.7179 16.2247 47.6299 20.1538 -30.8272 -5.6099 -0.0000 0.0000 -30.6391 10.1462 8.1834 1.4592 -7.1250 0.0000 -0.0000 -14.2552 37.9269 2.5446 -0.0000 -0.0000 0.0000 69.3853 -16.1596 46.4391 -19.7074 30.2882 -5.3830 0.0000 0.0000 0.3128 -9.8914 -3.4107 0.5944 7.1250 -0.0000 -0.0000 13.5594 -33.2131 4.0138
0.4646 16.4049 -3.5759 -18.4577 -78.3813 13.3460 0.0000 0.0000 0.0000 -8.8536 4.6050 2.6900 0.8615 5.9189 16.5492 0.6680 2.9000 -16.7595 0.0671 -1.6716 -4.5989 0.0000 0.0000 0.0000 23.0581 -1.4728 -0.6989 -2.6477 -10.1016 29.3064 -2.3480 -6.9147 -32.0476 -0.0701 -1.7076 4.6982 1.5903 -2.0273 3.7460 1.0981 -2.6044 -5.6240 0.5459 -1.3693 -8.0149 -1.8132 -9.1810 6.8627 0.3995 -12.4086 -4.6657 0.9418 -6.1510 -2.5117 -0.0000 0.0000 0.0000 -70.6552 16.2049 47.5923 20.1601 -30.8348 -5.6132 -0.0000 0.0000 -30.5890 10.2220 8.2116 1.4754 -7.1250 0.0000 -0.0000 -14.1980 37.9598 2.5221 -0.0000 0.0000 0.0000 69.4129 -16.1284 46.4427 -19.7269 30.3119 -5.3928 0.0000 0.0000 0.2949 -9.9616 -3.4064 0.5979 7.1250 -0.0000 -0.0000 13.5028 -33.2116 3.9967
0.4731 16.4069 -3.5692 -19.4838 -78.8957 14.4082 0.0000 0.0000 0.0000 -8.8977 4.6597 2.8166 0.8543 5.8945 16.4787 0.6727 3.3655 -17.0759 0.0631 -1.6211 -4.4597 0.0000 0.0000 0.0000 23.0561 -1.2017 -0.7831 -2.6577 -10.1192 29.3637 -2.3174 -6.8180 -31.8136 -0.0670 -1.6698 4.5941 1.5384 -2.0466 3.7645 1.1064 -2.6339 -5.6262 0.5877 -1.3806 -8.0254 -1.8039 -9.1810 6.8630 0.4099 -12.4073 -4.6717 0.9438 -6.1508 -2.5137 -0.0000 0.0000 0.0000 -70.5972 16.1969 47.5417 20.1632 -30.8385 -5.6148 -0.0000 0.0000 -30.5276 10.3057 8.2452 1.4937 -7.1250 0.0000 -0.0000 -14.1355 37.9986 2.4966 -0.0000 0.0000 0.0000 69.4238 -16.0992 46.4579 -19.7417 30.3298 -5.4003 0.0000 0.0000 0.2586 -9.9966 -3.4011 0.5991 7.1250 -0.0000 -0.0000 13.4741 -33.2077 3.9891
0.4821 16.4089 -3.5626 -20.7560 -79.4132 15.7153 0.0000 0.0000 0.0000 -8.9186 4.7137 2.9326 0.8487 5.8757 16.4242 0.6764 3.8478 -17.4049 0.0602 -1.5833 -4.3554 0.0000 0.0000 0.0000 23.0825 -0.9139 -0.8595 -2.6656 -10.1330 29.4086 -2.2858 -6.7252 -31.5746 -0.0643 -1.6357 4.4998 1.5172 -2.0631 3.8035 1.1173 -2.6569 -5.6395 0.6156 -1.3905 -8.0612 -1.7999 -9.1877 6.8785 0.4171 -12.4159 -4.6868 0.9472 -6.1551 -2.5212 -0.0000 0.0000 0.0000 -70.5406 16.1984 47.4957 20.1584 -30.8328 -5.6123 -0.0000 0.0000 -30.4780 10.3378 8.2297 1.4957 -7.1250 0.0000 -0.0000 -14.1053 37.9856 2.4957 -0.0000 0.0000 0.0000 69.4333 -16.0875 46.4473 -19.7575 30.3491 -5.4083 0.0000 0.0000 0.2527 -9.9615 -3.3964 0.5962 7.1250 -0.0000 -0.0000 13.5013 -33.2017 3.9995
0.4915 16.4105 -3.5556 -22.1875 -79.9321 17.1741 0.0000 0.0000 0.0000 -8.9417 4.7662 3.0540 0.8437 5.8587 16.3750 0.6785 4.3454 -17.7404 0.0582 -1.5569 -4.2827 0.0000 0.0000 0.0000 23.1112 -0.6192 -0.9225 -2.6725 -10.1451 29.4478 -2.2531 -6.6353 -31.3294 -0.0609 -1.5917 4.3786 1.4999 -2.0798 3.8454 1.1314 -2.6794 -5.6424 0.6444 -1.4002 -8.0875 -1.8082 -9.1971 6.8752 0.4267 -12.4289 -4.7116 0.9527 -6.1614 -2.5276 -0.0000 0.0000 0.0000 -70.5015 16.1756 47.4474 20.1419 -30.8129 -5.6039 -0.0000 0.0000 -30.4513 10.3235 8.1665 1.4822 -7.1250 0.0000 -0.0000 -14.1036 37.9224 2.5178 -0.0000 0.0000 0.0000 69.4454 -16.0472 46.3840 -19.7596 30.3516 -5.4093 0.0000 0.0000 0.2984 -9.9270 -3.3900 0.5929 7.1250 -0.0000 -0.0000 13.5277 -33.1941 4.0103
0.5016 16.4122 -3.5479 -23.6738 -80.4500 18.6886 0.0000 0.0000 0.0000 -8.9918 4.8058 3.1844 0.8379 5.8390 16.3181 0.6796 4.8453 -18.0814 0.0549 -1.5122 -4.1594 0.0000 0.0000 0.0000 23.1189 -0.3182 -0.9816 -2.6791 -10.1565 29.4849 -2.2207 -6.5448 -31.0840 -0.0578 -1.5515 4.2676 1.4699 -2.1002 3.8852 1.1423 -2.7080 -5.6394 0.6774 -1.4121 -8.1056 -1.8403 -9.2003 6.8578 0.4493 -12.4346 -4.7256 0.9643 -6.1643 -2.5254 0.0000 -0.0000 0.0000 -70.4792 16.1373 47.3857 20.1157 -30.7815 -5.5904 -0.0000 0.0000 -30.4051 10.3115 8.1406 1.4758 -7.1250 0.0000 -0.0000 -14.1081 37.8961 2.5280 0.0000 -0.0000 0.0000 69.4609 -15.9928 46.2737 -19.7517 30.3420 -5.4053 0.0000 0.0000 0.4000 -9.9296 -3.3819 0.5917 7.1250 -0.0000 -0.0000 13.5242 -33.1862 4.0119
0.5121 16.4144 -3.5399 -25.2894 -80.9524 20.3369 0.0000 0.0000 0.0000 -9.0472 4.8393 3.3146 0.8308 5.8151 16.2487 0.6792 5.3278 -18.4085 0.0506 -1.4514 -3.9918 0.0000 0.0000 0.0000 23.1283 -0.0061 -1.0388 -2.6848 -10.1664 29.5174 -2.1907 -6.4605 -30.8553 -0.0556 -1.5215 4.1850 1.4393 -2.1252 3.9291 1.1517 -2.7429 -5.6388 0.7102 -1.4271 -8.1289 -1.8803 -9.1991 6.8289 0.4776 -12.4343 -4.7222 0.9772 -6.1646 -2.5144 -0.0000 0.0000 0.0000 -70.4620 16.0944 47.3360 20.0891 -30.7496 -5.5768 -0.0000 0.0000 -30.3510 10.3047 8.1507 1.4766 -7.1250 0.0000 -0.0000 -14.1159 37.9056 2.5260 -0.0000 0.0000 0.0000 69.4657 -15.9454 46.1773 -19.7452 30.3341 -5.4020 0.0000 0.0000 0.5058 -10.0111 -3.3460 0.5903 7.1250 -0.0000 -0.0000 13.4535 -33.1538 4.0007
0.5215 16.4166 -3.5317 -26.7685 -81.4318 21.8426 0.0000 0.0000 0.0000 -9.1344 4.9162 3.4499 0.8206 5.7800 16.1474 0.6749 5.7622 -18.6731 0.0476 -1.4073 -3.8703 0.0000 0.0000 0.0000 23.0947 0.2775 -1.0900 -2.6922 -10.1792 29.5590 -2.1633 -6.3768 -30.6412 -0.0530 -1.4850 4.0845 1.3824 -2.1559 3.9922 1.1388 -2.7885 -5.6517 0.7367 -1.4465 -8.1778 -1.8965 -9.2010 6.8036 0.4979 -12.4363 -4.6941 0.9832 -6.1665 -2.4978 -0.0000 0.0000 0.0000 -70.4269 16.0688 47.3322 20.0646 -30.7201 -5.5643 -0.0000 0.0000 -30.2981 10.2902 8.1702 1.4780 -7.1250 0.0000 -0.0000 -14.1322 37.9238 2.5226 -0.0000 0.0000 0.0000 69.4679 -15.9408 46.1170 -19.7444 30.3332 -5.4017 0.0000 0.0000 0.5815 -10.1384 -3.2890 0.5878 7.1250 -0.0000 -0.0000 13.3429 -33.1023 3.9833
0.5270 16.4170 -3.5218 -27.8367 -81.9229 22.8981 0.0000 0.0000 0.0000 -9.3084 5.0461 3.6591 0.8057 5.7286 15.9989 0.6695 6.1589 -18.9088 0.0447 -1.3640 -3.7509 0.0000 0.0000 0.0000 22.9442 0.4694 -1.1170 -2.7046 -10.2008 29.6296 -2.1370 -6.2370 -30.4024 -0.0488 -1.4257 3.9210 1.2553 -2.1904 4.0297 1.0967 -2.8468 -5.6376 0.7710 -1.4684 -8.1801 -1.8819 -9.2056 6.7849 0.5053 -12.4402 -4.6742 0.9814 -6.1692 -2.4881 0.0000 0.0000 0.0000 -70.3951 16.0269 47.3360 20.0388 -30.6891 -5.5511 -0.0000 0.0000 -30.2118 10.2153 8.2064 1.4734 -7.1250 0.0000 -0.0000 -14.2025 37.9542 2.5249 0.0000 0.0000 0.0000 69.4657 -15.9340 46.0668 -19.7417 30.3299 -5.4003 0.0000 0.0000 0.6263 -10.1827 -3.2512 0.5836 7.1250 -0.0000 -0.0000 13.3016 -33.0665 3.9822
0.5306 16.4164 -3.5104 -28.8782 -82.4304 23.9009 0.0000 0.0000 0.0000 -9.5166 5.1993 3.9092 0.7901 5.6742 15.8419 0.6660 6.5353 -19.1583 0.0405 -1.2995 -3.5733 0.0000 0.0000 0.0000 22.7410 0.6080 -1.1348 -2.7199 -10.2272 29.7157 -2.1096 -6.0511 -30.1308 -0.0441 -1.3557 3.7282 1.1074 -2.2246 4.0338 1.0466 -2.9071 -5.5953 0.8060 -1.4902 -8.1314 -1.8408 -9.2076 6.7729 0.5008 -12.4391 -4.6761 0.9730 -6.1693 -2.4896 0.0000 -0.0000 0.0000 -70.3784 15.9607 47.3235 20.0129 -30.6579 -5.5379 -0.0000 0.0000 -30.1015 10.0792 8.2695 1.4645 -7.1250 0.0000 -0.0000 -14.3298 38.0068 2.5297 0.0000 -0.0000 0.0000 69.4529 -15.9067 46.0269 -19.7350 30.3217 -5.3969 0.0000 0.0000 0.6451 -10.1553 -3.2363 0.5794 7.1250 -0.0000 -0.0000 13.3209 -33.0508 3.9935
0.5361 16.4166 -3.4995 -30.6394 -82.9177 25.6454 0.0000 0.0000 0.0000 -9.6463 5.3406 4.1031 0.7780 5.6317 15.7195 0.6644 6.8957 -19.4239 0.0350 -1.2083 -3.3221 0.0000 0.0000 0.0000 22.6318 0.8120 -1.1721 -2.7333 -10.2503 29.7911 -2.0822 -5.8974 -29.8762 -0.0404 -1.2981 3.5693 1.0177 -2.2568 4.0186 1.0216 -2.9588 -5.5526 0.8331 -1.5108 -8.0728 -1.7922 -9.2021 6.7427 0.5003 -12.4269 -4.6849 0.9635 -6.1640 -2.4904 -0.0000 -0.0000 0.0000 -70.3700 15.8765 47.3199 19.9931 -30.6340 -5.5278 -0.0000 0.0000 -30.0372 9.9621 8.3327 1.4581 -7.1250 0.0000 -0.0000 -14.4413 38.0607 2.5308 -0.0000 -0.0000 0.0000 69.4303 -15.8588 46.0040 -19.7220 30.3060 -5.3904 0.0000 0.0000 0.6416 -10.1465 -3.2301 0.5777 7.1250 -0.0000 -0.0000 13.3269 -33.0444 3.9975
0.5441 16.4181 -3.4899 -33.0110 -83.3612 28.0304 0.0000 0.0000 0.0000 -9.7015 5.4959 4.2212 0.7678 5.5953 15.6147 0.6610 7.2194 -19.6476 0.0309 -1.1345 -3.1190 0.0000 0.0000 0.0000 22.6092 1.0888 -1.2325 -2.7456 -10.2714 29.8602 -2.0575 -5.7983 -29.6667 -0.0376 -1.2520 3.4425 0.9735 -2.2899 4.0303 1.0100 -3.0077 -5.5454 0.8512 -1.5327 -8.0699 -1.7525 -9.2017 6.7133 0.4995 -12.4222 -4.6700 0.9546 -6.1626 -2.4827 0.0000 0.0000 0.0000 -70.3504 15.8206 47.3601 19.9798 -30.6180 -5.5211 -0.0000 0.0000 -30.0308 9.8765 8.3424 1.4470 -7.1250 0.0000 -0.0000 -14.5148 38.0643 2.5430 0.0000 0.0000 0.0000 69.4189 -15.8485 45.9783 -19.6992 30.2782 -5.3789 0.0000 0.0000 0.6503 -10.1697 -3.2448 0.5817 7.1250 -0.0000 -0.0000 13.3109 -33.0599 3.9873
0.5516 16.4195 -3.4804 -35.5171 -83.7900 30.5596 0.0000 0.0000 0.0000 -9.7623 5.6864 4.3218 0.7558 5.5524 15.4910 0.6546 7.5138 -19.8232 0.0291 -1.1014 -3.0279 0.0000 0.0000 0.0000 22.5718 1.3695 -1.3069 -2.7600 -10.2961 29.9409 -2.0350 -5.7022 -29.4718 -0.0352 -1.2115 3.3310 0.9085 -2.3252 4.0397 0.9949 -3.0618 -5.5550 0.8784 -1.5560 -8.0831 -1.7321 -9.2117 6.6940 0.4890 -12.4336 -4.6385 0.9462 -6.1687 -2.4705 -0.0000 0.0000 0.0000 -70.3383 15.7840 47.4112 19.9645 -30.5995 -5.5133 -0.0000 0.0000 -30.0318 9.8127 8.3170 1.4331 -7.1250 0.0000 -0.0000 -14.5625 38.0350 2.5626 -0.0000 0.0000 0.0000 69.4052 -15.8686 45.9528 -19.6716 30.2446 -5.3649 0.0000 0.0000 0.7036 -10.1494 -3.2722 0.5854 7.1250 -0.0000 -0.0000 13.3315 -33.0861 3.9851
0.5587 16.4208 -3.4703 -38.2347 -84.2016 33.3044 0.0000 0.0000 0.0000 -9.8293 5.8938 4.4163 0.7429 5.5060 15.3577 0.6483 7.7760 -19.9775 0.0280 -1.0798 -2.9683 0.0000 0.0000 0.0000 22.5166 1.6310 -1.3916 -2.7753 -10.3220 30.0260 -2.0122 -5.5980 -29.2705 -0.0329 -1.1706 3.2182 0.8319 -2.3631 4.0317 0.9796 -3.1207 -5.5656 0.9115 -1.5812 -8.0861 -1.7265 -9.2290 6.6801 0.4745 -12.4565 -4.6032 0.9395 -6.1802 -2.4571 -0.0000 0.0000 0.0000 -70.3377 15.7558 47.4632 19.9554 -30.5886 -5.5086 -0.0000 0.0000 -30.0409 9.7940 8.2670 1.4218 -7.1250 0.0000 -0.0000 -14.5670 37.9846 2.5819 -0.0000 0.0000 0.0000 69.3822 -15.8963 45.9284 -19.6446 30.2118 -5.3514 0.0000 0.0000 0.7952 -10.0933 -3.2917 0.5856 7.1250 -0.0000 -0.0000 13.3792 -33.1033 3.9943
0.5649 16.4215 -3.4599 -41.3476 -84.5843 36.4364 0.0000 0.0000 0.0000 -9.8896 6.0869 4.5129 0.7322 5.4670 15.2456 0.6445 8.0248 -20.1489 0.0263 -1.0467 -2.8773 0.0000 0.0000 0.0000 22.4697 1.8821 -1.4582 -2.7881 -10.3438 30.0975 -1.9891 -5.4988 -29.0684 -0.0306 -1.1299 3.1063 0.7604 -2.4023 4.0103 0.9668 -3.1808 -5.5691 0.9435 -1.6072 -8.0738 -1.7262 -9.2475 6.6722 0.4723 -12.4809 -4.5798 0.9382 -6.1926 -2.4476 -0.0000 -0.0000 0.0000 -70.3354 15.7410 47.5270 19.9712 -30.6076 -5.5167 -0.0000 0.0000 -30.0569 9.8518 8.2554 1.4284 -7.1250 0.0000 -0.0000 -14.5163 37.9772 2.5752 -0.0000 -0.0000 0.0000 69.3607 -15.9221 45.8951 -19.6121 30.1721 -5.3350 0.0000 0.0000 0.8636 -10.0409 -3.3058 0.5850 7.1250 -0.0000 -0.0000 13.4232 -33.1152 4.0041
0.5705 16.4218 -3.4496 -44.8394 -84.9291 39.9345 0.0000 0.0000 0.0000 -9.9431 6.2642 4.6074 0.7244 5.4383 15.1630 0.6412 8.2736 -20.3303 0.0246 -1.0126 -2.7835 0.0000 0.0000 0.0000 22.4347 2.1229 -1.4983 -2.7975 -10.3598 30.1500 -1.9650 -5.4187 -28.8696 -0.0281 -1.0812 2.9724 0.7015 -2.4431 4.0076 0.9515 -3.2423 -5.5805 0.9672 -1.6346 -8.0817 -1.7145 -9.2660 6.6922 0.4766 -12.5047 -4.5787 0.9397 -6.2047 -2.4511 -0.0000 0.0000 0.0000 -70.3192 15.7590 47.6139 20.0094 -30.6537 -5.5361 -0.0000 0.0000 -30.0297 9.8596 8.3710 1.4494 -7.1250 0.0000 -0.0000 -14.5352 38.0912 2.5369 -0.0000 0.0000 0.0000 69.3597 -15.9642 45.8314 -19.5591 30.1075 -5.3084 0.0000 0.0000 0.8837 -10.0055 -3.3183 0.5851 7.1250 -0.0000 -0.0000 13.4534 -33.1262 4.0099
0.5758 16.4224 -3.4399 -48.8698 -85.2323 43.9655 0.0000 0.0000 0.0000 -9.9751 6.4381 4.6932 0.7181 5.4154 15.0972 0.6381 8.5197 -20.5134 0.0230 -0.9790 -2.6912 0.0000 0.0000 0.0000 22.4355 2.3948 -1.5120 -2.8048 -10.3721 30.1904 -1.9434 -5.3711 -28.7029 -0.0261 -1.0423 2.8653 0.6492 -2.4865 4.0066 0.9442 -3.3061 -5.5921 0.9960 -1.6634 -8.0907 -1.6885 -9.2764 6.7143 0.4740 -12.5169 -4.5921 0.9373 -6.2108 -2.4613 0.0000 0.0000 0.0000 -70.3040 15.7757 47.7098 20.0418 -30.6927 -5.5527 -0.0000 0.0000 -29.9719 9.8087 8.5365 1.4701 -7.1250 0.0000 -0.0000 -14.6145 38.2498 2.4930 0.0000 0.0000 0.0000 69.3690 -15.9995 45.7395 -19.4846 30.0163 -5.2711 0.0000 0.0000 0.8925 -9.9616 -3.3538 0.5887 7.1250 -0.0000 -0.0000 13.4942 -33.1597 4.0114
0.5814 16.4228 -3.4300 -53.2113 -85.4898 48.3025 0.0000 0.0000 0.0000 -10.0011 6.6021 4.7744 0.7130 5.3962 15.0421 0.6359 8.7486 -20.6946 0.0213 -0.9427 -2.5911 0.0000 0.0000 0.0000 22.4522 2.6818 -1.5052 -2.8110 -10.3827 30.2250 -1.9261 -5.3397 -28.5726 -0.0249 -1.0178 2.7978 0.5951 -2.5382 3.9937 0.9431 -3.3805 -5.5903 1.0324 -1.6970 -8.0774 -1.6658 -9.2774 6.7094 0.4720 -12.5165 -4.6108 0.9337 -6.2107 -2.4683 -0.0000 0.0000 0.0000 -70.2967 15.7591 47.8157 20.0556 -30.7093 -5.5597 -0.0000 0.0000 -29.9505 9.7797 8.5945 1.4755 -7.1250 0.0000 -0.0000 -14.6518 38.3047 2.4794 -0.0000 0.0000 0.0000 69.3745 -16.0044 45.6548 -19.3943 29.9057 -5.2260 0.0000 0.0000 0.8935 -9.9830 -3.3942 0.5971 7.1250 -0.0000 -0.0000 13.4837 -33.2003 3.9945
0.5868 16.4229 -3.4198 -57.8874 -85.7063 52.9700 0.0000 0.0000 0.0000 -10.0236 6.7545 4.8509 0.7095 5.3832 15.0049 0.6355 8.9636 -20.8826 0.0196 -0.9045 -2.4860 0.0000 0.0000 0.0000 22.4786 2.9762 -1.4819 -2.8162 -10.3914 30.2537 -1.9110 -5.3162 -28.4602 -0.0238 -0.9966 2.7395 0.5481 -2.5919 3.9870 0.9414 -3.4571 -5.5916 1.0646 -1.7321 -8.0715 -1.6630 -9.2791 6.6937 0.4818 -12.5178 -4.6177 0.9356 -6.2117 -2.4673 -0.0000 -0.0000 0.0000 -70.2849 15.7261 47.9061 20.0506 -30.7032 -5.5571 -0.0000 0.0000 -29.8875 9.6837 8.6907 1.4770 -7.1250 0.0000 -0.0000 -14.7538 38.3920 2.4650 -0.0000 -0.0000 0.0000 69.3786 -16.0140 45.5872 -19.3013 29.7914 -5.1797 0.0000 0.0000 0.8969 -9.9895 -3.4245 0.6028 7.1250 -0.0000 -0.0000 13.4835 -33.2304 3.9844
0.5926 16.4232 -3.4090 -63.1033 -85.8953 58.1892 0.0000 0.0000 0.0000 -10.0559 6.8891 4.9093 0.7080 5.3778 14.9893 0.6381 9.1753 -21.0987 0.0172 -0.8474 -2.3289 0.0000 0.0000 0.0000 22.4923 3.2601 -1.4776 -2.8205 -10.3986 30.2775 -1.8917 -5.2790 -28.3122 -0.0223 -0.9632 2.6476 0.5136 -2.6402 3.9876 0.9380 -3.5261 -5.6084 1.0886 -1.7643 -8.0875 -1.6830 -9.2827 6.6788 0.5036 -12.5228 -4.6088 0.9442 -6.2147 -2.4587 0.0000 -0.0000 0.0000 -70.2664 15.7101 47.9741 20.0487 -30.7010 -5.5562 -0.0000 0.0000 -29.7663 9.4853 8.9434 1.4879 -7.1250 0.0000 -0.0000 -14.9777 38.6248 2.4163 0.0000 -0.0000 0.0000 69.3797 -16.0329 45.5282 -19.2104 29.6793 -5.1346 0.0000 0.0000 0.9391 -9.9280 -3.4173 0.5978 7.1250 -0.0000 -0.0000 13.5314 -33.2210 4.0024
0.5984 16.4234 -3.3982 -69.2416 -86.0384 64.3307 0.0000 0.0000 0.0000 -10.0668 7.0285 4.9664 0.7071 5.3746 14.9801 0.6409 9.3952 -21.3262 0.0148 -0.7865 -2.1614 0.0000 0.0000 0.0000 22.5214 3.5458 -1.4827 -2.8257 -10.4074 30.3064 -1.8696 -5.2157 -28.1317 -0.0210 -0.9362 2.5731 0.4959 -2.6803 3.9925 0.9454 -3.5820 -5.6282 1.1133 -1.7907 -8.1097 -1.7133 -9.2844 6.6557 0.5239 -12.5260 -4.5869 0.9528 -6.2168 -2.4437 0.0000 0.0000 0.0000 -70.2520 15.7219 48.0421 20.0650 -30.7205 -5.5645 -0.0000 0.0000 -29.7297 9.4387 9.0951 1.5053 -7.1250 0.0000 -0.0000 -15.0520 38.7696 2.3738 0.0000 0.0000 0.0000 69.3802 -16.0520 45.4483 -19.1258 29.5747 -5.0928 0.0000 0.0000 1.0321 -9.8030 -3.4001 0.5871 7.1250 -0.0000 -0.0000 13.6281 -33.1993 4.0398
0.6043 16.4231 -3.3870 -75.4815 -86.1576 70.5659 0.0000 0.0000 0.0000 -10.0963 7.2207 5.0219 0.7042 5.3635 14.9483 0.6392 9.5925 -21.4908 0.0139 -0.7626 -2.0957 0.0000 0.0000 0.0000 22.5022 3.7850 -1.5044 -2.8341 -10.4215 30.3528 -1.8468 -5.1087 -27.9215 -0.0196 -0.9042 2.4854 0.4441 -2.7255 3.9880 0.9506 -3.6472 -5.6308 1.1545 -1.8197 -8.1055 -1.7321 -9.2812 6.6166 0.5373 -12.5219 -4.5882 0.9573 -6.2150 -2.4349 -0.0000 0.0000 0.0000 -70.2544 15.7415 48.0905 20.0990 -30.7614 -5.5819 -0.0000 0.0000 -29.8102 9.5623 9.1237 1.5301 -7.1250 0.0000 -0.0000 -14.9550 38.8067 2.3436 -0.0000 0.0000 0.0000 69.3878 -16.0504 45.3187 -19.0565 29.4888 -5.0586 0.0000 0.0000 1.1372 -9.7664 -3.3754 0.5807 7.1250 -0.0000 -0.0000 13.6532 -33.1736 4.0563
0.6102 16.4229 -3.3755 -81.9489 -86.2563 77.0360 0.0000 0.0000 0.0000 -10.1474 7.4653 5.0666 0.6981 5.3409 14.8835 0.6337 9.7705 -21.6038 0.0139 -0.7624 -2.0952 0.0000 0.0000 0.0000 22.4405 4.0071 -1.5520 -2.8452 -10.4401 30.4140 -1.8226 -4.9811 -27.6909 -0.0174 -0.8506 2.3378 0.3724 -2.7705 3.9808 0.9455 -3.7144 -5.6342 1.1961 -1.8489 -8.1000 -1.7324 -9.2758 6.5839 0.5515 -12.5136 -4.6217 0.9607 -6.2110 -2.4393 0.0000 -0.0000 0.0000 -70.2574 15.7791 48.1018 20.1397 -30.8103 -5.6027 -0.0000 0.0000 -29.9298 9.7228 9.1518 1.5611 -7.1250 0.0000 -0.0000 -14.8267 38.8462 2.3076 0.0000 -0.0000 0.0000 69.4169 -16.0568 45.1324 -19.0083 29.4290 -5.0349 0.0000 0.0000 1.2154 -9.7717 -3.3907 0.5836 7.1250 -0.0000 -0.0000 13.6515 -33.1888 4.0506
0.6159 16.4234 -3.3642 -88.9775 -86.3176 84.0901 0.0000 0.0000 0.0000 -10.2203 7.6968 5.0960 0.6919 5.3174 14.8161 0.6297 9.9635 -21.7459 0.0134 -0.7484 -2.0569 0.0000 0.0000 0.0000 22.3704 4.2648 -1.6165 -2.8556 -10.4575 30.4714 -1.7977 -4.8707 -27.4633 -0.0147 -0.7823 2.1501 0.2988 -2.8105 3.9638 0.9342 -3.7760 -5.6506 1.2314 -1.8755 -8.1029 -1.7263 -9.2677 6.5681 0.5742 -12.5014 -4.6794 0.9677 -6.2051 -2.4548 0.0000 0.0000 0.0000 -70.2513 15.8504 48.0808 20.1848 -30.8644 -5.6259 -0.0000 0.0000 -30.0502 9.8195 9.2096 1.5867 -7.1250 0.0000 -0.0000 -14.7589 38.9101 2.2727 0.0000 0.0000 0.0000 69.4637 -16.0709 44.9198 -18.9715 29.3833 -5.0169 0.0000 0.0000 1.2726 -9.7728 -3.4526 0.5943 7.1250 -0.0000 -0.0000 13.6609 -33.2499 4.0328
0.6206 16.4240 -3.3546 -96.6073 -86.2743 91.7554 0.0000 0.0000 0.0000 -10.2545 7.8806 5.1335 0.6865 5.2972 14.7582 0.6282 10.1984 -21.9539 0.0118 -0.7011 -1.9268 0.0000 0.0000 0.0000 22.3783 4.6019 -1.6607 -2.8643 -10.4720 30.5192 -1.7764 -4.8020 -27.2809 -0.0130 -0.7352 2.0205 0.2605 -2.8449 3.9403 0.9370 -3.8268 -5.6754 1.2607 -1.8987 -8.1126 -1.7253 -9.2589 6.5583 0.6004 -12.4885 -4.7311 0.9766 -6.1989 -2.4688 0.0000 0.0000 0.0000 -70.2365 15.9477 48.0521 20.2167 -30.9025 -5.6422 -0.0000 0.0000 -30.1449 9.8221 9.2323 1.5910 -7.1250 0.0000 -0.0000 -14.7620 38.9325 2.2648 0.0000 0.0000 0.0000 69.5199 -16.0873 44.7071 -18.9395 29.3434 -5.0011 0.0000 0.0000 1.3349 -9.7013 -3.5425 0.6052 7.1250 -0.0000 -0.0000 13.7328 -33.3356 4.0258
0.6253 16.4246 -3.3444 -103.7530 -86.1942 98.9338 0.0000 0.0000 0.0000 -10.3245 8.0332 5.1915 0.6801 5.2730 14.6888 0.6278 10.4408 -22.1824 0.0096 -0.6342 -1.7427 0.0000 0.0000 0.0000 22.3480 4.8846 -1.7193 -2.8735 -10.4874 30.5698 -1.7563 -4.7060 -27.0921 -0.0118 -0.7023 1.9300 0.2067 -2.8906 3.8976 0.9327 -3.8942 -5.6844 1.2912 -1.9294 -8.0931 -1.7262 -9.2527 6.5501 0.6207 -12.4799 -4.7952 0.9848 -6.1945 -2.4875 0.0000 0.0000 0.0000 -70.2216 16.0293 48.0373 20.2224 -30.9094 -5.6452 -0.0000 0.0000 -30.1786 9.7732 9.2220 1.5812 -7.1250 0.0000 -0.0000 -14.8007 38.9187 2.2762 0.0000 0.0000 0.0000 69.5746 -16.0669 44.5135 -18.9143 29.3120 -4.9888 0.0000 0.0000 1.3783 -9.7132 -3.5948 0.6149 7.1250 -0.0000 -0.0000 13.7320 -33.3877 4.0077
0.6310 16.4254 -3.3336 -110.5750 -86.0880 105.7880 0.0000 0.0000 0.0000 -10.4347 8.1722 5.2791 0.6696 5.2328 14.5736 0.6271 10.6892 -22.4147 0.0070 -0.5418 -1.4888 0.0000 0.0000 0.0000 22.2709 5.1293 -1.8067 -2.8860 -10.5082 30.6387 -1.7361 -4.5837 -26.8876 -0.0107 -0.6680 1.8358 0.1299 -2.9382 3.8552 0.9208 -3.9663 -5.6903 1.3266 -1.9613 -8.0691 -1.7321 -9.2523 6.5662 0.6366 -12.4800 -4.8642 0.9944 -6.1941 -2.5122 -0.0000 0.0000 0.0000 -70.2049 16.0935 48.0751 20.1958 -30.8775 -5.6315 -0.0000 0.0000 -30.1963 9.8268 9.1546 1.5785 -7.1250 0.0000 -0.0000 -14.7401 38.8568 2.2895 -0.0000 0.0000 0.0000 69.6156 -16.0326 44.3796 -18.9031 29.2982 -4.9834 0.0000 0.0000 1.3376 -9.8240 -3.6044 0.6237 7.1250 -0.0000 -0.0000 13.6452 -33.4015 3.9764
0.6375 16.4262 -3.3230 -117.1400 -85.9481 112.3780 0.0000 0.0000 0.0000 -10.5679 8.3152 5.3875 0.6567 5.1832 14.4317 0.6244 10.9441 -22.6384 0.0050 -0.4585 -1.2599 0.0000 0.0000 0.0000 22.1735 5.3875 -1.8923 -2.9009 -10.5329 30.7203 -1.7172 -4.4624 -26.6926 -0.0096 -0.6331 1.7399 0.0279 -2.9833 3.8364 0.9062 -4.0369 -5.7022 1.3747 -1.9908 -8.0638 -1.7434 -9.2532 6.5820 0.6482 -12.4823 -4.8950 1.0020 -6.1950 -2.5239 -0.0000 -0.0000 0.0000 -70.1982 16.1421 48.1256 20.1267 -30.7947 -5.5961 -0.0000 0.0000 -30.1844 9.8885 9.0690 1.5739 -7.1250 0.0000 -0.0000 -14.6684 38.7775 2.3071 -0.0000 -0.0000 0.0000 69.6316 -16.0102 44.3387 -18.9098 29.3064 -4.9866 0.0000 0.0000 1.2280 -9.9393 -3.6102 0.6322 7.1250 -0.0000 -0.0000 13.5542 -33.4118 3.9451
0.6445 16.4265 -3.3126 -123.1480 -85.7340 118.4000 0.0000 0.0000 0.0000 -10.6711 8.4662 5.5015 0.6444 5.1355 14.2955 0.6228 11.1910 -22.8669 0.0034 -0.3764 -1.0343 0.0000 0.0000 0.0000 22.1127 5.6759 -1.9567 -2.9156 -10.5571 30.8004 -1.6994 -4.3559 -26.5129 -0.0085 -0.5964 1.6387 -0.0539 -3.0261 3.8403 0.9007 -4.1022 -5.7159 1.4220 -2.0183 -8.0743 -1.7535 -9.2545 6.5790 0.6584 -12.4840 -4.8737 1.0057 -6.1963 -2.5148 0.0000 -0.0000 0.0000 -70.2042 16.1728 48.1647 20.0201 -30.6666 -5.5416 -0.0000 0.0000 -30.1445 9.8959 8.9895 1.5614 -7.1250 0.0000 -0.0000 -14.6440 38.7002 2.3317 0.0000 -0.0000 0.0000 69.6205 -16.0094 44.3746 -18.9386 29.3423 -5.0007 0.0000 0.0000 1.1364 -9.9835 -3.6068 0.6345 7.1250 -0.0000 -0.0000 13.5183 -33.4102 3.9347
0.6520 16.4267 -3.3015 -128.4380 -85.4572 123.6970 0.0000 0.0000 0.0000 -10.7587 8.5988 5.6145 0.6343 5.0957 14.1816 0.6226 11.4521 -23.1241 0.0020 -0.2891 -0.7944 0.0000 0.0000 0.0000 22.0754 5.9630 -2.0126 -2.9284 -10.5783 30.8704 -1.6807 -4.2563 -26.3290 -0.0075 -0.5598 1.5383 -0.1074 -3.0662 3.8510 0.8991 -4.1612 -5.7221 1.4571 -2.0443 -8.0826 -1.7529 -9.2620 6.5710 0.6693 -12.4928 -4.8393 1.0073 -6.2015 -2.5009 0.0000 0.0000 0.0000 -70.2160 16.1599 48.1986 19.8828 -30.5009 -5.4718 -0.0000 0.0000 -30.0901 9.8942 8.9107 1.5476 -7.1250 0.0000 -0.0000 -14.6273 38.6228 2.3575 0.0000 0.0000 0.0000 69.6053 -16.0138 44.4180 -18.9780 29.3913 -5.0200 0.0000 0.0000 1.1063 -9.9877 -3.5791 0.6299 7.1250 -0.0000 -0.0000 13.5103 -33.3830 3.9414
0.6598 16.4272 -3.2899 -133.1420 -85.1355 128.4070 0.0000 0.0000 0.0000 -10.8569 8.6970 5.7374 0.6250 5.0591 14.0771 0.6246 11.7426 -23.4319 0.0007 -0.1766 -0.4853 0.0000 0.0000 0.0000 22.0381 6.2309 -2.0725 -2.9398 -10.5969 30.9321 -1.6599 -4.1548 -26.1293 -0.0065 -0.5193 1.4269 -0.1496 -3.1029 3.8574 0.8984 -4.2142 -5.7181 1.4856 -2.0680 -8.0780 -1.7515 -9.2704 6.5748 0.6961 -12.5023 -4.8230 1.0152 -6.2073 -2.4943 0.0000 -0.0000 0.0000 -70.2364 16.0963 48.2158 19.7260 -30.3108 -5.3924 -0.0000 0.0000 -30.0337 9.9043 8.8822 1.5443 -7.1250 0.0000 -0.0000 -14.6124 38.5955 2.3650 0.0000 -0.0000 0.0000 69.5955 -15.9991 44.4435 -19.0114 29.4328 -5.0364 0.0000 0.0000 1.1123 -9.9296 -3.5587 0.6226 7.1250 -0.0000 -0.0000 13.5534 -33.3606 3.9621
0.6676 16.4280 -3.2779 -137.3220 -84.7780 132.5900 0.0000 0.0000 0.0000 -10.9716 8.7588 5.8735 0.6163 5.0244 13.9781 0.6277 12.0669 -23.7864 0.0001 -0.0503 -0.1381 0.0000 0.0000 0.0000 21.9969 6.4883 -2.1330 -2.9492 -10.6124 30.9834 -1.6390 -4.0375 -25.9192 -0.0059 -0.4979 1.3681 -0.1889 -3.1375 3.8574 0.8997 -4.2637 -5.7014 1.5132 -2.0902 -8.0559 -1.7520 -9.2752 6.5678 0.7330 -12.5065 -4.8185 1.0260 -6.2108 -2.4888 -0.0000 -0.0000 0.0000 -70.2723 16.0083 48.1829 19.5780 -30.1305 -5.3179 -0.0000 0.0000 -29.9713 9.8865 8.9289 1.5495 -7.1250 0.0000 -0.0000 -14.6380 38.6401 2.3529 -0.0000 -0.0000 0.0000 69.5751 -15.9415 44.5113 -19.0251 29.4498 -5.0432 0.0000 0.0000 1.0836 -9.8856 -3.5471 0.6177 7.1250 -0.0000 -0.0000 13.5865 -33.3474 3.9768
0.6761 16.4291 -3.2652 -140.9040 -84.3977 136.1760 0.0000 0.0000 0.0000 -11.0934 8.7949 6.0078 0.6087 4.9939 13.8911 0.6342 12.3876 -24.1694 0.0002 0.0943 0.2590 0.0000 0.0000 0.0000 21.9503 6.7301 -2.1976 -2.9563 -10.6239 31.0218 -1.6162 -3.9070 -25.6889 -0.0055 -0.4805 1.3204 -0.2152 -3.1727 3.8726 0.9013 -4.3130 -5.6916 1.5352 -2.1129 -8.0510 -1.7580 -9.2785 6.5644 0.7647 -12.5093 -4.8003 1.0358 -6.2134 -2.4795 0.0000 -0.0000 0.0000 -70.3138 15.9565 48.1209 19.4724 -30.0015 -5.2650 -0.0000 0.0000 -29.9091 9.7479 9.1740 1.5689 -7.1250 0.0000 -0.0000 -14.8108 38.8698 2.2962 0.0000 -0.0000 0.0000 69.5398 -15.8854 44.6228 -19.0332 29.4599 -5.0472 0.0000 0.0000 1.0305 -9.9148 -3.5040 0.6121 7.1250 -0.0000 -0.0000 13.5561 -33.3060 3.9814
0.6853 16.4303 -3.2527 -144.0360 -83.9939 139.3120 0.0000 0.0000 0.0000 -11.2025 8.8641 6.1148 0.6024 4.9683 13.8181 0.6396 12.6830 -24.5174 0.0012 0.2201 0.6046 0.0000 0.0000 0.0000 21.9119 7.0027 -2.2532 -2.9624 -10.6339 31.0549 -1.5918 -3.7998 -25.4564 -0.0048 -0.4469 1.2280 -0.2401 -3.2028 3.9147 0.9042 -4.3558 -5.6964 1.5596 -2.1320 -8.0779 -1.7707 -9.2817 6.5680 0.7846 -12.5132 -4.7576 1.0423 -6.2164 -2.4636 0.0000 0.0000 0.0000 -70.3499 15.9409 48.0627 19.4158 -29.9321 -5.2367 -0.0000 0.0000 -29.8646 9.5657 9.4062 1.5777 -7.1250 0.0000 -0.0000 -15.0185 39.0831 2.2491 0.0000 0.0000 0.0000 69.5198 -15.8728 44.6675 -19.0613 29.4948 -5.0610 0.0000 0.0000 1.0574 -9.9996 -3.4202 0.6027 7.1250 -0.0000 -0.0000 13.4747 -33.2266 3.9829
0.6947 16.4309 -3.2398 -146.8340 -83.5874 142.1120 0.0000 0.0000 0.0000 -11.2966 9.0355 6.1838 0.5955 4.9402 13.7381 0.6414 12.9059 -24.7624 0.0023 0.3088 0.8484 0.0000 0.0000 0.0000 21.8525 7.2673 -2.3166 -2.9705 -10.6471 31.0988 -1.5663 -3.6904 -25.2142 -0.0036 -0.3860 1.0605 -0.2748 -3.2311 3.9637 0.9034 -4.3971 -5.6993 1.5859 -2.1498 -8.1063 -1.7824 -9.2873 6.5686 0.7916 -12.5209 -4.7125 1.0447 -6.2208 -2.4472 0.0000 0.0000 0.0000 -70.3792 15.9248 48.0104 19.3953 -29.9069 -5.2265 -0.0000 0.0000 -29.7962 9.4940 9.3989 1.5644 -7.1250 0.0000 -0.0000 -15.0772 39.0705 2.2632 0.0000 0.0000 0.0000 69.5207 -15.8843 44.6217 -19.1127 29.5585 -5.0863 0.0000 0.0000 1.1672 -10.0435 -3.3473 0.5925 7.1250 -0.0000 -0.0000 13.4280 -33.1563 3.9919
0.7041 16.4315 -3.2268 -149.4050 -83.1765 144.6900 0.0000 0.0000 0.0000 -11.3834 9.2982 6.2265 0.5858 4.9006 13.6252 0.6389 13.0737 -24.9152 0.0033 0.3725 1.0235 0.0000 0.0000 0.0000 21.7756 7.5399 -2.3964 -2.9821 -10.6661 31.1618 -1.5436 -3.5730 -24.9874 -0.0026 -0.3295 0.9054 -0.3263 -3.2530 3.9951 0.8984 -4.4310 -5.6916 1.6146 -2.1634 -8.1120 -1.7866 -9.2959 6.5523 0.7967 -12.5317 -4.6785 1.0448 -6.2267 -2.4320 0.0000 0.0000 0.0000 -70.3916 15.8956 47.9851 19.4123 -29.9277 -5.2349 -0.0000 0.0000 -29.7021 9.5697 9.1401 1.5341 -7.1250 0.0000 -0.0000 -14.9526 38.8234 2.3369 0.0000 0.0000 0.0000 69.5273 -15.8793 44.5658 -19.1601 29.6171 -5.1097 0.0000 0.0000 1.2529 -10.0113 -3.3345 0.5883 7.1250 -0.0000 -0.0000 13.4515 -33.1424 4.0039
0.7132 16.4324 -3.2134 -151.8410 -82.7739 147.1390 0.0000 0.0000 0.0000 -11.4980 9.5851 6.2593 0.5749 4.8554 13.4966 0.6351 13.2270 -25.0435 0.0045 0.4322 1.1875 0.0000 0.0000 0.0000 21.6599 7.7866 -2.4969 -2.9950 -10.6869 31.2312 -1.5223 -3.4395 -24.7622 -0.0019 -0.2788 0.7660 -0.3976 -3.2695 4.0194 0.8834 -4.4602 -5.6895 1.6430 -2.1738 -8.1191 -1.7858 -9.3069 6.5377 0.7986 -12.5457 -4.6511 1.0437 -6.2342 -2.4199 0.0000 -0.0000 0.0000 -70.3825 15.8859 48.0193 19.4772 -30.0073 -5.2674 -0.0000 0.0000 -29.6401 9.6790 8.9006 1.5116 -7.1250 0.0000 -0.0000 -14.8056 38.5972 2.3974 0.0000 -0.0000 0.0000 69.5347 -15.8875 44.5247 -19.1958 29.6613 -5.1274 0.0000 0.0000 1.2781 -9.9666 -3.3370 0.5860 7.1250 -0.0000 -0.0000 13.4875 -33.1433 4.0149
0.7217 16.4333 -3.1997 -153.8470 -82.3419 149.1690 0.0000 0.0000 0.0000 -11.5928 9.8439 6.2742 0.5666 4.8208 13.3981 0.6321 13.4030 -25.2026 0.0057 0.4858 1.3348 0.0000 0.0000 0.0000 21.5756 8.0353 -2.5979 -3.0049 -10.7029 31.2843 -1.5010 -3.3105 -24.5382 -0.0014 -0.2405 0.6608 -0.4385 -3.2818 4.0273 0.8794 -4.4807 -5.6878 1.6641 -2.1817 -8.1186 -1.7899 -9.3125 6.5330 0.8062 -12.5531 -4.6503 1.0465 -6.2380 -2.4178 -0.0000 0.0000 0.0000 -70.3691 15.8845 48.0960 19.5863 -30.1407 -5.3221 -0.0000 0.0000 -29.6512 9.7935 8.7202 1.4991 -7.1250 0.0000 -0.0000 -14.6685 38.4288 2.4364 -0.0000 0.0000 0.0000 69.5369 -15.8971 44.4977 -19.2205 29.6917 -5.1396 0.0000 0.0000 1.2594 -9.9735 -3.3012 0.5802 7.1250 -0.0000 -0.0000 13.4761 -33.1082 4.0230
0.7304 16.4344 -3.1852 -155.3220 -81.8702 150.6860 0.0000 0.0000 0.0000 -11.6449 10.0548 6.2627 0.5622 4.8026 13.3463 0.6332 13.5961 -25.4144 0.0071 0.5444 1.4960 0.0000 0.0000 0.0000 21.5493 8.2996 -2.7002 -3.0104 -10.7119 31.3144 -1.4780 -3.1904 -24.3050 -0.0011 -0.2146 0.5895 -0.4205 -3.2910 4.0195 0.8946 -4.4913 -5.6835 1.6704 -2.1879 -8.1091 -1.7947 -9.3126 6.5178 0.8104 -12.5533 -4.6676 1.0484 -6.2380 -2.4203 0.0000 0.0000 0.0000 -70.3623 15.8752 48.1894 19.7165 -30.2993 -5.3876 -0.0000 0.0000 -29.6941 9.9018 8.5692 1.4899 -7.1250 0.0000 -0.0000 -14.5440 38.2886 2.4661 0.0000 0.0000 0.0000 69.5247 -15.8840 44.5067 -19.2248 29.6971 -5.1418 0.0000 0.0000 1.2064 -9.9656 -3.2743 0.5750 7.1250 -0.0000 -0.0000 13.4781 -33.0813 4.0327
0.7389 16.4354 -3.1701 -156.5250 -81.3902 151.9290 0.0000 0.0000 0.0000 -11.6703 10.2906 6.2383 0.5584 4.7867 13.3011 0.6333 13.7651 -25.5938 0.0081 0.5811 1.5968 0.0000 0.0000 0.0000 21.5418 8.5689 -2.7945 -3.0148 -10.7189 31.3378 -1.4548 -3.0777 -24.0728 -0.0008 -0.1870 0.5138 -0.3867 -3.3007 4.0051 0.9178 -4.5001 -5.6672 1.6752 -2.1941 -8.0836 -1.7969 -9.3088 6.4869 0.8202 -12.5477 -4.7021 1.0511 -6.2352 -2.4255 0.0000 0.0000 0.0000 -70.3661 15.8465 48.2799 19.8535 -30.4654 -5.4569 -0.0000 0.0000 -29.7341 10.0232 8.4467 1.4872 -7.1250 0.0000 -0.0000 -14.4153 38.1770 2.4837 0.0000 0.0000 0.0000 69.5047 -15.8357 44.5338 -19.2047 29.6722 -5.1318 0.0000 0.0000 1.1692 -9.9162 -3.2796 0.5730 7.1250 -0.0000 -0.0000 13.5183 -33.0847 4.0442
0.7467 16.4361 -3.1549 -157.6840 -80.9336 153.1150 0.0000 0.0000 0.0000 -11.7069 10.5600 6.2274 0.5526 4.7618 13.2304 0.6274 13.9157 -25.7061 0.0082 0.5830 1.6021 0.0000 0.0000 0.0000 21.5077 8.8168 -2.8820 -3.0203 -10.7278 31.3674 -1.4335 -2.9580 -23.8508 -0.0006 -0.1558 0.4282 -0.3756 -3.3115 4.0112 0.9334 -4.5129 -5.6584 1.6868 -2.2007 -8.0769 -1.7933 -9.3083 6.4683 0.8253 -12.5465 -4.7331 1.0521 -6.2345 -2.4324 -0.0000 -0.0000 0.0000 -70.3783 15.8288 48.3632 19.9863 -30.6258 -5.5244 -0.0000 0.0000 -29.7480 10.1428 8.3788 1.4933 -7.1250 0.0000 -0.0000 -14.3005 38.1187 2.4839 -0.0000 -0.0000 0.0000 69.4903 -15.8214 44.5330 -19.1857 29.6488 -5.1224 0.0000 0.0000 1.1894 -9.8716 -3.2821 0.5708 7.1250 -0.0000 -0.0000 13.5542 -33.0855 4.0552
0.7543 16.4368 -3.1398 -158.7040 -80.4973 154.1700 0.0000 0.0000 0.0000 -11.7458 10.8288 6.2154 0.5448 4.7290 13.1373 0.6178 14.0557 -25.7781 0.0078 0.5708 1.5686 0.0000 0.0000 0.0000 21.4680 9.0593 -2.9784 -3.0265 -10.7378 31.4008 -1.4147 -2.8357 -23.6461 -0.0005 -0.1399 0.3843 -0.3753 -3.3244 4.0177 0.9480 -4.5299 -5.6576 1.7041 -2.2088 -8.0783 -1.7876 -9.3091 6.4596 0.8332 -12.5468 -4.7586 1.0543 -6.2347 -2.4392 0.0000 0.0000 0.0000 -70.3976 15.8155 48.4310 20.1132 -30.7785 -5.5892 -0.0000 0.0000 -29.7417 10.2274 8.3471 1.5003 -7.1250 0.0000 -0.0000 -14.2229 38.0933 2.4789 0.0000 0.0000 0.0000 69.4821 -15.8355 44.5061 -19.1708 29.6304 -5.1150 0.0000 0.0000 1.2196 -9.8773 -3.2848 0.5716 7.1250 -0.0000 -0.0000 13.5501 -33.0884 4.0529
0.7624 16.4380 -3.1251 -159.5980 -80.0737 155.1180 0.0000 0.0000 0.0000 -11.7937 11.0601 6.1947 0.5366 4.6938 13.0373 0.6104 14.1949 -25.8684 0.0082 0.5846 1.6065 0.0000 0.0000 0.0000 21.4302 9.3169 -3.0906 -3.0328 -10.7479 31.4344 -1.3965 -2.7211 -23.4490 -0.0004 -0.1350 0.3710 -0.3781 -3.3358 4.0205 0.9596 -4.5458 -5.6685 1.7202 -2.2163 -8.0902 -1.7749 -9.3095 6.4399 0.8412 -12.5455 -4.7620 1.0536 -6.2346 -2.4370 -0.0000 -0.0000 0.0000 -70.4097 15.8055 48.4982 20.2340 -30.9232 -5.6511 -0.0000 0.0000 -29.7485 10.2196 8.3322 1.4965 -7.1250 0.0000 -0.0000 -14.2261 38.0782 2.4849 -0.0000 -0.0000 0.0000 69.4839 -15.8655 44.4804 -19.1478 29.6019 -5.1036 0.0000 0.0000 1.1949 -9.9535 -3.2883 0.5767 7.1250 -0.0000 -0.0000 13.4900 -33.0947 4.0319
0.7702 16.4391 -3.1111 -160.4630 -79.6725 156.0390 0.0000 0.0000 0.0000 -11.8576 11.2900 6.1708 0.5280 4.6563 12.9308 0.6025 14.3278 -25.9484 0.0086 0.5996 1.6478 0.0000 0.0000 0.0000 21.3750 9.5714 -3.2083 -3.0401 -10.7597 31.4738 -1.3786 -2.6067 -23.2545 -0.0004 -0.1280 0.3517 -0.4049 -3.3506 4.0018 0.9636 -4.5682 -5.6666 1.7402 -2.2261 -8.0741 -1.7592 -9.3078 6.4110 0.8633 -12.5403 -4.7739 1.0565 -6.2330 -2.4353 -0.0000 -0.0000 0.0000 -70.4175 15.7716 48.5450 20.3505 -31.0623 -5.7111 -0.0000 0.0000 -29.7864 10.1372 8.3815 1.4929 -7.1250 0.0000 -0.0000 -14.3058 38.1209 2.4841 -0.0000 -0.0000 0.0000 69.4991 -15.8718 44.4463 -19.1121 29.5577 -5.0860 0.0000 0.0000 1.1505 -10.0432 -3.2910 0.5825 7.1250 -0.0000 -0.0000 13.4191 -33.1008 4.0076
0.7778 16.4398 -3.0978 -161.2830 -79.2841 156.9080 0.0000 0.0000 0.0000 -11.9302 11.5088 6.1571 0.5195 4.6196 12.8268 0.5944 14.4659 -26.0340 0.0090 0.6130 1.6845 0.0000 0.0000 0.0000 21.3144 9.8191 -3.3216 -3.0488 -10.7736 31.5201 -1.3616 -2.4961 -23.0673 -0.0003 -0.1112 0.3056 -0.4480 -3.3677 3.9761 0.9628 -4.5947 -5.6542 1.7635 -2.2372 -8.0416 -1.7488 -9.3058 6.3850 0.8938 -12.5349 -4.7945 1.0633 -6.2314 -2.4362 -0.0000 -0.0000 0.0000 -70.4214 15.7219 48.5772 20.4532 -31.1845 -5.7642 -0.0000 0.0000 -29.8372 10.0586 8.4344 1.4904 -7.1250 0.0000 -0.0000 -14.3831 38.1673 2.4814 -0.0000 -0.0000 0.0000 69.5206 -15.8493 44.4213 -19.0587 29.4915 -5.0597 0.0000 0.0000 1.1152 -10.0688 -3.2978 0.5852 7.1250 -0.0000 -0.0000 13.3997 -33.1084 3.9990
0.7858 16.4405 -3.0851 -161.9650 -78.8809 157.6410 0.0000 0.0000 0.0000 -11.9866 11.7025 6.1432 0.5122 4.5873 12.7352 0.5923 14.6010 -26.1646 0.0103 0.6540 1.7972 0.0000 0.0000 0.0000 21.2820 10.0789 -3.4337 -3.0576 -10.7877 31.5673 -1.3451 -2.3973 -22.8900 -0.0002 -0.0917 0.2519 -0.4834 -3.3834 3.9514 0.9705 -4.6180 -5.6395 1.7910 -2.2470 -8.0071 -1.7492 -9.3050 6.3699 0.9181 -12.5326 -4.8239 1.0710 -6.2308 -2.4417 -0.0000 -0.0000 0.0000 -70.4256 15.6689 48.6027 20.5384 -31.2855 -5.8083 -0.0000 0.0000 -29.8804 10.0508 8.4112 1.4851 -7.1250 0.0000 -0.0000 -14.3845 38.1441 2.4901 -0.0000 -0.0000 0.0000 69.5365 -15.8137 44.4163 -19.0023 29.4215 -5.0320 0.0000 0.0000 1.0937 -10.0368 -3.2906 0.5821 7.1250 -0.0000 -0.0000 13.4240 -33.1000 4.0095
0.7936 16.4410 -3.0729 -162.6030 -78.4747 158.3250 0.0000 0.0000 0.0000 -12.0512 11.8659 6.1420 0.5050 4.5557 12.6454 0.5920 14.7572 -26.3329 0.0122 0.7132 1.9601 0.0000 0.0000 0.0000 21.2475 10.3187 -3.5485 -3.0666 -10.8020 31.6151 -1.3295 -2.2787 -22.7096 -0.0001 -0.0748 0.2054 -0.5218 -3.3965 3.9419 0.9778 -4.6385 -5.6338 1.8209 -2.2550 -7.9912 -1.7509 -9.3062 6.3720 0.9177 -12.5347 -4.8443 1.0722 -6.2315 -2.4488 -0.0000 -0.0000 0.0000 -70.4223 15.6320 48.6468 20.6093 -31.3694 -5.8452 -0.0000 0.0000 -29.9156 10.0862 8.3628 1.4820 -7.1250 0.0000 -0.0000 -14.3442 38.0990 2.4990 -0.0000 -0.0000 0.0000 69.5444 -15.7968 44.4370 -18.9558 29.3638 -5.0092 0.0000 0.0000 1.0858 -9.9900 -3.2835 0.5781 7.1250 -0.0000 -0.0000 13.4602 -33.0914 4.0237
0.8007 16.4415 -3.0612 -163.2460 -78.0947 159.0000 0.0000 0.0000 0.0000 -12.1382 12.0034 6.1700 0.4967 4.5183 12.5396 0.5908 14.9271 -26.5098 0.0146 0.7806 2.1452 0.0000 0.0000 0.0000 21.1841 10.4972 -3.6694 -3.0757 -10.8167 31.6641 -1.3138 -2.1257 -22.5131 -0.0001 -0.0634 0.1741 -0.5778 -3.4124 3.9458 0.9753 -4.6649 -5.6340 1.8523 -2.2649 -7.9888 -1.7547 -9.3077 6.3911 0.9070 -12.5379 -4.8483 1.0710 -6.2326 -2.4540 -0.0000 0.0000 0.0000 -70.4149 15.6084 48.6873 20.6694 -31.4404 -5.8765 -0.0000 0.0000 -29.9289 10.1218 8.3817 1.4906 -7.1250 0.0000 -0.0000 -14.3187 38.1201 2.4868 -0.0000 0.0000 0.0000 69.5530 -15.8053 44.4494 -18.9273 29.3282 -4.9952 0.0000 0.0000 1.1400 -9.9223 -3.3618 0.5877 7.1250 -0.0000 -0.0000 13.5268 -33.1660 4.0195
0.8073 16.4421 -3.0505 -163.8270 -77.7489 159.6000 0.0000 0.0000 0.0000 -12.2275 12.1168 6.2237 0.4879 4.4786 12.4273 0.5927 15.0813 -26.6938 0.0180 0.8659 2.3800 0.0000 0.0000 0.0000 21.1249 10.6668 -3.7644 -3.0840 -10.8298 31.7079 -1.2993 -1.9908 -22.3350 -0.0001 -0.0609 0.1673 -0.6473 -3.4341 3.9533 0.9651 -4.7002 -5.6262 1.8839 -2.2786 -7.9789 -1.7532 -9.3115 6.3960 0.8957 -12.5435 -4.8293 1.0670 -6.2352 -2.4493 -0.0000 -0.0000 0.0000 -70.4080 15.5808 48.6994 20.7166 -31.4960 -5.9012 -0.0000 0.0000 -29.9128 10.1416 8.4513 1.5059 -7.1250 0.0000 -0.0000 -14.3174 38.1897 2.4614 -0.0000 -0.0000 0.0000 69.5646 -15.8123 44.4705 -18.9093 29.3058 -4.9864 0.0000 0.0000 1.2023 -9.8750 -3.4717 0.6040 7.1250 -0.0000 -0.0000 13.5826 -33.2726 4.0008
0.8140 16.4428 -3.0404 -164.3190 -77.4024 160.1090 0.0000 0.0000 0.0000 -12.3113 12.1866 6.2877 0.4801 4.4433 12.3271 0.5985 15.2504 -26.9255 0.0226 0.9704 2.6674 0.0000 0.0000 0.0000 21.0938 10.8704 -3.8371 -3.0905 -10.8401 31.7425 -1.2843 -1.8943 -22.1693 -0.0001 -0.0624 0.1715 -0.7077 -3.4567 3.9610 0.9539 -4.7360 -5.6160 1.9092 -2.2931 -7.9675 -1.7540 -9.3146 6.3952 0.8949 -12.5473 -4.7969 1.0656 -6.2375 -2.4383 -0.0000 0.0000 0.0000 -70.4001 15.5629 48.6883 20.7532 -31.5391 -5.9203 -0.0000 0.0000 -29.8956 10.1595 8.5104 1.5191 -7.1250 0.0000 -0.0000 -14.3155 38.2491 2.4396 -0.0000 0.0000 0.0000 69.5831 -15.8253 44.4887 -18.9110 29.3080 -4.9872 0.0000 0.0000 1.2548 -9.8462 -3.5034 0.6077 7.1250 -0.0000 -0.0000 13.6108 -33.3029 3.9993
0.8205 16.4435 -3.0303 -164.7890 -77.0221 160.6010 0.0000 0.0000 0.0000 -12.4013 12.2276 6.3500 0.4734 4.4129 12.2413 0.6037 15.4685 -27.2056 0.0275 1.0700 2.9415 0.0000 0.0000 0.0000 21.0699 11.0899 -3.9162 -3.0960 -10.8488 31.7716 -1.2675 -1.7835 -21.9819 -0.0001 -0.0677 0.1859 -0.7524 -3.4718 3.9562 0.9432 -4.7605 -5.6053 1.9243 -2.3032 -7.9496 -1.7616 -9.3128 6.3963 0.9044 -12.5448 -4.7691 1.0684 -6.2367 -2.4280 -0.0000 -0.0000 0.0000 -70.3857 15.5569 48.6905 20.7826 -31.5737 -5.9357 -0.0000 0.0000 -29.9125 10.1965 8.5491 1.5316 -7.1250 0.0000 -0.0000 -14.2931 38.2898 2.4209 -0.0000 -0.0000 0.0000 69.6035 -15.8335 44.5057 -18.9312 29.3331 -4.9971 0.0000 0.0000 1.2749 -9.7944 -3.5014 0.6040 7.1250 -0.0000 -0.0000 13.6517 -33.2987 4.0134
0.8264 16.4443 -3.0205 -165.2580 -76.6069 161.0980 0.0000 0.0000 0.0000 -12.4982 12.2579 6.4132 0.4678 4.3869 12.1678 0.6131 15.7035 -27.5370 0.0337 1.1841 3.2556 0.0000 0.0000 0.0000 21.0419 11.2985 -4.0064 -3.1002 -10.8555 31.7942 -1.2487 -1.6380 -21.7617 -0.0001 -0.0726 0.1994 -0.7879 -3.4801 3.9349 0.9350 -4.7749 -5.5917 1.9346 -2.3091 -7.9197 -1.7770 -9.3064 6.3973 0.9160 -12.5368 -4.7579 1.0737 -6.2330 -2.4228 0.0000 -0.0000 0.0000 -70.3747 15.5563 48.6983 20.8004 -31.5946 -5.9450 -0.0000 0.0000 -29.9385 10.2214 8.5958 1.5438 -7.1250 0.0000 -0.0000 -14.2825 38.3375 2.4019 0.0000 -0.0000 0.0000 69.6174 -15.8276 44.5241 -18.9678 29.3786 -5.0150 0.0000 0.0000 1.2446 -9.6977 -3.5708 0.6098 7.1250 -0.0000 -0.0000 13.7403 -33.3634 4.0186
0.8318 16.4453 -3.0114 -165.6440 -76.1888 161.5120 0.0000 0.0000 0.0000 -12.5768 12.2891 6.4655 0.4640 4.3694 12.1182 0.6255 15.9278 -27.8772 0.0404 1.2973 3.5673 0.0000 0.0000 0.0000 21.0376 11.5149 -4.0762 -3.1018 -10.8580 31.8024 -1.2315 -1.4945 -21.5561 -0.0002 -0.0939 0.2579 -0.8151 -3.4922 3.9059 0.9324 -4.7931 -5.5744 1.9456 -2.3173 -7.8816 -1.7926 -9.3012 6.3959 0.9190 -12.5311 -4.7605 1.0768 -6.2300 -2.4223 -0.0000 -0.0000 0.0000 -70.3719 15.5569 48.7049 20.7964 -31.5899 -5.9429 -0.0000 0.0000 -29.9469 10.1720 8.6410 1.5442 -7.1250 0.0000 -0.0000 -14.3339 38.3783 2.3962 -0.0000 -0.0000 0.0000 69.6258 -15.8230 44.5504 -19.0218 29.4457 -5.0416 0.0000 0.0000 1.1420 -9.6518 -3.6516 0.6206 7.1250 -0.0000 -0.0000 13.7905 -33.4412 4.0073
0.8371 16.4464 -3.0029 -165.9080 -75.7725 161.7980 0.0000 0.0000 0.0000 -12.6300 12.3020 6.5048 0.4632 4.3656 12.1075 0.6342 16.1762 -28.2169 0.0458 1.3815 3.7993 0.0000 0.0000 0.0000 21.0704 11.7395 -4.1189 -3.1000 -10.8552 31.7929 -1.2150 -1.3749 -21.3660 -0.0004 -0.1213 0.3333 -0.8219 -3.5075 3.9067 0.9333 -4.8146 -5.5728 1.9525 -2.3277 -7.8790 -1.8035 -9.3008 6.4079 0.9119 -12.5320 -4.7495 1.0766 -6.2301 -2.4205 0.0000 -0.0000 0.0000 -70.3656 15.5885 48.7391 20.7719 -31.5611 -5.9301 -0.0000 0.0000 -29.9446 10.0371 8.6738 1.5290 -7.1250 0.0000 -0.0000 -14.4542 38.4008 2.4091 0.0000 -0.0000 0.0000 69.6405 -15.8527 44.5695 -19.0814 29.5197 -5.0709 0.0000 0.0000 1.0341 -9.6849 -3.6642 0.6249 7.1250 -0.0000 -0.0000 13.7662 -33.4549 3.9952
0.8420 16.4471 -2.9946 -166.1390 -75.3446 162.0390 0.0000 0.0000 0.0000 -12.6741 12.3153 6.5474 0.4640 4.3694 12.1182 0.6443 16.4279 -28.5687 0.0512 1.4607 4.0173 0.0000 0.0000 0.0000 21.1144 11.9617 -4.1448 -3.0971 -10.8506 31.7777 -1.1980 -1.2538 -21.1705 -0.0005 -0.1416 0.3890 -0.8198 -3.5210 3.9244 0.9337 -4.8331 -5.5722 1.9549 -2.3369 -7.8883 -1.8122 -9.3020 6.4218 0.9083 -12.5346 -4.7296 1.0769 -6.2313 -2.4160 0.0000 0.0000 0.0000 -70.3529 15.6330 48.8083 20.7313 -31.5133 -5.9089 -0.0000 0.0000 -29.9483 9.8829 8.6708 1.5045 -7.1250 0.0000 -0.0000 -14.5826 38.3868 2.4368 0.0000 0.0000 0.0000 69.6538 -15.8747 44.5910 -19.1297 29.5796 -5.0947 0.0000 0.0000 0.9569 -9.7215 -3.6286 0.6212 7.1250 -0.0000 -0.0000 13.7311 -33.4214 3.9959
0.8466 16.4473 -2.9861 -166.4700 -74.8987 162.3660 0.0000 0.0000 0.0000 -12.7363 12.3769 6.6052 0.4634 4.3665 12.1100 0.6592 16.6446 -28.9158 0.0584 1.5599 4.2909 0.0000 0.0000 0.0000 21.1294 12.1807 -4.1701 -3.0966 -10.8499 31.7752 -1.1800 -1.1169 -20.9592 -0.0005 -0.1390 0.3819 -0.8378 -3.5331 3.9503 0.9282 -4.8516 -5.5692 1.9629 -2.3449 -7.8985 -1.8205 -9.2990 6.4298 0.9050 -12.5314 -4.7044 1.0765 -6.2297 -2.4088 -0.0000 -0.0000 0.0000 -70.3473 15.6915 48.8669 20.6815 -31.4547 -5.8829 -0.0000 0.0000 -29.9390 9.7591 8.6616 1.4837 -7.1250 0.0000 -0.0000 -14.6841 38.3688 2.4613 -0.0000 -0.0000 0.0000 69.6534 -15.8721 44.6281 -19.1753 29.6359 -5.1172 0.0000 0.0000 0.9401 -9.6753 -3.6199 0.6167 7.1250 -0.0000 -0.0000 13.7665 -33.4109 4.0104
0.8509 16.4474 -2.9776 -166.8850 -74.4412 162.7710 0.0000 0.0000 0.0000 -12.8073 12.5168 6.6684 0.4595 4.3484 12.0589 0.6713 16.8264 -29.2024 0.0659 1.6565 4.5573 0.0000 0.0000 0.0000 21.1189 12.4092 -4.2015 -3.1000 -10.8553 31.7933 -1.1630 -0.9687 -20.7522 -0.0004 -0.1362 0.3743 -0.8785 -3.5487 3.9613 0.9199 -4.8763 -5.5585 1.9794 -2.3551 -7.8900 -1.8351 -9.2864 6.4282 0.9074 -12.5155 -4.6796 1.0778 -6.2219 -2.3993 0.0000 -0.0000 0.0000 -70.3622 15.7474 48.8788 20.6210 -31.3833 -5.8513 -0.0000 0.0000 -29.9162 9.6739 8.6618 1.4706 -7.1250 0.0000 -0.0000 -14.7554 38.3630 2.4761 0.0000 -0.0000 0.0000 69.6409 -15.8483 44.6738 -19.2425 29.7189 -5.1505 0.0000 0.0000 0.9441 -9.5826 -3.6832 0.6214 7.1250 -0.0000 -0.0000 13.8511 -33.4694 4.0161
0.8545 16.4472 -2.9688 -167.3190 -73.9756 163.1920 0.0000 0.0000 0.0000 -12.8785 12.7040 6.7375 0.4533 4.3193 11.9768 0.6754 17.0082 -29.4327 0.0716 1.7258 4.7484 0.0000 0.0000 0.0000 21.1001 12.6405 -4.2357 -3.1056 -10.8641 31.8230 -1.1474 -0.8226 -20.5587 -0.0005 -0.1393 0.3828 -0.9256 -3.5633 3.9565 0.9100 -4.9000 -5.5420 1.9963 -2.3647 -7.8655 -1.8431 -9.2728 6.4229 0.9055 -12.4978 -4.6596 1.0767 -6.2131 -2.3916 -0.0000 -0.0000 0.0000 -70.3892 15.7919 48.8736 20.5514 -31.3009 -5.8151 -0.0000 0.0000 -29.8997 9.6224 8.6975 1.4686 -7.1250 0.0000 -0.0000 -14.8066 38.3942 2.4735 -0.0000 -0.0000 0.0000 69.6254 -15.8152 44.7278 -19.3204 29.8148 -5.1892 0.0000 0.0000 0.9097 -9.5347 -3.7694 0.6327 7.1250 -0.0000 -0.0000 13.9040 -33.5524 4.0034
0.8574 16.4471 -2.9594 -167.6890 -73.4996 163.5530 0.0000 0.0000 0.0000 -12.9372 12.8906 6.8113 0.4466 4.2878 11.8877 0.6797 17.1906 -29.6657 0.0771 1.7909 4.9282 0.0000 0.0000 0.0000 21.0950 12.8645 -4.2723 -3.1107 -10.8721 31.8496 -1.1322 -0.6826 -20.3705 -0.0005 -0.1407 0.3867 -0.9526 -3.5741 3.9443 0.9040 -4.9168 -5.5272 2.0048 -2.3722 -7.8401 -1.8452 -9.2637 6.4275 0.9073 -12.4858 -4.6601 1.0775 -6.2072 -2.3925 -0.0000 0.0000 0.0000 -70.4167 15.8310 48.8804 20.4743 -31.2096 -5.7751 -0.0000 0.0000 -29.8742 9.5936 8.7306 1.4696 -7.1250 0.0000 -0.0000 -14.8382 38.4245 2.4677 -0.0000 0.0000 0.0000 69.6171 -15.7910 44.7682 -19.3921 29.9030 -5.2249 0.0000 0.0000 0.8637 -9.5805 -3.8115 0.6428 7.1250 -0.0000 -0.0000 13.8746 -33.5957 3.9795
0.8597 16.4471 -2.9495 -168.0130 -73.0210 163.8740 0.0000 0.0000 0.0000 -13.0022 13.0356 6.8867 0.4414 4.2629 11.8174 0.6914 17.3786 -29.9543 0.0842 1.8719 5.1517 0.0000 0.0000 0.0000 21.0934 13.0743 -4.3110 -3.1134 -10.8764 31.8641 -1.1164 -0.5446 -20.1772 -0.0004 -0.1309 0.3596 -0.9606 -3.5830 3.9606 0.8988 -4.9311 -5.5398 2.0073 -2.3788 -7.8626 -1.8376 -9.2632 6.4357 0.8971 -12.4852 -4.6489 1.0732 -6.2067 -2.3914 -0.0000 -0.0000 0.0000 -70.4455 15.9029 48.8817 20.3894 -31.1086 -5.7312 -0.0000 0.0000 -29.7746 9.5101 8.7713 1.4634 -7.1250 0.0000 -0.0000 -14.9173 38.4583 2.4688 -0.0000 -0.0000 0.0000 69.6151 -15.8294 44.7968 -19.4611 29.9876 -5.2593 0.0000 0.0000 0.8506 -9.7121 -3.7994 0.6498 7.1250 -0.0000 -0.0000 13.7673 -33.5892 3.9495
0.8611 16.4469 -2.9398 -168.2910 -72.5483 164.1440 0.0000 0.0000 0.0000 -13.0703 13.1338 6.9807 0.4371 4.2423 11.7593 0.7123 17.5668 -30.3046 0.0942 1.9795 5.4491 0.0000 0.0000 0.0000 21.1002 13.2786 -4.3363 -3.1148 -10.8786 31.8717 -1.1010 -0.4057 -19.9881 -0.0003 -0.1155 0.3173 -0.9598 -3.5959 3.9673 0.8956 -4.9496 -5.5472 2.0063 -2.3882 -7.8743 -1.8351 -9.2638 6.4355 0.9041 -12.4854 -4.6472 1.0749 -6.2071 -2.3906 0.0000 -0.0000 0.0000 -70.4797 15.9673 48.8624 20.3000 -31.0021 -5.6851 -0.0000 0.0000 -29.6564 9.4189 8.7700 1.4488 -7.1250 0.0000 -0.0000 -14.9933 38.4504 2.4851 0.0000 -0.0000 0.0000 69.6157 -15.8701 44.8130 -19.5245 30.0652 -5.2910 0.0000 0.0000 0.8480 -9.8476 -3.7818 0.6560 7.1250 -0.0000 -0.0000 13.6561 -33.5773 3.9200
0.8617 16.4459 -2.9305 -168.5750 -72.0928 164.4060 0.0000 0.0000 0.0000 -13.1516 13.2059 7.0989 0.4332 4.2236 11.7065 0.7402 17.7443 -30.6867 0.1059 2.0979 5.7764 0.0000 0.0000 0.0000 21.0992 13.4753 -4.3422 -3.1167 -10.8816 31.8816 -1.0867 -0.2666 -19.8078 -0.0002 -0.0953 0.2619 -0.9766 -3.6121 3.9525 0.8912 -4.9728 -5.5335 2.0115 -2.3993 -7.8490 -1.8378 -9.2631 6.4271 0.9288 -12.4834 -4.6628 1.0829 -6.2068 -2.3924 0.0000 0.0000 0.0000 -70.5161 15.9979 48.8525 20.2170 -30.9029 -5.6424 -0.0000 0.0000 -29.5999 9.3956 8.7336 1.4392 -7.1250 0.0000 -0.0000 -15.0044 38.4131 2.5012 0.0000 0.0000 0.0000 69.6044 -15.8501 44.8296 -19.5541 30.1014 -5.3059 0.0000 0.0000 0.8213 -9.9394 -3.6925 0.6466 7.1250 -0.0000 -0.0000 13.5677 -33.4930 3.9218
0.8625 16.4448 -2.9214 -168.7870 -71.6451 164.6040 0.0000 0.0000 0.0000 -13.2119 13.2788 7.2013 0.4297 4.2068 11.6591 0.7671 17.9143 -31.0498 0.1167 2.2025 6.0655 0.0000 0.0000 0.0000 21.1188 13.6804 -4.3548 -3.1197 -10.8863 31.8975 -1.0728 -0.1407 -19.6369 -0.0001 -0.0772 0.2120 -0.9885 -3.6308 3.9252 0.8968 -4.9980 -5.5148 2.0232 -2.4117 -7.8104 -1.8447 -9.2591 6.4181 0.9607 -12.4770 -4.6864 1.0939 -6.2043 -2.3962 0.0000 0.0000 0.0000 -70.5498 16.0051 48.8700 20.1504 -30.8232 -5.6082 -0.0000 0.0000 -29.6123 9.4397 8.6867 1.4384 -7.1250 0.0000 -0.0000 -14.9568 38.3705 2.5089 0.0000 0.0000 0.0000 69.5786 -15.7936 44.8434 -19.5619 30.1109 -5.3098 0.0000 0.0000 0.7666 -9.9850 -3.5501 0.6246 7.1250 -0.0000 -0.0000 13.5077 -33.3542 3.9503
0.8637 16.4441 -2.9122 -168.9720 -71.2102 164.7900 0.0000 0.0000 0.0000 -13.2629 13.3741 7.2648 0.4266 4.1920 11.6175 0.7849 18.0841 -31.3516 0.1244 2.2738 6.2629 0.0000 0.0000 0.0000 21.1369 13.8812 -4.3919 -3.1238 -10.8928 31.9192 -1.0591 -0.0166 -19.4675 -0.0001 -0.0701 0.1927 -1.0029 -3.6512 3.9198 0.9088 -5.0268 -5.5219 2.0466 -2.4250 -7.8117 -1.8467 -9.2595 6.4153 0.9671 -12.4775 -4.6920 1.0963 -6.2047 -2.3970 -0.0000 0.0000 0.0000 -70.5832 16.0315 48.8999 20.0990 -30.7614 -5.5819 -0.0000 0.0000 -29.6263 9.4623 8.6661 1.4385 -7.1250 0.0000 -0.0000 -14.9333 38.3520 2.5118 -0.0000 0.0000 0.0000 69.5650 -15.7547 44.8135 -19.5351 30.0782 -5.2964 0.0000 0.0000 0.7503 -10.0140 -3.4266 0.6047 7.1250 -0.0000 -0.0000 13.4644 -33.2336 3.9774
0.8647 16.4437 -2.9028 -169.1450 -70.8017 164.9720 0.0000 0.0000 0.0000 -13.3062 13.5021 7.3056 0.4228 4.1736 11.5654 0.7927 18.2427 -31.5757 0.1292 2.3168 6.3820 0.0000 0.0000 0.0000 21.1438 14.0600 -4.4448 -3.1287 -10.9006 31.9453 -1.0458 0.1118 -19.3007 -0.0001 -0.0771 0.2118 -1.0230 -3.6775 3.9066 0.9210 -5.0640 -5.5318 2.0737 -2.4422 -7.8105 -1.8506 -9.2664 6.4332 0.9714 -12.4875 -4.7199 1.1008 -6.2093 -2.4089 0.0000 -0.0000 0.0000 -70.6184 16.0534 48.9119 20.0596 -30.7141 -5.5618 -0.0000 0.0000 -29.6315 9.4713 8.6515 1.4375 -7.1250 0.0000 -0.0000 -14.9224 38.3384 2.5149 0.0000 -0.0000 0.0000 69.5807 -15.7142 44.7214 -19.4696 29.9980 -5.2636 0.0000 0.0000 0.8012 -10.0404 -3.3662 0.5956 7.1250 -0.0000 -0.0000 13.4334 -33.1749 3.9874
0.8652 16.4435 -2.8934 -169.3230 -70.4328 165.1520 0.0000 0.0000 0.0000 -13.3509 13.6445 7.3413 0.4190 4.1546 11.5120 0.7980 18.3745 -31.7537 0.1330 2.3506 6.4756 0.0000 0.0000 0.0000 21.1368 14.2141 -4.4905 -3.1331 -10.9075 31.9684 -1.0332 0.2334 -19.1426 -0.0002 -0.0898 0.2467 -1.0561 -3.7117 3.8839 0.9263 -5.1127 -5.5326 2.1005 -2.4647 -7.7931 -1.8471 -9.2802 6.4480 0.9795 -12.5058 -4.7598 1.1060 -6.2183 -2.4243 -0.0000 -0.0000 0.0000 -70.6495 16.0532 48.8999 20.0290 -30.6773 -5.5461 -0.0000 0.0000 -29.6308 9.4865 8.6396 1.4379 -7.1250 0.0000 -0.0000 -14.9070 38.3278 2.5162 -0.0000 -0.0000 0.0000 69.6120 -15.6730 44.6085 -19.3842 29.8933 -5.2209 0.0000 0.0000 0.8624 -10.0985 -3.3378 0.5941 7.1250 -0.0000 -0.0000 13.3825 -33.1491 3.9801
0.8657 16.4431 -2.8845 -169.4470 -70.1060 165.2760 0.0000 0.0000 0.0000 -13.3843 13.7585 7.3814 0.4157 4.1387 11.4672 0.8074 18.4834 -31.9324 0.1378 2.3924 6.5914 0.0000 0.0000 0.0000 21.1431 14.3603 -4.5206 -3.1363 -10.9125 31.9855 -1.0223 0.3386 -19.0065 -0.0003 -0.1124 0.3088 -1.0872 -3.7538 3.8627 0.9294 -5.1718 -5.5314 2.1250 -2.4925 -7.7742 -1.8430 -9.2945 6.4404 0.9970 -12.5237 -4.7772 1.1115 -6.2277 -2.4275 -0.0000 -0.0000 0.0000 -70.6677 16.0384 48.8826 20.0116 -30.6563 -5.5373 -0.0000 0.0000 -29.6388 9.5177 8.6406 1.4429 -7.1250 0.0000 -0.0000 -14.8812 38.3310 2.5104 -0.0000 -0.0000 0.0000 69.6387 -15.6700 44.5175 -19.3189 29.8130 -5.1885 0.0000 0.0000 0.8959 -10.1786 -3.3500 0.6011 7.1250 -0.0000 -0.0000 13.3207 -33.1641 3.9559
0.8659 16.4422 -2.8761 -169.5720 -69.7979 165.3880 0.0000 0.0000 0.0000 -13.4257 13.8464 7.4345 0.4138 4.1290 11.4398 0.8239 18.5809 -32.1424 0.1437 2.4433 6.7325 0.0000 0.0000 0.0000 21.1460 14.4958 -4.5339 -3.1387 -10.9163 31.9982 -1.0116 0.4471 -18.8712 -0.0004 -0.1331 0.3657 -1.1280 -3.7931 3.8535 0.9283 -5.2280 -5.5298 2.1511 -2.5183 -7.7615 -1.8446 -9.3077 6.4190 1.0179 -12.5399 -4.7661 1.1169 -6.2366 -2.4181 0.0000 0.0000 0.0000 -70.6721 16.0245 48.8684 20.0153 -30.6608 -5.5392 -0.0000 0.0000 -29.6452 9.5708 8.6387 1.4508 -7.1250 0.0000 -0.0000 -14.8363 38.3330 2.5017 0.0000 0.0000 0.0000 69.6629 -15.6830 44.4497 -19.2483 29.7260 -5.1534 0.0000 0.0000 0.9542 -10.2362 -3.4020 0.6139 7.1250 -0.0000 -0.0000 13.2831 -33.2176 3.9265
0.8667 16.4415 -2.8675 -169.6700 -69.4562 165.4820 0.0000 0.0000 0.0000 -13.4652 13.9126 7.4874 0.4121 4.1208 11.4167 0.8474 18.6951 -32.4132 0.1525 2.5162 6.9347 0.0000 0.0000 0.0000 21.1645 14.6530 -4.5567 -3.1409 -10.9197 32.0095 -0.9986 0.5563 -18.7136 -0.0005 -0.1433 0.3938 -1.1560 -3.8156 3.8401 0.9328 -5.2606 -5.5282 2.1731 -2.5331 -7.7479 -1.8596 -9.3209 6.4066 1.0430 -12.5572 -4.7489 1.1259 -6.2460 -2.4071 0.0000 0.0000 0.0000 -70.6627 16.0069 48.8674 20.0433 -30.6944 -5.5534 -0.0000 0.0000 -29.6553 9.6260 8.6217 1.4564 -7.1250 0.0000 -0.0000 -14.7864 38.3203 2.4975 0.0000 0.0000 0.0000 69.6815 -15.6980 44.4162 -19.1743 29.6347 -5.1168 0.0000 0.0000 1.0123 -10.2558 -3.4428 0.6225 7.1250 -0.0000 -0.0000 13.2741 -33.2587 3.9102
0.8677 16.4416 -2.8586 -169.7870 -69.0802 165.6060 0.0000 0.0000 0.0000 -13.5215 13.9666 7.5413 0.4093 4.1071 11.3782 0.8724 18.8429 -32.7270 0.1631 2.6018 7.1720 0.0000 0.0000 0.0000 21.1813 14.8410 -4.5943 -3.1436 -10.9239 32.0238 -0.9844 0.6659 -18.5441 -0.0006 -0.1560 0.4286 -1.1826 -3.8225 3.8206 0.9398 -5.2721 -5.5322 2.1948 -2.5376 -7.7374 -1.8767 -9.3337 6.4003 1.0494 -12.5750 -4.7220 1.1295 -6.2551 -2.3951 0.0000 -0.0000 0.0000 -70.6437 15.9897 48.8889 20.0895 -30.7501 -5.5771 -0.0000 0.0000 -29.6816 9.6655 8.5867 1.4567 -7.1250 0.0000 -0.0000 -14.7455 38.2889 2.5020 0.0000 -0.0000 0.0000 69.6926 -15.7228 44.4154 -19.1009 29.5438 -5.0805 0.0000 0.0000 1.0434 -10.2494 -3.4474 0.6230 7.1250 -0.0000 -0.0000 13.2800 -33.2631 3.9105
0.8686 16.4419 -2.8497 -169.9370 -68.7121 165.7660 0.0000 0.0000 0.0000 -13.6000 14.0067 7.6076 0.4045 4.0832 11.3109 0.8928 19.0196 -33.0421 0.1731 2.6804 7.3903 0.0000 0.0000 0.0000 21.1860 15.0485 -4.6339 -3.1479 -10.9308 32.0467 -0.9719 0.7675 -18.3929 -0.0008 -0.1824 0.5011 -1.2247 -3.8296 3.7896 0.9466 -5.2848 -5.5325 2.2238 -2.5420 -7.7148 -1.8919 -9.3408 6.3720 1.0405 -12.5855 -4.6891 1.1263 -6.2602 -2.3784 -0.0000 -0.0000 0.0000 -70.6228 15.9683 48.9176 20.1559 -30.8297 -5.6110 -0.0000 0.0000 -29.7209 9.6959 8.5502 1.4551 -7.1250 0.0000 -0.0000 -14.7118 38.2552 2.5085 -0.0000 -0.0000 0.0000 69.6976 -15.7381 44.4168 -19.0255 29.4503 -5.0434 0.0000 0.0000 1.0718 -10.2285 -3.4162 0.6160 7.1250 -0.0000 -0.0000 13.2917 -33.2315 3.9246
0.8691 16.4419 -2.8409 -170.1060 -68.3649 165.9440 0.0000 0.0000 0.0000 -13.6917 14.0403 7.6805 0.3989 4.0550 11.2314 0.9139 19.1906 -33.3540 0.1832 2.7568 7.6024 0.0000 0.0000 0.0000 21.1802 15.2603 -4.6681 -3.1530 -10.9387 32.0735 -0.9608 0.8502 -18.2615 -0.0009 -0.1954 0.5369 -1.2791 -3.8430 3.7421 0.9494 -5.3064 -5.5214 2.2541 -2.5507 -7.6692 -1.8928 -9.3437 6.3246 1.0292 -12.5891 -4.6746 1.1195 -6.2619 -2.3655 -0.0000 0.0000 0.0000 -70.6027 15.9454 48.9228 20.2405 -30.9310 -5.6545 -0.0000 0.0000 -29.7408 9.7320 8.5237 1.4562 -7.1250 0.0000 -0.0000 -14.6757 38.2318 2.5106 -0.0000 0.0000 0.0000 69.7071 -15.7186 44.4006 -18.9398 29.3439 -5.0013 0.0000 0.0000 1.1190 -10.1861 -3.3752 0.6061 7.1250 -0.0000 -0.0000 13.3188 -33.1893 3.9470
0.8694 16.4417 -2.8322 -170.2640 -68.0243 166.1150 0.0000 0.0000 0.0000 -13.7883 14.0534 7.7538 0.3942 4.0311 11.1643 0.9460 19.3395 -33.7038 0.1969 2.8577 7.8828 0.0000 0.0000 0.0000 21.1739 15.4653 -4.7000 -3.1569 -10.9448 32.0940 -0.9497 0.9244 -18.1318 -0.0008 -0.1872 0.5143 -1.3277 -3.8574 3.6916 0.9475 -5.3289 -5.5101 2.2761 -2.5603 -7.6225 -1.8870 -9.3455 6.2968 1.0352 -12.5903 -4.6877 1.1193 -6.2627 -2.3648 -0.0000 0.0000 0.0000 -70.5799 15.9367 48.9143 20.3341 -31.0428 -5.7027 -0.0000 0.0000 -29.7410 9.7714 8.5071 1.4594 -7.1250 0.0000 -0.0000 -14.6391 38.2184 2.5090 -0.0000 0.0000 0.0000 69.7278 -15.6990 44.3569 -18.8633 29.2485 -4.9639 0.0000 0.0000 1.1756 -10.1295 -3.3537 0.5988 7.1250 -0.0000 -0.0000 13.3604 -33.1659 3.9677
0.8699 16.4415 -2.8233 -170.3990 -67.6783 166.2620 0.0000 0.0000 0.0000 -13.8817 14.0498 7.8249 0.3904 4.0119 11.1102 0.9845 19.4827 -34.0820 0.2129 2.9706 8.1970 0.0000 0.0000 0.0000 21.1724 15.6552 -4.7343 -3.1590 -10.9481 32.1051 -0.9378 1.0113 -17.9907 -0.0008 -0.1789 0.4915 -1.3621 -3.8713 3.6568 0.9430 -5.3508 -5.5088 2.2895 -2.5702 -7.5973 -1.9023 -9.3467 6.3064 1.0671 -12.5921 -4.7156 1.1332 -6.2641 -2.3727 -0.0000 -0.0000 0.0000 -70.5552 15.9487 48.9046 20.4201 -31.1452 -5.7471 -0.0000 0.0000 -29.7452 9.8164 8.4902 1.4633 -7.1250 0.0000 -0.0000 -14.5978 38.2051 2.5065 -0.0000 -0.0000 0.0000 69.7560 -15.6989 44.3106 -18.8032 29.1734 -4.9346 0.0000 0.0000 1.2283 -10.0942 -3.3491 0.5959 7.1250 -0.0000 -0.0000 13.3878 -33.1600 3.9782
0.8705 16.4412 -2.8146 -170.5510 -67.3259 166.4140 0.0000 0.0000 0.0000 -13.9817 14.0468 7.9104 0.3863 3.9915 11.0527 1.0239 19.6318 -34.4669 0.2292 3.0814 8.5056 0.0000 0.0000 0.0000 21.1616 15.8244 -4.7645 -3.1605 -10.9505 32.1132 -0.9251 1.1258 -17.8333 -0.0008 -0.1838 0.5050 -1.4057 -3.8866 3.6331 0.9387 -5.3750 -5.5065 2.3091 -2.5805 -7.5764 -1.9551 -9.3512 6.3416 1.1182 -12.6008 -4.7605 1.1612 -6.2686 -2.3871 0.0000 -0.0000 0.0000 -70.5417 15.9642 48.8899 20.4856 -31.2229 -5.7809 -0.0000 0.0000 -29.7718 9.8508 8.4758 1.4661 -7.1250 0.0000 -0.0000 -14.5659 38.1933 2.5050 0.0000 -0.0000 0.0000 69.7763 -15.7007 44.2883 -18.7600 29.1194 -4.9135 0.0000 0.0000 1.2610 -10.1101 -3.3017 0.5884 7.1250 -0.0000 -0.0000 13.3675 -33.1138 3.9872
0.8715 16.4412 -2.8058 -170.7170 -66.9721 166.5780 0.0000 0.0000 0.0000 -14.0826 14.0716 8.0148 0.3788 3.9528 10.9438 1.0542 19.7939 -34.8104 0.2442 3.1798 8.7796 0.0000 0.0000 0.0000 21.1385 15.9815 -4.8086 -3.1644 -10.9566 32.1336 -0.9123 1.2665 -17.6690 -0.0010 -0.2008 0.5518 -1.4603 -3.9063 3.6162 0.9390 -5.4060 -5.5097 2.3412 -2.5932 -7.5639 -2.0249 -9.3530 6.3821 1.1578 -12.6081 -4.7932 1.1882 -6.2719 -2.3980 0.0000 0.0000 0.0000 -70.5487 15.9857 48.8694 20.5205 -31.2644 -5.7991 -0.0000 0.0000 -29.8036 9.8424 8.4751 1.4647 -7.1250 0.0000 -0.0000 -14.5727 38.1920 2.5067 0.0000 0.0000 0.0000 69.7775 -15.7033 44.3119 -18.7349 29.0879 -4.9013 0.0000 0.0000 1.2562 -10.1473 -3.2469 0.5808 7.1250 -0.0000 -0.0000 13.3291 -33.0610 3.9926
0.8725 16.4412 -2.7963 -171.0140 -66.6402 166.8590 0.0000 0.0000 0.0000 -14.2369 14.1428 8.1421 0.3667 3.8896 10.7661 1.0656 19.9783 -35.0700 0.2552 3.2503 8.9764 0.0000 0.0000 0.0000 21.0363 16.0946 -4.8818 -3.1726 -10.9694 32.1768 -0.8994 1.4544 -17.4904 -0.0012 -0.2217 0.6091 -1.5644 -3.9293 3.6033 0.9250 -5.4461 -5.5176 2.3870 -2.6079 -7.5550 -2.0699 -9.3474 6.4075 1.1587 -12.6048 -4.7886 1.1967 -6.2695 -2.3982 0.0000 -0.0000 0.0000 -70.5671 16.0047 48.8536 20.5269 -31.2720 -5.8024 -0.0000 0.0000 -29.8194 9.7955 8.4929 1.4606 -7.1250 0.0000 -0.0000 -14.6158 38.2061 2.5093 0.0000 -0.0000 0.0000 69.7651 -15.7109 44.3550 -18.7318 29.0841 -4.8998 0.0000 0.0000 1.2331 -10.1525 -3.2368 0.5793 7.1250 -0.0000 -0.0000 13.3233 -33.0512 3.9941
0.8737 16.4410 -2.7862 -171.3380 -66.3100 167.1630 0.0000 0.0000 0.0000 -14.3987 14.2514 8.2710 0.3527 3.8158 10.5591 1.0637 20.1735 -35.2664 0.2626 3.2969 9.1066 0.0000 0.0000 0.0000 20.9115 16.1954 -4.9695 -3.1831 -10.9857 32.2318 -0.8861 1.6606 -17.3054 -0.0015 -0.2500 0.6869 -1.6749 -3.9487 3.5960 0.9047 -5.4824 -5.5265 2.4298 -2.6205 -7.5507 -2.0808 -9.3372 6.4147 1.1328 -12.5934 -4.7577 1.1892 -6.2630 -2.3904 -0.0000 0.0000 0.0000 -70.5829 16.0047 48.8651 20.5068 -31.2481 -5.7920 -0.0000 0.0000 -29.8137 9.7486 8.4993 1.4546 -7.1250 0.0000 -0.0000 -14.6564 38.2091 2.5156 -0.0000 0.0000 0.0000 69.7517 -15.7261 44.3823 -18.7552 29.1134 -4.9112 0.0000 0.0000 1.2030 -10.1347 -3.2262 0.5764 7.1250 -0.0000 -0.0000 13.3357 -33.0401 4.0016
0.8743 16.4401 -2.7762 -171.5810 -65.9622 167.3780 0.0000 0.0000 0.0000 -14.5134 14.3896 8.3790 0.3427 3.7617 10.4073 1.0679 20.3304 -35.4564 0.2697 3.3404 9.2279 0.0000 0.0000 0.0000 20.8316 16.3039 -5.0271 -3.1909 -10.9979 32.2729 -0.8728 1.8559 -17.1245 -0.0020 -0.2869 0.7883 -1.7444 -3.9598 3.5856 0.8862 -5.5035 -5.5206 2.4494 -2.6280 -7.5328 -2.0690 -9.3303 6.3957 1.1088 -12.5838 -4.7266 1.1772 -6.2580 -2.3791 0.0000 -0.0000 0.0000 -70.5923 15.9743 48.8964 20.4657 -31.1993 -5.7706 -0.0000 0.0000 -29.7865 9.7244 8.4717 1.4462 -7.1250 0.0000 -0.0000 -14.6705 38.1804 2.5287 0.0000 -0.0000 0.0000 69.7489 -15.7328 44.3803 -18.7965 29.1651 -4.9313 0.0000 0.0000 1.1648 -10.1127 -3.1938 0.5693 7.1250 -0.0000 -0.0000 13.3481 -33.0074 4.0164
0.8741 16.4389 -2.7666 -171.6890 -65.5969 167.4610 0.0000 0.0000 0.0000 -14.5560 14.5532 8.4455 0.3377 3.7347 10.3314 1.0810 20.4415 -35.6466 0.2765 3.3824 9.3451 0.0000 0.0000 0.0000 20.8239 16.4236 -5.0529 -3.1940 -11.0027 32.2891 -0.8598 2.0241 -16.9543 -0.0026 -0.3268 0.8980 -1.7482 -3.9656 3.5619 0.8742 -5.5111 -5.4966 2.4362 -2.6328 -7.4936 -2.0377 -9.3291 6.3236 1.1017 -12.5782 -4.6932 1.1641 -6.2561 -2.3574 0.0000 0.0000 0.0000 -70.5945 15.9099 48.9334 20.4118 -31.1353 -5.7428 -0.0000 0.0000 -29.7581 9.7307 8.4339 1.4408 -7.1250 0.0000 -0.0000 -14.6567 38.1438 2.5398 0.0000 0.0000 0.0000 69.7653 -15.7140 44.3613 -18.8379 29.2167 -4.9515 0.0000 0.0000 1.1115 -10.0995 -3.1919 0.5682 7.1250 -0.0000 -0.0000 13.3582 -33.0049 4.0204
0.8735 16.4383 -2.7569 -171.7760 -65.2296 167.5360 0.0000 0.0000 0.0000 -14.5923 14.7185 8.4731 0.3354 3.7218 10.2953 1.0966 20.5395 -35.8354 0.2829 3.4209 9.4529 0.0000 0.0000 0.0000 20.8253 16.5505 -5.0782 -3.1941 -11.0028 32.2895 -0.8467 2.1713 -16.7888 -0.0032 -0.3651 1.0031 -1.7390 -3.9704 3.5295 0.8619 -5.5165 -5.4746 2.4149 -2.6374 -7.4530 -1.9959 -9.3356 6.2378 1.1003 -12.5818 -4.6659 1.1509 -6.2591 -2.3355 -0.0000 -0.0000 0.0000 -70.6055 15.8523 48.9426 20.3621 -31.0761 -5.7171 -0.0000 0.0000 -29.7376 9.7509 8.4271 1.4427 -7.1250 0.0000 -0.0000 -14.6383 38.1385 2.5384 -0.0000 -0.0000 0.0000 69.7880 -15.6923 44.3410 -18.8741 29.2619 -4.9692 0.0000 0.0000 1.0862 -10.0799 -3.2615 0.5794 7.1250 -0.0000 -0.0000 13.3851 -33.0730 4.0062
0.8727 16.4380 -2.7473 -171.8820 -64.8727 167.6290 0.0000 0.0000 0.0000 -14.6347 14.8990 8.4812 0.3340 3.7139 10.2731 1.1108 20.6207 -35.9979 0.2882 3.4525 9.5413 0.0000 0.0000 0.0000 20.8166 16.6765 -5.0995 -3.1928 -11.0007 32.2823 -0.8340 2.3003 -16.6308 -0.0038 -0.3971 1.0911 -1.7433 -3.9791 3.5003 0.8555 -5.5284 -5.4657 2.4086 -2.6442 -7.4261 -1.9676 -9.3431 6.2037 1.0932 -12.5893 -4.6649 1.1424 -6.2631 -2.3311 -0.0000 -0.0000 0.0000 -70.6380 15.8329 48.9435 20.3213 -31.0275 -5.6960 -0.0000 0.0000 -29.7434 9.7754 8.4071 1.4430 -7.1250 0.0000 -0.0000 -14.6135 38.1207 2.5404 -0.0000 -0.0000 0.0000 69.7891 -15.6922 44.3435 -18.9058 29.3014 -4.9847 0.0000 0.0000 1.0796 -10.1053 -3.4155 0.6083 7.1250 -0.0000 -0.0000 13.3897 -33.2260 3.9568
0.8723 16.4379 -2.7379 -171.9000 -64.5129 167.6410 0.0000 0.0000 0.0000 -14.6300 15.0843 8.4604 0.3353 3.7215 10.2945 1.1265 20.6791 -36.1440 0.2926 3.4783 9.6134 0.0000 0.0000 0.0000 20.8588 16.8237 -5.1005 -3.1887 -10.9945 32.2612 -0.8218 2.3907 -16.4865 -0.0042 -0.4187 1.1505 -1.7217 -3.9884 3.4814 0.8686 -5.5389 -5.4662 2.4097 -2.6508 -7.4158 -1.9603 -9.3437 6.2164 1.0826 -12.5905 -4.6840 1.1397 -6.2632 -2.3410 0.0000 0.0000 0.0000 -70.6799 15.8440 48.9665 20.2898 -30.9899 -5.6798 -0.0000 0.0000 -29.7624 9.7986 8.3557 1.4377 -7.1250 0.0000 -0.0000 -14.5827 38.0719 2.5527 0.0000 0.0000 0.0000 69.7694 -15.7111 44.3685 -18.9333 29.3357 -4.9981 0.0000 0.0000 1.0613 -10.1854 -3.5647 0.6400 7.1250 -0.0000 -0.0000 13.3502 -33.3765 3.8946
0.8725 16.4377 -2.7287 -171.8440 -64.1543 167.5890 0.0000 0.0000 0.0000 -14.5926 15.2421 8.4129 0.3396 3.7449 10.3601 1.1489 20.7211 -36.3081 0.2975 3.5069 9.6933 0.0000 0.0000 0.0000 20.9422 16.9881 -5.0945 -3.1826 -10.9850 32.2292 -0.8096 2.4554 -16.3473 -0.0046 -0.4368 1.2002 -1.6729 -3.9929 3.4636 0.8909 -5.5403 -5.4610 2.4045 -2.6541 -7.4021 -1.9424 -9.3427 6.2153 1.0666 -12.5889 -4.7125 1.1332 -6.2619 -2.3526 0.0000 0.0000 0.0000 -70.6971 15.8396 49.0622 20.2748 -30.9720 -5.6721 -0.0000 0.0000 -29.8028 9.8512 8.3345 1.4419 -7.1250 0.0000 -0.0000 -14.5342 38.0548 2.5501 0.0000 0.0000 0.0000 69.7632 -15.7166 44.3717 -18.9471 29.3529 -5.0049 0.0000 0.0000 1.0332 -10.2674 -3.6166 0.6547 7.1250 -0.0000 -0.0000 13.2932 -33.4310 3.8592
0.8734 16.4377 -2.7192 -171.8190 -63.8230 167.5710 0.0000 0.0000 0.0000 -14.5832 15.3568 8.3781 0.3428 3.7621 10.4083 1.1775 20.7601 -36.5008 0.3054 3.5530 9.8224 0.0000 0.0000 0.0000 20.9985 17.1376 -5.1070 -3.1780 -10.9777 32.2047 -0.7972 2.5299 -16.2032 -0.0051 -0.4615 1.2682 -1.6356 -3.9938 3.4496 0.9033 -5.5381 -5.4545 2.3950 -2.6553 -7.3892 -1.9153 -9.3461 6.1953 1.0578 -12.5917 -4.7410 1.1265 -6.2632 -2.3608 0.0000 0.0000 0.0000 -70.6944 15.8205 49.1890 20.2770 -30.9747 -5.6732 -0.0000 0.0000 -29.8396 9.9182 8.3857 1.4607 -7.1250 0.0000 -0.0000 -14.4895 38.1097 2.5218 0.0000 0.0000 0.0000 69.7829 -15.7173 44.3369 -18.9467 29.3524 -5.0047 0.0000 0.0000 1.0153 -10.2941 -3.6151 0.6561 7.1250 -0.0000 -0.0000 13.2715 -33.4306 3.8527
0.8741 16.4377 -2.7093 -171.8900 -63.5388 167.6410 0.0000 0.0000 0.0000 -14.6329 15.4528 8.3820 0.3417 3.7564 10.3924 1.1995 20.8176 -36.6769 0.3135 3.5994 9.9524 0.0000 0.0000 0.0000 20.9844 17.2456 -5.1443 -3.1771 -10.9764 32.2003 -0.7853 2.6352 -16.0582 -0.0057 -0.4871 1.3384 -1.6360 -3.9967 3.4268 0.8961 -5.5421 -5.4457 2.3857 -2.6581 -7.3670 -1.8989 -9.3493 6.1787 1.0630 -12.5944 -4.7693 1.1258 -6.2647 -2.3679 0.0000 0.0000 0.0000 -70.6899 15.7946 49.2962 20.2867 -30.9862 -5.6782 -0.0000 0.0000 -29.8713 9.9597 8.4555 1.4791 -7.1250 0.0000 -0.0000 -14.4704 38.1811 2.4922 0.0000 0.0000 0.0000 69.8105 -15.7187 44.3029 -18.9423 29.3469 -5.0025 0.0000 0.0000 1.0176 -10.2870 -3.6512 0.6622 7.1250 -0.0000 -0.0000 13.2830 -33.4660 3.8445
0.8741 16.4379 -2.6995 -172.0080 -63.2850 167.7520 0.0000 0.0000 0.0000 -14.7107 15.5497 8.4242 0.3364 3.7275 10.3113 1.2058 20.9167 -36.8136 0.3187 3.6290 10.0352 0.0000 0.0000 0.0000 20.9352 17.3362 -5.1836 -3.1800 -10.9809 32.2153 -0.7758 2.7651 -15.9348 -0.0064 -0.5172 1.4212 -1.6565 -4.0041 3.3908 0.8813 -5.5536 -5.4319 2.3787 -2.6640 -7.3304 -1.9029 -9.3458 6.1732 1.0811 -12.5894 -4.8005 1.1328 -6.2625 -2.3759 0.0000 -0.0000 0.0000 -70.6929 15.7746 49.3691 20.3029 -31.0056 -5.6866 -0.0000 0.0000 -29.9063 9.9685 8.4764 1.4840 -7.1250 0.0000 -0.0000 -14.4676 38.2022 2.4840 0.0000 -0.0000 0.0000 69.8300 -15.7176 44.3042 -18.9360 29.3391 -4.9995 0.0000 0.0000 1.0154 -10.3045 -3.6568 0.6644 7.1250 -0.0000 -0.0000 13.2700 -33.4722 3.8385
0.8736 16.4382 -2.6898 -172.1320 -63.0533 167.8680 0.0000 0.0000 0.0000 -14.7934 15.6515 8.4757 0.3294 3.6887 10.2026 1.2006 21.0396 -36.9152 0.3212 3.6429 10.0741 0.0000 0.0000 0.0000 20.8791 17.4293 -5.2145 -3.1844 -10.9877 32.2385 -0.7688 2.8943 -15.8380 -0.0074 -0.5541 1.5226 -1.6824 -4.0151 3.3496 0.8668 -5.5700 -5.4166 2.3747 -2.6722 -7.2883 -1.8990 -9.3444 6.1682 1.0856 -12.5873 -4.8351 1.1346 -6.2613 -2.3865 0.0000 0.0000 0.0000 -70.7020 15.7714 49.4219 20.3338 -31.0424 -5.7025 -0.0000 0.0000 -29.9396 9.9849 8.4290 1.4783 -7.1250 0.0000 -0.0000 -14.4434 38.1569 2.4961 0.0000 0.0000 0.0000 69.8468 -15.7065 44.3151 -18.9131 29.3106 -4.9883 0.0000 0.0000 1.0445 -10.3141 -3.6248 0.6592 7.1250 -0.0000 -0.0000 13.2572 -33.4409 3.8449
0.8736 16.4385 -2.6804 -172.1960 -62.8410 167.9290 0.0000 0.0000 0.0000 -14.8473 15.7354 8.4991 0.3253 3.6658 10.1382 1.2010 21.1382 -37.0204 0.3236 3.6567 10.1127 0.0000 0.0000 0.0000 20.8588 17.5369 -5.2289 -3.1860 -10.9902 32.2468 -0.7628 2.9772 -15.7616 -0.0083 -0.5896 1.6202 -1.6931 -4.0284 3.3261 0.8638 -5.5884 -5.4087 2.3767 -2.6814 -7.2646 -1.8784 -9.3491 6.1715 1.0672 -12.5935 -4.8658 1.1276 -6.2638 -2.3999 -0.0000 -0.0000 0.0000 -70.7255 15.7837 49.4397 20.3735 -31.0897 -5.7229 -0.0000 0.0000 -29.9515 9.9977 8.3679 1.4696 -7.1250 0.0000 -0.0000 -14.4193 38.0979 2.5132 -0.0000 -0.0000 0.0000 69.8553 -15.7167 44.3235 -18.8918 29.2840 -4.9778 0.0000 0.0000 1.0903 -10.2930 -3.6053 0.6543 7.1250 -0.0000 -0.0000 13.2708 -33.4208 3.8557
0.8747 16.4386 -2.6713 -172.1870 -62.6443 167.9250 0.0000 0.0000 0.0000 -14.8626 15.8011 8.4795 0.3256 3.6678 10.1440 1.2134 21.1864 -37.1350 0.3276 3.6787 10.1745 0.0000 0.0000 0.0000 20.8829 17.6599 -5.2300 -3.1833 -10.9861 32.2329 -0.7572 3.0055 -15.6964 -0.0091 -0.6158 1.6922 -1.6834 -4.0400 3.3278 0.8718 -5.6031 -5.4088 2.3810 -2.6891 -7.2652 -1.8610 -9.3546 6.1809 1.0466 -12.6007 -4.8782 1.1200 -6.2668 -2.4082 0.0000 0.0000 0.0000 -70.7491 15.7989 49.4502 20.4157 -31.1399 -5.7448 -0.0000 0.0000 -29.9615 9.9865 8.3200 1.4596 -7.1250 0.0000 -0.0000 -14.4181 38.0500 2.5304 0.0000 0.0000 0.0000 69.8588 -15.7630 44.3324 -18.8912 29.2832 -4.9775 0.0000 0.0000 1.1071 -10.2685 -3.5926 0.6504 7.1250 -0.0000 -0.0000 13.2883 -33.4073 3.8655
0.8754 16.4382 -2.6625 -172.1890 -62.4805 167.9160 0.0000 0.0000 0.0000 -14.8699 15.8963 8.4488 0.3281 3.6814 10.1820 1.2245 21.1935 -37.2000 0.3296 3.6898 10.2056 0.0000 0.0000 0.0000 20.8952 17.7417 -5.2179 -3.1794 -10.9800 32.2124 -0.7517 3.0385 -15.6330 -0.0096 -0.6330 1.7395 -1.6816 -4.0544 3.3432 0.8743 -5.6223 -5.4048 2.3855 -2.6985 -7.2688 -1.8573 -9.3566 6.1931 1.0468 -12.6033 -4.8787 1.1204 -6.2681 -2.4108 0.0000 0.0000 0.0000 -70.7576 15.8097 49.4873 20.4582 -31.1904 -5.7667 -0.0000 0.0000 -29.9979 9.9745 8.2865 1.4520 -7.1250 0.0000 -0.0000 -14.4208 38.0163 2.5432 0.0000 0.0000 0.0000 69.8700 -15.8204 44.3225 -18.8921 29.2844 -4.9780 0.0000 0.0000 1.1072 -10.2776 -3.5514 0.6435 7.1250 -0.0000 -0.0000 13.2743 -33.3670 3.8745
0.8759 16.4378 -2.6538 -172.2010 -62.3478 167.9170 0.0000 0.0000 0.0000 -14.8780 16.0099 8.4089 0.3302 3.6934 10.2156 1.2267 21.1934 -37.2111 0.3289 3.6861 10.1952 0.0000 0.0000 0.0000 20.8872 17.7861 -5.2199 -3.1766 -10.9755 32.1974 -0.7461 3.0803 -15.5658 -0.0097 -0.6347 1.7442 -1.6880 -4.0702 3.3496 0.8726 -5.6438 -5.3966 2.3891 -2.7088 -7.2623 -1.8442 -9.3633 6.1995 1.0501 -12.6111 -4.8769 1.1200 -6.2724 -2.4118 0.0000 -0.0000 0.0000 -70.7571 15.8121 49.5412 20.4968 -31.2362 -5.7868 -0.0000 0.0000 -30.0361 9.9758 8.2477 1.4454 -7.1250 0.0000 -0.0000 -14.4112 37.9783 2.5552 0.0000 -0.0000 0.0000 69.8965 -15.8550 44.2823 -18.8639 29.2492 -4.9641 0.0000 0.0000 1.1236 -10.3006 -3.4925 0.6343 7.1250 -0.0000 -0.0000 13.2463 -33.3095 3.8849
0.8773 16.4379 -2.6451 -172.2270 -62.2352 167.9460 0.0000 0.0000 0.0000 -14.9061 16.0853 8.3636 0.3312 3.6986 10.2302 1.2250 21.2177 -37.2279 0.3283 3.6826 10.1855 0.0000 0.0000 0.0000 20.8641 17.8331 -5.2465 -3.1752 -10.9734 32.1903 -0.7407 3.1066 -15.5042 -0.0094 -0.6261 1.7205 -1.7065 -4.0833 3.3471 0.8716 -5.6626 -5.3913 2.3993 -2.7173 -7.2526 -1.8320 -9.3731 6.2124 1.0529 -12.6235 -4.8832 1.1204 -6.2787 -2.4167 0.0000 0.0000 0.0000 -70.7519 15.8019 49.6091 20.5299 -31.2755 -5.8039 -0.0000 0.0000 -30.0773 9.9746 8.2167 1.4398 -7.1250 0.0000 -0.0000 -14.4055 37.9478 2.5652 0.0000 0.0000 0.0000 69.9270 -15.8724 44.2362 -18.8148 29.1879 -4.9402 0.0000 0.0000 1.1365 -10.3278 -3.4424 0.6269 7.1250 -0.0000 -0.0000 13.2166 -33.2611 3.8917
0.8793 16.4384 -2.6365 -172.3100 -62.1371 168.0280 0.0000 0.0000 0.0000 -14.9769 16.1186 8.3494 0.3293 3.6880 10.2005 1.2245 21.2663 -37.2760 0.3311 3.6982 10.2291 0.0000 0.0000 0.0000 20.8151 17.9057 -5.2748 -3.1764 -10.9752 32.1964 -0.7373 3.1142 -15.4654 -0.0094 -0.6264 1.7213 -1.7573 -4.0944 3.3524 0.8656 -5.6811 -5.3861 2.4226 -2.7240 -7.2451 -1.8312 -9.3781 6.2167 1.0548 -12.6299 -4.8787 1.1212 -6.2821 -2.4157 -0.0000 -0.0000 0.0000 -70.7449 15.7856 49.6662 20.5582 -31.3090 -5.8187 -0.0000 0.0000 -30.1194 9.9598 8.1854 1.4322 -7.1250 0.0000 -0.0000 -14.4109 37.9160 2.5778 -0.0000 -0.0000 0.0000 69.9588 -15.8759 44.1857 -18.7596 29.1189 -4.9133 0.0000 0.0000 1.1817 -10.3403 -3.4088 0.6216 7.1250 -0.0000 -0.0000 13.2012 -33.2282 3.8977
0.8806 16.4384 -2.6285 -172.4250 -62.0614 168.1190 0.0000 0.0000 0.0000 -15.0637 16.1423 8.3733 0.3265 3.6723 10.1566 1.2246 21.3165 -37.3292 0.3340 3.7141 10.2735 0.0000 0.0000 0.0000 20.7537 17.9691 -5.2756 -3.1784 -10.9783 32.2069 -0.7355 3.1208 -15.4457 -0.0097 -0.6357 1.7470 -1.8210 -4.1108 3.3668 0.8539 -5.7077 -5.3731 2.4483 -2.7339 -7.2334 -1.8338 -9.3736 6.2151 1.0504 -12.6242 -4.8624 1.1192 -6.2792 -2.4102 -0.0000 0.0000 0.0000 -70.7458 15.7745 49.6837 20.5811 -31.3360 -5.8305 -0.0000 0.0000 -30.1516 9.9555 8.1456 1.4247 -7.1250 0.0000 -0.0000 -14.4058 37.8767 2.5911 -0.0000 0.0000 0.0000 69.9881 -15.8689 44.1273 -18.7038 29.0490 -4.8862 0.0000 0.0000 1.3184 -10.2959 -3.4110 0.6193 7.1250 -0.0000 -0.0000 13.2370 -33.2288 3.9086
0.8820 16.4385 -2.6209 -172.4600 -61.9940 168.1440 0.0000 0.0000 0.0000 -15.1113 16.1462 8.3739 0.3262 3.6708 10.1522 1.2314 21.3461 -37.3946 0.3369 3.7299 10.3180 0.0000 0.0000 0.0000 20.7359 18.0428 -5.2690 -3.1783 -10.9783 32.2066 -0.7339 3.0996 -15.4311 -0.0097 -0.6353 1.7458 -1.8466 -4.1265 3.3802 0.8521 -5.7302 -5.3633 2.4629 -2.7436 -7.2274 -1.8320 -9.3678 6.2080 1.0346 -12.6167 -4.8318 1.1122 -6.2753 -2.4000 -0.0000 -0.0000 0.0000 -70.7467 15.7697 49.6882 20.6018 -31.3605 -5.8413 -0.0000 0.0000 -30.1622 9.9682 8.1191 1.4219 -7.1250 0.0000 -0.0000 -14.3896 37.8515 2.5972 -0.0000 -0.0000 0.0000 70.0179 -15.8679 44.0845 -18.6473 28.9781 -4.8588 0.0000 0.0000 1.4254 -10.2327 -3.4225 0.6174 7.1250 -0.0000 -0.0000 13.2892 -33.2378 3.9217
0.8837 16.4387 -2.6136 -172.4530 -61.9269 168.1400 0.0000 0.0000 0.0000 -15.1406 16.1286 8.3369 0.3295 3.6891 10.2035 1.2459 21.3564 -37.4798 0.3401 3.7474 10.3671 0.0000 0.0000 0.0000 20.7435 18.1356 -5.2605 -3.1763 -10.9751 32.1960 -0.7319 3.0498 -15.4164 -0.0093 -0.6244 1.7158 -1.8468 -4.1323 3.3937 0.8539 -5.7380 -5.3597 2.4666 -2.7472 -7.2308 -1.8399 -9.3666 6.2078 1.0303 -12.6157 -4.8040 1.1108 -6.2748 -2.3905 0.0000 0.0000 0.0000 -70.7337 15.7663 49.7139 20.6227 -31.3852 -5.8522 -0.0000 0.0000 -30.1565 9.9782 8.1091 1.4216 -7.1250 0.0000 -0.0000 -14.3791 37.8423 2.5985 0.0000 0.0000 0.0000 70.0440 -15.8902 44.0877 -18.6029 28.9222 -4.8373 0.0000 0.0000 1.3922 -10.2043 -3.3999 0.6116 7.1250 -0.0000 -0.0000 13.3084 -33.2143 3.9354
0.8857 16.4390 -2.6064 -172.4240 -61.8533 168.1230 0.0000 0.0000 0.0000 -15.1610 16.0973 8.2847 0.3340 3.7141 10.2736 1.2678 21.3540 -37.5892 0.3458 3.7784 10.4540 0.0000 0.0000 0.0000 20.7673 18.2485 -5.2554 -3.1746 -10.9724 32.1870 -0.7301 2.9822 -15.4067 -0.0090 -0.6136 1.6862 -1.8293 -4.1288 3.4075 0.8570 -5.7321 -5.3596 2.4609 -2.7449 -7.2403 -1.8582 -9.3659 6.2048 1.0406 -12.6153 -4.7768 1.1154 -6.2749 -2.3789 -0.0000 -0.0000 0.0000 -70.7052 15.7619 49.7557 20.6435 -31.4098 -5.8630 -0.0000 0.0000 -30.1508 9.9675 8.1039 1.4192 -7.1250 0.0000 -0.0000 -14.3868 37.8365 2.6021 -0.0000 -0.0000 0.0000 70.0667 -15.9236 44.0961 -18.5743 28.8863 -4.8235 0.0000 0.0000 1.3500 -10.2123 -3.3468 0.6026 7.1250 -0.0000 -0.0000 13.2933 -33.1622 3.9480
0.8869 16.4391 -2.5997 -172.4200 -61.7896 168.1240 0.0000 0.0000 0.0000 -15.1924 16.0722 8.2509 0.3370 3.7306 10.3199 1.2877 21.3556 -37.6916 0.3517 3.8102 10.5434 0.0000 0.0000 0.0000 20.7758 18.3455 -5.2527 -3.1747 -10.9726 32.1875 -0.7288 2.9260 -15.4009 -0.0089 -0.6104 1.6775 -1.8165 -4.1243 3.4103 0.8550 -5.7252 -5.3547 2.4512 -2.7423 -7.2384 -1.8708 -9.3607 6.2063 1.0480 -12.6088 -4.7616 1.1188 -6.2719 -2.3729 0.0000 -0.0000 0.0000 -70.6758 15.7582 49.7872 20.6578 -31.4267 -5.8705 -0.0000 0.0000 -30.1560 9.9601 8.0899 1.4157 -7.1250 0.0000 -0.0000 -14.3900 37.8224 2.6078 0.0000 -0.0000 0.0000 70.0874 -15.9528 44.0788 -18.5615 28.8702 -4.8173 0.0000 0.0000 1.4204 -10.1914 -3.3360 0.5994 7.1250 -0.0000 -0.0000 13.3082 -33.1507 3.9564
0.8871 16.4390 -2.5938 -172.4700 -61.7564 168.1700 0.0000 0.0000 0.0000 -15.2485 16.0621 8.2555 0.3359 3.7245 10.3029 1.2964 21.3730 -37.7535 0.3565 3.8359 10.6155 0.0000 0.0000 0.0000 20.7462 18.4066 -5.2584 -3.1774 -10.9768 32.2018 -0.7284 2.8950 -15.4021 -0.0090 -0.6137 1.6864 -1.8315 -4.1250 3.4091 0.8458 -5.7275 -5.3523 2.4498 -2.7429 -7.2346 -1.8747 -9.3526 6.2244 1.0437 -12.5988 -4.7583 1.1187 -6.2667 -2.3753 -0.0000 -0.0000 0.0000 -70.6533 15.7680 49.8047 20.6661 -31.4365 -5.8748 -0.0000 0.0000 -30.1739 9.9603 8.1040 1.4181 -7.1250 0.0000 -0.0000 -14.3928 37.8362 2.6033 -0.0000 -0.0000 0.0000 70.1015 -15.9869 44.0762 -18.5562 28.8635 -4.8148 0.0000 0.0000 1.4743 -10.1909 -3.3372 0.5995 7.1250 -0.0000 -0.0000 13.3088 -33.1519 3.9562
0.8862 16.4387 -2.5886 -172.5800 -61.7573 168.2550 0.0000 0.0000 0.0000 -15.3264 16.0804 8.2972 0.3317 3.7015 10.2384 1.2898 21.4042 -37.7526 0.3574 3.8407 10.6290 0.0000 0.0000 0.0000 20.6784 18.4296 -5.2559 -3.1817 -10.9836 32.2245 -0.7293 2.8828 -15.4132 -0.0088 -0.6063 1.6662 -1.8774 -4.1303 3.4074 0.8270 -5.7383 -5.3440 2.4557 -2.7464 -7.2217 -1.8679 -9.3485 6.2461 1.0300 -12.5939 -4.7644 1.1150 -6.2638 -2.3827 0.0000 0.0000 0.0000 -70.6387 15.7800 49.8020 20.6680 -31.4387 -5.8758 -0.0000 0.0000 -30.1807 9.9618 8.1409 1.4248 -7.1250 0.0000 -0.0000 -14.3995 37.8725 2.5914 0.0000 0.0000 0.0000 70.1046 -16.0156 44.1146 -18.5534 28.8599 -4.8134 0.0000 0.0000 1.4296 -10.2335 -3.2988 0.5952 7.1250 -0.0000 -0.0000 13.2686 -33.1155 3.9557
0.8849 16.4380 -2.5839 -172.6450 -61.7703 168.2960 0.0000 0.0000 0.0000 -15.3707 16.1229 8.3362 0.3277 3.6795 10.1766 1.2769 21.4234 -37.7071 0.3557 3.8314 10.6029 0.0000 0.0000 0.0000 20.6340 18.4458 -5.2403 -3.1853 -10.9891 32.2432 -0.7310 2.8654 -15.4346 -0.0083 -0.5884 1.6169 -1.8992 -4.1369 3.4111 0.8129 -5.7490 -5.3342 2.4537 -2.7509 -7.2122 -1.8652 -9.3484 6.2524 1.0190 -12.5942 -4.7613 1.1115 -6.2636 -2.3838 0.0000 -0.0000 0.0000 -70.6298 15.7939 49.7827 20.6625 -31.4323 -5.8729 -0.0000 0.0000 -30.1672 9.9765 8.1584 1.4299 -7.1250 0.0000 -0.0000 -14.3912 37.8906 2.5833 0.0000 -0.0000 0.0000 70.1003 -16.0335 44.1725 -18.5488 28.8542 -4.8112 0.0000 0.0000 1.3425 -10.2635 -3.2474 0.5877 7.1250 -0.0000 -0.0000 13.2366 -33.0659 3.9620
0.8837 16.4373 -2.5795 -172.6680 -61.7769 168.3070 0.0000 0.0000 0.0000 -15.3881 16.1679 8.3378 0.3268 3.6740 10.1613 1.2686 21.4178 -37.6594 0.3531 3.8179 10.5649 0.0000 0.0000 0.0000 20.6158 18.4792 -5.2191 -3.1866 -10.9912 32.2502 -0.7327 2.8341 -15.4581 -0.0078 -0.5701 1.5665 -1.8946 -4.1390 3.4020 0.8043 -5.7509 -5.3195 2.4406 -2.7527 -7.1923 -1.8652 -9.3510 6.2287 1.0175 -12.5972 -4.7510 1.1092 -6.2652 -2.3761 -0.0000 -0.0000 0.0000 -70.6247 15.7951 49.7511 20.6468 -31.4137 -5.8647 -0.0000 0.0000 -30.1514 9.9958 8.1554 1.4323 -7.1250 0.0000 -0.0000 -14.3744 37.8891 2.5806 -0.0000 -0.0000 0.0000 70.0986 -16.0321 44.2167 -18.5479 28.8530 -4.8107 0.0000 0.0000 1.2558 -10.2645 -3.2241 0.5835 7.1250 -0.0000 -0.0000 13.2320 -33.0428 3.9682
0.8829 16.4370 -2.5753 -172.6600 -61.7717 168.3060 0.0000 0.0000 0.0000 -15.3928 16.1964 8.2908 0.3293 3.6880 10.2005 1.2663 21.4028 -37.6320 0.3506 3.8043 10.5268 0.0000 0.0000 0.0000 20.6164 18.5354 -5.2035 -3.1853 -10.9891 32.2431 -0.7342 2.7908 -15.4812 -0.0074 -0.5539 1.5220 -1.8756 -4.1356 3.3824 0.8039 -5.7439 -5.3063 2.4266 -2.7508 -7.1690 -1.8667 -9.3517 6.1924 1.0246 -12.5973 -4.7476 1.1092 -6.2657 -2.3678 0.0000 0.0000 0.0000 -70.6259 15.7892 49.7217 20.6219 -31.3843 -5.8518 -0.0000 0.0000 -30.1519 10.0175 8.1535 1.4351 -7.1250 0.0000 -0.0000 -14.3559 37.8887 2.5773 0.0000 0.0000 0.0000 70.0930 -16.0242 44.2382 -18.5608 28.8693 -4.8170 0.0000 0.0000 1.1979 -10.2536 -3.2375 0.5853 7.1250 -0.0000 -0.0000 13.2428 -33.0557 3.9673
0.8824 16.4368 -2.5715 -172.6330 -61.7649 168.3020 0.0000 0.0000 0.0000 -15.3942 16.2060 8.2124 0.3340 3.7140 10.2735 1.2663 21.3903 -37.6189 0.3475 3.7878 10.4804 0.0000 0.0000 0.0000 20.6250 18.5873 -5.2003 -3.1817 -10.9835 32.2244 -0.7349 2.7281 -15.5002 -0.0061 -0.5038 1.3845 -1.8536 -4.1327 3.3563 0.8113 -5.7371 -5.2960 2.4188 -2.7490 -7.1445 -1.8633 -9.3474 6.1647 1.0324 -12.5907 -4.7683 1.1100 -6.2625 -2.3694 -0.0000 0.0000 0.0000 -70.6389 15.7830 49.6957 20.5872 -31.3433 -5.8337 -0.0000 0.0000 -30.1540 10.0339 8.1540 1.4376 -7.1250 0.0000 -0.0000 -14.3424 37.8903 2.5742 -0.0000 0.0000 0.0000 70.0785 -16.0015 44.2410 -18.5771 28.8898 -4.8248 0.0000 0.0000 1.2062 -10.2370 -3.2686 0.5899 7.1250 -0.0000 -0.0000 13.2611 -33.0858 3.9631
0.8814 16.4364 -2.5682 -172.6370 -61.7780 168.3180 0.0000 0.0000 0.0000 -15.4135 16.2023 8.1496 0.3384 3.7384 10.3418 1.2693 21.3733 -37.6164 0.3457 3.7777 10.4521 0.0000 0.0000 0.0000 20.6144 18.6070 -5.1959 -3.1774 -10.9768 32.2017 -0.7357 2.6640 -15.5197 -0.0046 -0.4377 1.2028 -1.8534 -4.1363 3.3520 0.8184 -5.7416 -5.2973 2.4261 -2.7512 -7.1425 -1.8618 -9.3373 6.1679 1.0410 -12.5770 -4.8092 1.1139 -6.2556 -2.3835 -0.0000 -0.0000 0.0000 -70.6651 15.8030 49.6810 20.5428 -31.2907 -5.8106 -0.0000 0.0000 -30.1430 10.0467 8.1452 1.4379 -7.1250 0.0000 -0.0000 -14.3298 37.8825 2.5746 -0.0000 -0.0000 0.0000 70.0525 -15.9765 44.2563 -18.5797 28.8930 -4.8261 0.0000 0.0000 1.2223 -10.2572 -3.2657 0.5906 7.1250 -0.0000 -0.0000 13.2445 -33.0837 3.9586
0.8802 16.4360 -2.5655 -172.6270 -61.8080 168.3060 0.0000 0.0000 0.0000 -15.4259 16.1771 8.1277 0.3415 3.7553 10.3892 1.2779 21.3495 -37.6357 0.3466 3.7830 10.4670 0.0000 0.0000 0.0000 20.6113 18.6039 -5.1753 -3.1730 -10.9700 32.1788 -0.7369 2.6066 -15.5420 -0.0036 -0.3858 1.0600 -1.8504 -4.1424 3.3692 0.8243 -5.7495 -5.3003 2.4330 -2.7547 -7.1549 -1.8651 -9.3254 6.1819 1.0559 -12.5613 -4.8438 1.1208 -6.2479 -2.3966 0.0000 -0.0000 0.0000 -70.6897 15.8307 49.6855 20.4924 -31.2310 -5.7845 -0.0000 0.0000 -30.1148 10.0153 8.1573 1.4354 -7.1250 0.0000 -0.0000 -14.3585 37.8923 2.5765 0.0000 -0.0000 0.0000 70.0329 -15.9529 44.2641 -18.5695 28.8803 -4.8212 0.0000 0.0000 1.2044 -10.3328 -3.1948 0.5822 7.1250 -0.0000 -0.0000 13.1730 -33.0163 3.9583
0.8795 16.4359 -2.5633 -172.5830 -61.8431 168.2580 0.0000 0.0000 0.0000 -15.4203 16.1359 8.1252 0.3437 3.7673 10.4230 1.2889 21.3250 -37.6659 0.3498 3.8000 10.5146 0.0000 0.0000 0.0000 20.6292 18.6097 -5.1452 -3.1690 -10.9638 32.1578 -0.7384 2.5518 -15.5687 -0.0031 -0.3608 0.9914 -1.8357 -4.1457 3.3972 0.8323 -5.7530 -5.3043 2.4362 -2.7564 -7.1758 -1.8708 -9.3130 6.1925 1.0659 -12.5449 -4.8519 1.1252 -6.2399 -2.4005 0.0000 0.0000 0.0000 -70.7041 15.8531 49.7104 20.4434 -31.1728 -5.7591 -0.0000 0.0000 -30.0813 9.9537 8.1781 1.4300 -7.1250 0.0000 -0.0000 -14.4145 37.9084 2.5812 0.0000 0.0000 0.0000 70.0227 -15.9394 44.2496 -18.5693 28.8801 -4.8211 0.0000 0.0000 1.1878 -10.3855 -3.1536 0.5776 7.1250 -0.0000 -0.0000 13.1245 -32.9774 3.9557
0.8790 16.4360 -2.5618 -172.5530 -61.8781 168.2320 0.0000 0.0000 0.0000 -15.4208 16.1000 8.1221 0.3447 3.7725 10.4375 1.2947 21.3096 -37.6793 0.3521 3.8122 10.5488 0.0000 0.0000 0.0000 20.6384 18.6250 -5.1284 -3.1668 -10.9603 32.1460 -0.7400 2.5038 -15.5950 -0.0028 -0.3445 0.9466 -1.8262 -4.1452 3.4074 0.8345 -5.7517 -5.3058 2.4342 -2.7559 -7.1841 -1.8662 -9.3019 6.1880 1.0618 -12.5297 -4.8402 1.1220 -6.2323 -2.3966 0.0000 0.0000 0.0000 -70.7045 15.8632 49.7420 20.4018 -31.1233 -5.7376 -0.0000 0.0000 -30.0651 9.9061 8.1815 1.4237 -7.1250 0.0000 -0.0000 -14.4548 37.9084 2.5888 0.0000 0.0000 0.0000 70.0229 -15.9279 44.2232 -18.5921 28.9087 -4.8321 0.0000 0.0000 1.2041 -10.3808 -3.1920 0.5844 7.1250 -0.0000 -0.0000 13.1344 -33.0153 3.9465
0.8777 16.4362 -2.5608 -172.5580 -61.9114 168.2450 0.0000 0.0000 0.0000 -15.4382 16.0752 8.1231 0.3442 3.7698 10.4299 1.2949 21.3064 -37.6775 0.3525 3.8147 10.5558 0.0000 0.0000 0.0000 20.6271 18.6402 -5.1236 -3.1668 -10.9603 32.1461 -0.7422 2.4734 -15.6247 -0.0027 -0.3361 0.9234 -1.8271 -4.1409 3.3904 0.8293 -5.7459 -5.3027 2.4271 -2.7535 -7.1717 -1.8532 -9.2932 6.1768 1.0436 -12.5176 -4.8236 1.1127 -6.2262 -2.3913 -0.0000 -0.0000 0.0000 -70.6966 15.8682 49.7698 20.3728 -31.0888 -5.7226 -0.0000 0.0000 -30.0763 9.9089 8.1795 1.4237 -7.1250 0.0000 -0.0000 -14.4521 37.9067 2.5889 -0.0000 -0.0000 0.0000 70.0258 -15.9144 44.2112 -18.6330 28.9602 -4.8519 0.0000 0.0000 1.2293 -10.3524 -3.2655 0.5962 7.1250 -0.0000 -0.0000 13.1687 -33.0870 3.9338
0.8758 16.4363 -2.5602 -172.5680 -61.9443 168.2680 0.0000 0.0000 0.0000 -15.4589 16.0500 8.1278 0.3430 3.7634 10.4121 1.2936 21.3106 -37.6749 0.3523 3.8137 10.5530 0.0000 0.0000 0.0000 20.6103 18.6431 -5.1269 -3.1677 -10.9616 32.1506 -0.7450 2.4606 -15.6567 -0.0026 -0.3287 0.9031 -1.8272 -4.1349 3.3568 0.8230 -5.7375 -5.2974 2.4166 -2.7502 -7.1476 -1.8476 -9.2819 6.1726 1.0229 -12.5029 -4.8109 1.1042 -6.2184 -2.3883 -0.0000 -0.0000 0.0000 -70.6894 15.8726 49.7798 20.3559 -31.0688 -5.7139 -0.0000 0.0000 -30.0930 9.9447 8.1857 1.4300 -7.1250 0.0000 -0.0000 -14.4236 37.9152 2.5804 -0.0000 -0.0000 0.0000 70.0247 -15.8991 44.2212 -18.6823 29.0219 -4.8757 0.0000 0.0000 1.2552 -10.3221 -3.3152 0.6034 7.1250 -0.0000 -0.0000 13.2008 -33.1351 3.9281
0.8739 16.4365 -2.5600 -172.5970 -61.9934 168.3100 0.0000 0.0000 0.0000 -15.4861 16.0337 8.1273 0.3415 3.7553 10.3892 1.2881 21.3087 -37.6451 0.3513 3.8083 10.5379 0.0000 0.0000 0.0000 20.5786 18.6296 -5.1355 -3.1683 -10.9627 32.1542 -0.7482 2.4502 -15.6944 -0.0025 -0.3202 0.8797 -1.8442 -4.1301 3.3239 0.8147 -5.7321 -5.2959 2.4139 -2.7475 -7.1263 -1.8505 -9.2660 6.1944 1.0010 -12.4835 -4.8135 1.0989 -6.2078 -2.3948 0.0000 -0.0000 0.0000 -70.6893 15.8826 49.7660 20.3481 -31.0594 -5.7099 -0.0000 0.0000 -30.0890 9.9865 8.1727 1.4339 -7.1250 0.0000 -0.0000 -14.3859 37.9054 2.5769 0.0000 -0.0000 0.0000 70.0187 -15.8932 44.2511 -18.7329 29.0854 -4.9003 0.0000 0.0000 1.2521 -10.3078 -3.3367 0.6065 7.1250 -0.0000 -0.0000 13.2156 -33.1557 3.9260
0.8723 16.4366 -2.5605 -172.6270 -62.0657 168.3470 0.0000 0.0000 0.0000 -15.5049 16.0320 8.1279 0.3396 3.7450 10.3604 1.2750 21.3013 -37.5707 0.3489 3.7950 10.5005 0.0000 0.0000 0.0000 20.5470 18.6047 -5.1356 -3.1687 -10.9632 32.1559 -0.7526 2.4304 -15.7453 -0.0024 -0.3167 0.8701 -1.8717 -4.1260 3.3095 0.8027 -5.7290 -5.2979 2.4150 -2.7451 -7.1190 -1.8449 -9.2496 6.2340 0.9690 -12.4635 -4.8255 1.0906 -6.1966 -2.4089 -0.0000 0.0000 0.0000 -70.6874 15.8962 49.7474 20.3460 -31.0569 -5.7088 -0.0000 0.0000 -30.0659 10.0013 8.1570 1.4333 -7.1250 0.0000 -0.0000 -14.3702 37.8910 2.5792 -0.0000 0.0000 0.0000 70.0197 -15.9091 44.2777 -18.7907 29.1578 -4.9284 0.0000 0.0000 1.2237 -10.3011 -3.3527 0.6090 7.1250 -0.0000 -0.0000 13.2234 -33.1713 3.9233
0.8711 16.4365 -2.5615 -172.6330 -62.1558 168.3470 0.0000 0.0000 0.0000 -15.5055 16.0274 8.1374 0.3384 3.7384 10.3419 1.2590 21.2924 -37.4798 0.3451 3.7749 10.4444 0.0000 0.0000 0.0000 20.5309 18.5668 -5.1165 -3.1682 -10.9625 32.1536 -0.7576 2.4029 -15.8043 -0.0023 -0.3123 0.8581 -1.8949 -4.1225 3.3235 0.7894 -5.7269 -5.3011 2.4152 -2.7428 -7.1298 -1.8310 -9.2282 6.2649 0.9284 -12.4365 -4.8258 1.0771 -6.1819 -2.4187 0.0000 0.0000 0.0000 -70.6769 15.9093 49.7481 20.3495 -31.0611 -5.7106 -0.0000 0.0000 -30.0464 9.9911 8.1588 1.4322 -7.1250 0.0000 -0.0000 -14.3791 37.8921 2.5805 0.0000 0.0000 0.0000 70.0288 -15.9413 44.2986 -18.8516 29.2338 -4.9582 0.0000 0.0000 1.1955 -10.2825 -3.3764 0.6122 7.1250 -0.0000 -0.0000 13.2421 -33.1941 3.9216
0.8704 16.4364 -2.5625 -172.6140 -62.2533 168.3250 0.0000 0.0000 0.0000 -15.4984 15.9942 8.1341 0.3394 3.7435 10.3560 1.2455 21.2871 -37.4054 0.3408 3.7514 10.3783 0.0000 0.0000 0.0000 20.5218 18.5086 -5.1012 -3.1665 -10.9599 32.1448 -0.7614 2.3820 -15.8492 -0.0021 -0.2979 0.8184 -1.9112 -4.1191 3.3550 0.7791 -5.7248 -5.3070 2.4164 -2.7405 -7.1540 -1.8148 -9.1947 6.2638 0.8777 -12.3928 -4.7976 1.0564 -6.1590 -2.4142 0.0000 0.0000 0.0000 -70.6612 15.9170 49.7680 20.3590 -31.0724 -5.7155 -0.0000 0.0000 -30.0498 9.9785 8.1749 1.4331 -7.1250 0.0000 -0.0000 -14.3931 37.9070 2.5777 0.0000 0.0000 0.0000 70.0428 -15.9611 44.3311 -18.8911 29.2832 -4.9775 0.0000 0.0000 1.1773 -10.2741 -3.3711 0.6107 7.1250 -0.0000 -0.0000 13.2480 -33.1886 3.9252
0.8705 16.4368 -2.5636 -172.5480 -62.3506 168.2750 0.0000 0.0000 0.0000 -15.4714 15.9398 8.0913 0.3430 3.7631 10.4110 1.2382 21.2625 -37.3421 0.3367 3.7288 10.3149 0.0000 0.0000 0.0000 20.5306 18.4512 -5.1041 -3.1632 -10.9546 32.1269 -0.7636 2.3540 -15.8788 -0.0019 -0.2791 0.7669 -1.9101 -4.1114 3.3896 0.7752 -5.7158 -5.3201 2.4148 -2.7353 -7.1890 -1.7892 -9.1537 6.2548 0.8145 -12.3387 -4.7652 1.0296 -6.1308 -2.4085 0.0000 -0.0000 0.0000 -70.6417 15.9195 49.8021 20.3761 -31.0928 -5.7243 -0.0000 0.0000 -30.0610 9.9732 8.1940 1.4357 -7.1250 0.0000 -0.0000 -14.4017 37.9254 2.5726 0.0000 -0.0000 0.0000 70.0669 -15.9806 44.3612 -18.9136 29.3112 -4.9885 0.0000 0.0000 1.1459 -10.2975 -3.3350 0.6056 7.1250 -0.0000 -0.0000 13.2235 -33.1538 3.9291
0.8713 16.4376 -2.5648 -172.4520 -62.4529 168.2130 0.0000 0.0000 0.0000 -15.4294 15.8857 8.0189 0.3475 3.7877 10.4802 1.2360 21.2070 -37.2731 0.3343 3.7157 10.2782 0.0000 0.0000 0.0000 20.5524 18.4090 -5.1220 -3.1592 -10.9485 32.1063 -0.7657 2.3040 -15.9114 -0.0016 -0.2595 0.7130 -1.9012 -4.0970 3.4071 0.7737 -5.6966 -5.3280 2.4088 -2.7258 -7.2096 -1.7464 -9.1120 6.2478 0.7327 -12.2837 -4.7562 0.9954 -6.1015 -2.4133 -0.0000 -0.0000 0.0000 -70.6166 15.8943 49.8480 20.3992 -31.1203 -5.7363 -0.0000 0.0000 -30.0648 9.9720 8.2146 1.4391 -7.1250 0.0000 -0.0000 -14.4071 37.9455 2.5663 -0.0000 -0.0000 0.0000 70.1021 -16.0040 44.3620 -18.9411 29.3454 -5.0019 0.0000 0.0000 1.1211 -10.3322 -3.3182 0.6046 7.1250 -0.0000 -0.0000 13.1932 -33.1384 3.9246
0.8713 16.4380 -2.5663 -172.4090 -62.5846 168.1950 0.0000 0.0000 0.0000 -15.4061 15.8682 7.9567 0.3502 3.8023 10.5211 1.2258 21.1384 -37.1490 0.3300 3.6922 10.2124 0.0000 0.0000 0.0000 20.5411 18.3472 -5.1399 -3.1569 -10.9448 32.0940 -0.7694 2.2517 -15.9614 -0.0014 -0.2386 0.6556 -1.9189 -4.0834 3.4071 0.7607 -5.6797 -5.3204 2.4031 -2.7169 -7.2019 -1.7085 -9.0654 6.2384 0.6599 -12.2225 -4.7749 0.9655 -6.0691 -2.4260 -0.0000 -0.0000 0.0000 -70.5906 15.8442 49.8884 20.4267 -31.1530 -5.7505 -0.0000 0.0000 -30.0574 9.9813 8.2165 1.4408 -7.1250 0.0000 -0.0000 -14.3998 37.9480 2.5641 -0.0000 -0.0000 0.0000 70.1450 -16.0165 44.3359 -18.9629 29.3725 -5.0126 0.0000 0.0000 1.1291 -10.3523 -3.3440 0.6105 7.1250 -0.0000 -0.0000 13.1812 -33.1647 3.9123
0.8703 16.4380 -2.5680 -172.4080 -62.7572 168.2030 0.0000 0.0000 0.0000 -15.3962 15.8806 7.9156 0.3506 3.8044 10.5271 1.1999 21.0780 -36.9515 0.3215 3.6449 10.0796 0.0000 0.0000 0.0000 20.5008 18.2515 -5.1492 -3.1557 -10.9429 32.0875 -0.7752 2.2030 -16.0337 -0.0012 -0.2200 0.6043 -1.9602 -4.0777 3.4160 0.7398 -5.6753 -5.3097 2.4038 -2.7130 -7.1940 -1.6909 -9.0145 6.2363 0.6098 -12.1562 -4.8103 0.9466 -6.0343 -2.4429 0.0000 0.0000 0.0000 -70.5759 15.7974 49.9020 20.4579 -31.1901 -5.7666 -0.0000 0.0000 -30.0446 10.0029 8.2113 1.4430 -7.1250 0.0000 -0.0000 -14.3807 37.9445 2.5618 0.0000 0.0000 0.0000 70.1879 -16.0222 44.3074 -18.9630 29.3727 -5.0127 0.0000 0.0000 1.1328 -10.3763 -3.3799 0.6185 7.1250 -0.0000 -0.0000 13.1677 -33.2010 3.8962
0.8697 16.4385 -2.5700 -172.3890 -62.9625 168.1970 0.0000 0.0000 0.0000 -15.3770 15.8876 7.8661 0.3509 3.8059 10.5313 1.1652 21.0218 -36.7110 0.3105 3.5821 9.9038 0.0000 0.0000 0.0000 20.4669 18.1553 -5.1487 -3.1532 -10.9390 32.0744 -0.7828 2.1327 -16.1295 -0.0010 -0.2076 0.5704 -2.0028 -4.0764 3.4497 0.7183 -5.6782 -5.3109 2.4080 -2.7119 -7.2129 -1.6935 -8.9692 6.2594 0.5904 -12.0981 -4.8595 0.9425 -6.0041 -2.4656 0.0000 -0.0000 0.0000 -70.5679 15.7643 49.8907 20.4894 -31.2275 -5.7829 -0.0000 0.0000 -30.0316 10.0127 8.2405 1.4496 -7.1250 0.0000 -0.0000 -14.3789 37.9737 2.5508 0.0000 -0.0000 0.0000 70.2397 -16.0394 44.2620 -18.9439 29.3489 -5.0033 0.0000 0.0000 1.1621 -10.3706 -3.4385 0.6288 7.1250 -0.0000 -0.0000 13.1818 -33.2588 3.8817
0.8696 16.4397 -2.5724 -172.3590 -63.1900 168.1940 0.0000 0.0000 0.0000 -15.3574 15.8713 7.7954 0.3519 3.8111 10.5459 1.1308 20.9607 -36.4653 0.2996 3.5197 9.7291 0.0000 0.0000 0.0000 20.4360 18.0740 -5.1478 -3.1492 -10.9327 32.0532 -0.7912 2.0377 -16.2391 -0.0009 -0.1967 0.5405 -2.0484 -4.0716 3.4848 0.6925 -5.6770 -5.3130 2.4094 -2.7088 -7.2341 -1.6978 -8.9375 6.2717 0.5799 -12.0577 -4.9000 0.9409 -5.9831 -2.4824 0.0000 0.0000 0.0000 -70.5544 15.7167 49.8706 20.5187 -31.2622 -5.7982 -0.0000 0.0000 -30.0244 10.0135 8.3017 1.4604 -7.1250 0.0000 -0.0000 -14.3916 38.0339 2.5313 0.0000 0.0000 0.0000 70.3034 -16.0663 44.2010 -18.9175 29.3161 -4.9904 0.0000 0.0000 1.2159 -10.3392 -3.4906 0.6364 7.1250 -0.0000 -0.0000 13.2153 -33.3092 3.8755
0.8696 16.4414 -2.5750 -172.3310 -63.4279 168.2060 0.0000 0.0000 0.0000 -15.3463 15.8325 7.6996 0.3542 3.8238 10.5816 1.1014 20.8922 -36.2362 0.2900 3.4633 9.5715 0.0000 0.0000 0.0000 20.3979 17.9984 -5.1571 -3.1436 -10.9240 32.0241 -0.7989 1.9343 -16.3431 -0.0008 -0.1881 0.5168 -2.0986 -4.0588 3.5251 0.6618 -5.6662 -5.3230 2.4081 -2.7006 -7.2672 -1.6820 -8.9223 6.2703 0.5494 -12.0380 -4.9192 0.9291 -5.9723 -2.4919 0.0000 0.0000 0.0000 -70.5346 15.6679 49.8578 20.5464 -31.2950 -5.8125 -0.0000 0.0000 -30.0220 10.0202 8.3473 1.4694 -7.1250 0.0000 -0.0000 -14.3960 38.0792 2.5157 0.0000 0.0000 0.0000 70.3704 -16.1126 44.1589 -18.8802 29.2696 -4.9721 0.0000 0.0000 1.2592 -10.3023 -3.5025 0.6362 7.1250 -0.0000 -0.0000 13.2467 -33.3195 3.8817
0.8697 16.4438 -2.5774 -172.2280 -63.6603 168.1640 0.0000 0.0000 0.0000 -15.3069 15.7634 7.5827 0.3595 3.8516 10.6596 1.1096 20.7201 -36.0969 0.2924 3.4774 9.6108 0.0000 0.0000 0.0000 20.3940 17.9324 -5.1725 -3.1348 -10.9102 31.9776 -0.8054 1.8221 -16.4375 -0.0009 -0.1901 0.5224 -2.1123 -4.0394 3.5600 0.6392 -5.6437 -5.3351 2.3940 -2.6884 -7.3026 -1.6502 -8.9210 6.2794 0.5063 -12.0368 -4.9472 0.9126 -5.9705 -2.5078 -0.0000 -0.0000 0.0000 -70.5151 15.6175 49.8534 20.5748 -31.3287 -5.8273 -0.0000 0.0000 -30.0247 10.0397 8.3624 1.4749 -7.1250 0.0000 -0.0000 -14.3831 38.0954 2.5075 -0.0000 -0.0000 0.0000 70.4286 -16.1690 44.1579 -18.8400 29.2193 -4.9525 0.0000 0.0000 1.2660 -10.2688 -3.4953 0.6328 7.1250 -0.0000 -0.0000 13.2723 -33.3111 3.8923
0.8696 16.4461 -2.5794 -172.0740 -63.8960 168.0790 0.0000 0.0000 0.0000 -15.2516 15.6699 7.4633 0.3664 3.8880 10.7618 1.1351 20.5021 -36.0035 0.2995 3.5191 9.7276 0.0000 0.0000 0.0000 20.4103 17.8603 -5.1863 -3.1247 -10.8943 31.9241 -0.8120 1.7095 -16.5326 -0.0009 -0.1940 0.5332 -2.1016 -4.0183 3.5765 0.6229 -5.6155 -5.3322 2.3699 -2.6752 -7.3131 -1.6258 -8.9235 6.3079 0.4796 -12.0411 -5.0045 0.9048 -5.9714 -2.5356 0.0000 0.0000 0.0000 -70.5096 15.5458 49.8309 20.5972 -31.3552 -5.8389 -0.0000 0.0000 -30.0301 10.0588 8.3952 1.4835 -7.1250 0.0000 -0.0000 -14.3743 38.1288 2.4937 0.0000 0.0000 0.0000 70.4739 -16.1961 44.1852 -18.7917 29.1591 -4.9290 0.0000 0.0000 1.2684 -10.2184 -3.5034 0.6311 7.1250 -0.0000 -0.0000 13.3138 -33.3172 3.9031
0.8684 16.4472 -2.5810 -171.9480 -64.1466 168.0040 0.0000 0.0000 0.0000 -15.2168 15.5560 7.3653 0.3723 3.9189 10.8486 1.1264 20.4103 -35.8602 0.2929 3.4803 9.6188 0.0000 0.0000 0.0000 20.4087 17.7623 -5.1956 -3.1176 -10.8830 31.8862 -0.8193 1.6112 -16.6328 -0.0009 -0.1904 0.5231 -2.1051 -3.9948 3.5858 0.6047 -5.5837 -5.3093 2.3495 -2.6598 -7.2968 -1.6035 -8.9269 6.3246 0.4621 -12.0463 -5.0711 0.8998 -5.9730 -2.5636 -0.0000 0.0000 0.0000 -70.5148 15.4407 49.8141 20.6037 -31.3629 -5.8423 -0.0000 0.0000 -30.0541 10.0748 8.4535 1.4962 -7.1250 0.0000 -0.0000 -14.3737 38.1872 2.4725 -0.0000 0.0000 0.0000 70.5022 -16.1988 44.2081 -18.7531 29.1108 -4.9102 0.0000 0.0000 1.3052 -10.1270 -3.5105 0.6266 7.1250 -0.0000 -0.0000 13.3879 -33.3207 3.9247
0.8670 16.4477 -2.5825 -171.7980 -64.4027 167.9040 0.0000 0.0000 0.0000 -15.1802 15.4164 7.2679 0.3781 3.9493 10.9341 1.0871 20.4396 -35.6775 0.2748 3.3718 9.3157 0.0000 0.0000 0.0000 20.4158 17.6547 -5.2027 -3.1105 -10.8719 31.8490 -0.8263 1.5075 -16.7322 -0.0008 -0.1770 0.4864 -2.1063 -3.9663 3.6209 0.5939 -5.5455 -5.2934 2.3376 -2.6406 -7.3031 -1.5658 -8.9301 6.3319 0.4179 -12.0509 -5.1162 0.8828 -5.9739 -2.5854 0.0000 -0.0000 0.0000 -70.5311 15.3331 49.8121 20.5867 -31.3427 -5.8334 -0.0000 0.0000 -30.0860 10.0696 8.5042 1.5043 -7.1250 0.0000 -0.0000 -14.3892 38.2366 2.4574 0.0000 -0.0000 0.0000 70.5123 -16.2099 44.2176 -18.7189 29.0679 -4.8935 0.0000 0.0000 1.3798 -10.0206 -3.3979 0.6000 7.1250 -0.0000 -0.0000 13.4544 -33.2054 3.9837
0.8660 16.4500 -2.5840 -171.6170 -64.6525 167.7830 0.0000 0.0000 0.0000 -15.1374 15.2456 7.1849 0.3859 3.9894 11.0469 1.1350 20.2066 -35.6929 0.2888 3.4560 9.5509 0.0000 0.0000 0.0000 20.4416 17.5636 -5.2002 -3.0987 -10.8531 31.7859 -0.8323 1.3817 -16.8265 -0.0007 -0.1657 0.4554 -2.0976 -3.9306 3.6690 0.5923 -5.4972 -5.2892 2.3308 -2.6162 -7.3296 -1.5287 -8.9235 6.3404 0.3602 -12.0429 -5.1378 0.8605 -5.9684 -2.6006 0.0000 0.0000 0.0000 -70.5689 15.2400 49.7806 20.5567 -31.3072 -5.8178 -0.0000 0.0000 -30.0746 10.0125 8.5417 1.5021 -7.1250 0.0000 -0.0000 -14.4453 38.2694 2.4555 0.0000 0.0000 0.0000 70.5027 -16.2438 44.2226 -18.6997 29.0438 -4.8842 0.0000 0.0000 1.4305 -9.9709 -3.2116 0.5643 7.1250 -0.0000 -0.0000 13.4637 -33.0197 4.0488
0.8652 16.4529 -2.5855 -171.4650 -64.9024 167.6960 0.0000 0.0000 0.0000 -15.1143 15.0596 7.1024 0.3937 4.0288 11.1578 1.2002 19.9228 -35.7517 0.3110 3.5850 9.9120 0.0000 0.0000 0.0000 20.4535 17.4918 -5.2003 -3.0862 -10.8333 31.7198 -0.8383 1.2516 -16.9228 -0.0007 -0.1665 0.4575 -2.1052 -3.8945 3.7178 0.5941 -5.4503 -5.2969 2.3370 -2.5914 -7.3677 -1.5123 -8.8893 6.3832 0.3181 -11.9993 -5.1525 0.8465 -5.9452 -2.6178 0.0000 0.0000 0.0000 -70.6318 15.1888 49.6955 20.5328 -31.2790 -5.8055 -0.0000 0.0000 -30.0148 9.9261 8.5447 1.4894 -7.1250 0.0000 -0.0000 -14.5182 38.2662 2.4697 0.0000 0.0000 0.0000 70.4744 -16.2911 44.2224 -18.6955 29.0386 -4.8822 0.0000 0.0000 1.4631 -9.9790 -3.0891 0.5432 7.1250 -0.0000 -0.0000 13.4376 -32.8989 4.0809
0.8642 16.4543 -2.5872 -171.3590 -65.1611 167.6530 0.0000 0.0000 0.0000 -15.1111 14.8915 6.9991 0.3989 4.0549 11.2313 1.1718 19.9309 -35.6059 0.2985 3.5130 9.7103 0.0000 0.0000 0.0000 20.4400 17.4260 -5.2197 -3.0806 -10.8244 31.6899 -0.8458 1.1334 -17.0333 -0.0007 -0.1724 0.4736 -2.1362 -3.8625 3.7671 0.5900 -5.4112 -5.3095 2.3511 -2.5692 -7.4095 -1.4729 -8.8382 6.4311 0.2708 -11.9313 -5.1600 0.8265 -5.9101 -2.6356 -0.0000 0.0000 0.0000 -70.6768 15.1741 49.6415 20.5315 -31.2774 -5.8048 -0.0000 0.0000 -29.9761 9.8712 8.5021 1.4737 -7.1250 0.0000 -0.0000 -14.5547 38.2205 2.4930 -0.0000 0.0000 0.0000 70.4471 -16.3295 44.1994 -18.6989 29.0428 -4.8838 0.0000 0.0000 1.5192 -9.9763 -3.0851 0.5424 7.1250 -0.0000 -0.0000 13.4391 -32.8950 4.0826
0.8623 16.4545 -2.5894 -171.2390 -65.4336 167.5950 0.0000 0.0000 0.0000 -15.0902 14.7717 6.8810 0.4019 4.0704 11.2747 1.0791 20.1074 -35.2813 0.2623 3.2951 9.1015 0.0000 0.0000 0.0000 20.4269 17.3424 -5.2492 -3.0794 -10.8225 31.6837 -0.8550 1.0256 -17.1581 -0.0007 -0.1697 0.4663 -2.1579 -3.8391 3.8120 0.5796 -5.3827 -5.3144 2.3536 -2.5533 -7.4414 -1.4114 -8.7845 6.4596 0.2127 -11.8582 -5.1624 0.7981 -5.8727 -2.6502 -0.0000 -0.0000 0.0000 -70.6824 15.1705 49.6574 20.5488 -31.2979 -5.8138 -0.0000 0.0000 -29.9918 9.8538 8.4595 1.4637 -7.1250 0.0000 -0.0000 -14.5597 38.1776 2.5097 -0.0000 -0.0000 0.0000 70.4367 -16.3260 44.1680 -18.6845 29.0248 -4.8768 0.0000 0.0000 1.5651 -9.9944 -3.0727 0.5412 7.1250 -0.0000 -0.0000 13.4228 -32.8834 4.0813
0.8599 16.4559 -2.5917 -171.1250 -65.7100 167.5350 0.0000 0.0000 0.0000 -15.0693 14.6593 6.8004 0.4053 4.0872 11.3222 1.0641 20.0216 -35.1072 0.2550 3.2493 8.9735 0.0000 0.0000 0.0000 20.4134 17.2461 -5.2591 -3.0746 -10.8148 31.6578 -0.8638 0.9071 -17.2815 -0.0006 -0.1556 0.4274 -2.1746 -3.8162 3.8548 0.5634 -5.3543 -5.3083 2.3464 -2.5379 -7.4612 -1.3611 -8.7366 6.4711 0.1543 -11.7937 -5.1735 0.7710 -5.8394 -2.6638 -0.0000 0.0000 0.0000 -70.6676 15.1581 49.7128 20.5685 -31.3212 -5.8240 -0.0000 0.0000 -30.0119 9.8514 8.4525 1.4622 -7.1250 0.0000 -0.0000 -14.5602 38.1705 2.5124 -0.0000 0.0000 0.0000 70.4335 -16.2877 44.1339 -18.6637 28.9986 -4.8667 0.0000 0.0000 1.5957 -10.0207 -3.0785 0.5437 7.1250 -0.0000 -0.0000 13.4028 -32.8901 4.0727
0.8577 16.4588 -2.5939 -171.0000 -65.9760 167.4630 0.0000 0.0000 0.0000 -15.0524 14.5043 6.7612 0.4099 4.1098 11.3857 1.1400 19.6709 -35.1609 0.2825 3.4184 9.4460 0.0000 0.0000 0.0000 20.4129 17.1624 -5.2485 -3.0650 -10.7995 31.6065 -0.8713 0.7709 -17.3980 -0.0005 -0.1480 0.4065 -2.1826 -3.7865 3.9078 0.5486 -5.3164 -5.3041 2.3360 -2.5181 -7.4900 -1.3234 -8.6929 6.4949 0.0909 -11.7370 -5.2063 0.7461 -5.8092 -2.6864 0.0000 0.0000 0.0000 -70.6489 15.1557 49.7696 20.5875 -31.3437 -5.8339 -0.0000 0.0000 -30.0006 9.8495 8.4566 1.4626 -7.1250 0.0000 -0.0000 -14.5626 38.1744 2.5114 0.0000 0.0000 0.0000 70.4347 -16.2460 44.0649 -18.6536 28.9859 -4.8618 0.0000 0.0000 1.6798 -10.0239 -3.1186 0.5510 7.1250 -0.0000 -0.0000 13.4067 -32.9299 4.0607
0.8553 16.4609 -2.5963 -170.8500 -66.2274 167.3700 0.0000 0.0000 0.0000 -15.0357 14.3117 6.7060 0.4149 4.1344 11.4551 1.1646 19.5300 -35.1508 0.2910 3.4692 9.5880 0.0000 0.0000 0.0000 20.4278 17.0987 -5.2412 -3.0569 -10.7867 31.5637 -0.8788 0.6393 -17.5146 -0.0006 -0.1586 0.4357 -2.1776 -3.7504 3.9600 0.5360 -5.2686 -5.2994 2.3196 -2.4941 -7.5193 -1.2613 -8.6459 6.5173 -0.0037 -11.6763 -5.2583 0.7081 -5.7762 -2.7188 0.0000 -0.0000 0.0000 -70.6271 15.1576 49.8089 20.6017 -31.3604 -5.8413 -0.0000 0.0000 -29.9759 9.8495 8.4651 1.4640 -7.1250 0.0000 -0.0000 -14.5646 38.1828 2.5087 0.0000 -0.0000 0.0000 70.4471 -16.1948 43.9618 -18.6517 28.9835 -4.8609 0.0000 0.0000 1.7956 -10.0345 -3.1695 0.5605 7.1250 -0.0000 -0.0000 13.4063 -32.9804 4.0437
0.8514 16.4614 -2.5992 -170.6860 -66.4830 167.2660 0.0000 0.0000 0.0000 -15.0127 14.1334 6.6227 0.4187 4.1535 11.5090 1.1003 19.6782 -34.9470 0.2643 3.3076 9.1362 0.0000 0.0000 0.0000 20.4406 17.0191 -5.2508 -3.0539 -10.7818 31.5475 -0.8878 0.5394 -17.6359 -0.0008 -0.1772 0.4869 -2.1637 -3.7204 3.9918 0.5242 -5.2275 -5.2865 2.2976 -2.4743 -7.5283 -1.1789 -8.5841 6.5355 -0.1246 -11.5962 -5.3361 0.6587 -5.7327 -2.7624 0.0000 0.0000 0.0000 -70.6137 15.1527 49.8062 20.5970 -31.3549 -5.8388 -0.0000 0.0000 -29.9724 9.8583 8.4549 1.4636 -7.1250 0.0000 -0.0000 -14.5549 38.1733 2.5104 0.0000 0.0000 0.0000 70.4575 -16.1296 43.8676 -18.6562 28.9892 -4.8631 0.0000 0.0000 1.9003 -10.0972 -3.1779 0.5656 7.1250 -0.0000 -0.0000 13.3579 -32.9910 4.0249
0.8463 16.4615 -2.6021 -170.5510 -66.7573 167.1860 0.0000 0.0000 0.0000 -14.9978 13.9852 6.5377 0.4220 4.1694 11.5537 1.0213 19.8404 -34.6747 0.2330 3.1064 8.5751 0.0000 0.0000 0.0000 20.4289 16.9073 -5.2658 -3.0520 -10.7787 31.5372 -0.8971 0.4547 -17.7562 -0.0008 -0.1845 0.5069 -2.1595 -3.6962 4.0103 0.5074 -5.1950 -5.2724 2.2754 -2.4587 -7.5273 -1.0984 -8.5108 6.5528 -0.2551 -11.5021 -5.4230 0.6061 -5.6818 -2.8094 0.0000 0.0000 0.0000 -70.6076 15.1364 49.7861 20.5644 -31.3163 -5.8219 -0.0000 0.0000 -29.9882 9.8861 8.4127 1.4606 -7.1250 0.0000 -0.0000 -14.5224 38.1339 2.5189 0.0000 0.0000 0.0000 70.4619 -16.0739 43.7814 -18.6773 29.0158 -4.8734 0.0000 0.0000 1.9939 -10.1728 -3.1574 0.5662 7.1250 -0.0000 -0.0000 13.2944 -32.9734 4.0107
0.8407 16.4626 -2.6052 -170.4040 -67.0388 167.0960 0.0000 0.0000 0.0000 -14.9737 13.8516 6.4727 0.4258 4.1877 11.6054 1.0088 19.7593 -34.5172 0.2264 3.0624 8.4525 0.0000 0.0000 0.0000 20.4169 16.7721 -5.2791 -3.0477 -10.7719 31.5145 -0.9057 0.3654 -17.8707 -0.0007 -0.1725 0.4740 -2.1490 -3.6682 4.0232 0.4863 -5.1573 -5.2633 2.2445 -2.4411 -7.5297 -1.0258 -8.4357 6.5644 -0.3831 -11.4058 -5.4898 0.5542 -5.6300 -2.8478 -0.0000 -0.0000 0.0000 -70.5886 15.1119 49.7876 20.5165 -31.2597 -5.7970 -0.0000 0.0000 -30.0032 9.9069 8.3789 1.4579 -7.1250 0.0000 -0.0000 -14.4975 38.1022 2.5260 -0.0000 -0.0000 0.0000 70.4797 -16.0468 43.6689 -18.7259 29.0767 -4.8969 0.0000 0.0000 2.1084 -10.1989 -3.1704 0.5701 7.1250 -0.0000 -0.0000 13.2757 -32.9874 4.0002
0.8346 16.4638 -2.6090 -170.2400 -67.3153 166.9890 0.0000 0.0000 0.0000 -14.9404 13.7221 6.3987 0.4307 4.2116 11.6728 0.9971 19.6745 -34.3598 0.2207 3.0242 8.3460 0.0000 0.0000 0.0000 20.4130 16.6269 -5.2896 -3.0415 -10.7619 31.4812 -0.9135 0.2717 -17.9785 -0.0005 -0.1508 0.4143 -2.1355 -3.6347 4.0226 0.4644 -5.1119 -5.2525 2.2092 -2.4201 -7.5230 -0.9612 -8.3538 6.5493 -0.5069 -11.2999 -5.5218 0.5016 -5.5740 -2.8685 -0.0000 -0.0000 0.0000 -70.5593 15.0801 49.8075 20.4676 -31.2016 -5.7716 -0.0000 0.0000 -29.9989 9.9050 8.4005 1.4613 -7.1250 0.0000 -0.0000 -14.5038 38.1233 2.5194 -0.0000 -0.0000 0.0000 70.5135 -16.0276 43.5570 -18.7847 29.1503 -4.9255 0.0000 0.0000 2.2069 -10.2065 -3.2233 0.5800 7.1250 -0.0000 -0.0000 13.2781 -33.0399 3.9836
0.8278 16.4651 -2.6135 -170.0500 -67.5921 166.8560 0.0000 0.0000 0.0000 -14.8925 13.5998 6.3128 0.4375 4.2442 11.7646 0.9869 19.5771 -34.1969 0.2156 2.9892 8.2486 0.0000 0.0000 0.0000 20.4187 16.4661 -5.2932 -3.0333 -10.7488 31.4372 -0.9208 0.1821 -18.0814 -0.0004 -0.1358 0.3732 -2.1243 -3.6023 4.0224 0.4478 -5.0679 -5.2469 2.1812 -2.3995 -7.5214 -0.8997 -8.2581 6.5189 -0.6393 -11.1754 -5.5227 0.4440 -5.5089 -2.8759 -0.0000 0.0000 0.0000 -70.5342 15.0663 49.8267 20.4276 -31.1541 -5.7509 -0.0000 0.0000 -29.9825 9.8956 8.4563 1.4695 -7.1250 0.0000 -0.0000 -14.5241 38.1773 2.5033 -0.0000 0.0000 0.0000 70.5427 -16.0255 43.5085 -18.8413 29.2210 -4.9531 0.0000 0.0000 2.2392 -10.2506 -3.2439 0.5863 7.1250 -0.0000 -0.0000 13.2463 -33.0619 3.9664
0.8211 16.4665 -2.6183 -169.7850 -67.8731 166.6500 0.0000 0.0000 0.0000 -14.8114 13.4677 6.2081 0.4467 4.2883 11.8892 0.9738 19.4822 -34.0197 0.2086 2.9409 8.1144 0.0000 0.0000 0.0000 20.4556 16.3003 -5.2854 -3.0220 -10.7307 31.3768 -0.9281 0.0906 -18.1837 -0.0005 -0.1453 0.3993 -2.0954 -3.5699 4.0369 0.4378 -5.0231 -5.2507 2.1519 -2.3788 -7.5393 -0.8519 -8.1519 6.5007 -0.7639 -11.0375 -5.5074 0.3904 -5.4373 -2.8786 -0.0000 -0.0000 0.0000 -70.5046 15.0646 49.8519 20.3951 -31.1154 -5.7341 -0.0000 0.0000 -29.9679 9.8778 8.5209 1.4779 -7.1250 0.0000 -0.0000 -14.5534 38.2395 2.4858 -0.0000 -0.0000 0.0000 70.5756 -16.0462 43.5177 -18.8900 29.2818 -4.9769 0.0000 0.0000 2.1919 -10.2858 -3.2262 0.5852 7.1250 -0.0000 -0.0000 13.2155 -33.0457 3.9620
0.8144 16.4678 -2.6233 -169.4970 -68.1743 166.4070 0.0000 0.0000 0.0000 -14.7218 13.3292 6.1210 0.4558 4.3309 12.0096 0.9547 19.3967 -33.8163 0.1995 2.8763 7.9345 0.0000 0.0000 0.0000 20.4957 16.1060 -5.2635 -3.0102 -10.7116 31.3132 -0.9360 0.0109 -18.2883 -0.0006 -0.1646 0.4523 -2.0685 -3.5363 4.0559 0.4232 -4.9768 -5.2493 2.1187 -2.3574 -7.5546 -0.8171 -8.0498 6.5013 -0.8726 -10.9053 -5.4958 0.3451 -5.3686 -2.8840 -0.0000 -0.0000 0.0000 -70.4637 15.0439 49.8892 20.3617 -31.0757 -5.7169 -0.0000 0.0000 -29.9583 9.8452 8.5875 1.4844 -7.1250 0.0000 -0.0000 -14.5954 38.3025 2.4701 -0.0000 -0.0000 0.0000 70.6202 -16.0848 43.5485 -18.9437 29.3487 -5.0032 0.0000 0.0000 2.1297 -10.2416 -3.2346 0.5841 7.1250 -0.0000 -0.0000 13.2520 -33.0524 3.9713
0.8068 16.4685 -2.6288 -169.2900 -68.5120 166.2130 0.0000 0.0000 0.0000 -14.6659 13.1979 6.0930 0.4610 4.3551 12.0779 0.9312 19.3072 -33.5823 0.1912 2.8158 7.7664 0.0000 0.0000 0.0000 20.4961 15.8777 -5.2229 -3.0013 -10.6972 31.2654 -0.9458 -0.0623 -18.4099 -0.0007 -0.1672 0.4593 -2.0862 -3.5028 4.0702 0.3935 -4.9340 -5.2318 2.0935 -2.3360 -7.5471 -0.7872 -7.9625 6.5032 -0.9719 -10.7930 -5.4909 0.3045 -5.3100 -2.8909 -0.0000 -0.0000 0.0000 -70.4194 14.9938 49.9227 20.3292 -31.0370 -5.7001 -0.0000 0.0000 -29.9394 9.8040 8.6501 1.4887 -7.1250 0.0000 -0.0000 -14.6439 38.3608 2.4572 -0.0000 -0.0000 0.0000 70.6670 -16.1343 43.6190 -19.0061 29.4263 -5.0338 0.0000 0.0000 2.0260 -10.1705 -3.2610 0.5847 7.1250 -0.0000 -0.0000 13.3129 -33.0759 3.9826
0.7983 16.4689 -2.6347 -169.1130 -68.8956 166.0310 0.0000 0.0000 0.0000 -14.6215 13.0747 6.1003 0.4631 4.3652 12.1065 0.9052 19.1928 -33.3042 0.1836 2.7597 7.6103 0.0000 0.0000 0.0000 20.4774 15.6267 -5.1692 -2.9949 -10.6868 31.2307 -0.9580 -0.1524 -18.5603 -0.0005 -0.1495 0.4106 -2.1337 -3.4755 4.0934 0.3580 -4.9024 -5.2165 2.0806 -2.3185 -7.5449 -0.7576 -7.8931 6.5130 -1.0774 -10.7049 -5.4804 0.2632 -5.2632 -2.8975 0.0000 0.0000 0.0000 -70.3762 14.9495 49.9428 20.3134 -31.0181 -5.6920 -0.0000 0.0000 -29.9081 9.7620 8.6951 1.4899 -7.1250 0.0000 -0.0000 -14.6892 38.4019 2.4500 0.0000 0.0000 0.0000 70.7043 -16.2130 43.7254 -19.0761 29.5131 -5.0683 0.0000 0.0000 1.9194 -10.0797 -3.2561 0.5785 7.1250 -0.0000 -0.0000 13.3843 -33.0676 4.0078
0.7895 16.4695 -2.6409 -168.8710 -69.3170 165.7900 0.0000 0.0000 0.0000 -14.5531 12.9578 6.0937 0.4656 4.3768 12.1391 0.8760 19.0531 -32.9773 0.1744 2.6901 7.4170 0.0000 0.0000 0.0000 20.4746 15.3628 -5.1128 -2.9885 -10.6764 31.1961 -0.9716 -0.2701 -18.7331 -0.0003 -0.1195 0.3285 -2.1705 -3.4553 4.1060 0.3220 -4.8795 -5.2016 2.0613 -2.3061 -7.5375 -0.7316 -7.8368 6.5207 -1.1703 -10.6337 -5.4652 0.2270 -5.2252 -2.9011 0.0000 0.0000 0.0000 -70.3274 14.9055 49.9430 20.3185 -31.0241 -5.6946 -0.0000 0.0000 -29.8767 9.7271 8.7237 1.4893 -7.1250 0.0000 -0.0000 -14.7249 38.4274 2.4467 0.0000 0.0000 0.0000 70.7397 -16.3149 43.8493 -19.1588 29.6155 -5.1091 0.0000 0.0000 1.8260 -9.9683 -3.2380 0.5688 7.1250 -0.0000 -0.0000 13.4700 -33.0456 4.0421
0.7801 16.4703 -2.6473 -168.5940 -69.7576 165.5280 0.0000 0.0000 0.0000 -14.4779 12.8421 6.0523 0.4701 4.3975 12.1977 0.8492 18.8905 -32.6376 0.1643 2.6111 7.1977 0.0000 0.0000 0.0000 20.4745 15.0925 -5.0661 -2.9814 -10.6649 31.1577 -0.9851 -0.4014 -18.9101 -0.0002 -0.0822 0.2258 -2.2023 -3.4352 4.0830 0.2827 -4.8557 -5.1833 2.0330 -2.2943 -7.5064 -0.7019 -7.7909 6.5087 -1.2476 -10.5744 -5.4405 0.1942 -5.1940 -2.8970 -0.0000 -0.0000 0.0000 -70.2703 14.8507 49.9285 20.3395 -31.0492 -5.7054 -0.0000 0.0000 -29.8586 9.7125 8.7378 1.4894 -7.1250 0.0000 -0.0000 -14.7403 38.4401 2.4447 -0.0000 -0.0000 0.0000 70.7944 -16.4056 43.9464 -19.2262 29.6988 -5.1425 0.0000 0.0000 1.7588 -9.8805 -3.2356 0.5632 7.1250 -0.0000 -0.0000 13.5395 -33.0399 4.0659
0.7704 16.4714 -2.6540 -168.2870 -70.1884 165.2560 0.0000 0.0000 0.0000 -14.4030 12.7152 5.9748 0.4769 4.4288 12.2863 0.8316 18.7122 -32.3344 0.1554 2.5402 7.0011 0.0000 0.0000 0.0000 20.4839 14.8542 -5.0289 -2.9736 -10.6522 31.1157 -0.9985 -0.5476 -19.0921 -0.0000 -0.0436 0.1198 -2.2259 -3.4054 4.0387 0.2447 -4.8184 -5.1758 1.9991 -2.2765 -7.4757 -0.6750 -7.7506 6.5032 -1.3147 -10.5219 -5.4077 0.1654 -5.1666 -2.8905 0.0000 0.0000 0.0000 -70.2088 14.8083 49.9093 20.3767 -31.0935 -5.7246 -0.0000 0.0000 -29.8476 9.7223 8.7435 1.4919 -7.1250 0.0000 -0.0000 -14.7334 38.4464 2.4412 0.0000 0.0000 0.0000 70.8755 -16.4752 43.9996 -19.2469 29.7243 -5.1527 0.0000 0.0000 1.7271 -9.8238 -3.2853 0.5686 7.1250 -0.0000 -0.0000 13.5927 -33.0869 4.0668
0.7611 16.4728 -2.6607 -167.9270 -70.6327 164.9450 0.0000 0.0000 0.0000 -14.3217 12.5679 5.8679 0.4858 4.4692 12.4005 0.8182 18.5211 -32.0419 0.1469 2.4698 6.8060 0.0000 0.0000 0.0000 20.5086 14.6477 -4.9899 -2.9651 -10.6384 31.0699 -1.0133 -0.7187 -19.2969 -0.0000 -0.0168 0.0461 -2.2423 -3.3751 4.0037 0.2143 -4.7806 -5.1858 1.9708 -2.2582 -7.4691 -0.6559 -7.7108 6.5058 -1.3897 -10.4711 -5.3642 0.1355 -5.1396 -2.8818 -0.0000 -0.0000 0.0000 -70.1519 14.7947 49.8990 20.4319 -31.1591 -5.7531 -0.0000 0.0000 -29.8357 9.7335 8.7434 1.4936 -7.1250 0.0000 -0.0000 -14.7240 38.4471 2.4393 -0.0000 -0.0000 0.0000 70.9699 -16.5317 43.9983 -19.2273 29.7001 -5.1430 0.0000 0.0000 1.7667 -9.7674 -3.3795 0.5814 7.1250 -0.0000 -0.0000 13.6531 -33.1776 4.0550
0.7518 16.4736 -2.6674 -167.5500 -71.1182 164.6040 0.0000 0.0000 0.0000 -14.2430 12.4125 5.7711 0.4946 4.5088 12.5127 0.8002 18.3276 -31.7161 0.1363 2.3793 6.5550 0.0000 0.0000 0.0000 20.5304 14.4384 -4.9302 -2.9575 -10.6260 31.0286 -1.0305 -0.9078 -19.5319 -0.0000 0.0017 -0.0047 -2.2697 -3.3525 3.9929 0.1863 -4.7544 -5.1987 1.9540 -2.2445 -7.4782 -0.6471 -7.6659 6.5063 -1.4664 -10.4146 -5.3277 0.1067 -5.1096 -2.8745 0.0000 0.0000 0.0000 -70.1056 14.7941 49.8977 20.4931 -31.2318 -5.7848 -0.0000 0.0000 -29.8160 9.6858 8.7817 1.4926 -7.1250 0.0000 -0.0000 -14.7726 38.4812 2.4350 0.0000 0.0000 0.0000 71.0585 -16.6059 43.9761 -19.2097 29.6784 -5.1343 0.0000 0.0000 1.7997 -9.7430 -3.4569 0.5932 7.1250 -0.0000 -0.0000 13.6854 -33.2530 4.0393
0.7420 16.4738 -2.6739 -167.1700 -71.6469 164.2330 0.0000 0.0000 0.0000 -14.1721 12.2489 5.7105 0.5021 4.5424 12.6079 0.7811 18.1219 -31.3685 0.1254 2.2829 6.2881 0.0000 0.0000 0.0000 20.5400 14.1984 -4.8481 -2.9517 -10.6165 30.9970 -1.0499 -1.1003 -19.7882 -0.0000 0.0187 -0.0514 -2.3123 -3.3377 3.9968 0.1553 -4.7396 -5.1992 1.9441 -2.2356 -7.4811 -0.6479 -7.6168 6.5001 -1.5275 -10.3532 -5.3169 0.0844 -5.0771 -2.8732 -0.0000 -0.0000 0.0000 -70.0661 14.7783 49.9064 20.5445 -31.2928 -5.8115 -0.0000 0.0000 -29.7864 9.5857 8.8581 1.4897 -7.1250 0.0000 -0.0000 -14.8740 38.5488 2.4272 -0.0000 -0.0000 0.0000 71.1353 -16.6798 43.9474 -19.2009 29.6676 -5.1299 0.0000 0.0000 1.8018 -9.7411 -3.4654 0.5945 7.1250 -0.0000 -0.0000 13.6883 -33.2612 4.0374
0.7321 16.4734 -2.6803 -166.7740 -72.2002 163.8270 0.0000 0.0000 0.0000 -14.1063 12.0733 5.6690 0.5099 4.5771 12.7062 0.7676 17.8946 -31.0317 0.1161 2.1967 6.0496 0.0000 0.0000 0.0000 20.5436 13.9344 -4.7507 -2.9464 -10.6078 30.9684 -1.0705 -1.2923 -20.0558 -0.0000 0.0352 -0.0967 -2.3582 -3.3245 4.0104 0.1213 -4.7270 -5.1934 1.9335 -2.2275 -7.4827 -0.6587 -7.5729 6.5217 -1.5716 -10.2998 -5.3453 0.0717 -5.0484 -2.8888 0.0000 0.0000 0.0000 -70.0272 14.7547 49.9553 20.5845 -31.3401 -5.8323 -0.0000 0.0000 -29.8256 9.5865 8.8834 1.4940 -7.1250 0.0000 -0.0000 -14.8790 38.5735 2.4188 0.0000 0.0000 0.0000 71.1886 -16.7320 43.9423 -19.1819 29.6441 -5.1205 0.0000 0.0000 1.8160 -9.7438 -3.3975 0.5831 7.1250 -0.0000 -0.0000 13.6749 -33.1945 4.0560
0.7225 16.4730 -2.6863 -166.3020 -72.7637 163.3460 0.0000 0.0000 0.0000 -14.0339 11.8667 5.6193 0.5199 4.6211 12.8311 0.7612 17.6583 -30.7301 0.1079 2.1178 5.8314 0.0000 0.0000 0.0000 20.5542 13.6431 -4.6600 -2.9400 -10.5973 30.9336 -1.0902 -1.4742 -20.3106 -0.0001 0.0507 -0.1392 -2.3840 -3.3082 4.0230 0.0890 -4.7086 -5.1854 1.9128 -2.2177 -7.4831 -0.6720 -7.5437 6.5543 -1.6077 -10.2668 -5.3944 0.0640 -5.0295 -2.9130 -0.0000 -0.0000 0.0000 -69.9864 14.7192 50.0441 20.6148 -31.3759 -5.8481 -0.0000 0.0000 -29.9434 9.6968 8.8493 1.5058 -7.1250 0.0000 -0.0000 -14.7789 38.5482 2.4111 -0.0000 -0.0000 0.0000 71.2217 -16.7457 43.9667 -19.1441 29.5973 -5.1018 0.0000 0.0000 1.8173 -9.7646 -3.2995 0.5675 7.1250 -0.0000 -0.0000 13.6422 -33.0987 4.0783
0.7133 16.4731 -2.6917 -165.7620 -73.3344 162.8090 0.0000 0.0000 0.0000 -13.9632 11.6266 5.5536 0.5312 4.6704 12.9708 0.7574 17.4322 -30.4570 0.0998 2.0368 5.6075 0.0000 0.0000 0.0000 20.5665 13.3402 -4.5889 -2.9329 -10.5856 30.8948 -1.1085 -1.6527 -20.5507 -0.0001 0.0686 -0.1884 -2.3961 -3.2908 4.0365 0.0612 -4.6877 -5.1839 1.8893 -2.2071 -7.4916 -0.6869 -7.5210 6.5820 -1.6387 -10.2420 -5.4427 0.0582 -5.0149 -2.9356 0.0000 0.0000 0.0000 -69.9529 14.6761 50.1239 20.6311 -31.3952 -5.8566 -0.0000 0.0000 -30.0571 9.7772 8.8182 1.5132 -7.1250 0.0000 -0.0000 -14.7045 38.5236 2.4075 0.0000 0.0000 0.0000 71.2455 -16.7551 43.9954 -19.1151 29.5615 -5.0875 0.0000 0.0000 1.8018 -9.7997 -3.1938 0.5513 7.1250 -0.0000 -0.0000 13.5970 -32.9958 4.0989
0.7040 16.4736 -2.6966 -165.1920 -73.9175 162.2460 0.0000 0.0000 0.0000 -13.9010 11.3800 5.4907 0.5412 4.7136 13.0935 0.7511 17.2131 -30.1752 0.0912 1.9472 5.3597 0.0000 0.0000 0.0000 20.5743 13.0458 -4.5209 -2.9266 -10.5752 30.8604 -1.1272 -1.8469 -20.8021 -0.0002 0.0866 -0.2379 -2.4099 -3.2742 4.0390 0.0339 -4.6678 -5.1811 1.8665 -2.1971 -7.4922 -0.6920 -7.4995 6.5842 -1.6697 -10.2174 -5.4783 0.0493 -5.0010 -2.9497 0.0000 0.0000 0.0000 -69.9319 14.6274 50.1630 20.6338 -31.3984 -5.8580 -0.0000 0.0000 -30.0960 9.8004 8.8021 1.5141 -7.1250 0.0000 -0.0000 -14.6814 38.5096 2.4087 0.0000 0.0000 0.0000 71.2590 -16.7659 44.0222 -19.1083 29.5531 -5.0842 0.0000 0.0000 1.7812 -9.8027 -3.1302 0.5405 7.1250 -0.0000 -0.0000 13.5843 -32.9331 4.1161
0.6941 16.4740 -2.7015 -164.6460 -74.5206 161.7030 0.0000 0.0000 0.0000 -13.8572 11.1552 5.4319 0.5494 4.7486 13.1929 0.7396 16.9896 -29.8537 0.0814 1.8404 5.0649 0.0000 0.0000 0.0000 20.5675 12.7720 -4.4370 -2.9212 -10.5663 30.8308 -1.1487 -2.0696 -21.0899 -0.0002 0.1005 -0.2762 -2.4449 -3.2559 4.0355 -0.0010 -4.6477 -5.1806 1.8473 -2.1862 -7.4908 -0.6741 -7.4836 6.5685 -1.7103 -10.1980 -5.4955 0.0325 -4.9902 -2.9561 -0.0000 -0.0000 0.0000 -69.9090 14.5905 50.1988 20.6367 -31.4018 -5.8595 -0.0000 0.0000 -30.1163 9.8307 8.8113 1.5205 -7.1250 0.0000 -0.0000 -14.6580 38.5207 2.4005 -0.0000 -0.0000 0.0000 71.2691 -16.7794 44.0328 -19.1030 29.5464 -5.0815 0.0000 0.0000 1.7878 -9.7958 -3.1012 0.5352 7.1250 -0.0000 -0.0000 13.5851 -32.9044 4.1260
0.6838 16.4742 -2.7066 -164.0360 -75.1243 161.0950 0.0000 0.0000 0.0000 -13.8041 10.9490 5.3683 0.5576 4.7832 13.2912 0.7292 16.7503 -29.5208 0.0721 1.7320 4.7656 0.0000 0.0000 0.0000 20.5724 12.5094 -4.3392 -2.9152 -10.5564 30.7980 -1.1715 -2.3077 -21.3973 -0.0003 0.1111 -0.3052 -2.4785 -3.2326 4.0333 -0.0313 -4.6208 -5.1856 1.8317 -2.1718 -7.4962 -0.6589 -7.4739 6.5584 -1.7408 -10.1862 -5.5090 0.0199 -4.9835 -2.9616 -0.0000 -0.0000 0.0000 -69.8876 14.5704 50.2411 20.6440 -31.4104 -5.8633 -0.0000 0.0000 -30.1311 9.8332 8.8828 1.5331 -7.1250 0.0000 -0.0000 -14.6722 38.5910 2.3769 -0.0000 -0.0000 0.0000 71.2726 -16.8039 44.0120 -19.0988 29.5413 -5.0795 0.0000 0.0000 1.8224 -9.8321 -3.0782 0.5332 7.1250 -0.0000 -0.0000 13.5525 -32.8829 4.1229
0.6735 16.4742 -2.7109 -163.3370 -75.7282 160.3970 0.0000 0.0000 0.0000 -13.7377 10.7705 5.2836 0.5673 4.8238 13.4067 0.7203 16.4871 -29.1728 0.0628 1.6175 4.4497 0.0000 0.0000 0.0000 20.5857 12.2445 -4.2329 -2.9071 -10.5432 30.7542 -1.1946 -2.5445 -21.7066 -0.0003 0.1155 -0.3173 -2.5005 -3.2094 4.0319 -0.0531 -4.5926 -5.1925 1.8186 -2.1571 -7.5043 -0.6665 -7.4624 6.5667 -1.7525 -10.1731 -5.5257 0.0177 -4.9761 -2.9690 0.0000 0.0000 0.0000 -69.8718 14.5610 50.2894 20.6520 -31.4199 -5.8675 -0.0000 0.0000 -30.1521 9.8029 8.9514 1.5400 -7.1250 0.0000 -0.0000 -14.7132 38.6559 2.3598 0.0000 0.0000 0.0000 71.2609 -16.8178 43.9804 -19.0906 29.5311 -5.0754 0.0000 0.0000 1.8962 -9.8902 -3.0432 0.5303 7.1250 -0.0000 -0.0000 13.5008 -32.8505 4.1172
0.6632 16.4743 -2.7145 -162.5460 -76.3347 159.6050 0.0000 0.0000 0.0000 -13.6594 10.6209 5.1823 0.5780 4.8682 13.5330 0.7106 16.2020 -28.7944 0.0529 1.4837 4.0809 0.0000 0.0000 0.0000 20.6028 11.9795 -4.1167 -2.8970 -10.5265 30.6990 -1.2181 -2.7728 -22.0147 -0.0003 0.1059 -0.2910 -2.5036 -3.1877 4.0363 -0.0728 -4.5653 -5.2037 1.7979 -2.1436 -7.5215 -0.6788 -7.4463 6.5794 -1.7670 -10.1541 -5.5321 0.0150 -4.9656 -2.9737 -0.0000 0.0000 0.0000 -69.8548 14.5673 50.3370 20.6580 -31.4269 -5.8706 -0.0000 0.0000 -30.1681 9.7827 8.9537 1.5371 -7.1250 0.0000 -0.0000 -14.7307 38.6567 2.3624 -0.0000 0.0000 0.0000 71.2431 -16.8238 43.9272 -19.0866 29.5261 -5.0734 0.0000 0.0000 2.0202 -9.8961 -3.0287 0.5281 7.1250 -0.0000 -0.0000 13.4937 -32.8364 4.1197
0.6527 16.4742 -2.7175 -161.7040 -76.9537 158.7570 0.0000 0.0000 0.0000 -13.5819 10.4999 5.0710 0.5889 4.9133 13.6615 0.6998 15.8874 -28.3756 0.0426 1.3326 3.6644 0.0000 0.0000 0.0000 20.6071 11.7020 -3.9926 -2.8854 -10.5073 30.6355 -1.2418 -2.9940 -22.3208 -0.0002 0.0978 -0.2687 -2.5009 -3.1672 4.0264 -0.0993 -4.5386 -5.2032 1.7655 -2.1313 -7.5187 -0.6724 -7.4284 6.5631 -1.8028 -10.1320 -5.5295 0.0009 -4.9537 -2.9722 0.0000 0.0000 0.0000 -69.8325 14.5613 50.3677 20.6596 -31.4289 -5.8714 -0.0000 0.0000 -30.1801 9.8486 8.9322 1.5440 -7.1250 0.0000 -0.0000 -14.6705 38.6404 2.3583 0.0000 0.0000 0.0000 71.2391 -16.8018 43.8336 -19.0832 29.5220 -5.0718 0.0000 0.0000 2.1664 -9.8813 -3.0273 0.5271 7.1250 -0.0000 -0.0000 13.5053 -32.8345 4.1241
0.6419 16.4741 -2.7203 -160.7950 -77.5770 157.8390 0.0000 0.0000 0.0000 -13.5041 10.4000 4.9546 0.5997 4.9572 13.7865 0.6924 15.5346 -27.9408 0.0340 1.1900 3.2718 0.0000 0.0000 0.0000 20.6099 11.4326 -3.8553 -2.8731 -10.4867 30.5676 -1.2663 -3.2291 -22.6409 -0.0002 0.0948 -0.2604 -2.4962 -3.1447 4.0103 -0.1274 -4.5088 -5.2011 1.7294 -2.1178 -7.5110 -0.6544 -7.4142 6.5452 -1.8542 -10.1154 -5.5414 -0.0194 -4.9440 -2.9770 -0.0000 0.0000 0.0000 -69.8145 14.5544 50.3723 20.6501 -31.4176 -5.8665 -0.0000 0.0000 -30.1826 10.0339 8.8785 1.5643 -7.1250 0.0000 -0.0000 -14.5029 38.6015 2.3442 -0.0000 0.0000 0.0000 71.2434 -16.7746 43.7310 -19.0740 29.5106 -5.0673 0.0000 0.0000 2.2812 -9.9332 -2.9946 0.5242 7.1250 -0.0000 -0.0000 13.4588 -32.8042 4.1193
0.6309 16.4739 -2.7230 -159.7820 -78.2023 156.8190 0.0000 0.0000 0.0000 -13.4237 10.3163 4.8268 0.6105 5.0011 13.9116 0.6840 15.1713 -27.4873 0.0258 1.0377 2.8525 0.0000 0.0000 0.0000 20.6188 11.1765 -3.7072 -2.8598 -10.4646 30.4948 -1.2924 -3.4835 -22.9824 -0.0002 0.0889 -0.2442 -2.4879 -3.1215 3.9746 -0.1535 -4.4767 -5.1919 1.6917 -2.1037 -7.4843 -0.6418 -7.4017 6.5481 -1.9035 -10.1029 -5.5834 -0.0362 -4.9357 -2.9956 0.0000 -0.0000 0.0000 -69.8045 14.5383 50.3468 20.6315 -31.3956 -5.8568 -0.0000 0.0000 -30.1861 10.2372 8.7855 1.5800 -7.1250 0.0000 -0.0000 -14.3114 38.5251 2.3393 0.0000 -0.0000 0.0000 71.2525 -16.7210 43.6385 -19.0459 29.4756 -5.0534 0.0000 0.0000 2.3485 -10.0074 -2.9770 0.5251 7.1250 -0.0000 -0.0000 13.3972 -32.7893 4.1044
0.6201 16.4741 -2.7258 -158.6050 -78.8220 155.6380 0.0000 0.0000 0.0000 -13.3365 10.2175 4.6958 0.6218 5.0463 14.0406 0.6768 14.8148 -27.0511 0.0188 0.8843 2.4306 0.0000 0.0000 0.0000 20.6439 10.9272 -3.5563 -2.8457 -10.4409 30.4167 -1.3194 -3.7438 -23.3351 -0.0001 0.0748 -0.2056 -2.4695 -3.0978 3.9429 -0.1734 -4.4431 -5.1883 1.6552 -2.0891 -7.4664 -0.6411 -7.3899 6.5727 -1.9474 -10.0925 -5.6330 -0.0482 -4.9281 -3.0199 0.0000 -0.0000 0.0000 -69.7966 14.5351 50.3099 20.6120 -31.3726 -5.8466 -0.0000 0.0000 -30.1736 10.3186 8.6901 1.5757 -7.1250 0.0000 -0.0000 -14.2219 38.4372 2.3554 0.0000 -0.0000 0.0000 71.2696 -16.6690 43.5162 -19.0218 29.4457 -5.0416 0.0000 0.0000 2.4779 -9.9970 -2.9875 0.5264 7.1250 -0.0000 -0.0000 13.4070 -32.7993 4.1043
0.6095 16.4742 -2.7286 -157.2660 -79.4352 154.2920 0.0000 0.0000 0.0000 -13.2549 10.0766 4.5823 0.6337 5.0935 14.1754 0.6765 14.4646 -26.6758 0.0138 0.7585 2.0846 0.0000 0.0000 0.0000 20.6725 10.6599 -3.4074 -2.8310 -10.4162 30.3354 -1.3455 -3.9960 -23.6753 -0.0001 0.0664 -0.1825 -2.4440 -3.0729 3.9131 -0.1888 -4.4070 -5.1827 1.6194 -2.0735 -7.4475 -0.6545 -7.3846 6.6123 -1.9835 -10.0919 -5.6829 -0.0543 -4.9251 -3.0459 0.0000 0.0000 0.0000 -69.7839 14.5407 50.2904 20.5969 -31.3548 -5.8388 -0.0000 0.0000 -30.1509 10.3185 8.6307 1.5650 -7.1250 0.0000 -0.0000 -14.2089 38.3788 2.3741 0.0000 0.0000 0.0000 71.2830 -16.6254 43.4004 -19.0230 29.4472 -5.0421 0.0000 0.0000 2.6402 -9.9182 -3.0040 0.5250 7.1250 -0.0000 -0.0000 13.4723 -32.8128 4.1207
0.5994 16.4742 -2.7314 -155.7310 -80.0349 152.7460 0.0000 0.0000 0.0000 -13.1739 9.9021 4.4760 0.6468 5.1449 14.3222 0.6810 14.1253 -26.3531 0.0101 0.6494 1.7845 0.0000 0.0000 0.0000 20.7112 10.3923 -3.2573 -2.8155 -10.3902 30.2498 -1.3706 -4.2484 -24.0074 -0.0001 0.0594 -0.1633 -2.4039 -3.0446 3.8945 -0.2020 -4.3657 -5.1815 1.5782 -2.0557 -7.4409 -0.6750 -7.3889 6.6591 -2.0132 -10.1036 -5.7156 -0.0568 -4.9284 -3.0667 -0.0000 -0.0000 0.0000 -69.7564 14.5549 50.3103 20.5811 -31.3360 -5.8305 -0.0000 0.0000 -30.1350 10.3162 8.5849 1.5564 -7.1250 0.0000 -0.0000 -14.2007 38.3335 2.3889 -0.0000 -0.0000 0.0000 71.2838 -16.6029 43.3702 -19.0472 29.4773 -5.0540 0.0000 0.0000 2.7378 -9.8685 -2.9981 0.5213 7.1250 -0.0000 -0.0000 13.5109 -32.8052 4.1357
0.5898 16.4740 -2.7342 -153.9610 -80.6210 150.9620 0.0000 0.0000 0.0000 -13.0838 9.7268 4.3649 0.6607 5.1988 14.4765 0.6846 13.7940 -26.0345 0.0068 0.5319 1.4615 0.0000 0.0000 0.0000 20.7606 10.1275 -3.1047 -2.7996 -10.3633 30.1614 -1.3957 -4.5006 -24.3396 -0.0001 0.0545 -0.1496 -2.3523 -3.0163 3.8821 -0.2117 -4.3233 -5.1780 1.5345 -2.0379 -7.4360 -0.6744 -7.3952 6.6869 -2.0615 -10.1161 -5.7157 -0.0702 -4.9325 -3.0751 0.0000 0.0000 0.0000 -69.7196 14.5631 50.3531 20.5613 -31.3127 -5.8203 -0.0000 0.0000 -30.1399 10.3304 8.5661 1.5552 -7.1250 0.0000 -0.0000 -14.1847 38.3160 2.3923 0.0000 0.0000 0.0000 71.2721 -16.5847 43.4335 -19.0871 29.5267 -5.0737 0.0000 0.0000 2.7628 -9.8281 -3.0009 0.5196 7.1250 -0.0000 -0.0000 13.5433 -32.8066 4.1456
0.5804 16.4732 -2.7370 -152.0030 -81.1977 148.9800 0.0000 0.0000 0.0000 -12.9924 9.5807 4.2582 0.6739 5.2494 14.6214 0.6869 13.4478 -25.6941 0.0039 0.4048 1.1123 0.0000 0.0000 0.0000 20.8017 9.8528 -2.9494 -2.7844 -10.3376 30.0769 -1.4215 -4.7334 -24.6660 -0.0001 0.0499 -0.1370 -2.3065 -2.9884 3.8870 -0.2200 -4.2824 -5.1787 1.4968 -2.0200 -7.4449 -0.6436 -7.4018 6.6981 -2.1387 -10.1268 -5.6852 -0.0993 -4.9360 -3.0734 -0.0000 0.0000 0.0000 -69.6802 14.5961 50.4070 20.5480 -31.2969 -5.8133 -0.0000 0.0000 -30.1392 10.4017 8.5505 1.5634 -7.1250 0.0000 -0.0000 -14.1216 38.3057 2.3848 -0.0000 0.0000 0.0000 71.2583 -16.5823 43.5287 -19.1430 29.5960 -5.1013 0.0000 0.0000 2.7729 -9.7828 -3.0174 0.5200 7.1250 -0.0000 -0.0000 13.5819 -32.8212 4.1531
0.5713 16.4722 -2.7398 -149.8660 -81.7699 146.8120 0.0000 0.0000 0.0000 -12.9122 9.4555 4.1622 0.6854 5.2931 14.7466 0.6886 13.0885 -25.3383 0.0018 0.2728 0.7496 0.0000 0.0000 0.0000 20.8233 9.5644 -2.7991 -2.7708 -10.3144 30.0009 -1.4472 -4.9451 -24.9793 -0.0000 0.0441 -0.1211 -2.2808 -2.9629 3.8957 -0.2249 -4.2459 -5.1756 1.4743 -2.0032 -7.4501 -0.6150 -7.4059 6.7028 -2.2108 -10.1338 -5.6472 -0.1270 -4.9379 -3.0675 -0.0000 -0.0000 0.0000 -69.6523 14.6354 50.4571 20.5335 -31.2797 -5.8058 -0.0000 0.0000 -30.1187 10.4985 8.5528 1.5786 -7.1250 0.0000 -0.0000 -14.0410 38.3149 2.3673 -0.0000 -0.0000 0.0000 71.2472 -16.5786 43.6168 -19.2137 29.6834 -5.1363 0.0000 0.0000 2.7388 -9.7650 -3.0496 0.5246 7.1250 -0.0000 -0.0000 13.6012 -32.8523 4.1488
0.5625 16.4714 -2.7430 -147.4890 -82.3423 144.4020 0.0000 0.0000 0.0000 -12.8481 9.3383 4.0723 0.6951 5.3296 14.8512 0.6890 12.7280 -24.9754 0.0005 0.1371 0.3767 0.0000 0.0000 0.0000 20.8262 9.2592 -2.6614 -2.7587 -10.2938 29.9336 -1.4729 -5.1453 -25.2854 -0.0000 0.0375 -0.1030 -2.2800 -2.9418 3.8849 -0.2265 -4.2156 -5.1585 1.4680 -1.9884 -7.4268 -0.6108 -7.4119 6.6922 -2.2478 -10.1425 -5.6099 -0.1404 -4.9417 -3.0553 -0.0000 0.0000 0.0000 -69.6428 14.6338 50.4897 20.4947 -31.2338 -5.7857 -0.0000 0.0000 -30.0964 10.5076 8.5980 1.5883 -7.1250 0.0000 -0.0000 -14.0432 38.3600 2.3517 -0.0000 0.0000 0.0000 71.2430 -16.5404 43.6866 -19.2816 29.7671 -5.1699 0.0000 0.0000 2.6571 -9.7986 -3.0867 0.5328 7.1250 -0.0000 -0.0000 13.5805 -32.8901 4.1294
0.5537 16.4711 -2.7466 -144.7850 -82.9161 141.6740 0.0000 0.0000 0.0000 -12.8097 9.1913 3.9923 0.7034 5.3606 14.9400 0.6910 12.3800 -24.6414 0.0000 0.0189 0.0519 0.0000 0.0000 0.0000 20.8120 8.9424 -2.5392 -2.7478 -10.2752 29.8725 -1.4990 -5.3478 -25.5946 -0.0000 0.0340 -0.0934 -2.2951 -2.9275 3.8552 -0.2306 -4.1950 -5.1357 1.4672 -1.9781 -7.3850 -0.6203 -7.4244 6.6619 -2.2576 -10.1582 -5.5524 -0.1439 -4.9501 -3.0300 -0.0000 -0.0000 0.0000 -69.6436 14.6056 50.4918 20.4299 -31.1569 -5.7521 -0.0000 0.0000 -30.0934 10.3923 8.6678 1.5832 -7.1250 0.0000 -0.0000 -14.1552 38.4205 2.3498 -0.0000 -0.0000 0.0000 71.2520 -16.4783 43.7409 -19.3431 29.8428 -5.2005 0.0000 0.0000 2.5720 -9.8487 -3.1151 0.5405 7.1250 -0.0000 -0.0000 13.5453 -32.9200 4.1081
0.5452 16.4711 -2.7507 -141.6870 -83.4623 138.5640 0.0000 0.0000 0.0000 -12.7880 8.9941 3.9200 0.7112 5.3898 15.0236 0.6946 12.0699 -24.3627 0.0001 -0.0729 -0.2002 0.0000 0.0000 0.0000 20.8065 8.6643 -2.4222 -2.7374 -10.2572 29.8138 -1.5265 -5.5652 -25.9221 -0.0000 0.0235 -0.0644 -2.3039 -2.9141 3.8253 -0.2387 -4.1763 -5.1273 1.4597 -1.9689 -7.3592 -0.6334 -7.4427 6.6387 -2.2498 -10.1795 -5.4691 -0.1415 -4.9622 -2.9960 -0.0000 -0.0000 0.0000 -69.6391 14.6222 50.4689 20.3690 -31.0844 -5.7207 -0.0000 0.0000 -30.0856 10.2717 8.6997 1.5701 -7.1250 0.0000 -0.0000 -14.2634 38.4432 2.3605 -0.0000 -0.0000 0.0000 71.2790 -16.4260 43.8043 -19.4013 29.9143 -5.2295 0.0000 0.0000 2.4782 -9.9336 -3.1185 0.5459 7.1250 -0.0000 -0.0000 13.4784 -32.9263 4.0847
0.5373 16.4713 -2.7553 -138.1600 -83.9574 135.0320 0.0000 0.0000 0.0000 -12.7662 8.7691 3.8457 0.7200 5.4222 15.1166 0.6977 11.8024 -24.1257 0.0006 -0.1603 -0.4404 0.0000 0.0000 0.0000 20.8245 8.4423 -2.3002 -2.7270 -10.2395 29.7557 -1.5557 -5.7886 -26.2640 -0.0000 -0.0042 0.0114 -2.2995 -2.8983 3.7937 -0.2435 -4.1536 -5.1257 1.4480 -1.9584 -7.3406 -0.6496 -7.4630 6.6427 -2.2352 -10.2038 -5.3890 -0.1351 -4.9755 -2.9676 -0.0000 -0.0000 0.0000 -69.6296 14.6719 50.4497 20.3241 -31.0308 -5.6975 -0.0000 0.0000 -30.0884 10.1953 8.7568 1.5683 -7.1250 0.0000 -0.0000 -14.3402 38.4937 2.3556 -0.0000 -0.0000 0.0000 71.3181 -16.3821 43.8740 -19.4673 29.9952 -5.2624 0.0000 0.0000 2.3809 -9.9822 -3.1438 0.5530 7.1250 -0.0000 -0.0000 13.4438 -32.9532 4.0647
0.5297 16.4711 -2.7603 -134.2540 -84.3928 131.1210 0.0000 0.0000 0.0000 -12.7302 8.5763 3.7629 0.7290 5.4553 15.2119 0.7008 11.5346 -23.8907 0.0015 -0.2500 -0.6868 0.0000 0.0000 0.0000 20.8592 8.2592 -2.1754 -2.7180 -10.2240 29.7051 -1.5855 -6.0060 -26.6049 -0.0000 -0.0369 0.1014 -2.2888 -2.8794 3.7567 -0.2392 -4.1254 -5.1226 1.4415 -1.9453 -7.3172 -0.6623 -7.4849 6.6740 -2.2285 -10.2320 -5.3385 -0.1295 -4.9899 -2.9552 -0.0000 0.0000 0.0000 -69.6234 14.7212 50.4510 20.2925 -30.9932 -5.6812 -0.0000 0.0000 -30.1281 10.1064 8.8983 1.5793 -7.1250 0.0000 -0.0000 -14.4465 38.6262 2.3256 -0.0000 0.0000 0.0000 71.3558 -16.3433 43.9523 -19.5493 30.0955 -5.3035 0.0000 0.0000 2.3084 -10.0173 -3.1747 0.5605 7.1250 -0.0000 -0.0000 13.4208 -32.9849 4.0469
0.5220 16.4704 -2.7650 -130.0200 -84.7876 126.8800 0.0000 0.0000 0.0000 -12.6920 8.4438 3.6697 0.7374 5.4861 15.3002 0.7064 11.2209 -23.6363 0.0027 -0.3348 -0.9199 0.0000 0.0000 0.0000 20.8772 8.0745 -2.0622 -2.7108 -10.2115 29.6645 -1.6144 -6.1987 -26.9237 -0.0001 -0.0629 0.1727 -2.2794 -2.8615 3.7068 -0.2325 -4.0979 -5.1125 1.4372 -1.9326 -7.2784 -0.6700 -7.5043 6.6999 -2.2306 -10.2579 -5.3099 -0.1273 -5.0027 -2.9502 0.0000 -0.0000 0.0000 -69.6238 14.7488 50.4665 20.2583 -30.9522 -5.6636 -0.0000 0.0000 -30.1930 9.9836 9.1049 1.5956 -7.1250 0.0000 -0.0000 -14.5967 38.8199 2.2797 0.0000 -0.0000 0.0000 71.3791 -16.3036 44.0701 -19.6521 30.2209 -5.3551 0.0000 0.0000 2.2534 -10.0570 -3.1714 0.5621 7.1250 -0.0000 -0.0000 13.3888 -32.9831 4.0373
0.5146 16.4694 -2.7697 -125.3590 -85.1307 122.2170 0.0000 0.0000 0.0000 -12.6410 8.3530 3.5666 0.7447 5.5125 15.3762 0.7133 10.8764 -23.3675 0.0041 -0.4129 -1.1346 0.0000 0.0000 0.0000 20.8970 7.8954 -1.9637 -2.7045 -10.2006 29.6288 -1.6419 -6.3803 -27.2249 -0.0001 -0.0779 0.2140 -2.2588 -2.8418 3.6541 -0.2226 -4.0669 -5.1049 1.4298 -1.9188 -7.2413 -0.6742 -7.5181 6.7067 -2.2372 -10.2759 -5.2753 -0.1284 -5.0118 -2.9399 0.0000 0.0000 0.0000 -69.6259 14.7716 50.4853 20.2129 -30.8980 -5.6403 -0.0000 0.0000 -30.2134 9.8503 9.3369 1.6136 -7.1250 0.0000 -0.0000 -14.7626 39.0371 2.2259 0.0000 0.0000 0.0000 71.3891 -16.2688 44.2375 -19.7742 30.3694 -5.4167 0.0000 0.0000 2.1952 -10.0509 -3.1173 0.5522 7.1250 -0.0000 -0.0000 13.3850 -32.9294 4.0539
0.5070 16.4684 -2.7746 -120.1910 -85.4414 117.0510 0.0000 0.0000 0.0000 -12.5976 8.2848 3.4602 0.7509 5.5348 15.4404 0.7193 10.5223 -23.0883 0.0060 -0.5019 -1.3791 0.0000 0.0000 0.0000 20.8982 7.6922 -1.8805 -2.6981 -10.1896 29.5929 -1.6687 -6.5408 -27.5079 -0.0002 -0.0896 0.2462 -2.2399 -2.8228 3.5995 -0.2160 -4.0374 -5.0996 1.4198 -1.9057 -7.2058 -0.6800 -7.5265 6.7090 -2.2440 -10.2865 -5.2298 -0.1302 -5.0174 -2.9250 -0.0000 -0.0000 0.0000 -69.6274 14.7923 50.5052 20.1605 -30.8352 -5.6134 -0.0000 0.0000 -30.1925 9.7295 9.6171 1.6408 -7.1250 0.0000 -0.0000 -14.9306 39.3020 2.1525 -0.0000 -0.0000 0.0000 71.3960 -16.2477 44.4147 -19.9262 30.5533 -5.4938 0.0000 0.0000 2.1143 -9.9713 -3.0669 0.5389 7.1250 -0.0000 -0.0000 13.4402 -32.8768 4.0891
0.4997 16.4673 -2.7793 -114.4570 -85.7269 111.3240 0.0000 0.0000 0.0000 -12.5792 8.2203 3.3589 0.7551 5.5498 15.4837 0.7237 10.1734 -22.8058 0.0083 -0.5869 -1.6128 0.0000 0.0000 0.0000 20.8676 7.4615 -1.8172 -2.6926 -10.1800 29.5616 -1.6956 -6.6780 -27.7750 -0.0002 -0.0964 0.2648 -2.2324 -2.8091 3.5555 -0.2138 -4.0171 -5.1053 1.4137 -1.8964 -7.1873 -0.6731 -7.5201 6.7040 -2.2563 -10.2759 -5.1729 -0.1374 -5.0128 -2.9057 -0.0000 0.0000 0.0000 -69.6347 14.8226 50.5223 20.1062 -30.7701 -5.5856 -0.0000 0.0000 -30.1567 9.6722 9.7951 1.6608 -7.1250 0.0000 -0.0000 -15.0217 39.4715 2.1019 -0.0000 0.0000 0.0000 71.4011 -16.2468 44.5900 -20.1029 30.7661 -5.5839 0.0000 0.0000 1.9964 -9.9516 -3.0327 0.5319 7.1250 -0.0000 -0.0000 13.4503 -32.8424 4.1038
0.4924 16.4662 -2.7840 -108.0660 -85.9929 104.9400 0.0000 0.0000 0.0000 -12.5965 8.1581 3.2622 0.7587 5.5628 15.5209 0.7275 9.8288 -22.5258 0.0108 -0.6699 -1.8409 0.0000 0.0000 0.0000 20.7962 7.2068 -1.7611 -2.6872 -10.1706 29.5311 -1.7222 -6.7913 -28.0250 -0.0002 -0.0970 0.2666 -2.2469 -2.8012 3.5209 -0.2212 -4.0074 -5.1196 1.4116 -1.8913 -7.1825 -0.6481 -7.4971 6.6856 -2.2818 -10.2415 -5.0975 -0.1538 -4.9967 -2.8793 0.0000 0.0000 0.0000 -69.6420 14.8576 50.5480 20.0500 -30.7026 -5.5569 -0.0000 0.0000 -30.1244 9.7590 9.6786 1.6563 -7.1250 0.0000 -0.0000 -14.9205 39.3645 2.1274 0.0000 0.0000 0.0000 71.4137 -16.2635 44.7393 -20.2913 30.9917 -5.6806 0.0000 0.0000 1.8700 -10.0090 -3.0076 0.5306 7.1250 -0.0000 -0.0000 13.4008 -32.8196 4.0955
0.4858 16.4654 -2.7900 -101.3060 -86.1679 98.1886 0.0000 0.0000 0.0000 -12.5852 8.0864 3.1640 0.7631 5.5787 15.5667 0.7311 9.5133 -22.2762 0.0133 -0.7447 -2.0467 0.0000 0.0000 0.0000 20.7728 7.0126 -1.6917 -2.6811 -10.1600 29.4965 -1.7486 -6.9190 -28.2812 -0.0003 -0.1029 0.2828 -2.2391 -2.7878 3.4906 -0.2199 -3.9884 -5.1359 1.4057 -1.8823 -7.1834 -0.6174 -7.4647 6.6563 -2.3095 -10.1933 -5.0046 -0.1733 -4.9742 -2.8453 -0.0000 0.0000 0.0000 -69.6422 14.8773 50.5798 19.9877 -30.6275 -5.5251 -0.0000 0.0000 -30.0736 9.8652 9.3925 1.6256 -7.1250 0.0000 -0.0000 -14.7630 39.0927 2.2052 -0.0000 0.0000 0.0000 71.4429 -16.2758 44.8476 -20.4735 31.2086 -5.7747 0.0000 0.0000 1.7755 -10.0169 -3.0001 0.5296 7.1250 -0.0000 -0.0000 13.3933 -32.8124 4.0955
0.4791 16.4645 -2.7963 -94.5949 -86.2782 91.4798 0.0000 0.0000 0.0000 -12.5707 8.0175 3.0718 0.7688 5.5991 15.6254 0.7356 9.2176 -22.0564 0.0161 -0.8185 -2.2495 0.0000 0.0000 0.0000 20.7597 6.8466 -1.6109 -2.6747 -10.1489 29.4602 -1.7731 -7.0436 -28.5204 -0.0003 -0.1077 0.2959 -2.2220 -2.7695 3.4613 -0.2186 -3.9620 -5.1465 1.3939 -1.8702 -7.1798 -0.5837 -7.4323 6.6162 -2.3407 -10.1448 -4.9010 -0.1951 -4.9517 -2.8060 -0.0000 0.0000 0.0000 -69.6347 14.8781 50.6212 19.9235 -30.5501 -5.4924 -0.0000 0.0000 -30.0276 9.8690 9.2346 1.5992 -7.1250 0.0000 -0.0000 -14.7231 38.9383 2.2564 -0.0000 0.0000 0.0000 71.4824 -16.2767 44.9380 -20.6461 31.4130 -5.8644 0.0000 0.0000 1.6982 -10.0040 -2.9856 0.5264 7.1250 -0.0000 -0.0000 13.4012 -32.7977 4.1030
0.4727 16.4637 -2.8032 -88.4490 -86.3018 85.3340 0.0000 0.0000 0.0000 -12.5180 7.9501 2.9820 0.7757 5.6236 15.6960 0.7409 8.9427 -21.8667 0.0186 -0.8815 -2.4227 0.0000 0.0000 0.0000 20.7972 6.7316 -1.5198 -2.6679 -10.1371 29.4217 -1.7973 -7.1719 -28.7592 -0.0004 -0.1235 0.3394 -2.1730 -2.7445 3.4278 -0.2024 -3.9229 -5.1510 1.3782 -1.8533 -7.1684 -0.5343 -7.4101 6.5599 -2.3938 -10.1099 -4.7986 -0.2263 -4.9357 -2.7666 0.0000 0.0000 0.0000 -69.6313 14.8596 50.6553 19.8574 -30.4702 -5.4589 -0.0000 0.0000 -29.9858 9.7810 9.2357 1.5848 -7.1250 0.0000 -0.0000 -14.7973 38.9327 2.2704 0.0000 0.0000 0.0000 71.5182 -16.2602 45.0327 -20.8068 31.6022 -5.9484 0.0000 0.0000 1.6206 -10.0298 -2.9658 0.5243 7.1250 -0.0000 -0.0000 13.3777 -32.7791 4.1016
0.4664 16.4628 -2.8097 -82.7021 -86.2675 79.5867 0.0000 0.0000 0.0000 -12.4435 7.8980 2.8859 0.7834 5.6508 15.7744 0.7457 8.6706 -21.6785 0.0216 -0.9499 -2.6109 0.0000 0.0000 0.0000 20.8530 6.6152 -1.4332 -2.6605 -10.1241 29.3796 -1.8202 -7.2963 -28.9861 -0.0005 -0.1410 0.3875 -2.0967 -2.7177 3.3931 -0.1827 -3.8790 -5.1507 1.3504 -1.8354 -7.1528 -0.4793 -7.4066 6.5043 -2.4537 -10.1007 -4.7155 -0.2588 -4.9320 -2.7348 -0.0000 -0.0000 0.0000 -69.6290 14.8248 50.6723 19.7946 -30.3941 -5.4270 -0.0000 0.0000 -29.9491 9.7082 9.2686 1.5784 -7.1250 0.0000 -0.0000 -14.8663 38.9595 2.2716 -0.0000 -0.0000 0.0000 71.5514 -16.2366 45.1347 -20.9597 31.7813 -6.0287 0.0000 0.0000 1.5230 -10.0812 -2.9450 0.5233 7.1250 -0.0000 -0.0000 13.3335 -32.7604 4.0936
0.4610 16.4619 -2.8151 -76.7285 -86.2211 73.6118 0.0000 0.0000 0.0000 -12.4052 7.8473 2.7987 0.7896 5.6725 15.8370 0.7504 8.3876 -21.4831 0.0243 -1.0068 -2.7676 0.0000 0.0000 0.0000 20.8616 6.4488 -1.3651 -2.6540 -10.1127 29.3425 -1.8433 -7.3984 -29.2003 -0.0006 -0.1553 0.4268 -2.0363 -2.7033 3.3540 -0.1739 -3.8528 -5.1366 1.3210 -1.8259 -7.1190 -0.4405 -7.4093 6.4528 -2.4882 -10.1012 -4.6733 -0.2790 -4.9330 -2.7154 0.0000 0.0000 0.0000 -69.6330 14.7641 50.6587 19.7393 -30.3270 -5.3991 -0.0000 0.0000 -29.9081 9.6519 9.2965 1.5737 -7.1250 0.0000 -0.0000 -14.9202 38.9824 2.2716 0.0000 0.0000 0.0000 71.5763 -16.1926 45.2475 -21.1118 31.9586 -6.1090 0.0000 0.0000 1.4176 -10.1185 -2.9335 0.5233 7.1250 -0.0000 -0.0000 13.3021 -32.7503 4.0868
0.4563 16.4608 -2.8197 -70.5392 -86.1595 67.4192 0.0000 0.0000 0.0000 -12.4098 7.7818 2.7324 0.7934 5.6857 15.8752 0.7546 8.1080 -21.2910 0.0259 -1.0393 -2.8568 0.0000 0.0000 0.0000 20.8246 6.2486 -1.3090 -2.6489 -10.1038 29.3135 -1.8666 -7.4887 -29.4067 -0.0006 -0.1617 0.4443 -1.9997 -2.7014 3.3256 -0.1742 -3.8460 -5.1235 1.2976 -1.8248 -7.0910 -0.4315 -7.4105 6.4176 -2.4919 -10.1011 -4.6527 -0.2837 -4.9337 -2.7027 -0.0000 0.0000 0.0000 -69.6374 14.7123 50.6442 19.7070 -30.2878 -5.3828 -0.0000 0.0000 -29.8841 9.6095 9.3144 1.5697 -7.1250 0.0000 -0.0000 -14.9600 38.9967 2.2725 -0.0000 0.0000 0.0000 71.5872 -16.1594 45.3758 -21.2694 32.1415 -6.1926 0.0000 0.0000 1.3311 -10.1590 -2.9154 0.5222 7.1250 -0.0000 -0.0000 13.2671 -32.7338 4.0809
0.4519 16.4600 -2.8254 -64.8388 -86.0706 61.7202 0.0000 0.0000 0.0000 -12.4270 7.7079 2.6731 0.7957 5.6938 15.8984 0.7571 7.8591 -21.1120 0.0270 -1.0610 -2.9167 0.0000 0.0000 0.0000 20.7892 6.0902 -1.2503 -2.6445 -10.0960 29.2883 -1.8917 -7.5774 -29.6233 -0.0008 -0.1797 0.4938 -1.9870 -2.6998 3.2884 -0.1689 -3.8406 -5.1081 1.2929 -1.8231 -7.0536 -0.4403 -7.4137 6.4033 -2.4794 -10.1052 -4.6571 -0.2787 -4.9361 -2.7002 -0.0000 -0.0000 0.0000 -69.6424 14.6597 50.6352 19.6961 -30.2745 -5.3773 -0.0000 0.0000 -29.8671 9.5709 9.3103 1.5626 -7.1250 0.0000 -0.0000 -14.9916 38.9898 2.2802 -0.0000 -0.0000 0.0000 71.5874 -16.1273 45.5058 -21.4263 32.3226 -6.2763 0.0000 0.0000 1.2978 -10.1836 -2.9145 0.5233 7.1250 -0.0000 -0.0000 13.2474 -32.7339 4.0746
0.4478 16.4594 -2.8319 -59.9124 -85.9550 56.7957 0.0000 0.0000 0.0000 -12.4380 7.6338 2.6076 0.7991 5.7055 15.9322 0.7581 7.6452 -20.9496 0.0291 -1.1016 -3.0283 0.0000 0.0000 0.0000 20.7672 5.9624 -1.1877 -2.6389 -10.0861 29.2561 -1.9146 -7.6649 -29.8237 -0.0009 -0.1983 0.5449 -1.9748 -2.6937 3.2467 -0.1599 -3.8287 -5.0866 1.2913 -1.8183 -7.0067 -0.4485 -7.4193 6.3929 -2.4587 -10.1126 -4.6767 -0.2705 -4.9401 -2.7033 -0.0000 0.0000 0.0000 -69.6434 14.5912 50.6218 19.7001 -30.2794 -5.3793 -0.0000 0.0000 -29.8569 9.5262 9.3329 1.5589 -7.1250 0.0000 -0.0000 -15.0345 39.0085 2.2800 -0.0000 0.0000 0.0000 71.5891 -16.0890 45.6261 -21.5808 32.5001 -6.3592 0.0000 0.0000 1.2714 -10.2217 -2.9152 0.5254 7.1250 -0.0000 -0.0000 13.2173 -32.7358 4.0642
0.4442 16.4588 -2.8392 -56.1072 -85.7930 52.9818 0.0000 0.0000 0.0000 -12.3965 7.5467 2.5483 0.8047 5.7252 15.9892 0.7604 7.4600 -20.8236 0.0312 -1.1396 -3.1331 0.0000 0.0000 0.0000 20.8067 5.8617 -1.1086 -2.6312 -10.0727 29.2125 -1.9358 -7.7530 -30.0127 -0.0012 -0.2212 0.6078 -1.9154 -2.6825 3.2311 -0.1412 -3.8070 -5.0722 1.2744 -1.8103 -6.9854 -0.4553 -7.4215 6.3877 -2.4313 -10.1143 -4.6808 -0.2610 -4.9417 -2.7016 -0.0000 -0.0000 0.0000 -69.6330 14.5292 50.6005 19.7205 -30.3041 -5.3896 -0.0000 0.0000 -29.8371 9.4391 9.4379 1.5616 -7.1250 0.0000 -0.0000 -15.1326 39.1045 2.2589 -0.0000 -0.0000 0.0000 71.5963 -16.0690 45.7459 -21.7309 32.6716 -6.4400 0.0000 0.0000 1.2095 -10.2927 -2.9002 0.5264 7.1250 -0.0000 -0.0000 13.1586 -32.7234 4.0494
0.4404 16.4581 -2.8460 -52.9011 -85.6243 49.7611 0.0000 0.0000 0.0000 -12.3569 7.4436 2.5146 0.8094 5.7415 16.0362 0.7621 7.3106 -20.7225 0.0326 -1.1652 -3.2033 0.0000 0.0000 0.0000 20.8435 5.7461 -1.0396 -2.6249 -10.0615 29.1762 -1.9547 -7.8210 -30.1743 -0.0014 -0.2397 0.6585 -1.8399 -2.6687 3.2358 -0.1258 -3.7821 -5.0734 1.2466 -1.8012 -6.9938 -0.4656 -7.4202 6.3979 -2.3956 -10.1102 -4.6588 -0.2485 -4.9409 -2.6932 0.0000 0.0000 0.0000 -69.6191 14.4926 50.5755 19.7535 -30.3442 -5.4063 -0.0000 0.0000 -29.8238 9.3540 9.5761 1.5697 -7.1250 0.0000 -0.0000 -15.2374 39.2326 2.2260 0.0000 0.0000 0.0000 71.5988 -16.0799 45.8681 -21.8730 32.8332 -6.5169 0.0000 0.0000 1.1333 -10.3316 -2.8820 0.5252 7.1250 -0.0000 -0.0000 13.1248 -32.7069 4.0439
0.4366 16.4577 -2.8514 -49.4778 -85.4884 46.3322 0.0000 0.0000 0.0000 -12.3929 7.3385 2.5014 0.8102 5.7441 16.0437 0.7613 7.1865 -20.6180 0.0342 -1.1938 -3.2821 0.0000 0.0000 0.0000 20.7929 5.5862 -1.0124 -2.6225 -10.0574 29.1628 -1.9717 -7.8495 -30.2985 -0.0015 -0.2520 0.6925 -1.8089 -2.6580 3.2375 -0.1288 -3.7664 -5.0879 1.2256 -1.7949 -7.0128 -0.4747 -7.4180 6.4207 -2.3609 -10.1044 -4.6187 -0.2365 -4.9394 -2.6812 0.0000 -0.0000 0.0000 -69.6208 14.4612 50.5205 19.7721 -30.3668 -5.4157 -0.0000 0.0000 -29.7553 9.2390 9.6403 1.5604 -7.1250 0.0000 -0.0000 -15.3498 39.2863 2.2225 0.0000 -0.0000 0.0000 71.5968 -16.1154 45.9689 -22.0052 32.9829 -6.5887 0.0000 0.0000 1.0869 -10.3095 -2.8808 0.5238 7.1250 -0.0000 -0.0000 13.1422 -32.7048 4.0502
0.4324 16.4573 -2.8570 -46.5916 -85.3434 43.4407 0.0000 0.0000 0.0000 -12.4134 7.2378 2.4977 0.8103 5.7446 16.0451 0.7618 7.0678 -20.5313 0.0354 -1.2146 -3.3394 0.0000 0.0000 0.0000 20.7606 5.4403 -0.9864 -2.6207 -10.0542 29.1524 -1.9865 -7.8884 -30.4154 -0.0015 -0.2510 0.6895 -1.7765 -2.6471 3.2274 -0.1230 -3.7493 -5.1006 1.2120 -1.7879 -7.0227 -0.4817 -7.4202 6.4423 -2.3361 -10.1046 -4.5663 -0.2280 -4.9407 -2.6655 -0.0000 -0.0000 0.0000 -69.6409 14.4226 50.4346 19.7807 -30.3772 -5.4200 -0.0000 0.0000 -29.6325 9.0868 9.6453 1.5350 -7.1250 0.0000 -0.0000 -15.4793 39.2793 2.2451 -0.0000 -0.0000 0.0000 71.5950 -16.1538 46.0321 -22.1232 33.1160 -6.6530 0.0000 0.0000 1.0450 -10.3516 -2.8407 0.5187 7.1250 -0.0000 -0.0000 13.1026 -32.6666 4.0498
0.4272 16.4564 -2.8637 -44.7147 -85.1819 41.5567 0.0000 0.0000 0.0000 -12.3713 7.1445 2.4902 0.8126 5.7523 16.0674 0.7651 6.9556 -20.4769 0.0359 -1.2230 -3.3626 0.0000 0.0000 0.0000 20.7990 5.3364 -0.9434 -2.6170 -10.0477 29.1313 -1.9994 -7.9428 -30.5292 -0.0014 -0.2427 0.6668 -1.7163 -2.6323 3.1872 -0.0932 -3.7224 -5.0970 1.2048 -1.7772 -6.9978 -0.4836 -7.4246 6.4411 -2.3173 -10.1080 -4.5278 -0.2227 -4.9436 -2.6510 0.0000 -0.0000 0.0000 -69.6696 14.3766 50.3483 19.8060 -30.4079 -5.4328 -0.0000 0.0000 -29.5229 8.9652 9.6517 1.5151 -7.1250 0.0000 -0.0000 -15.5833 39.2761 2.2623 0.0000 -0.0000 0.0000 71.5932 -16.1637 46.0654 -22.2161 33.2204 -6.7038 0.0000 0.0000 0.9772 -10.5038 -2.7604 0.5116 7.1250 -0.0000 -0.0000 12.9694 -32.5922 4.0306
0.4220 16.4554 -2.8697 -42.8203 -85.0525 39.6720 0.0000 0.0000 0.0000 -12.3752 7.0531 2.4702 0.8146 5.7595 16.0883 0.7678 6.8622 -20.4321 0.0364 -1.2311 -3.3850 0.0000 0.0000 0.0000 20.7826 5.2173 -0.9307 -2.6143 -10.0427 29.1153 -2.0090 -7.9606 -30.6004 -0.0012 -0.2276 0.6253 -1.6809 -2.6166 3.1260 -0.0767 -3.6965 -5.0971 1.1967 -1.7665 -6.9643 -0.4805 -7.4309 6.4353 -2.2924 -10.1137 -4.5054 -0.2160 -4.9477 -2.6411 0.0000 0.0000 0.0000 -69.6828 14.3623 50.3186 19.8690 -30.4842 -5.4648 -0.0000 0.0000 -29.5083 8.9720 9.6835 1.5212 -7.1250 0.0000 -0.0000 -15.5853 39.3075 2.2502 0.0000 0.0000 0.0000 71.6005 -16.1617 46.0649 -22.2733 33.2845 -6.7352 0.0000 0.0000 0.9395 -10.6386 -2.6970 0.5064 7.1250 -0.0000 -0.0000 12.8528 -32.5340 4.0113
0.4179 16.4544 -2.8748 -40.9101 -84.9408 37.7859 0.0000 0.0000 0.0000 -12.4106 6.9688 2.4393 0.8158 5.7636 16.1002 0.7688 6.7843 -20.3828 0.0371 -1.2430 -3.4177 0.0000 0.0000 0.0000 20.7287 5.0901 -0.9467 -2.6131 -10.0407 29.1086 -2.0166 -7.9539 -30.6431 -0.0011 -0.2123 0.5834 -1.6503 -2.6033 3.0731 -0.0729 -3.6762 -5.1130 1.1795 -1.7585 -6.9527 -0.4777 -7.4367 6.4235 -2.2633 -10.1181 -4.4777 -0.2084 -4.9514 -2.6279 -0.0000 -0.0000 0.0000 -69.6838 14.3813 50.3453 19.9461 -30.5774 -5.5039 -0.0000 0.0000 -29.5657 9.0641 9.6784 1.5363 -7.1250 0.0000 -0.0000 -15.5065 39.3097 2.2373 -0.0000 -0.0000 0.0000 71.6193 -16.1654 46.0345 -22.2945 33.3083 -6.7469 0.0000 0.0000 0.9557 -10.6796 -2.7021 0.5094 7.1250 -0.0000 -0.0000 12.8211 -32.5403 3.9989
0.4128 16.4529 -2.8806 -39.4798 -84.8239 36.3577 0.0000 0.0000 0.0000 -12.4052 6.9154 2.4283 0.8175 5.7695 16.1170 0.7707 6.6953 -20.3342 0.0376 -1.2521 -3.4426 0.0000 0.0000 0.0000 20.7209 4.9901 -0.9273 -2.6119 -10.0386 29.1017 -2.0260 -7.9641 -30.7081 -0.0010 -0.2011 0.5527 -1.6061 -2.5943 3.0239 -0.0567 -3.6593 -5.1158 1.1678 -1.7524 -6.9292 -0.4891 -7.4372 6.4187 -2.2291 -10.1167 -4.4602 -0.1967 -4.9519 -2.6184 0.0000 -0.0000 0.0000 -69.7015 14.3902 50.3856 20.0020 -30.6448 -5.5324 -0.0000 0.0000 -29.6462 9.1872 9.6086 1.5464 -7.1250 0.0000 -0.0000 -15.3857 39.2514 2.2416 0.0000 -0.0000 0.0000 71.6325 -16.1518 46.0071 -22.2836 33.2961 -6.7409 0.0000 0.0000 0.9815 -10.7058 -2.7129 0.5127 7.1250 -0.0000 -0.0000 12.8020 -32.5520 3.9890
0.4065 16.4511 -2.8870 -38.4704 -84.7196 35.3314 0.0000 0.0000 0.0000 -12.3707 6.8998 2.4360 0.8190 5.7745 16.1314 0.7735 6.5899 -20.2827 0.0381 -1.2601 -3.4648 0.0000 0.0000 0.0000 20.7466 4.9211 -0.8784 -2.6112 -10.0373 29.0975 -2.0362 -8.0003 -30.7936 -0.0008 -0.1881 0.5169 -1.5586 -2.5841 2.9746 -0.0324 -3.6397 -5.1087 1.1621 -1.7451 -6.8948 -0.5145 -7.4305 6.4431 -2.1846 -10.1075 -4.4639 -0.1780 -4.9480 -2.6199 0.0000 -0.0000 0.0000 -69.7338 14.3874 50.4517 20.0242 -30.6715 -5.5437 -0.0000 0.0000 -29.7846 9.3584 9.4495 1.5499 -7.1250 0.0000 -0.0000 -15.2033 39.1095 2.2681 0.0000 -0.0000 0.0000 71.6430 -16.1288 45.9778 -22.2449 33.2527 -6.7196 0.0000 0.0000 1.0120 -10.7370 -2.7018 0.5121 7.1250 -0.0000 -0.0000 12.7755 -32.5419 3.9836
0.4011 16.4499 -2.8930 -37.6018 -84.6403 34.4537 0.0000 0.0000 0.0000 -12.3440 6.9020 2.4420 0.8186 5.7730 16.1271 0.7755 6.4808 -20.2210 0.0383 -1.2630 -3.4729 0.0000 0.0000 0.0000 20.7639 4.8730 -0.8455 -2.6124 -10.0394 29.1044 -2.0461 -8.0367 -30.8765 -0.0007 -0.1740 0.4779 -1.5068 -2.5664 2.9447 -0.0192 -3.6118 -5.1216 1.1435 -1.7338 -6.8942 -0.5380 -7.4250 6.4886 -2.1392 -10.0999 -4.4688 -0.1583 -4.9448 -2.6258 -0.0000 -0.0000 0.0000 -69.7514 14.4055 50.5820 20.0275 -30.6755 -5.5454 -0.0000 0.0000 -30.0086 9.5925 9.2294 1.5527 -7.1250 0.0000 -0.0000 -14.9543 38.9124 2.3035 -0.0000 -0.0000 0.0000 71.6720 -16.1261 45.9126 -22.1739 33.1730 -6.6807 0.0000 0.0000 1.0946 -10.7170 -2.6901 0.5089 7.1250 -0.0000 -0.0000 12.7896 -32.5297 3.9920
0.3970 16.4491 -2.8986 -36.5689 -84.5763 33.4238 0.0000 0.0000 0.0000 -12.3445 6.9161 2.4415 0.8158 5.7635 16.0996 0.7748 6.3713 -20.1343 0.0388 -1.2706 -3.4937 0.0000 0.0000 0.0000 20.7445 4.8129 -0.8399 -2.6155 -10.0449 29.1222 -2.0539 -8.0569 -30.9370 -0.0005 -0.1503 0.4129 -1.4751 -2.5517 2.9153 -0.0140 -3.5897 -5.1347 1.1284 -1.7246 -6.8933 -0.5437 -7.4196 6.4913 -2.1098 -10.0914 -4.4734 -0.1484 -4.9413 -2.6256 -0.0000 -0.0000 0.0000 -69.7708 14.4112 50.7205 20.0155 -30.6610 -5.5392 -0.0000 0.0000 -30.2128 9.7900 9.0617 1.5567 -7.1250 0.0000 -0.0000 -14.7495 38.7630 2.3260 -0.0000 -0.0000 0.0000 71.7071 -16.1040 45.8183 -22.0705 33.0566 -6.6242 0.0000 0.0000 1.1870 -10.6746 -2.6849 0.5059 7.1250 -0.0000 -0.0000 12.8225 -32.5231 4.0048
0.3925 16.4482 -2.9048 -35.3630 -84.5165 32.2104 0.0000 0.0000 0.0000 -12.3648 6.9284 2.4600 0.8121 5.7508 16.0631 0.7719 6.2792 -20.0387 0.0402 -1.2944 -3.5591 0.0000 0.0000 0.0000 20.7033 4.7416 -0.8213 -2.6186 -10.0504 29.1402 -2.0617 -8.0665 -30.9910 -0.0004 -0.1282 0.3523 -1.4760 -2.5446 2.8909 -0.0109 -3.5799 -5.1388 1.1301 -1.7199 -6.8835 -0.5453 -7.4111 6.4933 -2.0781 -10.0788 -4.4969 -0.1381 -4.9356 -2.6318 0.0000 0.0000 0.0000 -69.8063 14.4014 50.8061 19.9858 -30.6252 -5.5241 -0.0000 0.0000 -30.2800 9.8494 9.0404 1.5627 -7.1250 0.0000 -0.0000 -14.6946 38.7465 2.3230 0.0000 0.0000 0.0000 71.7370 -16.0752 45.7199 -21.9501 32.9206 -6.5587 0.0000 0.0000 1.2451 -10.6558 -2.6813 0.5043 7.1250 -0.0000 -0.0000 12.8368 -32.5189 4.0108
0.3870 16.4473 -2.9119 -34.4443 -84.4560 31.2733 0.0000 0.0000 0.0000 -12.3688 6.9097 2.4958 0.8103 5.7445 16.0447 0.7700 6.2270 -19.9816 0.0413 -1.3124 -3.6089 0.0000 0.0000 0.0000 20.6963 4.6972 -0.7739 -2.6194 -10.0518 29.1445 -2.0698 -8.0906 -31.0551 -0.0003 -0.1180 0.3241 -1.4723 -2.5362 2.8697 -0.0020 -3.5674 -5.1393 1.1350 -1.7138 -6.8717 -0.5360 -7.3996 6.5053 -2.0413 -10.0612 -4.5304 -0.1276 -4.9276 -2.6435 -0.0000 -0.0000 0.0000 -69.8470 14.3914 50.8565 19.9496 -30.5816 -5.5057 -0.0000 0.0000 -30.2513 9.8218 9.0847 1.5658 -7.1250 0.0000 -0.0000 -14.7280 38.7879 2.3131 -0.0000 -0.0000 0.0000 71.7648 -16.0675 45.6130 -21.8303 32.7847 -6.4937 0.0000 0.0000 1.3033 -10.6404 -2.6952 0.5062 7.1250 -0.0000 -0.0000 12.8512 -32.5322 4.0113
0.3823 16.4468 -2.9192 -34.0437 -84.3971 30.8619 0.0000 0.0000 0.0000 -12.3467 6.8372 2.5292 0.8110 5.7468 16.0515 0.7702 6.2270 -19.9833 0.0407 -1.3021 -3.5804 0.0000 0.0000 0.0000 20.7409 4.6965 -0.7243 -2.6177 -10.0488 29.1348 -2.0785 -8.1271 -31.1309 -0.0004 -0.1231 0.3383 -1.4341 -2.5233 2.8353 0.0181 -3.5455 -5.1318 1.1308 -1.7048 -6.8452 -0.5106 -7.3785 6.4925 -1.9992 -10.0291 -4.5744 -0.1194 -4.9128 -2.6547 0.0000 -0.0000 0.0000 -69.8889 14.3649 50.8979 19.9151 -30.5399 -5.4882 -0.0000 0.0000 -30.2263 9.8116 9.0889 1.5648 -7.1250 0.0000 -0.0000 -14.7376 38.7913 2.3135 0.0000 -0.0000 0.0000 71.7873 -16.0529 45.4978 -21.7117 32.6496 -6.4296 0.0000 0.0000 1.3919 -10.5742 -2.7251 0.5085 7.1250 -0.0000 -0.0000 12.9082 -32.5597 4.0211
0.3794 16.4471 -2.9249 -33.6615 -84.3507 30.4946 0.0000 0.0000 0.0000 -12.3530 6.7145 2.5549 0.8107 5.7457 16.0484 0.7699 6.2714 -20.0129 0.0385 -1.2663 -3.4819 0.0000 0.0000 0.0000 20.7652 4.6893 -0.7217 -2.6170 -10.0476 29.1312 -2.0844 -8.1569 -31.1848 -0.0003 -0.1193 0.3277 -1.3857 -2.5100 2.7896 0.0339 -3.5226 -5.1249 1.1158 -1.6961 -6.8138 -0.4754 -7.3431 6.4562 -1.9489 -9.9762 -4.6196 -0.1122 -4.8884 -2.6619 -0.0000 -0.0000 0.0000 -69.9266 14.3213 50.9415 19.8882 -30.5074 -5.4745 -0.0000 0.0000 -30.2171 9.8142 9.0645 1.5611 -7.1250 0.0000 -0.0000 -14.7297 38.7675 2.3210 -0.0000 -0.0000 0.0000 71.8019 -16.0267 45.3866 -21.5919 32.5127 -6.3651 0.0000 0.0000 1.4779 -10.5026 -2.7281 0.5055 7.1250 -0.0000 -0.0000 12.9653 -32.5602 4.0396
0.3771 16.4474 -2.9292 -32.8525 -84.3168 29.7096 0.0000 0.0000 0.0000 -12.4100 6.6039 2.5872 0.8067 5.7319 16.0086 0.7671 6.3070 -20.0114 0.0367 -1.2358 -3.3979 0.0000 0.0000 0.0000 20.7234 4.6348 -0.7555 -2.6198 -10.0525 29.1470 -2.0878 -8.1696 -31.2139 -0.0002 -0.0993 0.2728 -1.3594 -2.4969 2.7620 0.0294 -3.5038 -5.1369 1.0939 -1.6885 -6.8129 -0.4372 -7.2953 6.4548 -1.8876 -9.9059 -4.6603 -0.1014 -4.8555 -2.6734 -0.0000 -0.0000 0.0000 -69.9488 14.2967 51.0060 19.8719 -30.4877 -5.4662 -0.0000 0.0000 -30.2107 9.7990 9.0416 1.5547 -7.1250 0.0000 -0.0000 -14.7373 38.7440 2.3310 -0.0000 -0.0000 0.0000 71.8170 -16.0461 45.2740 -21.4746 32.3781 -6.3021 0.0000 0.0000 1.5306 -10.4616 -2.7344 0.5047 7.1250 -0.0000 -0.0000 12.9989 -32.5651 4.0490
0.3735 16.4471 -2.9334 -31.8579 -84.2711 28.7260 0.0000 0.0000 0.0000 -12.4561 6.5729 2.6124 0.8015 5.7138 15.9564 0.7637 6.2635 -19.9455 0.0364 -1.2312 -3.3851 0.0000 0.0000 0.0000 20.6667 4.5503 -0.7779 -2.6234 -10.0588 29.1675 -2.0930 -8.1767 -31.2495 -0.0001 -0.0746 0.2050 -1.3511 -2.4874 2.7359 0.0221 -3.4911 -5.1474 1.0796 -1.6831 -6.8103 -0.3858 -7.2261 6.4641 -1.8246 -9.8056 -4.6932 -0.0932 -4.8080 -2.6847 -0.0000 0.0000 0.0000 -69.9735 14.2720 51.0667 19.8622 -30.4760 -5.4613 -0.0000 0.0000 -30.1836 9.7575 9.0190 1.5442 -7.1250 0.0000 -0.0000 -14.7669 38.7189 2.3453 -0.0000 0.0000 0.0000 71.8320 -16.0984 45.1371 -21.3564 32.2420 -6.2390 0.0000 0.0000 1.5686 -10.4506 -2.7548 0.5079 7.1250 -0.0000 -0.0000 13.0107 -32.5849 4.0464
0.3689 16.4463 -2.9386 -31.1718 -84.1971 28.0283 0.0000 0.0000 0.0000 -12.4313 6.6165 2.6126 0.7997 5.7078 15.9388 0.7629 6.1293 -19.8407 0.0371 -1.2437 -3.4196 0.0000 0.0000 0.0000 20.6665 4.4769 -0.7534 -2.6237 -10.0594 29.1695 -2.1020 -8.1914 -31.3130 -0.0001 -0.0643 0.1767 -1.3240 -2.4810 2.7060 0.0289 -3.4796 -5.1389 1.0689 -1.6789 -6.7853 -0.3356 -7.1212 6.4545 -1.7339 -9.6551 -4.7095 -0.0797 -4.7369 -2.6849 0.0000 -0.0000 0.0000 -70.0020 14.2268 51.1122 19.8647 -30.4790 -5.4625 -0.0000 0.0000 -30.1469 9.7230 9.0165 1.5382 -7.1250 0.0000 -0.0000 -14.7953 38.7138 2.3520 0.0000 -0.0000 0.0000 71.8578 -16.1400 44.9533 -21.2197 32.0839 -6.1662 0.0000 0.0000 1.6255 -10.4511 -2.7777 0.5122 7.1250 -0.0000 -0.0000 13.0139 -32.6077 4.0401
0.3649 16.4457 -2.9446 -30.9700 -84.1065 27.8110 0.0000 0.0000 0.0000 -12.3451 6.6620 2.5867 0.8021 5.7160 15.9625 0.7645 5.9791 -19.7482 0.0382 -1.2621 -3.4703 0.0000 0.0000 0.0000 20.7327 4.4369 -0.7058 -2.6206 -10.0540 29.1517 -2.1118 -8.2163 -31.3880 -0.0001 -0.0708 0.1945 -1.2561 -2.4696 2.6807 0.0473 -3.4579 -5.1230 1.0466 -1.6714 -6.7568 -0.2702 -6.9774 6.4107 -1.6252 -9.4490 -4.6916 -0.0677 -4.6397 -2.6667 -0.0000 -0.0000 0.0000 -70.0161 14.1748 51.1605 19.8913 -30.5112 -5.4761 -0.0000 0.0000 -30.1282 9.7266 9.0407 1.5429 -7.1250 0.0000 -0.0000 -14.7979 38.7378 2.3434 -0.0000 -0.0000 0.0000 71.9048 -16.1637 44.7227 -21.0553 31.8929 -6.0791 0.0000 0.0000 1.7191 -10.4569 -2.7755 0.5120 7.1250 -0.0000 -0.0000 13.0089 -32.6056 4.0391
0.3623 16.4457 -2.9508 -30.8897 -84.0244 27.7259 0.0000 0.0000 0.0000 -12.2629 6.6641 2.5640 0.8041 5.7229 15.9826 0.7658 5.8711 -19.6846 0.0386 -1.2677 -3.4858 0.0000 0.0000 0.0000 20.8087 4.4242 -0.6729 -2.6181 -10.0496 29.1375 -2.1209 -8.2447 -31.4604 -0.0002 -0.0832 0.2286 -1.1756 -2.4483 2.6828 0.0607 -3.4236 -5.1276 1.0133 -1.6581 -6.7675 -0.1851 -6.7908 6.3566 -1.5074 -9.1825 -4.6328 -0.0600 -4.5136 -2.6331 -0.0000 -0.0000 0.0000 -70.0036 14.1506 51.2417 19.9403 -30.5703 -5.5009 -0.0000 0.0000 -30.1464 9.7542 9.0701 1.5523 -7.1250 0.0000 -0.0000 -14.7814 38.7686 2.3292 -0.0000 -0.0000 0.0000 71.9666 -16.2082 44.4724 -20.8710 31.6774 -5.9820 0.0000 0.0000 1.8457 -10.4209 -2.7715 0.5095 7.1250 -0.0000 -0.0000 13.0368 -32.6005 4.0499
0.3609 16.4459 -2.9560 -30.3321 -83.9570 27.1766 0.0000 0.0000 0.0000 -12.2512 6.6334 2.5619 0.8019 5.7154 15.9609 0.7647 5.8028 -19.6252 0.0386 -1.2685 -3.4879 0.0000 0.0000 0.0000 20.8129 4.3801 -0.6821 -2.6198 -10.0525 29.1468 -2.1282 -8.2564 -31.5117 -0.0002 -0.0821 0.2255 -1.1375 -2.4284 2.6930 0.0605 -3.3954 -5.1427 0.9905 -1.6459 -6.7923 -0.0807 -6.5550 6.2954 -1.3875 -8.8484 -4.5568 -0.0582 -4.3544 -2.5929 0.0000 0.0000 0.0000 -69.9863 14.1272 51.3506 19.9931 -30.6340 -5.5278 -0.0000 0.0000 -30.1820 9.7713 9.0515 1.5519 -7.1250 0.0000 -0.0000 -14.7627 38.7517 2.3324 0.0000 0.0000 0.0000 72.0153 -16.2611 44.2397 -20.6823 31.4557 -5.8833 0.0000 0.0000 1.9818 -10.3609 -2.7780 0.5077 7.1250 -0.0000 -0.0000 13.0854 -32.6048 4.0643
0.3593 16.4455 -2.9602 -29.4055 -83.8867 26.2539 0.0000 0.0000 0.0000 -12.2836 6.5993 2.5846 0.7967 5.6973 15.9087 0.7615 5.7510 -19.5570 0.0394 -1.2817 -3.5243 0.0000 0.0000 0.0000 20.7624 4.2828 -0.7098 -2.6245 -10.0609 29.1742 -2.1354 -8.2435 -31.5474 -0.0001 -0.0733 0.2014 -1.1289 -2.4132 2.6891 0.0540 -3.3747 -5.1439 0.9771 -1.6363 -6.7926 0.0229 -6.2736 6.2244 -1.2497 -8.4530 -4.4817 -0.0533 -4.1651 -2.5501 -0.0000 -0.0000 0.0000 -69.9703 14.0748 51.4896 20.0498 -30.7023 -5.5568 -0.0000 0.0000 -30.2151 9.7780 9.0118 1.5463 -7.1250 0.0000 -0.0000 -14.7481 38.7133 2.3443 -0.0000 -0.0000 0.0000 72.0431 -16.3072 44.0362 -20.5026 31.2431 -5.7898 0.0000 0.0000 2.0791 -10.3230 -2.8040 0.5105 7.1250 -0.0000 -0.0000 13.1196 -32.6293 4.0674
0.3569 16.4443 -2.9643 -28.4675 -83.8015 25.3046 0.0000 0.0000 0.0000 -12.3111 6.5708 2.6172 0.7928 5.6835 15.8687 0.7594 5.6936 -19.4956 0.0406 -1.3006 -3.5764 0.0000 0.0000 0.0000 20.7138 4.1624 -0.7192 -2.6286 -10.0680 29.1972 -2.1441 -8.2216 -31.5867 -0.0001 -0.0647 0.1777 -1.1174 -2.3986 2.6699 0.0469 -3.3538 -5.1269 0.9602 -1.6270 -6.7649 0.1291 -5.9551 6.1305 -1.0986 -8.0072 -4.3792 -0.0477 -3.9514 -2.4933 0.0000 0.0000 0.0000 -69.9385 14.0054 51.6569 20.1231 -30.7903 -5.5942 -0.0000 0.0000 -30.2484 9.7815 8.9796 1.5414 -7.1250 0.0000 -0.0000 -14.7377 38.6820 2.3542 0.0000 0.0000 0.0000 72.0685 -16.3486 43.8333 -20.3315 31.0396 -5.7013 0.0000 0.0000 2.1602 -10.2977 -2.8318 0.5143 7.1250 -0.0000 -0.0000 13.1440 -32.6559 4.0667
0.3542 16.4431 -2.9697 -27.8678 -83.7078 24.6881 0.0000 0.0000 0.0000 -12.3010 6.5216 2.6424 0.7921 5.6811 15.8619 0.7598 5.6448 -19.4655 0.0403 -1.2952 -3.5613 0.0000 0.0000 0.0000 20.7230 4.0931 -0.6966 -2.6295 -10.0697 29.2027 -2.1536 -8.2346 -31.6513 -0.0001 -0.0604 0.1659 -1.0777 -2.3765 2.6648 0.0445 -3.3214 -5.1196 0.9324 -1.6131 -6.7571 0.2906 -5.6167 5.9914 -1.0021 -7.5331 -4.2033 -0.0718 -3.7232 -2.4087 -0.0000 -0.0000 0.0000 -69.8837 13.9590 51.8293 20.2118 -30.8967 -5.6397 -0.0000 0.0000 -30.2732 9.7726 8.9835 1.5406 -7.1250 0.0000 -0.0000 -14.7460 38.6852 2.3544 -0.0000 -0.0000 0.0000 72.1102 -16.4073 43.6065 -20.1572 30.8312 -5.6117 0.0000 0.0000 2.2732 -10.2311 -2.8393 0.5122 7.1250 -0.0000 -0.0000 13.1979 -32.6611 4.0825
0.3524 16.4425 -2.9760 -27.4191 -83.6129 24.2363 0.0000 0.0000 0.0000 -12.2821 6.4351 2.6451 0.7938 5.6872 15.8795 0.7611 5.6178 -19.4595 0.0390 -1.2740 -3.5032 0.0000 0.0000 0.0000 20.7592 4.0696 -0.6730 -2.6283 -10.0674 29.1954 -2.1613 -8.2763 -31.7230 -0.0001 -0.0596 0.1638 -1.0246 -2.3498 2.6797 0.0431 -3.2829 -5.1327 0.8993 -1.5966 -6.7835 0.4960 -5.2635 5.8485 -0.9440 -7.0390 -4.0119 -0.1154 -3.4842 -2.3215 0.0000 0.0000 0.0000 -69.8207 13.9276 51.9842 20.2968 -30.9982 -5.6834 -0.0000 0.0000 -30.2873 9.7575 9.0133 1.5432 -7.1250 0.0000 -0.0000 -14.7656 38.7132 2.3472 0.0000 0.0000 0.0000 72.1635 -16.4772 43.3652 -19.9783 30.6162 -5.5203 0.0000 0.0000 2.4064 -10.1721 -2.8274 0.5071 7.1250 -0.0000 -0.0000 13.2429 -32.6473 4.1016
0.3514 16.4425 -2.9823 -26.9455 -83.5161 23.7716 0.0000 0.0000 0.0000 -12.2695 6.3395 2.6311 0.7958 5.6940 15.8991 0.7616 5.5961 -19.4490 0.0381 -1.2605 -3.4658 0.0000 0.0000 0.0000 20.7925 4.0628 -0.6609 -2.6272 -10.0655 29.1892 -2.1691 -8.3185 -31.7951 -0.0001 -0.0670 0.1840 -0.9792 -2.3220 2.6892 0.0444 -3.2432 -5.1434 0.8730 -1.5792 -6.8036 0.6783 -4.8905 5.7518 -0.8434 -6.5201 -3.8886 -0.1392 -3.2327 -2.2621 -0.0000 -0.0000 0.0000 -69.7725 13.8663 52.1113 20.3585 -31.0718 -5.7152 -0.0000 0.0000 -30.2925 9.7502 9.0450 1.5474 -7.1250 0.0000 -0.0000 -14.7790 38.7437 2.3381 -0.0000 -0.0000 0.0000 72.2152 -16.5389 43.1204 -19.8087 30.4112 -5.4342 0.0000 0.0000 2.4981 -10.1531 -2.8329 0.5071 7.1250 -0.0000 -0.0000 13.2588 -32.6521 4.1051
0.3501 16.4422 -2.9879 -26.1905 -83.4070 23.0178 0.0000 0.0000 0.0000 -12.2761 6.2826 2.6177 0.7966 5.6970 15.9077 0.7611 5.5329 -19.4008 0.0386 -1.2679 -3.4864 0.0000 0.0000 0.0000 20.7867 4.0159 -0.6522 -2.6279 -10.0669 29.1935 -2.1797 -8.3275 -31.8643 -0.0002 -0.0829 0.2277 -0.9626 -2.3005 2.6757 0.0413 -3.2128 -5.1307 0.8569 -1.5652 -6.7838 0.8387 -4.4997 5.6742 -0.7096 -5.9786 -3.8033 -0.1481 -2.9700 -2.2163 0.0000 -0.0000 0.0000 -69.7476 13.7611 52.2019 20.3913 -31.1109 -5.7322 -0.0000 0.0000 -30.2804 9.7576 9.0276 1.5457 -7.1250 0.0000 -0.0000 -14.7688 38.7272 2.3426 0.0000 -0.0000 0.0000 72.2667 -16.5794 42.8620 -19.6506 30.2190 -5.3544 0.0000 0.0000 2.5627 -10.1602 -2.8571 0.5118 7.1250 -0.0000 -0.0000 13.2570 -32.6762 4.0966
0.3484 16.4415 -2.9932 -25.2805 -83.2859 22.0968 0.0000 0.0000 0.0000 -12.2924 6.2528 2.6143 0.7963 5.6959 15.9046 0.7599 5.4420 -19.3257 0.0394 -1.2817 -3.5243 0.0000 0.0000 0.0000 20.7586 3.9331 -0.6406 -2.6303 -10.0710 29.2071 -2.1904 -8.3310 -31.9298 -0.0002 -0.0936 0.2571 -0.9552 -2.2834 2.6678 0.0311 -3.1890 -5.1139 0.8393 -1.5541 -6.7627 1.0716 -4.1159 5.5837 -0.6678 -5.4463 -3.7022 -0.1975 -2.7101 -2.1683 0.0000 0.0000 0.0000 -69.7262 13.6603 52.2958 20.4156 -31.1398 -5.7447 -0.0000 0.0000 -30.2963 9.8634 8.8902 1.5392 -7.1250 0.0000 -0.0000 -14.6485 38.6004 2.3694 0.0000 0.0000 0.0000 72.3249 -16.6197 42.5971 -19.4960 30.0303 -5.2768 0.0000 0.0000 2.6379 -10.1493 -2.8799 0.5153 7.1250 -0.0000 -0.0000 13.2693 -32.6984 4.0933
0.3469 16.4414 -2.9990 -24.5370 -83.1659 21.3438 0.0000 0.0000 0.0000 -12.2954 6.2126 2.6100 0.7960 5.6947 15.9012 0.7583 5.3645 -19.2563 0.0397 -1.2860 -3.5361 0.0000 0.0000 0.0000 20.7577 3.8805 -0.6228 -2.6323 -10.0746 29.2185 -2.2010 -8.3632 -32.0122 -0.0002 -0.0999 0.2746 -0.9318 -2.2632 2.6817 0.0237 -3.1609 -5.1119 0.8169 -1.5414 -6.7707 1.3700 -3.7544 5.5311 -0.7143 -4.9437 -3.6284 -0.2829 -2.4632 -2.1401 -0.0000 -0.0000 0.0000 -69.6913 13.5892 52.4175 20.4484 -31.1788 -5.7617 -0.0000 0.0000 -30.3303 9.9639 8.7936 1.5384 -7.1250 0.0000 -0.0000 -14.5424 38.5131 2.3834 -0.0000 -0.0000 0.0000 72.3849 -16.6685 42.3427 -19.3436 29.8433 -5.2007 0.0000 0.0000 2.7462 -10.1271 -2.8989 0.5176 7.1250 -0.0000 -0.0000 13.2898 -32.7165 4.0940
0.3460 16.4420 -3.0055 -24.0724 -83.0595 20.8799 0.0000 0.0000 0.0000 -12.2793 6.1472 2.5952 0.7968 5.6975 15.9091 0.7579 5.3139 -19.2178 0.0386 -1.2678 -3.4858 0.0000 0.0000 0.0000 20.7974 3.8865 -0.5996 -2.6323 -10.0745 29.2183 -2.2112 -8.4267 -32.1112 -0.0003 -0.1105 0.3037 -0.8987 -2.2381 2.6861 0.0336 -3.1242 -5.1061 0.8058 -1.5246 -6.7688 1.6387 -3.4149 5.5085 -0.7483 -4.4721 -3.5987 -0.3571 -2.2313 -2.1293 0.0000 0.0000 0.0000 -69.6642 13.5048 52.5388 20.4782 -31.2141 -5.7771 -0.0000 0.0000 -30.3266 9.9270 8.8589 1.5439 -7.1250 0.0000 -0.0000 -14.5881 38.5745 2.3687 0.0000 0.0000 0.0000 72.4230 -16.6945 42.1268 -19.2056 29.6733 -5.1322 0.0000 0.0000 2.8497 -10.1011 -2.9247 0.5208 7.1250 -0.0000 -0.0000 13.3145 -32.7410 4.0939
0.3452 16.4427 -3.0117 -23.7072 -82.9546 20.5172 0.0000 0.0000 0.0000 -12.2534 6.0880 2.5685 0.7990 5.7052 15.9315 0.7595 5.2493 -19.1903 0.0371 -1.2430 -3.4176 0.0000 0.0000 0.0000 20.8429 3.8882 -0.5750 -2.6299 -10.0703 29.2047 -2.2196 -8.4853 -32.1969 -0.0004 -0.1255 0.3447 -0.8560 -2.2119 2.6726 0.0494 -3.0846 -5.0897 0.7941 -1.5069 -6.7454 1.8210 -3.0998 5.4837 -0.6987 -4.0359 -3.5732 -0.3890 -2.0182 -2.1142 -0.0000 -0.0000 0.0000 -69.6398 13.4057 52.6658 20.5023 -31.2428 -5.7896 -0.0000 0.0000 -30.2737 9.7870 9.0009 1.5459 -7.1250 0.0000 -0.0000 -14.7380 38.7033 2.3463 -0.0000 -0.0000 0.0000 72.4443 -16.7091 41.9621 -19.0919 29.5328 -5.0761 0.0000 0.0000 2.9150 -10.0938 -2.9513 0.5251 7.1250 -0.0000 -0.0000 13.3245 -32.7670 4.0885
0.3446 16.4430 -3.0172 -23.1917 -82.8180 19.9972 0.0000 0.0000 0.0000 -12.2234 6.0704 2.5272 0.8014 5.7135 15.9554 0.7609 5.1244 -19.1206 0.0368 -1.2390 -3.4068 0.0000 0.0000 0.0000 20.8638 3.8153 -0.5572 -2.6263 -10.0640 29.1843 -2.2260 -8.5221 -32.2570 -0.0005 -0.1376 0.3780 -0.8052 -2.1962 2.6764 0.0544 -3.0596 -5.0788 0.7686 -1.4969 -6.7387 1.9301 -2.8116 5.4678 -0.5739 -3.6376 -3.5463 -0.3831 -1.8248 -2.0967 0.0000 0.0000 0.0000 -69.5988 13.3332 52.8349 20.5352 -31.2817 -5.8067 -0.0000 0.0000 -30.2417 9.7170 9.0429 1.5417 -7.1250 0.0000 -0.0000 -14.8063 38.7392 2.3443 0.0000 0.0000 0.0000 72.4625 -16.7426 41.8492 -19.0041 29.4237 -5.0328 0.0000 0.0000 2.9377 -10.0901 -2.9541 0.5254 7.1250 -0.0000 -0.0000 13.3278 -32.7696 4.0887
0.3443 16.4430 -3.0224 -22.5040 -82.6631 19.3017 0.0000 0.0000 0.0000 -12.1997 6.0955 2.4809 0.8018 5.7149 15.9593 0.7598 4.9602 -19.0003 0.0380 -1.2574 -3.4574 0.0000 0.0000 0.0000 20.8561 3.6931 -0.5507 -2.6239 -10.0597 29.1704 -2.2337 -8.5314 -32.3076 -0.0005 -0.1486 0.4083 -0.7687 -2.1911 2.6948 0.0507 -3.0504 -5.0743 0.7444 -1.4940 -6.7468 2.0223 -2.5468 5.4762 -0.4346 -3.2708 -3.5427 -0.3680 -1.6474 -2.0911 -0.0000 0.0000 0.0000 -69.5527 13.2854 53.0222 20.5708 -31.3239 -5.8252 -0.0000 0.0000 -30.2387 9.7056 9.0399 1.5394 -7.1250 0.0000 -0.0000 -14.8153 38.7355 2.3472 -0.0000 0.0000 0.0000 72.4800 -16.7808 41.7573 -18.9348 29.3376 -4.9989 0.0000 0.0000 2.9715 -10.0448 -2.9299 0.5187 7.1250 -0.0000 -0.0000 13.3600 -32.7442 4.1075
0.3441 16.4429 -3.0273 -21.7461 -82.5275 18.5360 0.0000 0.0000 0.0000 -12.2010 6.1254 2.4516 0.7998 5.7081 15.9399 0.7566 4.8220 -18.8763 0.0394 -1.2815 -3.5236 0.0000 0.0000 0.0000 20.8187 3.5649 -0.5573 -2.6242 -10.0603 29.1722 -2.2415 -8.5140 -32.3433 -0.0006 -0.1544 0.4241 -0.7587 -2.1884 2.7094 0.0503 -3.0459 -5.0665 0.7384 -1.4921 -6.7476 2.1115 -2.3025 5.4880 -0.3121 -2.9324 -3.5544 -0.3564 -1.4836 -2.0920 -0.0000 0.0000 0.0000 -69.5332 13.2401 53.1789 20.5937 -31.3510 -5.8371 -0.0000 0.0000 -30.2538 9.7088 9.0218 1.5368 -7.1250 0.0000 -0.0000 -14.8084 38.7180 2.3526 -0.0000 0.0000 0.0000 72.4806 -16.7938 41.6699 -18.8829 29.2729 -4.9735 0.0000 0.0000 3.0409 -9.9244 -2.9161 0.5100 7.1250 -0.0000 -0.0000 13.4534 -32.7264 4.1435
0.3438 16.4427 -3.0314 -21.1039 -82.4301 17.8905 0.0000 0.0000 0.0000 -12.2198 6.1293 2.4433 0.7971 5.6986 15.9124 0.7534 4.7430 -18.7917 0.0403 -1.2957 -3.5627 0.0000 0.0000 0.0000 20.7754 3.4720 -0.5695 -2.6262 -10.0639 29.1838 -2.2484 -8.4866 -32.3672 -0.0006 -0.1595 0.4383 -0.7470 -2.1754 2.7131 0.0536 -3.0270 -5.0574 0.7338 -1.4832 -6.7407 2.1845 -2.0873 5.4914 -0.1894 -2.6341 -3.5724 -0.3407 -1.3397 -2.0938 0.0000 -0.0000 0.0000 -69.5246 13.1987 53.3148 20.6133 -31.3742 -5.8473 -0.0000 0.0000 -30.2806 9.7110 8.9920 1.5321 -7.1250 0.0000 -0.0000 -14.7998 38.6890 2.3620 0.0000 -0.0000 0.0000 72.4703 -16.7975 41.5909 -18.8583 29.2423 -4.9615 0.0000 0.0000 3.1045 -9.8184 -2.9386 0.5083 7.1250 -0.0000 -0.0000 13.5410 -32.7448 4.1657
0.3435 16.4431 -3.0355 -20.5960 -82.3582 17.3937 0.0000 0.0000 0.0000 -12.2444 6.0986 2.4378 0.7943 5.6888 15.8841 0.7503 4.7162 -18.7425 0.0405 -1.2995 -3.5732 0.0000 0.0000 0.0000 20.7512 3.4435 -0.5817 -2.6287 -10.0683 29.1981 -2.2571 -8.4763 -32.4121 -0.0008 -0.1796 0.4935 -0.7273 -2.1528 2.7012 0.0560 -2.9949 -5.0524 0.7219 -1.4683 -6.7298 2.2324 -1.8970 5.4651 -0.0369 -2.3705 -3.5616 -0.3103 -1.2135 -2.0805 0.0000 0.0000 0.0000 -69.5049 13.1707 53.4436 20.6398 -31.4054 -5.8611 -0.0000 0.0000 -30.3034 9.7130 8.9704 1.5288 -7.1250 0.0000 -0.0000 -14.7931 38.6679 2.3688 0.0000 0.0000 0.0000 72.4649 -16.8042 41.5281 -18.8624 29.2473 -4.9634 0.0000 0.0000 3.1165 -9.8167 -2.9660 0.5130 7.1250 -0.0000 -0.0000 13.5468 -32.7717 4.1585
0.3427 16.4438 -3.0400 -20.1833 -82.3061 17.0009 0.0000 0.0000 0.0000 -12.2700 6.0538 2.4340 0.7914 5.6786 15.8547 0.7478 4.7174 -18.7175 0.0403 -1.2960 -3.5636 0.0000 0.0000 0.0000 20.7461 3.4699 -0.5874 -2.6315 -10.0732 29.2142 -2.2683 -8.4887 -32.4850 -0.0010 -0.2083 0.5724 -0.6999 -2.1243 2.6850 0.0518 -2.9556 -5.0611 0.6985 -1.4505 -6.7318 2.2772 -1.7146 5.4224 0.1393 -2.1176 -3.5062 -0.2718 -1.0928 -2.0496 0.0000 0.0000 0.0000 -69.4673 13.1747 53.5796 20.6684 -31.4392 -5.8760 -0.0000 0.0000 -30.3166 9.7058 8.9759 1.5286 -7.1250 0.0000 -0.0000 -14.8003 38.6728 2.3682 0.0000 0.0000 0.0000 72.4781 -16.8273 41.4651 -18.8835 29.2737 -4.9738 0.0000 0.0000 3.1024 -9.9104 -2.9774 0.5199 7.1250 -0.0000 -0.0000 13.4742 -32.7863 4.1302
0.3413 16.4441 -3.0442 -19.8925 -82.2594 16.7220 0.0000 0.0000 0.0000 -12.2792 6.0267 2.4376 0.7884 5.6683 15.8248 0.7459 4.7126 -18.6947 0.0405 -1.2993 -3.5728 0.0000 0.0000 0.0000 20.7570 3.5000 -0.5837 -2.6347 -10.0787 29.2321 -2.2785 -8.5156 -32.5607 -0.0012 -0.2239 0.6152 -0.6561 -2.0997 2.6777 0.0496 -2.9206 -5.0785 0.6691 -1.4356 -6.7488 2.3332 -1.5237 5.3882 0.3102 -1.8532 -3.4384 -0.2371 -0.9663 -2.0166 -0.0000 -0.0000 0.0000 -69.4351 13.2072 53.7149 20.6871 -31.4613 -5.8858 -0.0000 0.0000 -30.3334 9.6925 8.9949 1.5296 -7.1250 0.0000 -0.0000 -14.8159 38.6904 2.3642 -0.0000 -0.0000 0.0000 72.4919 -16.8533 41.4049 -18.9135 29.3110 -4.9884 0.0000 0.0000 3.0978 -9.9999 -2.9671 0.5229 7.1250 -0.0000 -0.0000 13.4016 -32.7793 4.1092
0.3392 16.4433 -3.0475 -19.5886 -82.2050 16.4066 0.0000 0.0000 0.0000 -12.2787 6.0385 2.4528 0.7863 5.6608 15.8032 0.7450 4.6651 -18.6548 0.0414 -1.3133 -3.6112 0.0000 0.0000 0.0000 20.7548 3.4745 -0.5647 -2.6370 -10.0829 29.2454 -2.2865 -8.5259 -32.6137 -0.0012 -0.2237 0.6146 -0.6134 -2.0875 2.6708 0.0551 -2.9013 -5.0796 0.6491 -1.4281 -6.7480 2.3821 -1.3197 5.3516 0.4689 -1.5724 -3.3889 -0.2054 -0.8311 -1.9896 -0.0000 -0.0000 0.0000 -69.4309 13.2290 53.8314 20.6882 -31.4626 -5.8863 -0.0000 0.0000 -30.3593 9.6817 9.0072 1.5300 -7.1250 0.0000 -0.0000 -14.8278 38.7017 2.3620 -0.0000 -0.0000 0.0000 72.4850 -16.8458 41.3566 -18.9537 29.3611 -5.0081 0.0000 0.0000 3.1107 -9.9970 -2.9384 0.5177 7.1250 -0.0000 -0.0000 13.3993 -32.7509 4.1179
0.3364 16.4420 -3.0509 -19.4210 -82.1487 16.2136 0.0000 0.0000 0.0000 -12.2508 6.0671 2.4598 0.7872 5.6640 15.8127 0.7461 4.5878 -18.6160 0.0424 -1.3286 -3.6535 0.0000 0.0000 0.0000 20.7705 3.4348 -0.5241 -2.6363 -10.0816 29.2414 -2.2930 -8.5338 -32.6563 -0.0012 -0.2258 0.6204 -0.5734 -2.0818 2.6452 0.0781 -2.8887 -5.0551 0.6479 -1.4234 -6.7080 2.5196 -1.1419 5.3573 0.4971 -1.3238 -3.4276 -0.2282 -0.7105 -2.0019 0.0000 0.0000 0.0000 -69.4545 13.2126 53.9242 20.6691 -31.4400 -5.8764 -0.0000 0.0000 -30.3883 9.6932 8.9830 1.5278 -7.1250 0.0000 -0.0000 -14.8125 38.6787 2.3680 0.0000 0.0000 0.0000 72.4618 -16.7957 41.3130 -19.0103 29.4315 -5.0359 0.0000 0.0000 3.1152 -9.9587 -2.9034 0.5096 7.1250 -0.0000 -0.0000 13.4242 -32.7149 4.1379
0.3338 16.4407 -3.0552 -19.6203 -82.0993 16.3864 0.0000 0.0000 0.0000 -12.1706 6.0949 2.4414 0.7923 5.6820 15.8645 0.7490 4.5113 -18.5979 0.0436 -1.3477 -3.7060 0.0000 0.0000 0.0000 20.8445 3.4274 -0.4674 -2.6318 -10.0737 29.2157 -2.2961 -8.5632 -32.6918 -0.0012 -0.2260 0.6208 -0.4956 -2.0680 2.6239 0.1115 -2.8626 -5.0334 0.6356 -1.4137 -6.6749 2.7458 -1.0051 5.4446 0.4236 -1.1241 -3.5502 -0.2963 -0.6138 -2.0584 -0.0000 -0.0000 0.0000 -69.4688 13.1875 54.0269 20.6394 -31.4050 -5.8609 -0.0000 0.0000 -30.4037 9.7109 8.9713 1.5286 -7.1250 0.0000 -0.0000 -14.7950 38.6687 2.3688 -0.0000 -0.0000 0.0000 72.4575 -16.7570 41.2538 -19.0842 29.5232 -5.0723 0.0000 0.0000 3.0946 -10.0031 -2.8754 0.5070 7.1250 -0.0000 -0.0000 13.3845 -32.6889 4.1337
0.3322 16.4399 -3.0594 -19.9047 -82.0613 16.6572 0.0000 0.0000 0.0000 -12.0907 6.1016 2.4117 0.7983 5.7027 15.9243 0.7532 4.4552 -18.6053 0.0434 -1.3441 -3.6962 0.0000 0.0000 0.0000 20.9248 3.4383 -0.4264 -2.6271 -10.0654 29.1887 -2.2955 -8.5996 -32.7100 -0.0011 -0.2177 0.5981 -0.3945 -2.0446 2.6117 0.1327 -2.8236 -5.0248 0.5973 -1.3990 -6.6629 2.9429 -0.8759 5.5465 0.4141 -0.9329 -3.6717 -0.3393 -0.5230 -2.1162 -0.0000 0.0000 0.0000 -69.4515 13.1575 54.1575 20.6068 -31.3665 -5.8439 -0.0000 0.0000 -30.4132 9.7109 9.0012 1.5337 -7.1250 0.0000 -0.0000 -14.8018 38.6979 2.3590 -0.0000 0.0000 0.0000 72.4899 -16.7389 41.1821 -19.1676 29.6264 -5.1134 0.0000 0.0000 3.0465 -10.1645 -2.8367 0.5084 7.1250 -0.0000 -0.0000 13.2503 -32.6562 4.1010
0.3314 16.4393 -3.0623 -19.8461 -82.0350 16.5910 0.0000 0.0000 0.0000 -12.0724 6.1103 2.4004 0.8005 5.7104 15.9463 0.7555 4.4168 -18.6046 0.0428 -1.3360 -3.6738 0.0000 0.0000 0.0000 20.9358 3.4188 -0.4143 -2.6265 -10.0644 29.1856 -2.2947 -8.6047 -32.7089 -0.0010 -0.2022 0.5555 -0.3182 -2.0226 2.6054 0.1288 -2.7897 -5.0203 0.5476 -1.3862 -6.6585 3.0230 -0.7150 5.5975 0.5637 -0.7032 -3.7279 -0.3136 -0.4153 -2.1406 -0.0000 -0.0000 0.0000 -69.4233 13.1259 54.2786 20.5749 -31.3287 -5.8273 -0.0000 0.0000 -30.4147 9.6951 9.0464 1.5388 -7.1250 0.0000 -0.0000 -14.8255 38.7410 2.3469 -0.0000 -0.0000 0.0000 72.5407 -16.7193 41.1250 -19.2517 29.7302 -5.1551 0.0000 0.0000 2.9972 -10.2952 -2.8078 0.5098 7.1250 -0.0000 -0.0000 13.1422 -32.6320 4.0739
0.3311 16.4386 -3.0645 -19.6019 -82.0275 16.3394 0.0000 0.0000 0.0000 -12.0927 6.1294 2.4135 0.7987 5.7043 15.9288 0.7552 4.4017 -18.5929 0.0432 -1.3416 -3.6891 0.0000 0.0000 0.0000 20.9046 3.3864 -0.4211 -2.6300 -10.0705 29.2052 -2.2947 -8.5924 -32.7011 -0.0008 -0.1858 0.5105 -0.2665 -2.0057 2.5976 0.1193 -2.7641 -5.0109 0.5062 -1.3765 -6.6472 3.0703 -0.5364 5.6425 0.7443 -0.4511 -3.7860 -0.2735 -0.2970 -2.1640 0.0000 0.0000 0.0000 -69.4158 13.0947 54.3512 20.5432 -31.2913 -5.8109 -0.0000 0.0000 -30.4120 9.6914 9.0751 1.5430 -7.1250 0.0000 -0.0000 -14.8353 38.7689 2.3380 0.0000 0.0000 0.0000 72.5747 -16.6845 41.1172 -19.3422 29.8416 -5.2000 0.0000 0.0000 2.9515 -10.3159 -2.8066 0.5106 7.1250 -0.0000 -0.0000 13.1256 -32.6316 4.0686
0.3310 16.4384 -3.0664 -19.4114 -82.0355 16.1479 0.0000 0.0000 0.0000 -12.1096 6.1691 2.4218 0.7955 5.6931 15.8966 0.7535 4.3916 -18.5683 0.0448 -1.3661 -3.7568 0.0000 0.0000 0.0000 20.8770 3.3699 -0.4364 -2.6341 -10.0778 29.2291 -2.2950 -8.5826 -32.6972 -0.0007 -0.1733 0.4760 -0.2154 -1.9906 2.5927 0.1157 -2.7409 -5.0072 0.4718 -1.3677 -6.6431 3.1151 -0.3587 5.6953 0.9150 -0.2000 -3.8526 -0.2360 -0.1793 -2.1921 0.0000 0.0000 0.0000 -69.4215 13.0745 54.4011 20.5168 -31.2600 -5.7972 -0.0000 0.0000 -30.4097 9.7069 9.0880 1.5477 -7.1250 0.0000 -0.0000 -14.8253 38.7826 2.3312 0.0000 0.0000 0.0000 72.5910 -16.6592 41.1444 -19.4482 29.9718 -5.2529 0.0000 0.0000 2.9163 -10.2293 -2.8347 0.5113 7.1250 -0.0000 -0.0000 13.1988 -32.6565 4.0842
0.3312 16.4384 -3.0683 -19.2720 -82.0478 16.0182 0.0000 0.0000 0.0000 -12.1255 6.1866 2.4232 0.7927 5.6832 15.8680 0.7524 4.3943 -18.5585 0.0455 -1.3769 -3.7866 0.0000 0.0000 0.0000 20.8563 3.3641 -0.4583 -2.6370 -10.0829 29.2455 -2.2952 -8.5732 -32.6926 -0.0007 -0.1651 0.4537 -0.1585 -1.9741 2.6037 0.1115 -2.7161 -5.0209 0.4345 -1.3585 -6.6671 3.1607 -0.1952 5.7420 1.0857 0.0318 -3.8956 -0.1981 -0.0710 -2.2120 -0.0000 -0.0000 0.0000 -69.4133 13.0682 54.4868 20.5003 -31.2403 -5.7886 -0.0000 0.0000 -30.4138 9.7204 9.1147 1.5544 -7.1250 0.0000 -0.0000 -14.8201 38.8097 2.3202 -0.0000 -0.0000 0.0000 72.6114 -16.6752 41.1751 -19.5742 30.1260 -5.3160 0.0000 0.0000 2.8845 -10.1429 -2.8614 0.5117 7.1250 -0.0000 -0.0000 13.2714 -32.6800 4.1001
0.3314 16.4385 -3.0703 -19.1697 -82.0558 15.9319 0.0000 0.0000 0.0000 -12.1385 6.1822 2.4233 0.7900 5.6738 15.8410 0.7512 4.4108 -18.5567 0.0454 -1.3758 -3.7834 0.0000 0.0000 0.0000 20.8381 3.3505 -0.4875 -2.6391 -10.0865 29.2573 -2.2950 -8.5529 -32.6792 -0.0006 -0.1590 0.4369 -0.1000 -1.9574 2.6174 0.1086 -2.6910 -5.0402 0.3978 -1.3492 -6.6986 3.2081 -0.0457 5.7856 1.2547 0.2447 -3.9339 -0.1605 0.0278 -2.2303 0.0000 0.0000 0.0000 -69.3964 13.0596 54.6066 20.4919 -31.2304 -5.7842 -0.0000 0.0000 -30.4238 9.7161 9.1480 1.5593 -7.1250 0.0000 -0.0000 -14.8314 38.8420 2.3100 0.0000 0.0000 0.0000 72.6424 -16.7138 41.1987 -19.7088 30.2899 -5.3837 0.0000 0.0000 2.8356 -10.1560 -2.8473 0.5098 7.1250 -0.0000 -0.0000 13.2588 -32.6664 4.1004
0.3314 16.4387 -3.0725 -19.0407 -82.0702 15.8255 0.0000 0.0000 0.0000 -12.1613 6.1628 2.4310 0.7865 5.6614 15.8052 0.7500 4.4391 -18.5616 0.0446 -1.3632 -3.7486 0.0000 0.0000 0.0000 20.8129 3.3449 -0.5246 -2.6416 -10.0908 29.2714 -2.2936 -8.5339 -32.6595 -0.0005 -0.1484 0.4078 -0.0624 -1.9412 2.6035 0.1113 -2.6671 -5.0445 0.3772 -1.3393 -6.6968 3.2484 0.0961 5.8447 1.4190 0.4486 -4.0243 -0.1229 0.1213 -2.2692 -0.0000 0.0000 0.0000 -69.3926 13.0290 54.7119 20.4888 -31.2268 -5.7826 -0.0000 0.0000 -30.4410 9.7016 9.1543 1.5580 -7.1250 0.0000 -0.0000 -14.8452 38.8471 2.3103 -0.0000 0.0000 0.0000 72.6723 -16.7278 41.2250 -19.8353 30.4434 -5.4477 0.0000 0.0000 2.7615 -10.2856 -2.7973 0.5074 7.1250 -0.0000 -0.0000 13.1482 -32.6213 4.0793
0.3311 16.4393 -3.0751 -18.8795 -82.0986 15.6897 0.0000 0.0000 0.0000 -12.1955 6.1383 2.4517 0.7815 5.6438 15.7542 0.7486 4.4748 -18.5704 0.0429 -1.3369 -3.6764 0.0000 0.0000 0.0000 20.7846 3.3657 -0.5605 -2.6450 -10.0970 29.2913 -2.2934 -8.5197 -32.6496 -0.0005 -0.1451 0.3986 -0.0505 -1.9286 2.5619 0.1220 -2.6485 -5.0290 0.3782 -1.3306 -6.6562 3.2659 0.2424 5.9082 1.5932 0.6590 -4.1656 -0.0787 0.2169 -2.3262 -0.0000 -0.0000 0.0000 -69.4087 12.9811 54.7788 20.4949 -31.2340 -5.7858 -0.0000 0.0000 -30.4706 9.7082 9.1381 1.5563 -7.1250 0.0000 -0.0000 -14.8358 38.8318 2.3145 -0.0000 -0.0000 0.0000 72.6911 -16.6972 41.2657 -19.9451 30.5761 -5.5034 0.0000 0.0000 2.6790 -10.4502 -2.7477 0.5066 7.1250 -0.0000 -0.0000 13.0100 -32.5778 4.0485
0.3305 16.4397 -3.0778 -18.7852 -82.1384 15.6129 0.0000 0.0000 0.0000 -12.2295 6.0943 2.4948 0.7760 5.6245 15.6987 0.7467 4.5453 -18.5949 0.0415 -1.3143 -3.6141 0.0000 0.0000 0.0000 20.7665 3.3982 -0.5864 -2.6490 -10.1039 29.3138 -2.2942 -8.5048 -32.6454 -0.0005 -0.1470 0.4037 -0.0355 -1.9177 2.5320 0.1354 -2.6318 -5.0118 0.3807 -1.3229 -6.6208 3.2795 0.4024 5.9521 1.7790 0.8873 -4.2995 -0.0309 0.3210 -2.3776 0.0000 0.0000 0.0000 -69.4251 12.9440 54.8388 20.5112 -31.2533 -5.7942 -0.0000 0.0000 -30.5028 9.7390 9.1370 1.5612 -7.1250 0.0000 -0.0000 -14.8097 38.8330 2.3098 0.0000 0.0000 0.0000 72.7108 -16.6617 41.3060 -20.0424 30.6934 -5.5530 0.0000 0.0000 2.6253 -10.5311 -2.7264 0.5066 7.1250 -0.0000 -0.0000 12.9426 -32.5595 4.0324
0.3302 16.4399 -3.0801 -18.7684 -82.1820 15.6066 0.0000 0.0000 0.0000 -12.2572 6.0437 2.5470 0.7708 5.6061 15.6458 0.7439 4.6382 -18.6258 0.0407 -1.3015 -3.5789 0.0000 0.0000 0.0000 20.7568 3.4245 -0.6084 -2.6531 -10.1112 29.3375 -2.2948 -8.4885 -32.6392 -0.0005 -0.1459 0.4007 -0.0066 -1.9077 2.5205 0.1493 -2.6155 -4.9989 0.3769 -1.3158 -6.6011 3.3238 0.5820 5.9680 1.9522 1.1419 -4.4001 0.0067 0.4384 -2.4129 0.0000 0.0000 0.0000 -69.4333 12.9128 54.9239 20.5298 -31.2754 -5.8039 -0.0000 0.0000 -30.5359 9.7761 9.1349 1.5669 -7.1250 0.0000 -0.0000 -14.7780 38.8337 2.3043 0.0000 0.0000 0.0000 72.7408 -16.6396 41.3242 -20.1319 30.8009 -5.5987 0.0000 0.0000 2.6016 -10.4979 -2.7193 0.5037 7.1250 -0.0000 -0.0000 12.9679 -32.5513 4.0433
0.3298 16.4403 -3.0823 -18.7368 -82.2319 15.5897 0.0000 0.0000 0.0000 -12.2859 6.0082 2.5842 0.7664 5.5903 15.6003 0.7408 4.7251 -18.6502 0.0407 -1.3015 -3.5788 0.0000 0.0000 0.0000 20.7472 3.4657 -0.6287 -2.6570 -10.1179 29.3595 -2.2951 -8.4835 -32.6382 -0.0005 -0.1417 0.3892 0.0150 -1.8956 2.5106 0.1630 -2.5971 -4.9919 0.3770 -1.3075 -6.5882 3.3872 0.7699 5.9865 2.1142 1.4084 -4.4791 0.0370 0.5620 -2.4417 -0.0000 0.0000 0.0000 -69.4357 12.8768 55.0412 20.5430 -31.2910 -5.8108 -0.0000 0.0000 -30.5714 9.8040 9.1142 1.5679 -7.1250 0.0000 -0.0000 -14.7498 38.8155 2.3065 -0.0000 0.0000 0.0000 72.7802 -16.6402 41.3230 -20.2180 30.9040 -5.6429 0.0000 0.0000 2.5758 -10.4297 -2.7331 0.5029 7.1250 -0.0000 -0.0000 13.0240 -32.5627 4.0579
0.3295 16.4409 -3.0850 -18.7718 -82.2812 15.6456 0.0000 0.0000 0.0000 -12.2980 5.9955 2.5973 0.7628 5.5777 15.5638 0.7379 4.7897 -18.6615 0.0410 -1.3073 -3.5948 0.0000 0.0000 0.0000 20.7534 3.5296 -0.6460 -2.6599 -10.1230 29.3759 -2.2969 -8.4837 -32.6489 -0.0005 -0.1477 0.4059 0.0361 -1.8820 2.4950 0.1820 -2.5765 -4.9870 0.3827 -1.2979 -6.5742 3.4309 0.9497 6.0155 2.2912 1.6633 -4.5422 0.0758 0.6797 -2.4678 -0.0000 -0.0000 0.0000 -69.4383 12.8262 55.1796 20.5483 -31.2973 -5.8135 -0.0000 0.0000 -30.6143 9.8232 9.0957 1.5679 -7.1250 0.0000 -0.0000 -14.7294 38.7988 2.3093 -0.0000 -0.0000 0.0000 72.8203 -16.6497 41.3233 -20.2921 30.9927 -5.6810 0.0000 0.0000 2.5215 -10.4112 -2.7509 0.5052 7.1250 -0.0000 -0.0000 13.0414 -32.5797 4.0581
0.3295 16.4416 -3.0876 -18.8276 -82.3228 15.7248 0.0000 0.0000 0.0000 -12.3025 5.9889 2.5988 0.7597 5.5665 15.5316 0.7348 4.8423 -18.6638 0.0417 -1.3177 -3.6235 0.0000 0.0000 0.0000 20.7616 3.5858 -0.6686 -2.6622 -10.1270 29.3890 -2.2977 -8.4801 -32.6512 -0.0006 -0.1529 0.4201 0.0643 -1.8683 2.4856 0.1988 -2.5555 -4.9828 0.3821 -1.2885 -6.5648 3.4534 1.1190 6.0317 2.5002 1.9032 -4.5865 0.1291 0.7896 -2.4863 0.0000 0.0000 0.0000 -69.4344 12.7598 55.3270 20.5506 -31.3000 -5.8147 -0.0000 0.0000 -30.6532 9.8321 9.0876 1.5680 -7.1250 0.0000 -0.0000 -14.7200 38.7915 2.3105 0.0000 0.0000 0.0000 72.8640 -16.6578 41.3250 -20.3474 31.0586 -5.7095 0.0000 0.0000 2.4661 -10.4473 -2.7569 0.5081 7.1250 -0.0000 -0.0000 13.0138 -32.5869 4.0468
0.3298 16.4422 -3.0896 -18.8192 -82.3554 15.7359 0.0000 0.0000 0.0000 -12.3127 5.9879 2.6037 0.7563 5.5543 15.4966 0.7327 4.8719 -18.6621 0.0415 -1.3152 -3.6165 0.0000 0.0000 0.0000 20.7522 3.6067 -0.6989 -2.6646 -10.1312 29.4028 -2.2959 -8.4676 -32.6333 -0.0005 -0.1447 0.3976 0.1011 -1.8569 2.4899 0.2064 -2.5375 -4.9769 0.3681 -1.2812 -6.5622 3.4762 1.2906 6.0166 2.7336 2.1449 -4.6036 0.1905 0.9001 -2.4908 -0.0000 0.0000 0.0000 -69.4233 12.6847 55.4660 20.5526 -31.3023 -5.8157 -0.0000 0.0000 -30.6807 9.8284 9.0801 1.5661 -7.1250 0.0000 -0.0000 -14.7215 38.7839 2.3136 -0.0000 0.0000 0.0000 72.9110 -16.6636 41.3165 -20.3850 31.1035 -5.7289 0.0000 0.0000 2.4419 -10.4677 -2.7367 0.5054 7.1250 -0.0000 -0.0000 12.9945 -32.5675 4.0467
0.3299 16.4424 -3.0910 -18.7711 -82.3831 15.7046 0.0000 0.0000 0.0000 -12.3250 5.9998 2.6036 0.7536 5.5444 15.4681 0.7317 4.8795 -18.6565 0.0410 -1.3074 -3.5949 0.0000 0.0000 0.0000 20.7311 3.6020 -0.7304 -2.6664 -10.1344 29.4131 -2.2927 -8.4481 -32.6029 -0.0004 -0.1317 0.3617 0.1416 -1.8491 2.5006 0.2087 -2.5243 -4.9701 0.3471 -1.2766 -6.5630 3.5239 1.4722 5.9823 2.9662 2.3997 -4.5961 0.2470 1.0173 -2.4838 -0.0000 -0.0000 0.0000 -69.4111 12.6126 55.5764 20.5556 -31.3060 -5.8173 -0.0000 0.0000 -30.6885 9.8181 9.0829 1.5649 -7.1250 0.0000 -0.0000 -14.7307 38.7859 2.3143 -0.0000 -0.0000 0.0000 72.9570 -16.6734 41.3005 -20.4093 31.1323 -5.7415 0.0000 0.0000 2.4391 -10.5123 -2.6871 0.4984 7.1250 -0.0000 -0.0000 12.9515 -32.5199 4.0480
0.3300 16.4425 -3.0921 -18.8162 -82.4084 15.7680 0.0000 0.0000 0.0000 -12.3250 6.0126 2.5935 0.7521 5.5391 15.4527 0.7313 4.8853 -18.6564 0.0406 -1.2998 -3.5742 0.0000 0.0000 0.0000 20.7220 3.5937 -0.7609 -2.6670 -10.1353 29.4161 -2.2900 -8.4247 -32.5733 -0.0004 -0.1260 0.3461 0.1949 -1.8429 2.5131 0.2135 -2.5124 -4.9640 0.3216 -1.2731 -6.5659 3.5858 1.6632 5.9423 3.1992 2.6673 -4.5785 0.3010 1.1409 -2.4728 0.0000 -0.0000 0.0000 -69.4038 12.5400 55.6114 20.5617 -31.3132 -5.8205 -0.0000 0.0000 -30.5475 9.6719 9.2404 1.5676 -7.1250 0.0000 -0.0000 -14.8902 38.9291 2.2868 0.0000 -0.0000 0.0000 73.0041 -16.6885 41.2732 -20.4211 31.1464 -5.7476 0.0000 0.0000 2.4285 -10.5562 -2.6570 0.4950 7.1250 -0.0000 -0.0000 12.9121 -32.4915 4.0442
0.3305 16.4428 -3.0930 -18.8426 -82.4358 15.8166 0.0000 0.0000 0.0000 -12.3303 6.0233 2.5782 0.7508 5.5345 15.4395 0.7307 4.8950 -18.6560 0.0401 -1.2925 -3.5541 0.0000 0.0000 0.0000 20.7097 3.5895 -0.7953 -2.6674 -10.1362 29.4188 -2.2871 -8.4045 -32.5442 -0.0004 -0.1214 0.3334 0.2439 -1.8372 2.5301 0.2184 -2.5013 -4.9591 0.2991 -1.2698 -6.5723 3.6396 1.8617 5.9106 3.4505 2.9459 -4.5752 0.3617 1.2689 -2.4692 -0.0000 -0.0000 0.0000 -69.3962 12.4698 55.6028 20.5802 -31.3351 -5.8301 -0.0000 0.0000 -30.3020 9.4239 9.5049 1.5700 -7.1250 0.0000 -0.0000 -15.1614 39.1686 2.2389 -0.0000 -0.0000 0.0000 73.0527 -16.7025 41.2242 -20.4170 31.1414 -5.7454 0.0000 0.0000 2.4230 -10.5749 -2.6661 0.4975 7.1250 -0.0000 -0.0000 12.8986 -32.5011 4.0367
0.3313 16.4433 -3.0938 -18.8203 -82.4674 15.8175 0.0000 0.0000 0.0000 -12.3416 6.0451 2.5619 0.7487 5.5270 15.4180 0.7293 4.8982 -18.6440 0.0398 -1.2880 -3.5416 0.0000 0.0000 0.0000 20.6891 3.5898 -0.8338 -2.6689 -10.1388 29.4274 -2.2847 -8.3819 -32.5164 -0.0003 -0.1183 0.3250 0.2849 -1.8303 2.5539 0.2223 -2.4893 -4.9566 0.2801 -1.2657 -6.5851 3.6709 2.0680 5.8874 3.7323 3.2352 -4.5843 0.4355 1.4010 -2.4730 -0.0000 0.0000 0.0000 -69.3797 12.4098 55.6346 20.6103 -31.3706 -5.8457 -0.0000 0.0000 -30.1350 9.2512 9.6937 1.5710 -7.1250 0.0000 -0.0000 -15.3526 39.3394 2.2022 -0.0000 0.0000 0.0000 73.1049 -16.7199 41.1358 -20.3965 31.1171 -5.7349 0.0000 0.0000 2.4609 -10.4999 -2.7224 0.5044 7.1250 -0.0000 -0.0000 12.9667 -32.5545 4.0419
0.3318 16.4437 -3.0947 -18.8190 -82.5030 15.8347 0.0000 0.0000 0.0000 -12.3512 6.0633 2.5534 0.7466 5.5193 15.3958 0.7277 4.9069 -18.6325 0.0399 -1.2885 -3.5431 0.0000 0.0000 0.0000 20.6706 3.5942 -0.8703 -2.6716 -10.1435 29.4426 -2.2819 -8.3588 -32.4865 -0.0003 -0.1180 0.3242 0.3272 -1.8216 2.5919 0.2271 -2.4747 -4.9614 0.2618 -1.2603 -6.6138 3.7169 2.2820 5.8804 3.9969 3.5365 -4.6017 0.5007 1.5389 -2.4830 -0.0000 -0.0000 0.0000 -69.3586 12.3687 55.7423 20.6420 -31.4081 -5.8623 -0.0000 0.0000 -30.1351 9.2392 9.7277 1.5744 -7.1250 0.0000 -0.0000 -15.3710 39.3716 2.1925 -0.0000 -0.0000 0.0000 73.1541 -16.7585 41.0241 -20.3685 31.0838 -5.7204 0.0000 0.0000 2.5233 -10.4786 -2.7408 0.5067 7.1250 -0.0000 -0.0000 12.9864 -32.5720 4.0426
0.3311 16.4435 -3.0954 -18.9494 -82.5624 15.9702 0.0000 0.0000 0.0000 -12.3587 6.0595 2.5742 0.7451 5.5139 15.3804 0.7274 4.9508 -18.6593 0.0392 -1.2771 -3.5116 0.0000 0.0000 0.0000 20.6620 3.6157 -0.8917 -2.6754 -10.1500 29.4639 -2.2799 -8.3221 -32.4530 -0.0004 -0.1245 0.3421 0.3760 -1.8052 2.6312 0.2384 -2.4489 -4.9650 0.2458 -1.2496 -6.6419 3.7869 2.5029 5.8997 4.2176 3.8493 -4.6396 0.5470 1.6825 -2.5039 -0.0000 -0.0000 0.0000 -69.3509 12.3353 55.8660 20.6646 -31.4347 -5.8740 -0.0000 0.0000 -30.1735 9.2452 9.7248 1.5750 -7.1250 0.0000 -0.0000 -15.3651 39.3692 2.1925 -0.0000 -0.0000 0.0000 73.1886 -16.8154 40.9179 -20.3393 31.0490 -5.7053 0.0000 0.0000 2.5554 -10.5226 -2.7201 0.5051 7.1250 -0.0000 -0.0000 12.9484 -32.5530 4.0364
0.3300 16.4432 -3.0957 -19.1010 -82.6292 16.1255 0.0000 0.0000 0.0000 -12.3728 6.0412 2.6041 0.7441 5.5104 15.3703 0.7283 5.0107 -18.7087 0.0375 -1.2507 -3.4390 0.0000 0.0000 0.0000 20.6481 3.6301 -0.9150 -2.6795 -10.1572 29.4872 -2.2763 -8.2802 -32.4066 -0.0003 -0.1179 0.3239 0.4195 -1.7885 2.6507 0.2569 -2.4227 -4.9594 0.2392 -1.2382 -6.6482 3.8625 2.7246 5.9508 4.4044 4.1660 -4.7146 0.5806 1.8274 -2.5428 -0.0000 -0.0000 0.0000 -69.3607 12.2919 55.9804 20.6784 -31.4510 -5.8812 -0.0000 0.0000 -30.2098 9.2349 9.7236 1.5730 -7.1250 0.0000 -0.0000 -15.3736 39.3672 2.1946 -0.0000 -0.0000 0.0000 73.2071 -16.8614 40.8129 -20.2993 31.0013 -5.6847 0.0000 0.0000 2.5660 -10.5358 -2.6953 0.5011 7.1250 -0.0000 -0.0000 12.9341 -32.5287 4.0395
0.3295 16.4434 -3.0963 -19.2052 -82.6786 16.2472 0.0000 0.0000 0.0000 -12.3854 6.0236 2.6101 0.7433 5.5075 15.3620 0.7282 5.0613 -18.7418 0.0365 -1.2338 -3.3925 0.0000 0.0000 0.0000 20.6353 3.6367 -0.9512 -2.6823 -10.1621 29.5033 -2.2713 -8.2545 -32.3620 -0.0002 -0.1014 0.2785 0.4520 -1.7783 2.6493 0.2791 -2.4054 -4.9487 0.2423 -1.2306 -6.6363 3.9331 2.9390 6.0073 4.5834 4.4736 -4.8003 0.6126 1.9674 -2.5867 -0.0000 -0.0000 0.0000 -69.3717 12.2323 56.0967 20.6917 -31.4667 -5.8882 -0.0000 0.0000 -30.2498 9.2263 9.7354 1.5734 -7.1250 0.0000 -0.0000 -15.3837 39.3781 2.1919 -0.0000 -0.0000 0.0000 73.2256 -16.8893 40.6824 -20.2441 30.9353 -5.6563 0.0000 0.0000 2.6102 -10.4722 -2.7120 0.5011 7.1250 -0.0000 -0.0000 12.9871 -32.5432 4.0521
0.3298 16.4444 -3.0976 -19.3008 -82.7053 16.3749 0.0000 0.0000 0.0000 -12.3842 6.0155 2.5869 0.7424 5.5040 15.3519 0.7268 5.0909 -18.7463 0.0365 -1.2324 -3.3886 0.0000 0.0000 0.0000 20.6387 3.6537 -0.9939 -2.6837 -10.1645 29.5110 -2.2669 -8.2568 -32.3375 -0.0002 -0.0861 0.2366 0.4829 -1.7740 2.6495 0.3027 -2.3965 -4.9451 0.2488 -1.2271 -6.6328 4.0089 3.1444 6.0398 4.7534 4.7660 -4.8522 0.6418 2.1014 -2.6148 0.0000 0.0000 0.0000 -69.3757 12.1766 56.2169 20.7109 -31.4894 -5.8982 -0.0000 0.0000 -30.2886 9.2317 9.7438 1.5757 -7.1250 0.0000 -0.0000 -15.3812 39.3867 2.1881 0.0000 0.0000 0.0000 73.2510 -16.9172 40.5283 -20.1772 30.8553 -5.6220 0.0000 0.0000 2.6934 -10.4239 -2.7183 0.4999 7.1250 -0.0000 -0.0000 13.0264 -32.5479 4.0635
0.3298 16.4452 -3.0990 -19.3734 -82.7337 16.4778 0.0000 0.0000 0.0000 -12.3851 6.0127 2.5686 0.7410 5.4992 15.3380 0.7256 5.1153 -18.7509 0.0363 -1.2306 -3.3836 0.0000 0.0000 0.0000 20.6395 3.6766 -1.0305 -2.6846 -10.1661 29.5163 -2.2651 -8.2484 -32.3220 -0.0002 -0.0845 0.2321 0.5155 -1.7690 2.6636 0.3248 -2.3866 -4.9489 0.2533 -1.2232 -6.6455 4.0926 3.3397 6.0495 4.8964 5.0407 -4.8610 0.6623 2.2293 -2.6232 -0.0000 0.0000 0.0000 -69.3808 12.1438 56.3230 20.7389 -31.5223 -5.9129 -0.0000 0.0000 -30.3216 9.2509 9.7503 1.5800 -7.1250 0.0000 -0.0000 -15.3666 39.3945 2.1829 -0.0000 0.0000 0.0000 73.2724 -16.9567 40.3805 -20.1025 30.7657 -5.5837 0.0000 0.0000 2.7751 -10.4117 -2.7062 0.4971 7.1250 -0.0000 -0.0000 13.0342 -32.5354 4.0700
0.3302 16.4462 -3.1003 -19.5744 -82.7667 16.7157 0.0000 0.0000 0.0000 -12.3727 5.9969 2.5342 0.7417 5.5017 15.3452 0.7257 5.1438 -18.7712 0.0360 -1.2243 -3.3661 0.0000 0.0000 0.0000 20.6576 3.7148 -1.0674 -2.6833 -10.1638 29.5088 -2.2629 -8.2418 -32.3056 -0.0002 -0.0934 0.2566 0.5667 -1.7619 2.6806 0.3530 -2.3725 -4.9596 0.2538 -1.2182 -6.6675 4.1651 3.5286 6.0652 5.0192 5.3051 -4.8613 0.6785 2.3533 -2.6296 -0.0000 0.0000 0.0000 -69.3955 12.1260 56.3995 20.7710 -31.5601 -5.9296 -0.0000 0.0000 -30.3437 9.2758 9.7539 1.5850 -7.1250 0.0000 -0.0000 -15.3464 39.4000 2.1777 -0.0000 0.0000 0.0000 73.2867 -16.9993 40.2381 -20.0210 30.6676 -5.5420 0.0000 0.0000 2.8510 -10.4271 -2.6897 0.4948 7.1250 -0.0000 -0.0000 13.0194 -32.5196 4.0703
0.3322 16.4483 -3.1027 -20.3201 -82.8053 17.5244 0.0000 0.0000 0.0000 -12.2972 5.9386 2.4490 0.7466 5.5193 15.3959 0.7268 5.2031 -18.8228 0.0354 -1.2139 -3.3374 0.0000 0.0000 0.0000 20.7648 3.8304 -1.1103 -2.6776 -10.1539 29.4764 -2.2587 -8.2824 -32.3048 -0.0003 -0.1144 0.3143 0.6815 -1.7445 2.7065 0.3953 -2.3406 -4.9939 0.2330 -1.2074 -6.7219 4.2234 3.7090 6.0971 5.1506 5.5584 -4.8568 0.7001 2.4716 -2.6383 0.0000 0.0000 0.0000 -69.3945 12.1298 56.4842 20.8105 -31.6065 -5.9503 -0.0000 0.0000 -30.3686 9.3169 9.7429 1.5903 -7.1250 0.0000 -0.0000 -15.3091 39.3924 2.1751 0.0000 0.0000 0.0000 73.3145 -17.0580 40.0755 -19.9334 30.5620 -5.4974 0.0000 0.0000 2.9462 -10.4412 -2.6885 0.4952 7.1250 -0.0000 -0.0000 13.0080 -32.5189 4.0668
0.3346 16.4509 -3.1054 -21.2280 -82.8459 18.5049 0.0000 0.0000 0.0000 -12.2036 5.8741 2.3418 0.7531 5.5426 15.4629 0.7281 5.2687 -18.8807 0.0347 -1.2018 -3.3041 0.0000 0.0000 0.0000 20.8974 3.9708 -1.1546 -2.6703 -10.1412 29.4353 -2.2518 -8.3482 -32.3040 -0.0004 -0.1296 0.3561 0.8211 -1.7205 2.7409 0.4329 -2.2989 -5.0434 0.1931 -1.1936 -6.7986 4.2914 3.8809 6.1332 5.2855 5.8003 -4.8325 0.7216 2.5846 -2.6411 -0.0000 -0.0000 0.0000 -69.3649 12.1573 56.6041 20.8590 -31.6634 -5.9757 -0.0000 0.0000 -30.4070 9.3732 9.6919 1.5918 -7.1250 0.0000 -0.0000 -15.2492 39.3471 2.1836 -0.0000 -0.0000 0.0000 73.3643 -17.1387 39.8876 -19.8443 30.4543 -5.4522 0.0000 0.0000 3.0463 -10.4141 -2.6981 0.4957 7.1250 -0.0000 -0.0000 13.0310 -32.5275 4.0716
0.3351 16.4524 -3.1072 -21.6673 -82.8847 18.9956 0.0000 0.0000 0.0000 -12.1645 5.8580 2.2724 0.7561 5.5537 15.4948 0.7283 5.3020 -18.9063 0.0344 -1.1967 -3.2901 0.0000 0.0000 0.0000 20.9487 4.0407 -1.1940 -2.6666 -10.1347 29.4142 -2.2460 -8.3672 -32.2812 -0.0004 -0.1298 0.3567 0.9162 -1.7020 2.7716 0.4497 -2.2678 -5.0813 0.1570 -1.1832 -6.8598 4.3865 4.0507 6.1522 5.3962 6.0371 -4.7786 0.7315 2.6969 -2.6290 0.0000 0.0000 0.0000 -69.3296 12.1930 56.7357 20.9116 -31.7250 -6.0034 -0.0000 0.0000 -30.4480 9.4087 9.6479 1.5908 -7.1250 0.0000 -0.0000 -15.2086 39.3070 2.1929 0.0000 0.0000 0.0000 73.4181 -17.2247 39.6913 -19.7586 30.3504 -5.4088 0.0000 0.0000 3.1289 -10.3719 -2.7029 0.4945 7.1250 -0.0000 -0.0000 13.0653 -32.5309 4.0817
0.3338 16.4531 -3.1086 -21.6891 -82.9223 19.0490 0.0000 0.0000 0.0000 -12.1703 5.8937 2.2394 0.7555 5.5514 15.4881 0.7268 5.3053 -18.8924 0.0349 -1.2053 -3.3139 0.0000 0.0000 0.0000 20.9329 4.0560 -1.2262 -2.6666 -10.1347 29.4142 -2.2426 -8.3483 -32.2493 -0.0003 -0.1207 0.3315 0.9552 -1.6933 2.7802 0.4608 -2.2534 -5.0913 0.1460 -1.1779 -6.8765 4.5017 4.2310 6.1364 5.4748 6.2844 -4.7098 0.7284 2.8166 -2.6035 0.0000 -0.0000 0.0000 -69.3183 12.2064 56.8383 20.9568 -31.7779 -6.0272 -0.0000 0.0000 -30.4812 9.4103 9.6352 1.5890 -7.1250 0.0000 -0.0000 -15.2041 39.2947 2.1970 0.0000 -0.0000 0.0000 73.4574 -17.2827 39.5019 -19.6787 30.2533 -5.3685 0.0000 0.0000 3.1952 -10.3526 -2.7132 0.4954 7.1250 -0.0000 -0.0000 13.0821 -32.5404 4.0841
0.3326 16.4541 -3.1106 -21.7777 -82.9592 19.1683 0.0000 0.0000 0.0000 -12.1635 5.9367 2.2154 0.7530 5.5424 15.4623 0.7235 5.3106 -18.8624 0.0357 -1.2192 -3.3521 0.0000 0.0000 0.0000 20.9348 4.0924 -1.2569 -2.6682 -10.1375 29.4231 -2.2405 -8.3427 -32.2337 -0.0003 -0.1152 0.3165 0.9857 -1.6883 2.7817 0.4846 -2.2433 -5.0878 0.1529 -1.1738 -6.8738 4.6186 4.4228 6.0780 5.5386 6.5418 -4.6222 0.7212 2.9435 -2.5630 -0.0000 -0.0000 0.0000 -69.3309 12.1949 56.9106 20.9868 -31.8129 -6.0430 -0.0000 0.0000 -30.5067 9.4042 9.6468 1.5898 -7.1250 0.0000 -0.0000 -15.2122 39.3056 2.1940 -0.0000 -0.0000 0.0000 73.4817 -17.3120 39.3315 -19.6010 30.1586 -5.3294 0.0000 0.0000 3.2490 -10.3577 -2.7350 0.4997 7.1250 -0.0000 -0.0000 13.0814 -32.5622 4.0768
0.3316 16.4550 -3.1126 -21.7918 -83.0001 19.2090 0.0000 0.0000 0.0000 -12.1684 5.9733 2.2069 0.7493 5.5292 15.4244 0.7197 5.3201 -18.8288 0.0365 -1.2328 -3.3896 0.0000 0.0000 0.0000 20.9263 4.1231 -1.2898 -2.6709 -10.1422 29.4386 -2.2372 -8.3430 -32.2148 -0.0003 -0.1068 0.2933 1.0038 -1.6842 2.7862 0.5100 -2.2349 -5.0777 0.1684 -1.1698 -6.8653 4.7282 4.6194 5.9924 5.5972 6.8013 -4.5165 0.7148 3.0732 -2.5114 0.0000 0.0000 0.0000 -69.3592 12.1733 56.9632 21.0041 -31.8332 -6.0521 -0.0000 0.0000 -30.5330 9.4203 9.6423 1.5918 -7.1250 0.0000 -0.0000 -15.1975 39.3025 2.1930 0.0000 0.0000 0.0000 73.4951 -17.3250 39.1876 -19.5218 30.0619 -5.2897 0.0000 0.0000 3.2832 -10.3917 -2.7561 0.5052 7.1250 -0.0000 -0.0000 13.0578 -32.5842 4.0619
0.3306 16.4558 -3.1143 -21.7410 -83.0447 19.1791 0.0000 0.0000 0.0000 -12.1865 5.9957 2.2106 0.7460 5.5170 15.3891 0.7167 5.3377 -18.8105 0.0367 -1.2370 -3.4012 0.0000 0.0000 0.0000 20.9029 4.1357 -1.3229 -2.6738 -10.1472 29.4548 -2.2339 -8.3282 -32.1861 -0.0002 -0.1009 0.2771 1.0175 -1.6804 2.7946 0.5348 -2.2273 -5.0663 0.1859 -1.1658 -6.8575 4.8350 4.8142 5.9143 5.6378 7.0579 -4.4164 0.7033 3.2021 -2.4623 -0.0000 0.0000 0.0000 -69.4018 12.1526 56.9957 21.0099 -31.8399 -6.0551 -0.0000 0.0000 -30.5548 9.4526 9.6380 1.5967 -7.1250 0.0000 -0.0000 -15.1692 39.3008 2.1893 -0.0000 0.0000 0.0000 73.5031 -17.3310 39.0510 -19.4418 29.9639 -5.2497 0.0000 0.0000 3.3198 -10.4174 -2.7642 0.5080 7.1250 -0.0000 -0.0000 13.0386 -32.5931 4.0528
0.3301 16.4569 -3.1162 -21.8827 -83.0851 19.3498 0.0000 0.0000 0.0000 -12.1837 5.9984 2.1953 0.7447 5.5126 15.3765 0.7154 5.3658 -18.8164 0.0361 -1.2267 -3.3727 0.0000 0.0000 0.0000 20.9076 4.1633 -1.3581 -2.6749 -10.1492 29.4611 -2.2307 -8.3177 -32.1608 -0.0003 -0.1034 0.2841 1.0558 -1.6760 2.8040 0.5676 -2.2169 -5.0636 0.1981 -1.1618 -6.8602 4.9494 5.0014 5.8701 5.6481 7.3080 -4.3460 0.6804 3.3271 -2.4277 0.0000 -0.0000 0.0000 -69.4507 12.1323 57.0233 20.9996 -31.8279 -6.0497 -0.0000 0.0000 -30.5746 9.4677 9.6485 1.6010 -7.1250 0.0000 -0.0000 -15.1590 39.3122 2.1834 0.0000 -0.0000 0.0000 73.5142 -17.3365 38.8976 -19.3636 29.8679 -5.2107 0.0000 0.0000 3.3779 -10.3841 -2.7766 0.5086 7.1250 -0.0000 -0.0000 13.0669 -32.6043 4.0584
0.3297 16.4585 -3.1187 -22.1393 -83.1235 19.6553 0.0000 0.0000 0.0000 -12.1713 5.9765 2.1535 0.7449 5.5131 15.3781 0.7144 5.4150 -18.8399 0.0352 -1.2108 -3.3290 0.0000 0.0000 0.0000 20.9353 4.2288 -1.4011 -2.6746 -10.1486 29.4593 -2.2289 -8.3185 -32.1507 -0.0003 -0.1175 0.3229 1.1024 -1.6711 2.7983 0.6061 -2.2056 -5.0652 0.2111 -1.1576 -6.8589 5.0738 5.1843 5.8314 5.6348 7.5530 -4.2890 0.6486 3.4498 -2.3967 -0.0000 0.0000 0.0000 -69.4975 12.0999 57.0566 20.9779 -31.8026 -6.0383 -0.0000 0.0000 -30.5932 9.4427 9.6714 1.6004 -7.1250 0.0000 -0.0000 -15.1856 39.3326 2.1796 -0.0000 0.0000 0.0000 73.5317 -17.3286 38.7292 -19.2857 29.7721 -5.1719 0.0000 0.0000 3.4343 -10.3342 -2.7973 0.5099 7.1250 -0.0000 -0.0000 13.1097 -32.6230 4.0662
0.3289 16.4604 -3.1220 -22.3294 -83.1561 19.9062 0.0000 0.0000 0.0000 -12.1646 5.9479 2.1073 0.7437 5.5089 15.3660 0.7122 5.4689 -18.8549 0.0344 -1.1977 -3.2929 0.0000 0.0000 0.0000 20.9616 4.3085 -1.4507 -2.6746 -10.1486 29.4594 -2.2290 -8.3218 -32.1535 -0.0004 -0.1362 0.3742 1.1361 -1.6683 2.7724 0.6445 -2.1981 -5.0594 0.2305 -1.1547 -6.8374 5.2013 5.3710 5.7652 5.6197 7.8005 -4.2276 0.6169 3.5745 -2.3587 -0.0000 0.0000 0.0000 -69.5388 12.0492 57.0973 20.9589 -31.7803 -6.0283 -0.0000 0.0000 -30.6116 9.3952 9.6704 1.5921 -7.1250 0.0000 -0.0000 -15.2255 39.3278 2.1874 -0.0000 0.0000 0.0000 73.5581 -17.2985 38.5377 -19.2129 29.6823 -5.1358 0.0000 0.0000 3.4800 -10.3108 -2.8089 0.5108 7.1250 -0.0000 -0.0000 13.1300 -32.6337 4.0694
0.3273 16.4621 -3.1256 -22.4040 -83.1820 20.0356 0.0000 0.0000 0.0000 -12.1609 5.9381 2.0734 0.7409 5.4988 15.3368 0.7100 5.4966 -18.8512 0.0338 -1.1870 -3.2635 0.0000 0.0000 0.0000 20.9794 4.3793 -1.4929 -2.6752 -10.1497 29.4630 -2.2301 -8.3298 -32.1645 -0.0006 -0.1519 0.4173 1.1500 -1.6692 2.7398 0.6826 -2.1968 -5.0463 0.2609 -1.1537 -6.8036 5.3243 5.5633 5.6960 5.6099 8.0553 -4.1732 0.5878 3.7024 -2.3227 0.0000 0.0000 0.0000 -69.5788 11.9992 57.1355 20.9508 -31.7709 -6.0240 -0.0000 0.0000 -30.6247 9.3624 9.6567 1.5842 -7.1250 0.0000 -0.0000 -15.2498 39.3120 2.1972 0.0000 0.0000 0.0000 73.5907 -17.2635 38.3202 -19.1509 29.6057 -5.1052 0.0000 0.0000 3.5508 -10.2731 -2.8119 0.5094 7.1250 -0.0000 -0.0000 13.1604 -32.6354 4.0787
0.3258 16.4633 -3.1292 -22.4109 -83.1987 20.0818 0.0000 0.0000 0.0000 -12.1532 5.9563 2.0518 0.7374 5.4859 15.2999 0.7079 5.4943 -18.8282 0.0337 -1.1846 -3.2569 0.0000 0.0000 0.0000 20.9893 4.4192 -1.5258 -2.6764 -10.1517 29.4695 -2.2306 -8.3367 -32.1721 -0.0006 -0.1570 0.4313 1.1634 -1.6748 2.7262 0.7199 -2.2016 -5.0369 0.2920 -1.1556 -6.7848 5.4403 5.7563 5.6536 5.6040 8.3135 -4.1303 0.5602 3.8311 -2.2957 0.0000 0.0000 0.0000 -69.6195 11.9716 57.1658 20.9524 -31.7727 -6.0249 -0.0000 0.0000 -30.6379 9.3757 9.6324 1.5826 -7.1250 0.0000 -0.0000 -15.2327 39.2893 2.2034 0.0000 0.0000 0.0000 73.6256 -17.2407 38.0952 -19.0983 29.5407 -5.0792 0.0000 0.0000 3.6428 -10.2130 -2.8379 0.5111 7.1250 -0.0000 -0.0000 13.2121 -32.6591 4.0877
0.3248 16.4637 -3.1319 -22.2654 -83.2148 19.9651 0.0000 0.0000 0.0000 -12.1645 5.9872 2.0341 0.7341 5.4740 15.2655 0.7051 5.4936 -18.7984 0.0346 -1.2006 -3.3010 0.0000 0.0000 0.0000 20.9707 4.4265 -1.5581 -2.6779 -10.1545 29.4783 -2.2307 -8.3258 -32.1661 -0.0006 -0.1565 0.4300 1.1800 -1.6819 2.7355 0.7478 -2.2085 -5.0356 0.3126 -1.1591 -6.7884 5.5509 5.9429 5.6184 5.6009 8.5624 -4.0722 0.5352 3.9559 -2.2650 -0.0000 -0.0000 0.0000 -69.6553 11.9633 57.1948 20.9624 -31.7845 -6.0301 -0.0000 0.0000 -30.6618 9.4174 9.6272 1.5889 -7.1250 0.0000 -0.0000 -15.1963 39.2875 2.1985 -0.0000 -0.0000 0.0000 73.6660 -17.2263 37.8849 -19.0463 29.4762 -5.0536 0.0000 0.0000 3.7014 -10.2073 -2.8693 0.5164 7.1250 -0.0000 -0.0000 13.2215 -32.6900 4.0806
0.3245 16.4639 -3.1341 -22.0799 -83.2291 19.8042 0.0000 0.0000 0.0000 -12.1845 6.0155 2.0173 0.7311 5.4631 15.2343 0.7018 5.5047 -18.7715 0.0357 -1.2202 -3.3549 0.0000 0.0000 0.0000 20.9414 4.4199 -1.5913 -2.6795 -10.1572 29.4874 -2.2305 -8.3034 -32.1513 -0.0006 -0.1561 0.4290 1.2168 -1.6865 2.7592 0.7645 -2.2111 -5.0426 0.3107 -1.1619 -6.8105 5.6604 6.1151 5.5916 5.6042 8.7914 -3.9972 0.5133 4.0712 -2.2303 0.0000 0.0000 0.0000 -69.6763 11.9586 57.2491 20.9710 -31.7945 -6.0347 -0.0000 0.0000 -30.6917 9.4605 9.6215 1.5953 -7.1250 0.0000 -0.0000 -15.1586 39.2853 2.1936 0.0000 0.0000 0.0000 73.7227 -17.2166 37.6835 -18.9917 29.4084 -5.0268 0.0000 0.0000 3.7249 -10.1966 -2.8925 0.5200 7.1250 -0.0000 -0.0000 13.2337 -32.7125 4.0772
0.3243 16.4643 -3.1363 -21.9252 -83.2443 19.6743 0.0000 0.0000 0.0000 -12.2020 6.0376 1.9994 0.7286 5.4539 15.2079 0.6994 5.5128 -18.7518 0.0361 -1.2267 -3.3728 0.0000 0.0000 0.0000 20.9189 4.4260 -1.6194 -2.6806 -10.1592 29.4937 -2.2303 -8.2870 -32.1404 -0.0006 -0.1569 0.4312 1.2560 -1.6908 2.7702 0.7827 -2.2133 -5.0423 0.3085 -1.1645 -6.8174 5.7511 6.2813 5.5603 5.6203 9.0109 -3.9170 0.4993 4.1821 -2.1946 -0.0000 0.0000 0.0000 -69.6946 11.9325 57.3285 20.9730 -31.7968 -6.0357 -0.0000 0.0000 -30.7250 9.4891 9.6243 1.6007 -7.1250 0.0000 -0.0000 -15.1351 39.2902 2.1882 -0.0000 0.0000 0.0000 73.7811 -17.1806 37.4997 -18.9338 29.3363 -4.9984 0.0000 0.0000 3.7496 -10.1304 -2.9129 0.5202 7.1250 -0.0000 -0.0000 13.2894 -32.7304 4.0893
0.3243 16.4650 -3.1387 -21.8602 -83.2618 19.6306 0.0000 0.0000 0.0000 -12.2087 6.0553 1.9883 0.7261 5.4445 15.1807 0.6977 5.5178 -18.7380 0.0356 -1.2186 -3.3504 0.0000 0.0000 0.0000 20.9104 4.4422 -1.6421 -2.6818 -10.1612 29.5004 -2.2304 -8.2745 -32.1334 -0.0006 -0.1577 0.4333 1.2960 -1.6987 2.7698 0.8102 -2.2198 -5.0323 0.3151 -1.1689 -6.8071 5.8174 6.4478 5.5228 5.6451 9.2291 -3.8391 0.4924 4.2927 -2.1600 0.0000 0.0000 0.0000 -69.7164 11.8924 57.4208 20.9742 -31.7982 -6.0363 -0.0000 0.0000 -30.7665 9.5055 9.6150 1.6020 -7.1250 0.0000 -0.0000 -15.1192 39.2825 2.1887 0.0000 0.0000 0.0000 73.8220 -17.1124 37.3684 -18.8778 29.2665 -4.9710 0.0000 0.0000 3.7509 -10.0649 -2.9364 0.5210 7.1250 -0.0000 -0.0000 13.3452 -32.7513 4.1003
0.3241 16.4655 -3.1409 -21.7944 -83.2857 19.5821 0.0000 0.0000 0.0000 -12.2187 6.0689 1.9898 0.7230 5.4333 15.1487 0.6967 5.5230 -18.7312 0.0344 -1.1977 -3.2929 0.0000 0.0000 0.0000 20.8992 4.4580 -1.6642 -2.6838 -10.1647 29.5118 -2.2291 -8.2678 -32.1219 -0.0006 -0.1523 0.4184 1.3373 -1.7073 2.7725 0.8369 -2.2274 -5.0280 0.3204 -1.1740 -6.8047 5.8709 6.6108 5.4966 5.6845 9.4425 -3.7516 0.4922 4.4008 -2.1257 -0.0000 0.0000 0.0000 -69.7292 11.8645 57.5274 20.9816 -31.8069 -6.0402 -0.0000 0.0000 -30.8136 9.5089 9.6093 1.6016 -7.1250 0.0000 -0.0000 -15.1148 39.2771 2.1901 -0.0000 0.0000 0.0000 73.8515 -17.0465 37.2862 -18.8291 29.2057 -4.9472 0.0000 0.0000 3.7243 -10.0686 -2.9394 0.5217 7.1250 -0.0000 -0.0000 13.3426 -32.7543 4.0985
0.3239 16.4657 -3.1428 -21.6966 -83.3073 19.4953 0.0000 0.0000 0.0000 -12.2314 6.0858 1.9990 0.7197 5.4211 15.1137 0.6958 5.5243 -18.7224 0.0332 -1.1765 -3.2345 0.0000 0.0000 0.0000 20.8808 4.4546 -1.6878 -2.6864 -10.1692 29.5263 -2.2264 -8.2621 -32.1024 -0.0005 -0.1390 0.3819 1.3940 -1.7113 2.7970 0.8504 -2.2282 -5.0423 0.3043 -1.1772 -6.8360 5.9352 6.7539 5.5053 5.7299 9.6330 -3.6601 0.4918 4.4967 -2.0962 0.0000 -0.0000 0.0000 -69.7177 11.8576 57.6555 20.9912 -31.8180 -6.0453 -0.0000 0.0000 -30.8503 9.5163 9.5795 1.5980 -7.1250 0.0000 -0.0000 -15.1015 39.2487 2.1989 0.0000 -0.0000 0.0000 73.8962 -17.0265 37.1999 -18.8018 29.1716 -4.9338 0.0000 0.0000 3.7134 -10.0849 -2.9392 0.5225 7.1250 -0.0000 -0.0000 13.3297 -32.7548 4.0942
0.3239 16.4656 -3.1447 -21.5536 -83.3193 19.3579 0.0000 0.0000 0.0000 -12.2457 6.1009 2.0085 0.7169 5.4108 15.0841 0.6940 5.5281 -18.7057 0.0329 -1.1705 -3.2179 0.0000 0.0000 0.0000 20.8589 4.4348 -1.7064 -2.6882 -10.1723 29.5365 -2.2238 -8.2557 -32.0831 -0.0004 -0.1252 0.3439 1.4558 -1.7114 2.8345 0.8575 -2.2236 -5.0610 0.2786 -1.1782 -6.8800 5.9993 6.8748 5.5106 5.7697 9.7934 -3.5721 0.4908 4.5778 -2.0669 0.0000 0.0000 0.0000 -69.7000 11.8433 57.7790 20.9982 -31.8263 -6.0490 -0.0000 0.0000 -30.8634 9.5467 9.5298 1.5949 -7.1250 0.0000 -0.0000 -15.0639 39.2024 2.2108 0.0000 0.0000 0.0000 73.9560 -17.0399 37.0795 -18.8057 29.1765 -4.9358 0.0000 0.0000 3.7299 -10.1287 -2.9408 0.5251 7.1250 -0.0000 -0.0000 13.2952 -32.7580 4.0820
0.3244 16.4658 -3.1469 -21.3948 -83.3276 19.2096 0.0000 0.0000 0.0000 -12.2596 6.1160 2.0075 0.7142 5.4008 15.0554 0.6908 5.5367 -18.6784 0.0332 -1.1759 -3.2329 0.0000 0.0000 0.0000 20.8406 4.4282 -1.7242 -2.6894 -10.1744 29.5432 -2.2224 -8.2513 -32.0723 -0.0004 -0.1213 0.3332 1.5085 -1.7107 2.8737 0.8688 -2.2182 -5.0788 0.2624 -1.1782 -6.9234 6.0561 6.9783 5.5032 5.7942 9.9296 -3.5019 0.4872 4.6472 -2.0408 0.0000 0.0000 0.0000 -69.6939 11.8142 57.8666 21.0085 -31.8383 -6.0544 -0.0000 0.0000 -30.8729 9.5829 9.5003 1.5962 -7.1250 0.0000 -0.0000 -15.0264 39.1764 2.2148 0.0000 0.0000 0.0000 74.0067 -17.0649 36.9703 -18.8400 29.2194 -4.9525 0.0000 0.0000 3.7151 -10.2368 -2.9289 0.5287 7.1250 -0.0000 -0.0000 13.2074 -32.7499 4.0564
0.3249 16.4665 -3.1494 -21.0792 -83.3425 18.9094 0.0000 0.0000 0.0000 -12.2901 6.1527 1.9998 0.7102 5.3859 15.0125 0.6866 5.5334 -18.6318 0.0336 -1.1835 -3.2538 0.0000 0.0000 0.0000 20.8047 4.4389 -1.7444 -2.6917 -10.1784 29.5563 -2.2242 -8.2356 -32.0732 -0.0004 -0.1300 0.3571 1.5265 -1.7137 2.8986 0.8831 -2.2197 -5.0879 0.2686 -1.1796 -6.9478 6.0944 7.0731 5.4974 5.8193 10.0556 -3.4622 0.4863 4.7102 -2.0260 0.0000 -0.0000 0.0000 -69.7006 11.7689 57.9126 21.0302 -31.8636 -6.0659 -0.0000 0.0000 -30.9006 9.6075 9.5149 1.6028 -7.1250 0.0000 -0.0000 -15.0091 39.1926 2.2060 0.0000 -0.0000 0.0000 74.0370 -17.0719 36.9012 -18.8895 29.2811 -4.9767 0.0000 0.0000 3.6537 -10.3459 -2.9124 0.5314 7.1250 -0.0000 -0.0000 13.1183 -32.7374 4.0319
0.3251 16.4671 -3.1520 -20.6803 -83.3591 18.5241 0.0000 0.0000 0.0000 -12.3263 6.2145 1.9986 0.7043 5.3639 14.9493 0.6821 5.5128 -18.5698 0.0338 -1.1875 -3.2649 0.0000 0.0000 0.0000 20.7563 4.4440 -1.7685 -2.6959 -10.1856 29.5799 -2.2284 -8.2029 -32.0787 -0.0005 -0.1454 0.3996 1.5327 -1.7176 2.9062 0.8927 -2.2238 -5.0876 0.2759 -1.1816 -6.9518 6.1192 7.1488 5.4997 5.8580 10.1583 -3.4501 0.4916 4.7597 -2.0234 0.0000 0.0000 0.0000 -69.6987 11.7108 57.9435 21.0662 -31.9055 -6.0849 -0.0000 0.0000 -30.9385 9.6226 9.5080 1.6042 -7.1250 0.0000 -0.0000 -14.9949 39.1870 2.2059 0.0000 0.0000 0.0000 74.0677 -17.0638 36.8360 -18.9464 29.3521 -5.0046 0.0000 0.0000 3.6088 -10.3725 -2.9136 0.5330 7.1250 -0.0000 -0.0000 13.0974 -32.7395 4.0244
0.3246 16.4673 -3.1540 -20.2766 -83.3728 18.1304 0.0000 0.0000 0.0000 -12.3793 6.1985 2.0422 0.6978 5.3399 14.8806 0.6794 5.5469 -18.5657 0.0327 -1.1671 -3.2088 0.0000 0.0000 0.0000 20.7024 4.4268 -1.7948 -2.7003 -10.1933 29.6048 -2.2319 -8.1656 -32.0769 -0.0006 -0.1549 0.4256 1.5490 -1.7203 2.8991 0.8957 -2.2264 -5.0814 0.2697 -1.1836 -6.9416 6.1352 7.1969 5.4962 5.9113 10.2237 -3.4410 0.5040 4.7903 -2.0221 0.0000 -0.0000 0.0000 -69.6832 11.6519 57.9715 21.1167 -31.9643 -6.1116 -0.0000 0.0000 -30.9621 9.6361 9.4697 1.6001 -7.1250 0.0000 -0.0000 -14.9743 39.1506 2.2165 0.0000 -0.0000 0.0000 74.1093 -17.0539 36.7596 -19.0060 29.4262 -5.0338 0.0000 0.0000 3.5949 -10.3451 -2.9181 0.5324 7.1250 -0.0000 -0.0000 13.1198 -32.7430 4.0305
0.3237 16.4673 -3.1564 -20.1234 -83.3819 17.9863 0.0000 0.0000 0.0000 -12.4157 6.0992 2.1095 0.6933 5.3230 14.8321 0.6788 5.6411 -18.6262 0.0307 -1.1318 -3.1115 0.0000 0.0000 0.0000 20.6871 4.4248 -1.8089 -2.7026 -10.1973 29.6180 -2.2333 -8.1557 -32.0794 -0.0006 -0.1582 0.4347 1.5876 -1.7222 2.8803 0.9097 -2.2262 -5.0741 0.2619 -1.1851 -6.9239 6.1470 7.2226 5.4737 5.9643 10.2551 -3.4026 0.5194 4.8058 -2.0080 0.0000 0.0000 0.0000 -69.6696 11.6001 58.0013 21.1748 -32.0318 -6.1424 -0.0000 0.0000 -30.9846 9.6627 9.4418 1.5999 -7.1250 0.0000 -0.0000 -14.9453 39.1253 2.2216 0.0000 0.0000 0.0000 74.1450 -17.0484 36.7001 -19.0661 29.5008 -5.0634 0.0000 0.0000 3.5730 -10.3634 -2.8940 0.5290 7.1250 -0.0000 -0.0000 13.1015 -32.7197 4.0322
0.3222 16.4673 -3.1597 -20.2447 -83.3906 18.1106 0.0000 0.0000 0.0000 -12.4050 6.0477 2.1402 0.6923 5.3189 14.8205 0.6791 5.6958 -18.6690 0.0296 -1.1103 -3.0523 0.0000 0.0000 0.0000 20.7201 4.4590 -1.7954 -2.7023 -10.1967 29.6162 -2.2338 -8.1778 -32.0959 -0.0006 -0.1563 0.4294 1.6505 -1.7205 2.8798 0.9311 -2.2190 -5.0839 0.2487 -1.1845 -6.9358 6.1531 7.2317 5.4523 6.0206 10.2618 -3.3307 0.5381 4.8108 -1.9835 0.0000 0.0000 0.0000 -69.6493 11.5709 58.0613 21.2270 -32.0923 -6.1701 -0.0000 0.0000 -31.0151 9.7022 9.4247 1.6037 -7.1250 0.0000 -0.0000 -14.9080 39.1116 2.2209 0.0000 0.0000 0.0000 74.1819 -17.0788 36.6633 -19.1229 29.5711 -5.0913 0.0000 0.0000 3.5311 -10.4303 -2.8541 0.5252 7.1250 -0.0000 -0.0000 13.0421 -32.6827 4.0251
0.3200 16.4674 -3.1637 -20.4459 -83.4053 18.3143 0.0000 0.0000 0.0000 -12.3656 6.0847 2.1222 0.6933 5.3227 14.8313 0.6797 5.6800 -18.6634 0.0294 -1.1073 -3.0441 0.0000 0.0000 0.0000 20.7721 4.5291 -1.7659 -2.7010 -10.1945 29.6088 -2.2356 -8.2140 -32.1276 -0.0006 -0.1592 0.4375 1.7152 -1.7138 2.8894 0.9500 -2.2053 -5.1119 0.2322 -1.1812 -6.9731 6.1565 7.2254 5.4593 6.0734 10.2501 -3.2577 0.5556 4.8065 -1.9637 -0.0000 0.0000 0.0000 -69.6137 11.5590 58.1580 21.2672 -32.1390 -6.1915 -0.0000 0.0000 -31.0406 9.7209 9.4182 1.6057 -7.1250 0.0000 -0.0000 -14.8907 39.1067 2.2200 -0.0000 0.0000 0.0000 74.2266 -17.1405 36.6439 -19.1717 29.6315 -5.1155 0.0000 0.0000 3.4852 -10.4530 -2.8380 0.5234 7.1250 -0.0000 -0.0000 13.0217 -32.6673 4.0234
0.3176 16.4678 -3.1679 -20.5542 -83.4222 18.4300 0.0000 0.0000 0.0000 -12.3406 6.1124 2.1055 0.6941 5.3258 14.8403 0.6796 5.6742 -18.6585 0.0297 -1.1116 -3.0560 0.0000 0.0000 0.0000 20.8098 4.6004 -1.7428 -2.7003 -10.1933 29.6049 -2.2384 -8.2371 -32.1580 -0.0007 -0.1716 0.4714 1.7628 -1.7080 2.8762 0.9671 -2.1945 -5.1364 0.2228 -1.1785 -6.9928 6.1527 7.2079 5.4885 6.1123 10.2271 -3.2146 0.5686 4.7951 -1.9573 -0.0000 -0.0000 0.0000 -69.5801 11.5398 58.2543 21.3041 -32.1816 -6.2111 -0.0000 0.0000 -31.0601 9.6998 9.4755 1.6118 -7.1250 0.0000 -0.0000 -14.9221 39.1612 2.2044 -0.0000 -0.0000 0.0000 74.2643 -17.1833 36.6444 -19.2053 29.6730 -5.1321 0.0000 0.0000 3.4515 -10.4011 -2.8416 0.5214 7.1250 -0.0000 -0.0000 13.0634 -32.6692 4.0363
0.3155 16.4681 -3.1715 -20.5933 -83.4364 18.4765 0.0000 0.0000 0.0000 -12.3371 6.0797 2.1207 0.6939 5.3251 14.8380 0.6789 5.7206 -18.6849 0.0296 -1.1113 -3.0550 0.0000 0.0000 0.0000 20.8338 4.6564 -1.7288 -2.7007 -10.1941 29.6075 -2.2415 -8.2447 -32.1810 -0.0009 -0.1891 0.5197 1.7940 -1.7078 2.8320 0.9910 -2.1925 -5.1429 0.2288 -1.1788 -6.9743 6.1328 7.1868 5.5129 6.1363 10.1989 -3.1923 0.5794 4.7811 -1.9568 0.0000 -0.0000 0.0000 -69.5644 11.5074 58.3321 21.3438 -32.2275 -6.2323 -0.0000 0.0000 -31.0755 9.6838 9.5587 1.6231 -7.1250 0.0000 -0.0000 -14.9553 39.2413 2.1792 0.0000 -0.0000 0.0000 74.2800 -17.1837 36.6592 -19.2259 29.6984 -5.1423 0.0000 0.0000 3.4378 -10.3581 -2.8330 0.5176 7.1250 -0.0000 -0.0000 13.0962 -32.6592 4.0501
0.3137 16.4681 -3.1746 -20.6419 -83.4499 18.5242 0.0000 0.0000 0.0000 -12.3372 6.0275 2.1618 0.6926 5.3202 14.8240 0.6786 5.7796 -18.7244 0.0286 -1.0924 -3.0032 0.0000 0.0000 0.0000 20.8569 4.7008 -1.7132 -2.7024 -10.1970 29.6172 -2.2451 -8.2441 -32.2018 -0.0010 -0.2089 0.5740 1.8267 -1.7100 2.7919 1.0176 -2.1934 -5.1449 0.2371 -1.1804 -6.9536 6.1117 7.1668 5.5190 6.1463 10.1692 -3.1586 0.5871 4.7679 -1.9485 0.0000 0.0000 0.0000 -69.5545 11.4794 58.4148 21.3832 -32.2730 -6.2533 -0.0000 0.0000 -31.0942 9.7219 9.5630 1.6304 -7.1250 0.0000 -0.0000 -14.9242 39.2486 2.1717 0.0000 0.0000 0.0000 74.2899 -17.1806 36.6670 -19.2433 29.7199 -5.1509 0.0000 0.0000 3.4236 -10.3785 -2.8097 0.5144 7.1250 -0.0000 -0.0000 13.0764 -32.6368 4.0510
0.3119 16.4682 -3.1777 -20.6657 -83.4681 18.5466 0.0000 0.0000 0.0000 -12.3415 5.9802 2.2096 0.6901 5.3108 14.7971 0.6777 5.8397 -18.7588 0.0273 -1.0671 -2.9334 0.0000 0.0000 0.0000 20.8770 4.7485 -1.7003 -2.7054 -10.2021 29.6336 -2.2485 -8.2508 -32.2258 -0.0012 -0.2261 0.6211 1.8499 -1.7123 2.7587 1.0447 -2.1948 -5.1523 0.2515 -1.1819 -6.9421 6.1093 7.1570 5.5228 6.1308 10.1530 -3.1189 0.5839 4.7623 -1.9352 0.0000 -0.0000 0.0000 -69.5412 11.4592 58.5225 21.4220 -32.3176 -6.2740 -0.0000 0.0000 -31.1261 9.7821 9.4937 1.6289 -7.1250 0.0000 -0.0000 -14.8569 39.1853 2.1852 0.0000 -0.0000 0.0000 74.3026 -17.1891 36.6516 -19.2604 29.7410 -5.1594 0.0000 0.0000 3.3985 -10.4246 -2.8081 0.5164 7.1250 -0.0000 -0.0000 13.0397 -32.6368 4.0391
0.3102 16.4682 -3.1807 -20.6436 -83.4886 18.5241 0.0000 0.0000 0.0000 -12.3479 5.9633 2.2489 0.6867 5.2980 14.7605 0.6754 5.8873 -18.7694 0.0269 -1.0589 -2.9109 0.0000 0.0000 0.0000 20.8866 4.7841 -1.6950 -2.7089 -10.2082 29.6537 -2.2503 -8.2584 -32.2409 -0.0013 -0.2333 0.6410 1.8657 -1.7113 2.7270 1.0685 -2.1925 -5.1629 0.2665 -1.1813 -6.9347 6.1181 7.1622 5.5402 6.1054 10.1594 -3.0942 0.5743 4.7673 -1.9281 0.0000 0.0000 0.0000 -69.5172 11.4378 58.6699 21.4668 -32.3691 -6.2980 -0.0000 0.0000 -31.1715 9.8254 9.4495 1.6287 -7.1250 0.0000 -0.0000 -14.8100 39.1454 2.1929 0.0000 0.0000 0.0000 74.3212 -17.2061 36.6013 -19.2754 29.7594 -5.1668 0.0000 0.0000 3.3925 -10.4649 -2.8100 0.5188 7.1250 -0.0000 -0.0000 13.0079 -32.6401 4.0277
0.3089 16.4679 -3.1831 -20.5541 -83.5089 18.4300 0.0000 0.0000 0.0000 -12.3580 5.9795 2.2760 0.6838 5.2870 14.7289 0.6730 5.9145 -18.7636 0.0275 -1.0713 -2.9450 0.0000 0.0000 0.0000 20.8808 4.7983 -1.6910 -2.7121 -10.2138 29.6718 -2.2510 -8.2562 -32.2440 -0.0013 -0.2311 0.6350 1.8774 -1.7085 2.6984 1.0873 -2.1882 -5.1715 0.2784 -1.1795 -6.9270 6.1304 7.1740 5.5742 6.0775 10.1782 -3.0958 0.5618 4.7767 -1.9323 0.0000 -0.0000 0.0000 -69.4807 11.4167 58.8478 21.5203 -32.4306 -6.3267 -0.0000 0.0000 -31.2076 9.8619 9.4315 1.6318 -7.1250 0.0000 -0.0000 -14.7750 39.1306 2.1929 0.0000 -0.0000 0.0000 74.3392 -17.2284 36.5379 -19.2876 29.7744 -5.1729 0.0000 0.0000 3.4120 -10.4790 -2.8040 0.5184 7.1250 -0.0000 -0.0000 12.9958 -32.6346 4.0256
0.3083 16.4674 -3.1851 -20.5548 -83.5254 18.4243 0.0000 0.0000 0.0000 -12.3538 6.0091 2.2877 0.6826 5.2825 14.7160 0.6726 5.9176 -18.7618 0.0278 -1.0772 -2.9613 0.0000 0.0000 0.0000 20.8801 4.7951 -1.6892 -2.7140 -10.2170 29.6823 -2.2493 -8.2518 -32.2315 -0.0011 -0.2156 0.5924 1.9044 -1.7069 2.6753 1.1060 -2.1844 -5.1808 0.2819 -1.1789 -6.9239 6.1487 7.1800 5.6138 6.0421 10.1912 -3.1120 0.5456 4.7826 -1.9416 -0.0000 0.0000 0.0000 -69.4357 11.4003 59.0312 21.5822 -32.5016 -6.3599 -0.0000 0.0000 -31.2422 9.9262 9.3963 1.6365 -7.1250 0.0000 -0.0000 -14.7126 39.1011 2.1942 -0.0000 0.0000 0.0000 74.3506 -17.2591 36.4911 -19.3003 29.7901 -5.1792 0.0000 0.0000 3.4384 -10.4636 -2.8056 0.5179 7.1250 -0.0000 -0.0000 13.0083 -32.6356 4.0293
0.3078 16.4669 -3.1867 -20.6543 -83.5402 18.5223 0.0000 0.0000 0.0000 -12.3390 6.0356 2.2982 0.6810 5.2765 14.6990 0.6729 5.9171 -18.7648 0.0273 -1.0669 -2.9328 0.0000 0.0000 0.0000 20.8852 4.7792 -1.7010 -2.7162 -10.2209 29.6950 -2.2451 -8.2475 -32.2042 -0.0008 -0.1878 0.5161 1.9444 -1.7089 2.6525 1.1264 -2.1847 -5.1940 0.2805 -1.1809 -6.9257 6.1732 7.1817 5.6477 6.0035 10.1977 -3.1243 0.5280 4.7855 -1.9480 -0.0000 -0.0000 0.0000 -69.3882 11.3894 59.1979 21.6504 -32.5797 -6.3966 -0.0000 0.0000 -31.2904 9.9923 9.3596 1.6413 -7.1250 0.0000 -0.0000 -14.6483 39.0702 2.1955 -0.0000 -0.0000 0.0000 74.3532 -17.2906 36.4694 -19.3084 29.8000 -5.1832 0.0000 0.0000 3.4596 -10.4580 -2.8073 0.5180 7.1250 -0.0000 -0.0000 13.0130 -32.6372 4.0303
0.3050 16.4651 -3.1871 -20.0752 -83.5645 17.9095 0.0000 0.0000 0.0000 -12.4006 6.1175 2.3758 0.6744 5.2511 14.6260 0.6717 5.8906 -18.7329 0.0274 -1.0680 -2.9358 0.0000 0.0000 0.0000 20.7842 4.6736 -1.7037 -2.7234 -10.2333 29.7354 -2.2427 -8.1854 -32.1529 -0.0005 -0.1503 0.4129 1.9184 -1.7192 2.6322 1.1213 -2.2009 -5.1921 0.2903 -1.1877 -6.9112 6.1937 7.1863 5.6677 5.9813 10.2054 -3.1168 0.5171 4.7899 -1.9466 -0.0000 0.0000 0.0000 -69.3389 11.3753 59.3527 21.7187 -32.6577 -6.4334 -0.0000 0.0000 -31.3429 10.0230 9.3574 1.6461 -7.1250 0.0000 -0.0000 -14.6219 39.0704 2.1913 -0.0000 0.0000 0.0000 74.3531 -17.3150 36.4549 -19.3042 29.7949 -5.1811 0.0000 0.0000 3.4852 -10.4819 -2.7841 0.5149 7.1250 -0.0000 -0.0000 12.9904 -32.6150 4.0301
0.3003 16.4621 -3.1866 -18.9286 -83.6026 16.6985 0.0000 0.0000 0.0000 -12.5265 6.2535 2.5146 0.6627 5.2064 14.4983 0.6675 5.8547 -18.6619 0.0288 -1.0955 -3.0116 0.0000 0.0000 0.0000 20.6002 4.5193 -1.6893 -2.7355 -10.2541 29.8035 -2.2442 -8.0764 -32.0971 -0.0003 -0.1156 0.3175 1.8315 -1.7319 2.6205 1.0947 -2.2244 -5.1779 0.3122 -1.1950 -6.8869 6.2156 7.1895 5.6835 5.9682 10.2107 -3.0998 0.5092 4.7931 -1.9418 -0.0000 0.0000 0.0000 -69.2870 11.3522 59.5111 21.7762 -32.7231 -6.4644 -0.0000 0.0000 -31.3825 10.0479 9.3011 1.6404 -7.1250 0.0000 -0.0000 -14.5878 39.0171 2.2055 -0.0000 0.0000 0.0000 74.3580 -17.3339 36.4250 -19.2849 29.7712 -5.1716 0.0000 0.0000 3.5258 -10.4946 -2.7642 0.5118 7.1250 -0.0000 -0.0000 12.9773 -32.5957 4.0321
0.2967 16.4597 -3.1866 -18.1551 -83.6489 15.8707 0.0000 0.0000 0.0000 -12.6148 6.3675 2.6329 0.6529 5.1686 14.3901 0.6634 5.8448 -18.6112 0.0304 -1.1251 -3.0931 0.0000 0.0000 0.0000 20.4709 4.4234 -1.6718 -2.7458 -10.2717 29.8610 -2.2460 -7.9892 -32.0563 -0.0002 -0.0959 0.2635 1.7717 -1.7370 2.6101 1.0812 -2.2357 -5.1697 0.3318 -1.1976 -6.8703 6.2327 7.1858 5.6974 5.9589 10.2061 -3.0785 0.5037 4.7916 -1.9358 0.0000 -0.0000 0.0000 -69.2385 11.3158 59.6692 21.8195 -32.7724 -6.4879 -0.0000 0.0000 -31.4039 10.0704 9.2136 1.6288 -7.1250 0.0000 -0.0000 -14.5487 38.9329 2.2302 0.0000 -0.0000 0.0000 74.3643 -17.3496 36.3818 -19.2547 29.7340 -5.1566 0.0000 0.0000 3.5737 -10.5094 -2.7589 0.5116 7.1250 -0.0000 -0.0000 12.9647 -32.5909 4.0295
0.2955 16.4590 -3.1876 -18.1957 -83.6962 15.8952 0.0000 0.0000 0.0000 -12.6191 6.4126 2.6831 0.6483 5.1506 14.3386 0.6613 5.8724 -18.6085 0.0307 -1.1310 -3.1095 0.0000 0.0000 0.0000 20.4607 4.4328 -1.6664 -2.7503 -10.2795 29.8866 -2.2463 -7.9604 -32.0412 -0.0002 -0.0961 0.2640 1.7804 -1.7335 2.5826 1.0971 -2.2306 -5.1715 0.3422 -1.1953 -6.8559 6.2403 7.1762 5.6924 5.9545 10.1908 -3.0487 0.5025 4.7856 -1.9244 -0.0000 -0.0000 0.0000 -69.1964 11.2565 59.8212 21.8512 -32.8085 -6.5050 -0.0000 0.0000 -31.4171 10.0640 9.2055 1.6263 -7.1250 0.0000 -0.0000 -14.5523 38.9246 2.2339 -0.0000 -0.0000 0.0000 74.3666 -17.3495 36.3439 -19.2168 29.6872 -5.1378 0.0000 0.0000 3.6000 -10.5456 -2.7600 0.5136 7.1250 -0.0000 -0.0000 12.9362 -32.5932 4.0195
0.2949 16.4589 -3.1889 -18.3007 -83.7366 15.9976 0.0000 0.0000 0.0000 -12.6171 6.4336 2.7066 0.6461 5.1420 14.3141 0.6613 5.8926 -18.6242 0.0299 -1.1155 -3.0666 0.0000 0.0000 0.0000 20.4635 4.4565 -1.6657 -2.7520 -10.2824 29.8960 -2.2456 -7.9487 -32.0298 -0.0002 -0.0954 0.2622 1.7900 -1.7312 2.5356 1.1156 -2.2275 -5.1695 0.3540 -1.1939 -6.8262 6.2407 7.1620 5.6674 5.9580 10.1670 -3.0139 0.5061 4.7758 -1.9087 -0.0000 0.0000 0.0000 -69.1504 11.1774 59.9854 21.8776 -32.8384 -6.5193 -0.0000 0.0000 -31.4402 10.0361 9.2713 1.6332 -7.1250 0.0000 -0.0000 -14.5909 38.9870 2.2171 -0.0000 0.0000 0.0000 74.3661 -17.3419 36.3192 -19.1806 29.6425 -5.1199 0.0000 0.0000 3.6073 -10.5593 -2.7833 0.5186 7.1250 -0.0000 -0.0000 12.9289 -32.6168 4.0096
0.2943 16.4589 -3.1901 -18.2851 -83.7679 15.9895 0.0000 0.0000 0.0000 -12.6232 6.4629 2.7126 0.6441 5.1340 14.2913 0.6619 5.8900 -18.6281 0.0287 -1.0932 -3.0054 0.0000 0.0000 0.0000 20.4525 4.4719 -1.6756 -2.7535 -10.2849 29.9042 -2.2448 -7.9360 -32.0179 -0.0002 -0.0879 0.2416 1.7893 -1.7313 2.4811 1.1266 -2.2289 -5.1728 0.3641 -1.1945 -6.7976 6.2416 7.1455 5.6474 5.9665 10.1413 -2.9896 0.5107 4.7643 -1.8976 -0.0000 -0.0000 0.0000 -69.0824 11.0956 60.1983 21.9024 -32.8666 -6.5328 -0.0000 0.0000 -31.4886 10.0351 9.2941 1.6370 -7.1250 0.0000 -0.0000 -14.5970 39.0092 2.2099 -0.0000 -0.0000 0.0000 74.3700 -17.3503 36.2997 -19.1512 29.6062 -5.1053 0.0000 0.0000 3.6128 -10.5454 -2.8243 0.5255 7.1250 -0.0000 -0.0000 12.9462 -32.6570 4.0023
0.2939 16.4589 -3.1914 -18.2916 -83.7928 16.0068 0.0000 0.0000 0.0000 -12.6219 6.5023 2.6986 0.6435 5.1317 14.2846 0.6624 5.8752 -18.6225 0.0283 -1.0868 -2.9877 0.0000 0.0000 0.0000 20.4438 4.4784 -1.6883 -2.7540 -10.2858 29.9073 -2.2429 -7.9215 -31.9980 -0.0001 -0.0774 0.2128 1.7989 -1.7325 2.4467 1.1313 -2.2313 -5.1942 0.3633 -1.1965 -6.8008 6.2483 7.1343 5.6600 5.9787 10.1276 -2.9813 0.5135 4.7570 -1.8975 0.0000 0.0000 0.0000 -68.9816 11.0261 60.4784 21.9242 -32.8912 -6.5446 -0.0000 0.0000 -31.5482 10.0274 9.2909 1.6352 -7.1250 0.0000 -0.0000 -14.6028 39.0055 2.2122 0.0000 0.0000 0.0000 74.3788 -17.3946 36.2898 -19.1285 29.5780 -5.0941 0.0000 0.0000 3.6270 -10.5382 -2.8404 0.5282 7.1250 -0.0000 -0.0000 12.9544 -32.6726 3.9999
0.2939 16.4589 -3.1926 -18.5120 -83.8173 16.2340 0.0000 0.0000 0.0000 -12.5964 6.5389 2.6755 0.6446 5.1361 14.2973 0.6630 5.8653 -18.6213 0.0287 -1.0929 -3.0045 0.0000 0.0000 0.0000 20.4617 4.4925 -1.6953 -2.7535 -10.2849 29.9045 -2.2397 -7.9150 -31.9752 -0.0001 -0.0715 0.1963 1.8329 -1.7328 2.4416 1.1386 -2.2302 -5.2301 0.3527 -1.1984 -6.8373 6.2608 7.1323 5.7149 5.9874 10.1323 -3.0000 0.5114 4.7567 -1.9133 0.0000 0.0000 0.0000 -68.8589 10.9609 60.7936 21.9387 -32.9077 -6.5525 -0.0000 0.0000 -31.5825 9.9792 9.3036 1.6294 -7.1250 0.0000 -0.0000 -14.6463 39.0142 2.2159 0.0000 0.0000 0.0000 74.3832 -17.4620 36.3027 -19.1079 29.5525 -5.0839 0.0000 0.0000 3.6281 -10.5578 -2.8222 0.5258 7.1250 -0.0000 -0.0000 12.9361 -32.6552 3.9996
0.2944 16.4587 -3.1937 -18.8746 -83.8482 16.5945 0.0000 0.0000 0.0000 -12.5607 6.5640 2.6606 0.6466 5.1439 14.3193 0.6641 5.8731 -18.6395 0.0290 -1.0986 -3.0203 0.0000 0.0000 0.0000 20.4956 4.5160 -1.6948 -2.7530 -10.2840 29.9013 -2.2363 -7.9121 -31.9532 -0.0001 -0.0719 0.1976 1.8689 -1.7330 2.4450 1.1553 -2.2280 -5.2604 0.3509 -1.1994 -6.8725 6.2718 7.1339 5.7797 5.9818 10.1435 -3.0326 0.5042 4.7594 -1.9346 -0.0000 0.0000 0.0000 -68.7403 10.8740 61.0928 21.9444 -32.9141 -6.5556 -0.0000 0.0000 -31.5782 9.8917 9.3561 1.6238 -7.1250 0.0000 -0.0000 -14.7322 39.0590 2.2129 -0.0000 0.0000 0.0000 74.3692 -17.5226 36.3370 -19.0907 29.5312 -5.0755 0.0000 0.0000 3.6273 -10.5803 -2.8020 0.5232 7.1250 -0.0000 -0.0000 12.9151 -32.6361 3.9989
0.2958 16.4587 -3.1947 -19.2671 -83.8903 16.9863 0.0000 0.0000 0.0000 -12.5345 6.5621 2.6557 0.6483 5.1507 14.3388 0.6659 5.9082 -18.6840 0.0283 -1.0860 -2.9854 0.0000 0.0000 0.0000 20.5304 4.5561 -1.6980 -2.7531 -10.2841 29.9019 -2.2326 -7.9180 -31.9347 -0.0001 -0.0705 0.1937 1.8945 -1.7310 2.4405 1.1774 -2.2232 -5.2823 0.3597 -1.1983 -6.8933 6.2816 7.1329 5.8190 5.9639 10.1466 -3.0433 0.4951 4.7601 -1.9435 -0.0000 0.0000 0.0000 -68.6319 10.7585 61.3550 21.9435 -32.9131 -6.5551 -0.0000 0.0000 -31.5525 9.8134 9.4257 1.6226 -7.1250 0.0000 -0.0000 -14.8146 39.1212 2.2026 -0.0000 0.0000 0.0000 74.3464 -17.5672 36.3646 -19.0771 29.5144 -5.0688 0.0000 0.0000 3.6505 -10.5959 -2.7911 0.5219 7.1250 -0.0000 -0.0000 12.9010 -32.6258 3.9977
0.2976 16.4587 -3.1956 -19.6158 -83.9372 17.3302 0.0000 0.0000 0.0000 -12.5206 6.5409 2.6686 0.6492 5.1541 14.3486 0.6672 5.9642 -18.7390 0.0272 -1.0652 -2.9283 0.0000 0.0000 0.0000 20.5597 4.5991 -1.6983 -2.7539 -10.2857 29.9068 -2.2286 -7.9322 -31.9191 -0.0001 -0.0565 0.1552 1.9123 -1.7296 2.4347 1.1958 -2.2199 -5.2979 0.3690 -1.1975 -6.9067 6.3056 7.1318 5.8385 5.9363 10.1459 -3.0205 0.4826 4.7611 -1.9365 0.0000 -0.0000 0.0000 -68.5264 10.6264 61.5773 21.9359 -32.9045 -6.5510 -0.0000 0.0000 -31.5167 9.7988 9.4372 1.6221 -7.1250 0.0000 -0.0000 -14.8295 39.1313 2.2012 0.0000 -0.0000 0.0000 74.3289 -17.6024 36.3766 -19.0667 29.5015 -5.0637 0.0000 0.0000 3.6812 -10.6053 -2.7814 0.5206 7.1250 -0.0000 -0.0000 12.8921 -32.6165 3.9978
0.2996 16.4585 -3.1965 -19.8832 -83.9858 17.5900 0.0000 0.0000 0.0000 -12.5171 6.5253 2.6902 0.6487 5.1520 14.3425 0.6662 6.0321 -18.7798 0.0272 -1.0647 -2.9267 0.0000 0.0000 0.0000 20.5790 4.6449 -1.6969 -2.7558 -10.2888 29.9172 -2.2259 -7.9417 -31.9086 -0.0000 -0.0439 0.1207 1.9228 -1.7311 2.4284 1.2084 -2.2212 -5.3097 0.3765 -1.1987 -6.9156 6.3316 7.1360 5.8531 5.9177 10.1507 -2.9791 0.4730 4.7655 -1.9229 -0.0000 0.0000 0.0000 -68.4254 10.4874 61.7478 21.9254 -32.8927 -6.5453 -0.0000 0.0000 -31.4917 9.8598 9.3553 1.6183 -7.1250 0.0000 -0.0000 -14.7588 39.0558 2.2183 -0.0000 0.0000 0.0000 74.3168 -17.6249 36.3813 -19.0559 29.4881 -5.0583 0.0000 0.0000 3.6971 -10.6041 -2.7771 0.5197 7.1250 -0.0000 -0.0000 12.8924 -32.6122 3.9992
0.3018 16.4583 -3.1972 -20.0362 -84.0364 17.7383 0.0000 0.0000 0.0000 -12.5256 6.5235 2.7111 0.6469 5.1451 14.3230 0.6638 6.0982 -18.8030 0.0277 -1.0748 -2.9546 0.0000 0.0000 0.0000 20.5806 4.6866 -1.7024 -2.7585 -10.2934 29.9321 -2.2240 -7.9356 -31.8940 -0.0000 -0.0439 0.1206 1.9210 -1.7361 2.4136 1.2161 -2.2283 -5.3168 0.3859 -1.2020 -6.9143 6.3517 7.1437 5.8636 5.9123 10.1595 -2.9353 0.4685 4.7717 -1.9089 -0.0000 0.0000 0.0000 -68.3268 10.3354 61.8833 21.9197 -32.8862 -6.5422 -0.0000 0.0000 -31.5070 9.9267 9.2652 1.6140 -7.1250 0.0000 -0.0000 -14.6815 38.9727 2.2369 -0.0000 0.0000 0.0000 74.3031 -17.6329 36.3890 -19.0472 29.4773 -5.0541 0.0000 0.0000 3.6907 -10.6104 -2.7689 0.5185 7.1250 -0.0000 -0.0000 12.8861 -32.6043 3.9997
0.3042 16.4583 -3.1976 -20.2287 -84.0866 17.9259 0.0000 0.0000 0.0000 -12.5286 6.5276 2.7306 0.6453 5.1388 14.3047 0.6622 6.1466 -18.8224 0.0274 -1.0692 -2.9392 0.0000 0.0000 0.0000 20.5805 4.7148 -1.7138 -2.7607 -10.2972 29.9447 -2.2201 -7.9269 -31.8653 -0.0000 -0.0445 0.1224 1.9246 -1.7417 2.4017 1.2225 -2.2359 -5.3229 0.3909 -1.2060 -6.9139 6.3808 7.1481 5.8772 5.9078 10.1655 -2.9007 0.4627 4.7758 -1.8980 -0.0000 0.0000 0.0000 -68.2241 10.1755 62.0107 21.9240 -32.8910 -6.5445 -0.0000 0.0000 -31.5447 9.9572 9.2332 1.6135 -7.1250 0.0000 -0.0000 -14.6485 38.9436 2.2424 -0.0000 0.0000 0.0000 74.2870 -17.6383 36.3970 -19.0451 29.4746 -5.0530 0.0000 0.0000 3.6846 -10.5886 -2.7710 0.5178 7.1250 -0.0000 -0.0000 12.9037 -32.6056 4.0050
0.3068 16.4583 -3.1974 -20.4961 -84.1277 18.1786 0.0000 0.0000 0.0000 -12.5175 6.5411 2.7511 0.6447 5.1364 14.2981 0.6625 6.1642 -18.8391 0.0265 -1.0518 -2.8912 0.0000 0.0000 0.0000 20.5849 4.7111 -1.7213 -2.7616 -10.2987 29.9496 -2.2141 -7.9160 -31.8232 -0.0000 -0.0351 0.0965 1.9410 -1.7506 2.4037 1.2300 -2.2465 -5.3283 0.3908 -1.2121 -6.9214 6.4237 7.1479 5.9070 5.8938 10.1687 -2.8841 0.4508 4.7773 -1.8947 0.0000 0.0000 0.0000 -68.1204 10.0133 62.1428 21.9393 -32.9083 -6.5528 -0.0000 0.0000 -31.5640 9.9568 9.2666 1.6192 -7.1250 0.0000 -0.0000 -14.6566 38.9763 2.2316 0.0000 0.0000 0.0000 74.2647 -17.6513 36.4035 -19.0544 29.4862 -5.0576 0.0000 0.0000 3.6816 -10.5468 -2.7889 0.5190 7.1250 -0.0000 -0.0000 12.9397 -32.6219 4.0114
0.3095 16.4583 -3.1969 -20.7043 -84.1676 18.3643 0.0000 0.0000 0.0000 -12.5109 6.5637 2.7727 0.6445 5.1358 14.2964 0.6630 6.1751 -18.8525 0.0262 -1.0447 -2.8718 0.0000 0.0000 0.0000 20.5821 4.6962 -1.7198 -2.7618 -10.2990 29.9506 -2.2088 -7.9008 -31.7826 -0.0000 -0.0245 0.0674 1.9486 -1.7603 2.4192 1.2373 -2.2585 -5.3358 0.3959 -1.2183 -6.9385 6.4511 7.1470 5.9394 5.8936 10.1706 -2.8656 0.4455 4.7781 -1.8929 0.0000 -0.0000 0.0000 -68.0218 9.8500 62.2911 21.9574 -32.9289 -6.5627 -0.0000 0.0000 -31.5659 9.9472 9.3089 1.6250 -7.1250 0.0000 -0.0000 -14.6745 39.0170 2.2194 0.0000 -0.0000 0.0000 74.2388 -17.6778 36.3930 -19.0733 29.5097 -5.0669 0.0000 0.0000 3.6802 -10.5013 -2.8248 0.5234 7.1250 -0.0000 -0.0000 12.9813 -32.6560 4.0140
0.3121 16.4583 -3.1968 -20.8118 -84.2076 18.4480 0.0000 0.0000 0.0000 -12.5148 6.5844 2.7973 0.6441 5.1341 14.2914 0.6629 6.1907 -18.8631 0.0260 -1.0408 -2.8611 0.0000 0.0000 0.0000 20.5723 4.6891 -1.7121 -2.7620 -10.2994 29.9518 -2.2049 -7.8836 -31.7491 -0.0000 -0.0241 0.0661 1.9350 -1.7713 2.4380 1.2445 -2.2731 -5.3458 0.4134 -1.2248 -6.9594 6.4619 7.1487 5.9556 5.9118 10.1723 -2.8236 0.4497 4.7797 -1.8824 0.0000 0.0000 0.0000 -67.9311 9.6810 62.4560 21.9708 -32.9440 -6.5699 -0.0000 0.0000 -31.5586 9.8567 9.4351 1.6315 -7.1250 0.0000 -0.0000 -14.7801 39.1337 2.1926 0.0000 0.0000 0.0000 74.2138 -17.7122 36.3657 -19.0935 29.5346 -5.0768 0.0000 0.0000 3.6620 -10.4752 -2.8513 0.5270 7.1250 -0.0000 -0.0000 13.0061 -32.6814 4.0138
0.3148 16.4582 -3.1967 -20.9756 -84.2436 18.5872 0.0000 0.0000 0.0000 -12.5121 6.6006 2.8227 0.6437 5.1325 14.2868 0.6613 6.2167 -18.8662 0.0263 -1.0462 -2.8759 0.0000 0.0000 0.0000 20.5702 4.6855 -1.7030 -2.7621 -10.2997 29.9527 -2.2015 -7.8617 -31.7163 -0.0000 -0.0297 0.0815 1.9230 -1.7820 2.4586 1.2518 -2.2873 -5.3572 0.4300 -1.2311 -6.9829 6.4796 7.1500 5.9658 5.9313 10.1722 -2.7689 0.4538 4.7811 -1.8665 -0.0000 -0.0000 0.0000 -67.8421 9.4976 62.6462 21.9748 -32.9485 -6.5721 -0.0000 0.0000 -31.5460 9.6531 9.7185 1.6447 -7.1250 0.0000 -0.0000 -15.0194 39.3951 2.1306 -0.0000 -0.0000 0.0000 74.1971 -17.7485 36.3199 -19.1068 29.5512 -5.0834 0.0000 0.0000 3.6520 -10.4679 -2.8622 0.5286 7.1250 -0.0000 -0.0000 13.0135 -32.6919 4.0128
0.3177 16.4582 -3.1965 -21.2041 -84.2764 18.7941 0.0000 0.0000 0.0000 -12.5043 6.6111 2.8481 0.6429 5.1296 14.2787 0.6595 6.2463 -18.8697 0.0262 -1.0440 -2.8698 0.0000 0.0000 0.0000 20.5721 4.6788 -1.7010 -2.7625 -10.3002 29.9545 -2.1991 -7.8289 -31.6822 -0.0000 -0.0397 0.1090 1.9242 -1.7903 2.4809 1.2544 -2.2978 -5.3740 0.4343 -1.2366 -7.0139 6.5029 7.1471 5.9944 5.9497 10.1697 -2.7287 0.4556 4.7802 -1.8581 0.0000 -0.0000 0.0000 -67.7496 9.2956 62.8805 21.9677 -32.9405 -6.5683 -0.0000 0.0000 -31.5167 9.4508 10.0066 1.6568 -7.1250 0.0000 -0.0000 -15.2605 39.6603 2.0642 0.0000 -0.0000 0.0000 74.1928 -17.7929 36.2672 -19.1138 29.5598 -5.0869 0.0000 0.0000 3.6477 -10.4877 -2.8726 0.5315 7.1250 -0.0000 -0.0000 12.9995 -32.7029 4.0047
0.3202 16.4582 -3.1961 -21.3254 -84.3115 18.8954 0.0000 0.0000 0.0000 -12.5109 6.6168 2.8812 0.6411 5.1223 14.2577 0.6571 6.2856 -18.8739 0.0261 -1.0424 -2.8654 0.0000 0.0000 0.0000 20.5613 4.6703 -1.7027 -2.7636 -10.3021 29.9608 -2.1975 -7.7967 -31.6537 -0.0001 -0.0460 0.1263 1.9232 -1.7942 2.5090 1.2463 -2.3030 -5.4006 0.4288 -1.2398 -7.0590 6.5164 7.1364 6.0429 5.9790 10.1595 -2.7021 0.4614 4.7742 -1.8590 0.0000 -0.0000 0.0000 -67.6482 9.0791 63.1795 21.9474 -32.9176 -6.5573 -0.0000 0.0000 -31.4760 9.3902 10.0483 1.6528 -7.1250 0.0000 -0.0000 -15.3220 39.6962 2.0591 0.0000 -0.0000 0.0000 74.2005 -17.8598 36.2155 -19.1169 29.5637 -5.0884 0.0000 0.0000 3.6586 -10.5182 -2.8743 0.5334 7.1250 -0.0000 -0.0000 12.9755 -32.7056 3.9962
0.3226 16.4584 -3.1958 -21.3406 -84.3430 18.8947 0.0000 0.0000 0.0000 -12.5276 6.6181 2.9149 0.6384 5.1118 14.2277 0.6544 6.3265 -18.8765 0.0260 -1.0417 -2.8634 0.0000 0.0000 0.0000 20.5434 4.6619 -1.7090 -2.7655 -10.3054 29.9714 -2.1952 -7.7790 -31.6299 -0.0000 -0.0443 0.1217 1.9019 -1.7992 2.5140 1.2403 -2.3114 -5.4165 0.4358 -1.2432 -7.0782 6.5217 7.1243 6.0820 6.0061 10.1468 -2.6859 0.4681 4.7667 -1.8620 -0.0000 0.0000 0.0000 -67.5572 8.8254 63.4984 21.9139 -32.8796 -6.5390 -0.0000 0.0000 -31.3981 9.4496 9.8360 1.6286 -7.1250 0.0000 -0.0000 -15.2197 39.4938 2.1226 -0.0000 0.0000 0.0000 74.1993 -17.9080 36.1837 -19.1116 29.5571 -5.0858 0.0000 0.0000 3.6775 -10.5356 -2.8461 0.5291 7.1250 -0.0000 -0.0000 12.9573 -32.6783 3.9991
0.3249 16.4583 -3.1954 -21.3652 -84.3663 18.9009 0.0000 0.0000 0.0000 -12.5380 6.6252 2.9457 0.6361 5.1029 14.2023 0.6519 6.3575 -18.8735 0.0263 -1.0471 -2.8785 0.0000 0.0000 0.0000 20.5309 4.6496 -1.7109 -2.7673 -10.3085 29.9816 -2.1917 -7.7742 -31.6059 -0.0000 -0.0322 0.0885 1.8695 -1.8067 2.4918 1.2418 -2.3240 -5.4106 0.4555 -1.2476 -7.0577 6.5227 7.1186 6.0915 6.0310 10.1393 -2.6691 0.4758 4.7626 -1.8596 0.0000 -0.0000 0.0000 -67.4805 8.5276 63.8189 21.8802 -32.8414 -6.5208 -0.0000 0.0000 -31.2953 9.4939 9.6265 1.6019 -7.1250 0.0000 -0.0000 -15.1317 39.2928 2.1866 0.0000 -0.0000 0.0000 74.1857 -17.9190 36.1725 -19.0972 29.5393 -5.0787 0.0000 0.0000 3.6970 -10.5409 -2.7988 0.5206 7.1250 -0.0000 -0.0000 12.9459 -32.6316 4.0104
0.3274 16.4582 -3.1950 -21.3688 -84.3832 18.8798 0.0000 0.0000 0.0000 -12.5469 6.6350 2.9814 0.6339 5.0943 14.1777 0.6499 6.3796 -18.8702 0.0265 -1.0501 -2.8868 0.0000 0.0000 0.0000 20.5190 4.6341 -1.7053 -2.7691 -10.3115 29.9915 -2.1874 -7.7775 -31.5819 -0.0000 -0.0156 0.0429 1.8319 -1.8161 2.4686 1.2450 -2.3392 -5.3969 0.4797 -1.2527 -7.0279 6.5185 7.1214 6.0785 6.0636 10.1399 -2.6377 0.4878 4.7635 -1.8492 -0.0000 -0.0000 0.0000 -67.4134 8.2217 64.1333 21.8688 -32.8285 -6.5146 -0.0000 0.0000 -31.1821 9.4749 9.5193 1.5810 -7.1250 0.0000 -0.0000 -15.1219 39.1866 2.2258 -0.0000 -0.0000 0.0000 74.1700 -17.9163 36.1696 -19.0762 29.5133 -5.0683 0.0000 0.0000 3.7047 -10.5057 -2.8013 0.5193 7.1250 -0.0000 -0.0000 12.9742 -32.6329 4.0191
0.3303 16.4579 -3.1942 -21.1939 -84.3975 18.6750 0.0000 0.0000 0.0000 -12.5742 6.6423 3.0322 0.6302 5.0796 14.1358 0.6468 6.4078 -18.8586 0.0269 -1.0584 -2.9095 0.0000 0.0000 0.0000 20.4867 4.6105 -1.7010 -2.7722 -10.3168 30.0087 -2.1846 -7.7714 -31.5613 -0.0000 -0.0035 0.0095 1.7875 -1.8268 2.4722 1.2388 -2.3563 -5.3939 0.4996 -1.2588 -7.0253 6.5226 7.1257 6.0683 6.0936 10.1421 -2.5924 0.4978 4.7659 -1.8340 -0.0000 0.0000 0.0000 -67.3453 7.9429 64.4436 21.8977 -32.8613 -6.5303 -0.0000 0.0000 -31.1015 9.4424 9.4662 1.5668 -7.1250 0.0000 -0.0000 -15.1366 39.1322 2.2489 -0.0000 0.0000 0.0000 74.1644 -17.9325 36.1588 -19.0518 29.4830 -5.0563 0.0000 0.0000 3.7027 -10.4670 -2.8341 0.5234 7.1250 -0.0000 -0.0000 13.0099 -32.6640 4.0206
0.3340 16.4576 -3.1930 -20.6767 -84.4153 18.1349 0.0000 0.0000 0.0000 -12.6399 6.6529 3.0886 0.6239 5.0546 14.0643 0.6415 6.4446 -18.8307 0.0276 -1.0730 -2.9497 0.0000 0.0000 0.0000 20.4114 4.5730 -1.7164 -2.7778 -10.3264 30.0402 -2.1833 -7.7459 -31.5385 -0.0000 0.0052 -0.0142 1.7175 -1.8397 2.4796 1.2215 -2.3782 -5.3950 0.5227 -1.2662 -7.0285 6.5393 7.1295 6.0682 6.1041 10.1455 -2.5566 0.4992 4.7687 -1.8220 0.0000 -0.0000 0.0000 -67.2768 7.6835 64.7270 21.9727 -32.9462 -6.5710 -0.0000 0.0000 -31.0507 9.4478 9.3814 1.5538 -7.1250 0.0000 -0.0000 -15.1119 39.0498 2.2766 0.0000 -0.0000 0.0000 74.1666 -17.9465 36.1344 -19.0215 29.4454 -5.0414 0.0000 0.0000 3.7034 -10.4436 -2.8531 0.5257 7.1250 -0.0000 -0.0000 13.0315 -32.6820 4.0218
0.3380 16.4576 -3.1915 -20.0610 -84.4418 17.5104 0.0000 0.0000 0.0000 -12.7208 6.6660 3.1377 0.6164 5.0247 13.9789 0.6362 6.4790 -18.8017 0.0274 -1.0695 -2.9401 0.0000 0.0000 0.0000 20.3212 4.5454 -1.7494 -2.7846 -10.3380 30.0783 -2.1812 -7.7216 -31.5120 -0.0000 0.0203 -0.0558 1.6428 -1.8488 2.4777 1.1974 -2.3962 -5.4008 0.5408 -1.2718 -7.0313 6.5626 7.1328 6.0794 6.1017 10.1507 -2.5375 0.4946 4.7717 -1.8163 0.0000 -0.0000 0.0000 -67.1982 7.4441 64.9935 22.0986 -33.0883 -6.6396 -0.0000 0.0000 -31.0333 9.4420 9.3176 1.5423 -7.1250 0.0000 -0.0000 -15.1017 38.9871 2.2989 0.0000 -0.0000 0.0000 74.1789 -17.9553 36.0962 -18.9838 29.3985 -5.0229 0.0000 0.0000 3.7325 -10.4086 -2.8511 0.5235 7.1250 -0.0000 -0.0000 13.0589 -32.6788 4.0317
0.3420 16.4581 -3.1902 -19.8097 -84.4751 17.2613 0.0000 0.0000 0.0000 -12.7684 6.6717 3.1671 0.6106 5.0016 13.9130 0.6330 6.5092 -18.7912 0.0262 -1.0457 -2.8745 0.0000 0.0000 0.0000 20.2729 4.5547 -1.7825 -2.7898 -10.3467 30.1069 -2.1786 -7.7136 -31.4913 -0.0000 0.0305 -0.0839 1.5986 -1.8511 2.4655 1.1818 -2.4033 -5.4086 0.5496 -1.2734 -7.0314 6.5810 7.1363 6.0862 6.0937 10.1563 -2.5277 0.4891 4.7749 -1.8128 -0.0000 0.0000 0.0000 -67.1073 7.2198 65.2552 22.2750 -33.2864 -6.7361 -0.0000 0.0000 -31.0520 9.4158 9.2612 1.5288 -7.1250 0.0000 -0.0000 -15.1103 38.9300 2.3222 -0.0000 0.0000 0.0000 74.1982 -17.9604 36.0473 -18.9452 29.3506 -5.0040 0.0000 0.0000 3.7788 -10.3632 -2.8526 0.5214 7.1250 -0.0000 -0.0000 13.0952 -32.6788 4.0435
0.3456 16.4584 -3.1894 -19.9163 -84.5109 17.3659 0.0000 0.0000 0.0000 -12.7797 6.6710 3.1859 0.6077 4.9897 13.8791 0.6319 6.5350 -18.7994 0.0248 -1.0168 -2.7952 0.0000 0.0000 0.0000 20.2658 4.5830 -1.8001 -2.7923 -10.3510 30.1211 -2.1757 -7.7140 -31.4739 -0.0000 0.0361 -0.0992 1.5813 -1.8488 2.4543 1.1775 -2.4019 -5.4140 0.5544 -1.2721 -7.0301 6.5950 7.1392 6.0933 6.0740 10.1612 -2.5281 0.4804 4.7777 -1.8122 -0.0000 0.0000 0.0000 -67.0069 7.0017 65.5300 22.4917 -33.5282 -6.8554 -0.0000 0.0000 -31.1016 9.3744 9.2012 1.5122 -7.1250 0.0000 -0.0000 -15.1310 38.8684 2.3491 -0.0000 0.0000 0.0000 74.2160 -17.9713 36.0089 -18.9160 29.3142 -4.9897 0.0000 0.0000 3.7935 -10.3698 -2.8481 0.5209 7.1250 -0.0000 -0.0000 13.0894 -32.6745 4.0429
0.3490 16.4585 -3.1885 -20.0344 -84.5430 17.4708 0.0000 0.0000 0.0000 -12.7851 6.6785 3.2032 0.6063 4.9839 13.8627 0.6310 6.5551 -18.8057 0.0244 -1.0077 -2.7699 0.0000 0.0000 0.0000 20.2625 4.6045 -1.8006 -2.7934 -10.3529 30.1273 -2.1727 -7.7178 -31.4584 -0.0000 0.0434 -0.1191 1.5653 -1.8463 2.4515 1.1753 -2.3998 -5.4185 0.5608 -1.2703 -7.0326 6.6000 7.1400 6.1105 6.0492 10.1643 -2.5360 0.4710 4.7794 -1.8161 0.0000 0.0000 0.0000 -66.9001 6.7996 65.8240 22.7453 -33.8091 -6.9960 -0.0000 0.0000 -31.1353 9.3729 9.1431 1.5024 -7.1250 0.0000 -0.0000 -15.1185 38.8115 2.3688 0.0000 0.0000 0.0000 74.2277 -17.9968 35.9904 -18.8990 29.2930 -4.9813 0.0000 0.0000 3.7797 -10.4168 -2.8369 0.5213 7.1250 -0.0000 -0.0000 13.0502 -32.6651 4.0334
0.3524 16.4584 -3.1874 -20.1827 -84.5677 17.6004 0.0000 0.0000 0.0000 -12.7842 6.6903 3.2153 0.6062 4.9835 13.8615 0.6311 6.5648 -18.8143 0.0239 -0.9972 -2.7412 0.0000 0.0000 0.0000 20.2633 4.6164 -1.7921 -2.7931 -10.3524 30.1256 -2.1695 -7.7231 -31.4423 -0.0001 0.0503 -0.1383 1.5627 -1.8440 2.4593 1.1717 -2.3970 -5.4280 0.5589 -1.2690 -7.0473 6.5997 7.1401 6.1291 6.0313 10.1656 -2.5305 0.4648 4.7807 -1.8165 0.0000 -0.0000 0.0000 -66.7869 6.6146 66.1376 23.0272 -34.1186 -7.1536 -0.0000 0.0000 -31.1412 9.4607 9.1002 1.5097 -7.1250 0.0000 -0.0000 -15.0348 38.7762 2.3684 0.0000 -0.0000 0.0000 74.2368 -18.0386 35.9897 -18.8902 29.2820 -4.9770 0.0000 0.0000 3.7780 -10.4371 -2.8338 0.5218 7.1250 -0.0000 -0.0000 13.0336 -32.6626 4.0288
0.3557 16.4586 -3.1862 -20.5530 -84.5836 17.9512 0.0000 0.0000 0.0000 -12.7579 6.6989 3.2148 0.6081 4.9913 13.8837 0.6329 6.5628 -18.8316 0.0231 -0.9813 -2.6973 0.0000 0.0000 0.0000 20.2925 4.6354 -1.7743 -2.7908 -10.3484 30.1125 -2.1679 -7.7264 -31.4347 -0.0000 0.0376 -0.1034 1.5945 -1.8392 2.4823 1.1672 -2.3887 -5.4484 0.5373 -1.2671 -7.0841 6.6003 7.1409 6.1415 6.0321 10.1652 -2.4957 0.4653 4.7820 -1.8073 0.0000 -0.0000 0.0000 -66.6649 6.4385 66.4591 23.3266 -34.4440 -7.3222 -0.0000 0.0000 -31.1532 9.6112 9.0619 1.5278 -7.1250 0.0000 -0.0000 -14.8996 38.7500 2.3558 0.0000 -0.0000 0.0000 74.2551 -18.1024 35.9935 -18.8863 29.2772 -4.9751 0.0000 0.0000 3.7986 -10.4010 -2.8482 0.5226 7.1250 -0.0000 -0.0000 13.0645 -32.6757 4.0345
0.3593 16.4589 -3.1852 -21.0622 -84.5971 18.4417 0.0000 0.0000 0.0000 -12.7186 6.6969 3.2073 0.6112 5.0037 13.9192 0.6352 6.5647 -18.8581 0.0222 -0.9627 -2.6461 0.0000 0.0000 0.0000 20.3406 4.6669 -1.7515 -2.7873 -10.3426 30.0933 -2.1661 -7.7420 -31.4324 -0.0000 0.0219 -0.0601 1.6409 -1.8323 2.5037 1.1648 -2.3767 -5.4672 0.5093 -1.2640 -7.1188 6.6091 7.1427 6.1462 6.0356 10.1650 -2.4465 0.4660 4.7841 -1.7917 0.0000 -0.0000 0.0000 -66.5472 6.2406 66.7529 23.6341 -34.7749 -7.4968 -0.0000 0.0000 -31.1981 9.7273 9.0068 1.5373 -7.1250 0.0000 -0.0000 -14.7895 38.7047 2.3544 0.0000 -0.0000 0.0000 74.2737 -18.1618 36.0105 -18.8838 29.2741 -4.9739 0.0000 0.0000 3.8224 -10.3466 -2.8742 0.5245 7.1250 -0.0000 -0.0000 13.1118 -32.6996 4.0420
0.3631 16.4592 -3.1841 -21.4409 -84.6141 18.8039 0.0000 0.0000 0.0000 -12.6957 6.6900 3.2061 0.6129 5.0108 13.9393 0.6362 6.5788 -18.8793 0.0217 -0.9500 -2.6113 0.0000 0.0000 0.0000 20.3752 4.7067 -1.7339 -2.7853 -10.3390 30.0817 -2.1636 -7.7674 -31.4326 -0.0000 0.0196 -0.0538 1.6589 -1.8284 2.4929 1.1708 -2.3702 -5.4604 0.5043 -1.2616 -7.1057 6.6145 7.1505 6.1305 6.0258 10.1711 -2.4084 0.4635 4.7898 -1.7755 0.0000 0.0000 0.0000 -66.4541 5.9938 66.9836 23.9606 -35.1226 -7.6839 -0.0000 0.0000 -31.2430 9.7711 8.9465 1.5341 -7.1250 0.0000 -0.0000 -14.7389 38.6488 2.3668 0.0000 0.0000 0.0000 74.2708 -18.1681 36.0456 -18.8799 29.2691 -4.9720 0.0000 0.0000 3.8386 -10.3005 -2.8991 0.5266 7.1250 -0.0000 -0.0000 13.1522 -32.7226 4.0476
0.3671 16.4595 -3.1828 -21.5304 -84.6347 18.8792 0.0000 0.0000 0.0000 -12.7018 6.7006 3.2106 0.6122 5.0078 13.9309 0.6341 6.5983 -18.8728 0.0221 -0.9593 -2.6369 0.0000 0.0000 0.0000 20.3747 4.7371 -1.7296 -2.7859 -10.3401 30.0851 -2.1607 -7.7861 -31.4259 -0.0000 0.0276 -0.0757 1.6409 -1.8271 2.4579 1.1784 -2.3697 -5.4339 0.5200 -1.2598 -7.0559 6.6039 7.1644 6.0928 6.0164 10.1831 -2.3797 0.4642 4.7985 -1.7594 0.0000 0.0000 0.0000 -66.3762 5.7070 67.1667 24.3185 -35.4993 -7.8908 -0.0000 0.0000 -31.2467 9.6734 8.8906 1.5090 -7.1250 0.0000 -0.0000 -14.8079 38.5869 2.4016 0.0000 0.0000 0.0000 74.2524 -18.1352 36.0846 -18.8773 29.2659 -4.9707 0.0000 0.0000 3.8448 -10.2660 -2.9222 0.5290 7.1250 -0.0000 -0.0000 13.1832 -32.7442 4.0505
0.3708 16.4594 -3.1812 -21.4183 -84.6510 18.7456 0.0000 0.0000 0.0000 -12.7186 6.7454 3.2222 0.6098 4.9982 13.9035 0.6307 6.5956 -18.8337 0.0233 -0.9854 -2.7086 0.0000 0.0000 0.0000 20.3532 4.7525 -1.7224 -2.7884 -10.3443 30.0991 -2.1605 -7.7828 -31.4232 -0.0000 0.0211 -0.0580 1.6128 -1.8241 2.4371 1.1777 -2.3677 -5.4125 0.5333 -1.2570 -7.0197 6.5931 7.1758 6.0603 6.0148 10.1921 -2.3488 0.4672 4.8055 -1.7440 -0.0000 0.0000 0.0000 -66.2920 5.4191 67.3268 24.7171 -35.9134 -8.1234 -0.0000 0.0000 -31.1831 9.3996 8.8075 1.4520 -7.1250 0.0000 -0.0000 -15.0181 38.4857 2.4760 -0.0000 0.0000 0.0000 74.2426 -18.1202 36.1095 -18.8784 29.2673 -4.9712 0.0000 0.0000 3.8310 -10.2588 -2.9393 0.5317 7.1250 -0.0000 -0.0000 13.1915 -32.7609 4.0477
0.3745 16.4590 -3.1794 -21.2235 -84.6598 18.5214 0.0000 0.0000 0.0000 -12.7344 6.8100 3.2362 0.6072 4.9879 13.8740 0.6287 6.5585 -18.7841 0.0236 -0.9914 -2.7252 0.0000 0.0000 0.0000 20.3249 4.7529 -1.7088 -2.7912 -10.3491 30.1148 -2.1609 -7.7774 -31.4224 -0.0000 0.0152 -0.0417 1.5939 -1.8188 2.4446 1.1671 -2.3618 -5.4066 0.5324 -1.2532 -7.0172 6.6014 7.1796 6.0480 6.0148 10.1932 -2.3051 0.4674 4.8084 -1.7271 0.0000 0.0000 0.0000 -66.1970 5.1407 67.4745 25.1502 -36.3571 -8.3788 -0.0000 0.0000 -31.0740 9.0214 8.6599 1.3694 -7.1250 0.0000 -0.0000 -15.3000 38.3143 2.5916 0.0000 0.0000 0.0000 74.2455 -18.1382 36.1214 -18.8812 29.2708 -4.9726 0.0000 0.0000 3.8201 -10.2714 -2.9416 0.5328 7.1250 -0.0000 -0.0000 13.1820 -32.7637 4.0437
0.3781 16.4586 -3.1776 -21.0291 -84.6605 18.2959 0.0000 0.0000 0.0000 -12.7449 6.8753 3.2463 0.6053 4.9800 13.8516 0.6281 6.5056 -18.7358 0.0233 -0.9853 -2.7085 0.0000 0.0000 0.0000 20.3007 4.7498 -1.6928 -2.7936 -10.3533 30.1285 -2.1610 -7.7823 -31.4253 -0.0000 0.0195 -0.0537 1.5834 -1.8141 2.4612 1.1538 -2.3563 -5.4086 0.5246 -1.2502 -7.0290 6.6280 7.1824 6.0523 6.0151 10.1943 -2.2436 0.4646 4.8116 -1.7063 -0.0000 0.0000 0.0000 -66.0969 4.8604 67.5884 25.6179 -36.8288 -8.6576 -0.0000 0.0000 -30.9332 8.5574 8.5524 1.2819 -7.1250 0.0000 -0.0000 -15.6617 38.1765 2.7112 -0.0000 0.0000 0.0000 74.2511 -18.1641 36.1313 -18.8818 29.2715 -4.9729 0.0000 0.0000 3.8229 -10.2927 -2.9289 0.5316 7.1250 -0.0000 -0.0000 13.1631 -32.7518 4.0416
0.3821 16.4585 -3.1755 -20.7690 -84.6500 18.0043 0.0000 0.0000 0.0000 -12.7540 6.9579 3.2352 0.6048 4.9780 13.8459 0.6268 6.4370 -18.6684 0.0241 -1.0026 -2.7559 0.0000 0.0000 0.0000 20.2697 4.7258 -1.6815 -2.7954 -10.3563 30.1384 -2.1591 -7.7902 -31.4191 -0.0000 0.0305 -0.0838 1.5801 -1.8113 2.4781 1.1367 -2.3532 -5.4135 0.5091 -1.2490 -7.0447 6.6476 7.1873 6.0577 6.0272 10.1964 -2.1612 0.4670 4.8160 -1.6799 -0.0000 0.0000 0.0000 -65.9903 4.5670 67.6836 26.1244 -37.3313 -8.9630 -0.0000 0.0000 -30.8387 8.0182 8.6119 1.2084 -7.1250 0.0000 -0.0000 -16.1241 38.1957 2.7885 -0.0000 0.0000 0.0000 74.2587 -18.1873 36.1386 -18.8795 29.2687 -4.9718 0.0000 0.0000 3.8372 -10.3087 -2.9145 0.5299 7.1250 -0.0000 -0.0000 13.1481 -32.7382 4.0412
0.3864 16.4581 -3.1730 -20.5682 -84.6281 17.7690 0.0000 0.0000 0.0000 -12.7532 7.0448 3.2122 0.6059 4.9823 13.8581 0.6264 6.3543 -18.6003 0.0251 -1.0232 -2.8127 0.0000 0.0000 0.0000 20.2425 4.6788 -1.6725 -2.7965 -10.3581 30.1445 -2.1570 -7.7882 -31.4050 -0.0000 0.0341 -0.0937 1.5925 -1.8115 2.4895 1.1215 -2.3531 -5.4129 0.4868 -1.2500 -7.0519 6.6506 7.1946 6.0427 6.0472 10.1974 -2.0593 0.4757 4.8213 -1.6450 0.0000 0.0000 0.0000 -65.8832 4.2496 67.7788 26.6568 -37.8499 -9.2877 -0.0000 0.0000 -30.8296 7.4676 8.6472 1.1290 -7.1250 0.0000 -0.0000 -16.5898 38.1905 2.8768 0.0000 0.0000 0.0000 74.2644 -18.1999 36.1534 -18.8797 29.2690 -4.9719 0.0000 0.0000 3.8457 -10.3270 -2.9028 0.5287 7.1250 -0.0000 -0.0000 13.1317 -32.7272 4.0395
0.3909 16.4577 -3.1708 -20.4512 -84.6091 17.6219 0.0000 0.0000 0.0000 -12.7505 7.1045 3.1917 0.6074 4.9886 13.8762 0.6276 6.2846 -18.5591 0.0249 -1.0194 -2.8023 0.0000 0.0000 0.0000 20.2274 4.6501 -1.6624 -2.7972 -10.3593 30.1484 -2.1564 -7.7875 -31.4007 -0.0000 0.0304 -0.0836 1.6047 -1.8113 2.4927 1.1116 -2.3525 -5.4112 0.4696 -1.2506 -7.0528 6.6362 7.2012 6.0055 6.0729 10.1933 -1.9406 0.4903 4.8254 -1.6021 0.0000 0.0000 0.0000 -65.7897 3.9047 67.8654 27.1884 -38.3583 -9.6158 -0.0000 0.0000 -30.8474 6.9690 8.5310 1.0388 -7.1250 0.0000 -0.0000 -16.9744 38.0429 3.0121 0.0000 0.0000 0.0000 74.2611 -18.2091 36.1943 -18.8870 29.2781 -4.9755 0.0000 0.0000 3.8478 -10.3535 -2.8748 0.5250 7.1250 -0.0000 -0.0000 13.1064 -32.7005 4.0400
0.3951 16.4574 -3.1692 -20.4222 -84.5959 17.5651 0.0000 0.0000 0.0000 -12.7538 7.0973 3.2042 0.6080 4.9910 13.8829 0.6284 6.2769 -18.5613 0.0243 -1.0055 -2.7638 0.0000 0.0000 0.0000 20.2265 4.6477 -1.6470 -2.7979 -10.3605 30.1523 -2.1570 -7.7934 -31.4079 -0.0000 0.0241 -0.0663 1.6139 -1.8096 2.4945 1.1066 -2.3499 -5.4135 0.4593 -1.2499 -7.0570 6.6216 7.2084 5.9758 6.0950 10.1903 -1.8194 0.5035 4.8301 -1.5595 -0.0000 -0.0000 0.0000 -65.7128 3.5246 67.9259 27.6978 -38.8365 -9.9336 -0.0000 0.0000 -30.7852 6.5253 8.3606 0.9528 -7.1250 0.0000 -0.0000 -17.2990 37.8479 3.1602 -0.0000 -0.0000 0.0000 74.2507 -18.2302 36.2602 -18.9055 29.3011 -4.9845 0.0000 0.0000 3.8339 -10.3828 -2.8442 0.5209 7.1250 -0.0000 -0.0000 13.0783 -32.6712 4.0405
0.3988 16.4571 -3.1680 -20.3536 -84.5832 17.4638 0.0000 0.0000 0.0000 -12.7673 7.0549 3.2376 0.6084 4.9927 13.8878 0.6282 6.3051 -18.5813 0.0239 -0.9985 -2.7446 0.0000 0.0000 0.0000 20.2234 4.6455 -1.6231 -2.7982 -10.3609 30.1536 -2.1564 -7.8080 -31.4133 -0.0000 0.0243 -0.0667 1.6164 -1.8042 2.4989 1.1024 -2.3426 -5.4146 0.4530 -1.2466 -7.0609 6.6073 7.2197 5.9640 6.1123 10.1959 -1.7163 0.5138 4.8380 -1.5258 0.0000 0.0000 0.0000 -65.6505 3.0670 67.9804 28.1582 -39.2615 -10.2237 -0.0000 0.0000 -30.6103 6.1224 8.2544 0.8823 -7.1250 0.0000 -0.0000 -17.6045 37.7179 3.2789 0.0000 0.0000 0.0000 74.2406 -18.2628 36.3209 -18.9337 29.3362 -4.9983 0.0000 0.0000 3.8141 -10.4079 -2.8285 0.5193 7.1250 -0.0000 -0.0000 13.0560 -32.6564 4.0380
0.4027 16.4567 -3.1669 -20.6022 -84.5627 17.6722 0.0000 0.0000 0.0000 -12.7436 7.0185 3.2548 0.6117 5.0056 13.9247 0.6297 6.3181 -18.6076 0.0238 -0.9954 -2.7362 0.0000 0.0000 0.0000 20.2564 4.6433 -1.5867 -2.7960 -10.3572 30.1415 -2.1532 -7.8380 -31.4115 -0.0000 0.0253 -0.0696 1.6476 -1.7912 2.5039 1.1094 -2.3226 -5.4067 0.4412 -1.2381 -7.0563 6.5812 7.2402 5.9586 6.1375 10.2159 -1.6389 0.5270 4.8516 -1.5025 -0.0000 0.0000 0.0000 -65.6091 2.4940 68.0339 28.5541 -39.6213 -10.4751 -0.0000 0.0000 -30.3566 5.6735 8.2092 0.8127 -7.1250 0.0000 -0.0000 -17.9621 37.6436 3.3852 -0.0000 0.0000 0.0000 74.2345 -18.2986 36.3531 -18.9690 29.3802 -5.0156 0.0000 0.0000 3.8075 -10.4198 -2.8230 0.5189 7.1250 -0.0000 -0.0000 13.0457 -32.6514 4.0363
0.4070 16.4565 -3.1662 -21.2260 -84.5344 18.2511 0.0000 0.0000 0.0000 -12.6703 7.0095 3.2330 0.6191 5.0355 14.0097 0.6337 6.2917 -18.6298 0.0239 -0.9987 -2.7454 0.0000 0.0000 0.0000 20.3382 4.6586 -1.5336 -2.7906 -10.3481 30.1114 -2.1489 -7.8877 -31.4151 -0.0000 0.0192 -0.0529 1.6978 -1.7731 2.4788 1.1363 -2.2941 -5.3707 0.4368 -1.2255 -7.0040 6.5329 7.2696 5.9390 6.1702 10.2475 -1.5892 0.5456 4.8698 -1.4875 0.0000 -0.0000 0.0000 -65.6038 1.7940 68.0429 28.8993 -39.9310 -10.6960 -0.0000 0.0000 -30.0688 5.1449 8.2349 0.7389 -7.1250 0.0000 -0.0000 -18.4019 37.6312 3.4811 0.0000 -0.0000 0.0000 74.2192 -18.2948 36.3846 -18.9997 29.4183 -5.0307 0.0000 0.0000 3.7962 -10.4405 -2.8125 0.5180 7.1250 -0.0000 -0.0000 13.0277 -32.6417 4.0336
0.4116 16.4562 -3.1654 -21.7759 -84.4974 18.7469 0.0000 0.0000 0.0000 -12.5949 7.0143 3.2048 0.6281 5.0711 14.1116 0.6390 6.2366 -18.6447 0.0240 -1.0007 -2.7506 0.0000 0.0000 0.0000 20.4172 4.6609 -1.4704 -2.7842 -10.3372 30.0756 -2.1445 -7.9418 -31.4207 -0.0000 0.0162 -0.0444 1.7382 -1.7566 2.4278 1.1641 -2.2688 -5.3114 0.4373 -1.2135 -6.9114 6.4816 7.2977 5.9160 6.2009 10.2779 -1.5535 0.5638 4.8869 -1.4765 -0.0000 0.0000 0.0000 -65.6159 1.0042 68.0356 29.2124 -40.2086 -10.8976 -0.0000 0.0000 -29.8111 4.6561 8.2452 0.6692 -7.1250 0.0000 -0.0000 -18.8046 37.6069 3.5759 -0.0000 0.0000 0.0000 74.2000 -18.2587 36.4402 -19.0197 29.4432 -5.0406 0.0000 0.0000 3.7711 -10.4525 -2.8151 0.5191 7.1250 -0.0000 -0.0000 13.0186 -32.6448 4.0297
0.4163 16.4557 -3.1647 -22.0551 -84.4578 18.9711 0.0000 0.0000 0.0000 -12.5406 7.0304 3.1836 0.6354 5.1002 14.1947 0.6438 6.1671 -18.6424 0.0236 -0.9924 -2.7279 0.0000 0.0000 0.0000 20.4727 4.6605 -1.4067 -2.7790 -10.3284 30.0470 -2.1423 -7.9962 -31.4400 -0.0000 0.0156 -0.0428 1.7638 -1.7391 2.3761 1.1749 -2.2440 -5.2582 0.4286 -1.2015 -6.8251 6.4465 7.3140 5.8924 6.2321 10.2914 -1.4932 0.5808 4.8966 -1.4566 0.0000 -0.0000 0.0000 -65.6109 0.1793 68.0831 29.5185 -40.4771 -11.0957 -0.0000 0.0000 -29.6269 4.2648 8.2328 0.6118 -7.1250 0.0000 -0.0000 -19.1209 37.5678 3.6609 0.0000 -0.0000 0.0000 74.1942 -18.2331 36.5243 -19.0261 29.4511 -5.0437 0.0000 0.0000 3.7441 -10.4386 -2.8370 0.5224 7.1250 -0.0000 -0.0000 13.0328 -32.6659 4.0275
0.4210 16.4552 -3.1644 -22.1705 -84.4148 19.0328 0.0000 0.0000 0.0000 -12.4977 7.0579 3.1718 0.6403 5.1195 14.2498 0.6465 6.0972 -18.6183 0.0235 -0.9890 -2.7186 0.0000 0.0000 0.0000 20.5161 4.6642 -1.3439 -2.7754 -10.3222 30.0267 -2.1441 -8.0416 -31.4781 -0.0000 0.0023 -0.0062 1.7990 -1.7184 2.3607 1.1630 -2.2150 -5.2396 0.3930 -1.1890 -6.7980 6.4382 7.3150 5.8802 6.2649 10.2832 -1.3835 0.5954 4.8973 -1.4214 -0.0000 0.0000 0.0000 -65.5671 -0.6164 68.2132 29.8655 -40.7778 -11.3217 -0.0000 0.0000 -29.5411 3.9274 8.3336 0.5701 -7.1250 0.0000 -0.0000 -19.4227 37.6394 3.6884 -0.0000 0.0000 0.0000 74.2157 -18.2585 36.6187 -19.0169 29.4397 -5.0392 0.0000 0.0000 3.7360 -10.4035 -2.8491 0.5229 7.1250 -0.0000 -0.0000 13.0627 -32.6766 4.0336
0.4257 16.4550 -3.1643 -22.0978 -84.3637 18.9155 0.0000 0.0000 0.0000 -12.4716 7.0791 3.1606 0.6432 5.1306 14.2813 0.6461 6.0407 -18.5723 0.0241 -1.0015 -2.7530 0.0000 0.0000 0.0000 20.5440 4.6672 -1.2942 -2.7734 -10.3189 30.0157 -2.1492 -8.0761 -31.5296 -0.0000 -0.0235 0.0645 1.8339 -1.7018 2.3688 1.1376 -2.1918 -5.2475 0.3457 -1.1802 -6.8133 6.4460 7.3121 5.8686 6.2952 10.2677 -1.2367 0.6078 4.8962 -1.3734 -0.0000 0.0000 0.0000 -65.4905 -1.3708 68.3895 30.2690 -41.1229 -11.5862 -0.0000 0.0000 -29.4990 3.6186 8.4167 0.5303 -7.1250 0.0000 -0.0000 -19.6968 37.6959 3.7168 -0.0000 0.0000 0.0000 74.2506 -18.3074 36.7104 -18.9952 29.4127 -5.0285 0.0000 0.0000 3.7418 -10.3646 -2.8427 0.5197 7.1250 -0.0000 -0.0000 13.0925 -32.6690 4.0457
0.4301 16.4547 -3.1642 -21.8057 -84.3175 18.5750 0.0000 0.0000 0.0000 -12.4684 7.1116 3.1596 0.6446 5.1362 14.2975 0.6441 5.9877 -18.5106 0.0253 -1.0262 -2.8209 0.0000 0.0000 0.0000 20.5430 4.6534 -1.2497 -2.7733 -10.3188 30.0152 -2.1547 -8.0941 -31.5734 -0.0000 -0.0422 0.1159 1.8468 -1.6914 2.3891 1.1086 -2.1780 -5.2595 0.3082 -1.1750 -6.8394 6.4511 7.3174 5.8559 6.3207 10.2626 -1.0878 0.6190 4.9005 -1.3244 -0.0000 0.0000 0.0000 -65.3970 -2.1037 68.5741 30.7135 -41.4971 -11.8795 -0.0000 0.0000 -29.4070 3.3295 8.3367 0.4833 -7.1250 0.0000 -0.0000 -19.9106 37.6000 3.8108 -0.0000 0.0000 0.0000 74.2798 -18.3530 36.7845 -18.9719 29.3838 -5.0171 0.0000 0.0000 3.7575 -10.3407 -2.8241 0.5151 7.1250 -0.0000 -0.0000 13.1087 -32.6497 4.0572
0.4342 16.4544 -3.1641 -21.5408 -84.2817 18.2648 0.0000 0.0000 0.0000 -12.4700 7.1356 3.1651 0.6459 5.1411 14.3114 0.6435 5.9369 -18.4664 0.0254 -1.0282 -2.8265 0.0000 0.0000 0.0000 20.5366 4.6373 -1.2138 -2.7740 -10.3199 30.0190 -2.1578 -8.1101 -31.6015 -0.0001 -0.0507 0.1392 1.8522 -1.6840 2.4046 1.0875 -2.1685 -5.2710 0.2833 -1.1713 -6.8616 6.4483 7.3329 5.8562 6.3342 10.2738 -0.9651 0.6262 4.9119 -1.2859 -0.0000 0.0000 0.0000 -65.2931 -2.8292 68.7585 31.1953 -41.8962 -12.2001 -0.0000 0.0000 -29.2185 3.0022 8.1754 0.4273 -7.1250 0.0000 -0.0000 -20.1330 37.4253 3.9491 -0.0000 0.0000 0.0000 74.2923 -18.3902 36.8395 -18.9565 29.3646 -5.0095 0.0000 0.0000 3.7734 -10.3643 -2.7947 0.5109 7.1250 -0.0000 -0.0000 13.0854 -32.6215 4.0589
0.4380 16.4538 -3.1638 -21.3620 -84.2462 18.0399 0.0000 0.0000 0.0000 -12.4654 7.1487 3.1726 0.6481 5.1499 14.3367 0.6450 5.8838 -18.4427 0.0249 -1.0183 -2.7993 0.0000 0.0000 0.0000 20.5333 4.6068 -1.1797 -2.7738 -10.3196 30.0179 -2.1586 -8.1224 -31.6137 -0.0001 -0.0569 0.1564 1.8581 -1.6810 2.4086 1.0767 -2.1646 -5.2763 0.2687 -1.1701 -6.8702 6.4470 7.3512 5.8676 6.3227 10.2917 -0.8685 0.6243 4.9258 -1.2562 -0.0000 0.0000 0.0000 -65.1752 -3.5551 68.9535 31.7375 -42.3369 -12.5637 -0.0000 0.0000 -28.9747 2.6219 8.1440 0.3717 -7.1250 0.0000 -0.0000 -20.4326 37.3691 4.0441 -0.0000 0.0000 0.0000 74.2889 -18.4145 36.8695 -18.9510 29.3578 -5.0068 0.0000 0.0000 3.7863 -10.4209 -2.7670 0.5087 7.1250 -0.0000 -0.0000 13.0362 -32.5961 4.0511
0.4422 16.4533 -3.1637 -21.3218 -84.2026 17.9542 0.0000 0.0000 0.0000 -12.4459 7.1432 3.1751 0.6518 5.1641 14.3771 0.6469 5.8362 -18.4283 0.0245 -1.0095 -2.7750 0.0000 0.0000 0.0000 20.5461 4.5676 -1.1477 -2.7723 -10.3169 30.0093 -2.1574 -8.1417 -31.6182 -0.0001 -0.0622 0.1708 1.8754 -1.6817 2.4132 1.0736 -2.1645 -5.2804 0.2561 -1.1711 -6.8781 6.4518 7.3666 5.8711 6.2978 10.3048 -0.7678 0.6180 4.9381 -1.2226 -0.0000 -0.0000 0.0000 -65.0332 -4.2828 69.1857 32.3399 -42.8165 -12.9712 -0.0000 0.0000 -28.7351 2.2707 8.1878 0.3236 -7.1250 0.0000 -0.0000 -20.7287 37.3854 4.1005 -0.0000 -0.0000 0.0000 74.2814 -18.4329 36.8655 -18.9571 29.3653 -5.0098 0.0000 0.0000 3.8033 -10.4408 -2.7744 0.5110 7.1250 -0.0000 -0.0000 13.0216 -32.6040 4.0438
0.4470 16.4525 -3.1633 -21.3940 -84.1546 17.9708 0.0000 0.0000 0.0000 -12.4124 7.1409 3.1792 0.6563 5.1818 14.4277 0.6479 5.7947 -18.4080 0.0250 -1.0204 -2.8050 0.0000 0.0000 0.0000 20.5697 4.5148 -1.1076 -2.7696 -10.3124 29.9946 -2.1552 -8.1588 -31.6154 -0.0001 -0.0641 0.1761 1.9120 -1.6844 2.4425 1.0694 -2.1654 -5.2879 0.2327 -1.1737 -6.9048 6.4761 7.3766 5.8761 6.2627 10.3112 -0.6596 0.6059 4.9474 -1.1854 0.0000 0.0000 0.0000 -64.8651 -5.0046 69.4621 32.9869 -43.3200 -13.4131 -0.0000 0.0000 -28.5472 1.9780 8.2725 0.2847 -7.1250 0.0000 -0.0000 -20.9889 37.4439 4.1259 0.0000 0.0000 0.0000 74.2794 -18.4545 36.8426 -18.9702 29.3816 -5.0162 0.0000 0.0000 3.8069 -10.4157 -2.8146 0.5172 7.1250 -0.0000 -0.0000 13.0477 -32.6430 4.0397
0.4525 16.4521 -3.1627 -21.4683 -84.1060 17.9936 0.0000 0.0000 0.0000 -12.3828 7.1236 3.1880 0.6601 5.1963 14.4693 0.6485 5.7641 -18.3921 0.0248 -1.0169 -2.7953 0.0000 0.0000 0.0000 20.5895 4.4546 -1.0774 -2.7672 -10.3082 29.9808 -2.1528 -8.1681 -31.6063 -0.0001 -0.0655 0.1801 1.9581 -1.6899 2.4836 1.0597 -2.1694 -5.3029 0.1992 -1.1786 -6.9470 6.5188 7.3802 5.8946 6.2199 10.3117 -0.5598 0.5882 4.9532 -1.1517 -0.0000 0.0000 0.0000 -64.6783 -5.7216 69.7653 33.6574 -43.8293 -13.8752 -0.0000 0.0000 -28.4525 1.7192 8.3739 0.2504 -7.1250 0.0000 -0.0000 -21.2263 37.5200 4.1359 -0.0000 0.0000 0.0000 74.2812 -18.4787 36.8244 -18.9860 29.4013 -5.0240 0.0000 0.0000 3.7809 -10.3880 -2.8584 0.5238 7.1250 -0.0000 -0.0000 13.0764 -32.6854 4.0353
0.4582 16.4522 -3.1620 -21.2478 -84.0681 17.7344 0.0000 0.0000 0.0000 -12.3923 7.1076 3.1947 0.6619 5.2033 14.4892 0.6471 5.7489 -18.3661 0.0250 -1.0210 -2.8065 0.0000 0.0000 0.0000 20.5661 4.3822 -1.0715 -2.7663 -10.3067 29.9757 -2.1498 -8.1604 -31.5840 -0.0001 -0.0635 0.1746 1.9711 -1.6971 2.5085 1.0417 -2.1785 -5.3131 0.1750 -1.1844 -6.9738 6.5580 7.3777 5.9058 6.1832 10.3048 -0.4783 0.5728 4.9542 -1.1233 0.0000 -0.0000 0.0000 -64.4853 -6.4504 70.0574 34.3478 -44.3407 -14.3556 -0.0000 0.0000 -28.4558 1.4626 8.5073 0.2164 -7.1250 0.0000 -0.0000 -21.4714 37.6257 4.1300 0.0000 -0.0000 0.0000 74.2781 -18.4887 36.8179 -19.0048 29.4247 -5.0332 0.0000 0.0000 3.7244 -10.3726 -2.8936 0.5294 7.1250 -0.0000 -0.0000 13.0941 -32.7196 4.0298
0.4638 16.4525 -3.1623 -21.0646 -84.0482 17.5191 0.0000 0.0000 0.0000 -12.4037 7.0956 3.2049 0.6623 5.2048 14.4935 0.6447 5.7503 -18.3410 0.0252 -1.0244 -2.8158 0.0000 0.0000 0.0000 20.5496 4.3455 -1.0704 -2.7674 -10.3086 29.9820 -2.1472 -8.1633 -31.5702 -0.0001 -0.0613 0.1685 1.9638 -1.6998 2.5208 1.0282 -2.1829 -5.3177 0.1660 -1.1866 -6.9861 6.5838 7.3708 5.9151 6.1626 10.2930 -0.4200 0.5640 4.9514 -1.1036 0.0000 0.0000 0.0000 -64.2892 -7.1789 70.3202 35.0649 -44.8584 -14.8591 -0.0000 0.0000 -28.5192 1.2084 8.6462 0.1817 -7.1250 0.0000 -0.0000 -21.7166 37.7363 4.1200 0.0000 0.0000 0.0000 74.2680 -18.4899 36.8218 -19.0275 29.4529 -5.0444 0.0000 0.0000 3.6729 -10.3695 -2.9171 0.5335 7.1250 -0.0000 -0.0000 13.1002 -32.7428 4.0243
0.4692 16.4520 -3.1633 -20.9973 -84.0418 17.4010 0.0000 0.0000 0.0000 -12.3990 7.1077 3.2315 0.6628 5.2066 14.4988 0.6436 5.7388 -18.3207 0.0249 -1.0191 -2.8013 0.0000 0.0000 0.0000 20.5480 4.3250 -1.0477 -2.7697 -10.3125 29.9948 -2.1449 -8.1668 -31.5583 -0.0001 -0.0588 0.1615 1.9526 -1.6991 2.5518 1.0184 -2.1820 -5.3152 0.1630 -1.1857 -7.0013 6.6038 7.3635 5.9339 6.1555 10.2832 -0.3846 0.5592 4.9479 -1.0941 0.0000 -0.0000 0.0000 -64.0850 -7.9023 70.5683 35.8102 -45.3821 -15.3873 -0.0000 0.0000 -28.5986 0.9418 8.8019 0.1441 -7.1250 0.0000 -0.0000 -21.9772 37.8610 4.1038 0.0000 -0.0000 0.0000 74.2547 -18.4909 36.8327 -19.0512 29.4823 -5.0560 0.0000 0.0000 3.6565 -10.3879 -2.9250 0.5359 7.1250 -0.0000 -0.0000 13.0869 -32.7512 4.0172
0.4746 16.4511 -3.1644 -20.9314 -84.0399 17.2789 0.0000 0.0000 0.0000 -12.3921 7.1297 3.2666 0.6627 5.2063 14.4978 0.6425 5.7215 -18.2966 0.0245 -1.0111 -2.7794 0.0000 0.0000 0.0000 20.5426 4.2990 -1.0232 -2.7727 -10.3177 30.0116 -2.1422 -8.1604 -31.5378 -0.0001 -0.0590 0.1620 1.9368 -1.6996 2.5795 1.0101 -2.1829 -5.3024 0.1639 -1.1851 -7.0034 6.6228 7.3628 5.9546 6.1497 10.2838 -0.3673 0.5541 4.9486 -1.0907 -0.0000 0.0000 0.0000 -63.8744 -8.6416 70.8130 36.5755 -45.9049 -15.9344 -0.0000 0.0000 -28.6572 0.6634 8.9256 0.1029 -7.1250 0.0000 -0.0000 -22.2385 37.9547 4.1041 -0.0000 0.0000 0.0000 74.2368 -18.4811 36.8543 -19.0738 29.5103 -5.0672 0.0000 0.0000 3.6633 -10.4269 -2.9056 0.5344 7.1250 -0.0000 -0.0000 13.0529 -32.7334 4.0121
0.4798 16.4508 -3.1653 -20.6733 -84.0425 16.9883 0.0000 0.0000 0.0000 -12.4145 7.1419 3.2858 0.6612 5.2007 14.4818 0.6386 5.7299 -18.2599 0.0255 -1.0315 -2.8355 0.0000 0.0000 0.0000 20.5071 4.2672 -1.0279 -2.7758 -10.3230 30.0291 -2.1383 -8.1485 -31.5073 -0.0001 -0.0570 0.1566 1.9046 -1.6993 2.5746 0.9961 -2.1850 -5.2852 0.1667 -1.1844 -6.9814 6.6418 7.3646 5.9504 6.1408 10.2850 -0.3454 0.5492 4.9504 -1.0814 0.0000 -0.0000 0.0000 -63.6557 -9.4070 71.0564 37.3588 -46.4249 -16.4995 -0.0000 0.0000 -28.6778 0.3934 8.9516 0.0612 -7.1250 0.0000 -0.0000 -22.4641 37.9583 4.1491 0.0000 -0.0000 0.0000 74.2186 -18.4596 36.8874 -19.0964 29.5383 -5.0783 0.0000 0.0000 3.6591 -10.4698 -2.8724 0.5306 7.1250 -0.0000 -0.0000 13.0136 -32.7020 4.0096
0.4845 16.4511 -3.1663 -20.5364 -84.0452 16.8347 0.0000 0.0000 0.0000 -12.4297 7.1387 3.2976 0.6593 5.1932 14.4603 0.6340 5.7589 -18.2322 0.0266 -1.0529 -2.8944 0.0000 0.0000 0.0000 20.4871 4.2504 -1.0423 -2.7780 -10.3268 30.0415 -2.1355 -8.1442 -31.4878 -0.0001 -0.0531 0.1460 1.8875 -1.6960 2.5510 0.9839 -2.1826 -5.2704 0.1621 -1.1824 -6.9516 6.6621 7.3598 5.9316 6.1238 10.2752 -0.3123 0.5429 4.9478 -1.0656 0.0000 0.0000 0.0000 -63.4286 -10.1722 71.2885 38.1807 -46.9543 -17.0975 -0.0000 0.0000 -28.6977 0.2210 8.8825 0.0341 -7.1250 0.0000 -0.0000 -22.5824 37.8815 4.2196 0.0000 0.0000 0.0000 74.2029 -18.4423 36.9238 -19.1188 29.5661 -5.0893 0.0000 0.0000 3.6529 -10.4628 -2.8656 0.5289 7.1250 -0.0000 -0.0000 13.0181 -32.6950 4.0133
0.4891 16.4513 -3.1673 -20.5169 -84.0491 16.7924 0.0000 0.0000 0.0000 -12.4337 7.1273 3.3189 0.6580 5.1882 14.4461 0.6319 5.7837 -18.2269 0.0264 -1.0483 -2.8816 0.0000 0.0000 0.0000 20.4814 4.2342 -1.0457 -2.7792 -10.3287 30.0479 -2.1348 -8.1312 -31.4757 -0.0001 -0.0565 0.1553 1.8857 -1.6921 2.5351 0.9730 -2.1783 -5.2559 0.1503 -1.1802 -6.9273 6.6776 7.3499 5.9190 6.1053 10.2592 -0.2831 0.5366 4.9419 -1.0523 -0.0000 -0.0000 0.0000 -63.1897 -10.9207 71.4944 39.0626 -47.5046 -17.7449 -0.0000 0.0000 -28.7605 0.1768 8.7700 0.0270 -7.1250 0.0000 -0.0000 -22.5844 37.7743 4.2839 -0.0000 -0.0000 0.0000 74.1884 -18.4325 36.9584 -19.1403 29.5927 -5.1000 0.0000 0.0000 3.6539 -10.4169 -2.8809 0.5294 7.1250 -0.0000 -0.0000 13.0569 -32.7086 4.0214
0.4934 16.4514 -3.1687 -20.5071 -84.0566 16.7566 0.0000 0.0000 0.0000 -12.4388 7.1043 3.3485 0.6570 5.1845 14.4355 0.6305 5.8155 -18.2361 0.0256 -1.0328 -2.8392 0.0000 0.0000 0.0000 20.4806 4.2271 -1.0412 -2.7802 -10.3305 30.0538 -2.1359 -8.1129 -31.4711 -0.0001 -0.0741 0.2035 1.8777 -1.6897 2.5258 0.9635 -2.1762 -5.2432 0.1440 -1.1787 -6.9082 6.6843 7.3450 5.9227 6.0965 10.2517 -0.2629 0.5334 4.9393 -1.0456 0.0000 0.0000 0.0000 -62.9426 -11.6499 71.6651 40.0047 -48.0727 -18.4428 -0.0000 0.0000 -28.8337 0.2346 8.6313 0.0352 -7.1250 0.0000 -0.0000 -22.4967 37.6504 4.3385 0.0000 0.0000 0.0000 74.1751 -18.4265 36.9913 -19.1561 29.6122 -5.1078 0.0000 0.0000 3.6554 -10.4199 -2.8524 0.5243 7.1250 -0.0000 -0.0000 13.0502 -32.6805 4.0283
0.4982 16.4514 -3.1699 -20.4248 -84.0585 16.6448 0.0000 0.0000 0.0000 -12.4537 7.0689 3.3831 0.6562 5.1814 14.4267 0.6292 5.8524 -18.2488 0.0248 -1.0160 -2.7929 0.0000 0.0000 0.0000 20.4681 4.2008 -1.0400 -2.7812 -10.3321 30.0589 -2.1334 -8.1003 -31.4488 -0.0002 -0.0826 0.2269 1.8708 -1.6907 2.5332 0.9506 -2.1781 -5.2329 0.1345 -1.1794 -6.9018 6.6808 7.3463 5.9180 6.1024 10.2498 -0.2238 0.5370 4.9402 -1.0329 -0.0000 0.0000 0.0000 -62.6948 -12.3720 71.8001 40.9885 -48.6447 -19.1779 -0.0000 0.0000 -28.8551 0.2984 8.4930 0.0441 -7.1250 0.0000 -0.0000 -22.4048 37.5274 4.3910 -0.0000 0.0000 0.0000 74.1705 -18.4199 37.0102 -19.1596 29.6165 -5.1095 0.0000 0.0000 3.6550 -10.5001 -2.7856 0.5161 7.1250 -0.0000 -0.0000 12.9762 -32.6171 4.0248
0.5034 16.4515 -3.1706 -20.3154 -84.0497 16.5075 0.0000 0.0000 0.0000 -12.4697 7.0285 3.4132 0.6556 5.1791 14.4201 0.6277 5.8845 -18.2567 0.0241 -1.0025 -2.7558 0.0000 0.0000 0.0000 20.4504 4.1588 -1.0449 -2.7817 -10.3329 30.0616 -2.1276 -8.0985 -31.4125 -0.0001 -0.0754 0.2072 1.8745 -1.6949 2.5447 0.9350 -2.1838 -5.2248 0.1168 -1.1826 -6.9007 6.6827 7.3482 5.9053 6.1025 10.2458 -0.1551 0.5391 4.9417 -1.0088 -0.0000 0.0000 0.0000 -62.4488 -13.0971 71.9132 41.9986 -49.2104 -19.9395 -0.0000 0.0000 -28.8260 0.2944 8.3964 0.0430 -7.1250 0.0000 -0.0000 -22.3797 37.4377 4.4383 -0.0000 0.0000 0.0000 74.1762 -18.4122 37.0075 -19.1512 29.6061 -5.1053 0.0000 0.0000 3.6647 -10.5513 -2.7697 0.5157 7.1250 -0.0000 -0.0000 12.9332 -32.6031 4.0154
0.5083 16.4516 -3.1715 -20.2467 -84.0515 16.4180 0.0000 0.0000 0.0000 -12.4825 6.9970 3.4308 0.6555 5.1786 14.4186 0.6265 5.9096 -18.2622 0.0235 -0.9896 -2.7203 0.0000 0.0000 0.0000 20.4366 4.1348 -1.0511 -2.7817 -10.3330 30.0619 -2.1211 -8.1048 -31.3769 -0.0001 -0.0642 0.1765 1.8798 -1.6947 2.5465 0.9190 -2.1840 -5.2207 0.0972 -1.1833 -6.8982 6.6959 7.3498 5.8936 6.0866 10.2397 -0.0559 0.5355 4.9440 -0.9736 -0.0000 0.0000 0.0000 -62.1895 -13.8227 72.0345 43.0307 -49.7664 -20.7242 -0.0000 0.0000 -28.8079 0.2359 8.3225 0.0342 -7.1250 0.0000 -0.0000 -22.4050 37.3651 4.4868 -0.0000 0.0000 0.0000 74.1865 -18.4097 37.0014 -19.1363 29.5877 -5.0980 0.0000 0.0000 3.6767 -10.5381 -2.8056 0.5217 7.1250 -0.0000 -0.0000 12.9491 -32.6381 4.0093
0.5127 16.4519 -3.1733 -20.3915 -84.0620 16.5466 0.0000 0.0000 0.0000 -12.4725 6.9694 3.4365 0.6562 5.1814 14.4268 0.6247 5.9424 -18.2676 0.0233 -0.9865 -2.7117 0.0000 0.0000 0.0000 20.4554 4.1527 -1.0476 -2.7809 -10.3316 30.0574 -2.1173 -8.1203 -31.3631 -0.0001 -0.0652 0.1791 1.8952 -1.6901 2.5386 0.9095 -2.1776 -5.2205 0.0779 -1.1813 -6.8943 6.7131 7.3536 5.8823 6.0617 10.2340 0.0771 0.5294 4.9483 -0.9271 0.0000 -0.0000 0.0000 -61.9050 -14.5456 72.1812 44.0868 -50.3132 -21.5337 -0.0000 0.0000 -28.8122 0.1781 8.2643 0.0256 -7.1250 0.0000 -0.0000 -22.4344 37.3072 4.5277 0.0000 -0.0000 0.0000 74.1980 -18.4114 36.9960 -19.1180 29.5651 -5.0890 0.0000 0.0000 3.7148 -10.4749 -2.8350 0.5239 7.1250 -0.0000 -0.0000 13.0038 -32.6652 4.0183
0.5170 16.4525 -3.1749 -20.6391 -84.0665 16.7840 0.0000 0.0000 0.0000 -12.4494 6.9460 3.4283 0.6576 5.1866 14.4416 0.6231 5.9691 -18.2697 0.0232 -0.9837 -2.7040 0.0000 0.0000 0.0000 20.4859 4.1695 -1.0482 -2.7788 -10.3281 30.0457 -2.1141 -8.1330 -31.3514 -0.0001 -0.0706 0.1939 1.9285 -1.6879 2.5227 0.9031 -2.1737 -5.2218 0.0518 -1.1814 -6.8881 6.7269 7.3640 5.8610 6.0328 10.2333 0.2458 0.5239 4.9571 -0.8676 0.0000 0.0000 0.0000 -61.5985 -15.2770 72.3454 45.1504 -50.8420 -22.3553 -0.0000 0.0000 -28.8218 0.1078 8.2544 0.0155 -7.1250 0.0000 -0.0000 -22.4878 37.2930 4.5484 0.0000 0.0000 0.0000 74.2066 -18.4091 37.0074 -19.0980 29.5403 -5.0791 0.0000 0.0000 3.7472 -10.4338 -2.8331 0.5215 7.1250 -0.0000 -0.0000 13.0361 -32.6618 4.0298
0.5210 16.4536 -3.1765 -20.8518 -84.0713 16.9936 0.0000 0.0000 0.0000 -12.4292 6.9296 3.4171 0.6581 5.1885 14.4468 0.6216 5.9907 -18.2700 0.0228 -0.9741 -2.6777 0.0000 0.0000 0.0000 20.5131 4.1889 -1.0544 -2.7768 -10.3246 30.0345 -2.1113 -8.1483 -31.3434 -0.0001 -0.0740 0.2033 1.9589 -1.6883 2.4966 0.8980 -2.1736 -5.2239 0.0286 -1.1833 -6.8766 6.7358 7.3826 5.8325 5.9952 10.2408 0.4383 0.5174 4.9715 -0.7993 0.0000 -0.0000 0.0000 -61.2842 -16.0164 72.5076 46.2018 -51.3438 -23.1735 -0.0000 0.0000 -28.8283 0.0067 8.2979 0.0010 -7.1250 0.0000 -0.0000 -22.5814 37.3259 4.5503 0.0000 -0.0000 0.0000 74.2083 -18.4092 37.0320 -19.0850 29.5242 -5.0727 0.0000 0.0000 3.7655 -10.4034 -2.8416 0.5215 7.1250 -0.0000 -0.0000 13.0616 -32.6692 4.0357
0.5246 16.4540 -3.1782 -20.9358 -84.0924 17.0635 0.0000 0.0000 0.0000 -12.4243 6.9321 3.4275 0.6571 5.1849 14.4366 0.6208 6.0069 -18.2734 0.0218 -0.9528 -2.6190 0.0000 0.0000 0.0000 20.5249 4.2156 -1.0475 -2.7765 -10.3241 30.0327 -2.1088 -8.1655 -31.3386 -0.0001 -0.0751 0.2063 1.9710 -1.6857 2.4823 0.8887 -2.1704 -5.2255 0.0115 -1.1827 -6.8709 6.7371 7.4071 5.8036 5.9550 10.2549 0.6452 0.5116 4.9898 -0.7268 -0.0000 0.0000 0.0000 -60.9772 -16.7470 72.6500 47.2202 -51.8109 -23.9714 -0.0000 0.0000 -28.8119 -0.1490 8.3838 -0.0217 -7.1250 0.0000 -0.0000 -22.7312 37.3939 4.5439 -0.0000 0.0000 0.0000 74.2089 -18.4251 37.0490 -19.0822 29.5206 -5.0713 0.0000 0.0000 3.7745 -10.3730 -2.8667 0.5245 7.1250 -0.0000 -0.0000 13.0896 -32.6931 4.0370
0.5283 16.4538 -3.1800 -20.9133 -84.1151 17.0090 0.0000 0.0000 0.0000 -12.4299 6.9381 3.4591 0.6560 5.1807 14.4247 0.6208 6.0171 -18.2813 0.0207 -0.9287 -2.5526 0.0000 0.0000 0.0000 20.5253 4.2353 -1.0248 -2.7774 -10.3257 30.0380 -2.1072 -8.1770 -31.3363 -0.0001 -0.0782 0.2149 1.9765 -1.6809 2.4890 0.8729 -2.1643 -5.2235 -0.0083 -1.1803 -6.8734 6.7352 7.4321 5.7761 5.9196 10.2693 0.8579 0.5079 5.0083 -0.6534 -0.0000 0.0000 0.0000 -60.6891 -17.4696 72.7558 48.1909 -52.2393 -24.7366 -0.0000 0.0000 -28.7353 -0.4177 8.5397 -0.0620 -7.1250 0.0000 -0.0000 -22.9926 37.5177 4.5282 -0.0000 0.0000 0.0000 74.2163 -18.4528 37.0451 -19.0849 29.5240 -5.0726 0.0000 0.0000 3.7784 -10.3416 -2.8940 0.5279 7.1250 -0.0000 -0.0000 13.1188 -32.7191 4.0380
0.5325 16.4534 -3.1816 -21.0666 -84.1324 17.1235 0.0000 0.0000 0.0000 -12.4138 6.9440 3.4846 0.6566 5.1828 14.4307 0.6215 6.0222 -18.2931 0.0198 -0.9084 -2.4967 0.0000 0.0000 0.0000 20.5457 4.2516 -0.9950 -2.7773 -10.3256 30.0376 -2.1060 -8.1836 -31.3326 -0.0002 -0.0880 0.2419 2.0074 -1.6693 2.5081 0.8549 -2.1471 -5.2210 -0.0453 -1.1739 -6.8835 6.7504 7.4554 5.7668 5.8840 10.2849 1.0575 0.5005 5.0262 -0.5863 0.0000 -0.0000 0.0000 -60.4159 -18.2005 72.8482 49.0920 -52.6227 -25.4508 -0.0000 0.0000 -28.6348 -0.7611 8.7253 -0.1155 -7.1250 0.0000 -0.0000 -23.3232 37.6627 4.5131 0.0000 -0.0000 0.0000 74.2406 -18.4942 37.0232 -19.0892 29.5294 -5.0748 0.0000 0.0000 3.7580 -10.3631 -2.8965 0.5294 7.1250 -0.0000 -0.0000 13.1020 -32.7222 4.0316
0.5370 16.4532 -3.1829 -21.5256 -84.1450 17.5421 0.0000 0.0000 0.0000 -12.3639 6.9488 3.4954 0.6594 5.1937 14.4620 0.6228 6.0269 -18.3104 0.0193 -0.8970 -2.4654 0.0000 0.0000 0.0000 20.5981 4.2636 -0.9637 -2.7752 -10.3220 30.0259 -2.1026 -8.1927 -31.3178 -0.0002 -0.0970 0.2666 2.0759 -1.6491 2.5313 0.8396 -2.1161 -5.2169 -0.1014 -1.1625 -6.8954 6.7769 7.4840 5.7746 5.8546 10.3114 1.2358 0.4919 5.0480 -0.5287 0.0000 0.0000 0.0000 -60.1498 -18.9529 72.9513 49.9178 -52.9623 -26.1085 -0.0000 0.0000 -28.5617 -1.1112 8.8839 -0.1716 -7.1250 0.0000 -0.0000 -23.6518 37.7816 4.5114 0.0000 0.0000 0.0000 74.2797 -18.5497 36.9748 -19.0985 29.5409 -5.0793 0.0000 0.0000 3.7515 -10.3717 -2.8978 0.5301 7.1250 -0.0000 -0.0000 13.0955 -32.7238 4.0289
0.5422 16.4529 -3.1832 -21.9765 -84.1532 17.9569 0.0000 0.0000 0.0000 -12.3179 6.9522 3.5008 0.6622 5.2046 14.4930 0.6231 6.0354 -18.3199 0.0193 -0.8976 -2.4670 0.0000 0.0000 0.0000 20.6387 4.2507 -0.9498 -2.7735 -10.3190 30.0160 -2.0964 -8.1915 -31.2795 -0.0002 -0.0980 0.2693 2.1584 -1.6260 2.5544 0.8209 -2.0804 -5.2129 -0.1693 -1.1498 -6.9078 6.7957 7.5231 5.7850 5.8417 10.3523 1.4050 0.4889 5.0762 -0.4756 -0.0000 -0.0000 0.0000 -59.8876 -19.7293 73.0742 50.6762 -53.2646 -26.7151 -0.0000 0.0000 -28.4735 -1.5012 9.0348 -0.2358 -7.1250 0.0000 -0.0000 -24.0105 37.8898 4.5211 -0.0000 -0.0000 0.0000 74.3247 -18.6131 36.9065 -19.1085 29.5533 -5.0843 0.0000 0.0000 3.7787 -10.3372 -2.9109 0.5307 7.1250 -0.0000 -0.0000 13.1249 -32.7356 4.0346
0.5482 16.4527 -3.1822 -22.0168 -84.1638 17.9705 0.0000 0.0000 0.0000 -12.3249 6.9481 3.5076 0.6636 5.2097 14.5076 0.6219 6.0534 -18.3209 0.0195 -0.9009 -2.4761 0.0000 0.0000 0.0000 20.6163 4.1988 -0.9667 -2.7737 -10.3195 30.0176 -2.0872 -8.1729 -31.2120 -0.0002 -0.0827 0.2271 2.2173 -1.6054 2.5766 0.7913 -2.0500 -5.2084 -0.2351 -1.1386 -6.9187 6.7954 7.5714 5.7728 5.8385 10.4018 1.5851 0.4927 5.1094 -0.4171 0.0000 0.0000 0.0000 -59.6297 -20.5283 73.2007 51.3882 -53.5403 -27.2867 -0.0000 0.0000 -28.2758 -1.9718 9.1963 -0.3153 -7.1250 0.0000 -0.0000 -24.4373 38.0005 4.5420 0.0000 0.0000 0.0000 74.3638 -18.6689 36.8536 -19.1089 29.5538 -5.0845 0.0000 0.0000 3.7887 -10.3097 -2.9244 0.5317 7.1250 -0.0000 -0.0000 13.1489 -32.7480 4.0382
0.5541 16.4526 -3.1814 -22.1446 -84.1836 18.0793 0.0000 0.0000 0.0000 -12.3287 6.9406 3.5142 0.6639 5.2111 14.5116 0.6206 6.0846 -18.3300 0.0192 -0.8937 -2.4563 0.0000 0.0000 0.0000 20.6040 4.1717 -0.9888 -2.7751 -10.3217 30.0250 -2.0799 -8.1552 -31.1562 -0.0001 -0.0740 0.2033 2.2796 -1.5837 2.5940 0.7657 -2.0179 -5.2023 -0.2990 -1.1267 -6.9249 6.7951 7.6219 5.7520 5.8211 10.4540 1.7609 0.4927 5.1441 -0.3579 -0.0000 -0.0000 0.0000 -59.3769 -21.3385 73.3155 52.0728 -53.7980 -27.8383 -0.0000 0.0000 -27.9624 -2.4684 9.3539 -0.4014 -7.1250 0.0000 -0.0000 -24.8839 38.1046 4.5692 -0.0000 -0.0000 0.0000 74.3983 -18.7107 36.8326 -19.0956 29.5373 -5.0779 0.0000 0.0000 3.7817 -10.3218 -2.9199 0.5315 7.1250 -0.0000 -0.0000 13.1385 -32.7439 4.0362
0.5599 16.4527 -3.1808 -22.2806 -84.2111 18.2014 0.0000 0.0000 0.0000 -12.3312 6.9488 3.5098 0.6645 5.2134 14.5182 0.6206 6.0982 -18.3409 0.0186 -0.8794 -2.4171 0.0000 0.0000 0.0000 20.5906 4.1514 -1.0144 -2.7763 -10.3238 30.0316 -2.0717 -8.1468 -31.1014 -0.0001 -0.0561 0.1540 2.3403 -1.5639 2.6106 0.7393 -1.9885 -5.1959 -0.3625 -1.1160 -6.9304 6.8015 7.6696 5.7362 5.7854 10.5051 1.9157 0.4856 5.1776 -0.3047 0.0000 0.0000 0.0000 -59.1339 -22.1410 73.4028 52.7393 -54.0423 -28.3770 -0.0000 0.0000 -27.6069 -2.9072 9.4640 -0.4784 -7.1250 0.0000 -0.0000 -25.2692 38.1695 4.6080 0.0000 0.0000 0.0000 74.4285 -18.7423 36.8405 -19.0736 29.5100 -5.0670 0.0000 0.0000 3.7933 -10.3288 -2.8966 0.5277 7.1250 -0.0000 -0.0000 13.1293 -32.7211 4.0407
0.5654 16.4527 -3.1803 -22.4182 -84.2397 18.3259 0.0000 0.0000 0.0000 -12.3262 6.9877 3.5011 0.6641 5.2116 14.5131 0.6204 6.0874 -18.3303 0.0182 -0.8705 -2.3926 0.0000 0.0000 0.0000 20.5786 4.1353 -1.0394 -2.7781 -10.3268 30.0417 -2.0637 -8.1445 -31.0505 -0.0000 -0.0321 0.0882 2.3998 -1.5477 2.6294 0.7128 -1.9639 -5.1912 -0.4250 -1.1077 -6.9389 6.8133 7.7050 5.7330 5.7332 10.5434 2.0455 0.4718 5.2036 -0.2602 -0.0000 0.0000 0.0000 -58.9029 -22.9140 73.4553 53.3965 -54.2768 -28.9097 -0.0000 0.0000 -27.2944 -3.2444 9.4936 -0.5357 -7.1250 0.0000 -0.0000 -25.5469 38.1689 4.6680 -0.0000 0.0000 0.0000 74.4541 -18.7703 36.8645 -19.0479 29.4782 -5.0544 0.0000 0.0000 3.8425 -10.3131 -2.8606 0.5203 7.1250 -0.0000 -0.0000 13.1362 -32.6850 4.0547
0.5705 16.4527 -3.1797 -22.3068 -84.2691 18.2042 0.0000 0.0000 0.0000 -12.3433 7.0442 3.4940 0.6619 5.2033 14.4893 0.6185 6.0695 -18.2961 0.0182 -0.8718 -2.3962 0.0000 0.0000 0.0000 20.5432 4.1249 -1.0632 -2.7807 -10.3313 30.0563 -2.0575 -8.1439 -31.0120 -0.0000 -0.0129 0.0355 2.4356 -1.5365 2.6469 0.6806 -1.9478 -5.1893 -0.4796 -1.1025 -6.9491 6.8272 7.7230 5.7346 5.6662 10.5598 2.1677 0.4533 5.2184 -0.2181 -0.0000 0.0000 0.0000 -58.6759 -23.6464 73.4571 54.0763 -54.5128 -29.4624 -0.0000 0.0000 -27.1286 -3.5740 9.4737 -0.5890 -7.1250 0.0000 -0.0000 -25.8016 38.1242 4.7540 -0.0000 0.0000 0.0000 74.4758 -18.7992 36.8976 -19.0229 29.4471 -5.0421 0.0000 0.0000 3.8853 -10.2984 -2.8296 0.5139 7.1250 -0.0000 -0.0000 13.1431 -32.6538 4.0671
0.5751 16.4533 -3.1798 -22.0996 -84.3013 17.9918 0.0000 0.0000 0.0000 -12.3724 7.0885 3.4990 0.6578 5.1875 14.4442 0.6150 6.0710 -18.2592 0.0183 -0.8743 -2.4031 0.0000 0.0000 0.0000 20.5108 4.1545 -1.0760 -2.7841 -10.3371 30.0753 -2.0567 -8.1471 -31.0092 -0.0000 -0.0151 0.0415 2.4507 -1.5302 2.6564 0.6516 -1.9396 -5.1882 -0.5187 -1.1001 -6.9549 6.8438 7.7277 5.7312 5.5808 10.5578 2.2993 0.4298 5.2246 -0.1712 0.0000 -0.0000 0.0000 -58.4430 -24.3400 73.4258 54.8188 -54.7633 -30.0679 -0.0000 0.0000 -27.1630 -3.8027 9.4637 -0.6262 -7.1250 0.0000 -0.0000 -25.9794 38.0966 4.8122 0.0000 -0.0000 0.0000 74.4903 -18.8256 36.9381 -19.0040 29.4236 -5.0328 0.0000 0.0000 3.8899 -10.3128 -2.8278 0.5143 7.1250 -0.0000 -0.0000 13.1313 -32.6525 4.0637
0.5793 16.4538 -3.1803 -21.8160 -84.3343 17.6997 0.0000 0.0000 0.0000 -12.4078 7.1338 3.5061 0.6540 5.1727 14.4019 0.6108 6.0770 -18.2174 0.0189 -0.8884 -2.4419 0.0000 0.0000 0.0000 20.4757 4.1920 -1.0785 -2.7873 -10.3424 30.0929 -2.0577 -8.1492 -31.0166 -0.0000 -0.0235 0.0647 2.4507 -1.5295 2.6661 0.6264 -1.9396 -5.1816 -0.5449 -1.1006 -6.9544 6.8646 7.7269 5.7110 5.4764 10.5471 2.4383 0.4011 5.2274 -0.1183 -0.0000 0.0000 0.0000 -58.1995 -25.0068 73.3793 55.6129 -55.0228 -30.7176 -0.0000 0.0000 -27.2850 -3.8242 9.4399 -0.6281 -7.1250 0.0000 -0.0000 -25.9883 38.0733 4.8305 -0.0000 0.0000 0.0000 74.5011 -18.8385 36.9674 -18.9919 29.4087 -5.0269 0.0000 0.0000 3.8598 -10.3327 -2.8446 0.5184 7.1250 -0.0000 -0.0000 13.1182 -32.6698 4.0538
0.5831 16.4537 -3.1810 -21.9186 -84.3643 17.7844 0.0000 0.0000 0.0000 -12.3937 7.2043 3.5005 0.6525 5.1668 14.3849 0.6078 6.0602 -18.1725 0.0199 -0.9099 -2.5008 0.0000 0.0000 0.0000 20.4858 4.2349 -1.0644 -2.7888 -10.3450 30.1013 -2.0583 -8.1540 -31.0235 -0.0000 -0.0325 0.0892 2.4801 -1.5310 2.6809 0.6152 -1.9398 -5.1706 -0.5727 -1.1023 -6.9527 6.8836 7.7231 5.6855 5.3679 10.5326 2.5710 0.3716 5.2281 -0.0665 -0.0000 0.0000 0.0000 -57.9439 -25.6507 73.3272 56.4252 -55.2796 -31.3842 -0.0000 0.0000 -27.3393 -3.7055 9.3655 -0.6038 -7.1250 0.0000 -0.0000 -25.8696 38.0159 4.8446 -0.0000 0.0000 0.0000 74.5108 -18.8416 36.9810 -18.9847 29.3996 -5.0233 0.0000 0.0000 3.8292 -10.3522 -2.8439 0.5193 7.1250 -0.0000 -0.0000 13.1026 -32.6697 4.0488
0.5863 16.4535 -3.1814 -22.1774 -84.3927 18.0255 0.0000 0.0000 0.0000 -12.3590 7.2912 3.4758 0.6531 5.1694 14.3923 0.6074 6.0120 -18.1309 0.0204 -0.9210 -2.5315 0.0000 0.0000 0.0000 20.5082 4.2664 -1.0489 -2.7885 -10.3445 30.0997 -2.0565 -8.1639 -31.0182 -0.0000 -0.0312 0.0856 2.5261 -1.5324 2.6939 0.6073 -1.9387 -5.1620 -0.6065 -1.1042 -6.9532 6.8979 7.7133 5.6623 5.2705 10.5109 2.6935 0.3458 5.2243 -0.0193 -0.0000 0.0000 0.0000 -57.6825 -26.2903 73.2779 57.2353 -55.5270 -32.0510 -0.0000 0.0000 -27.2898 -3.6531 9.2665 -0.5890 -7.1250 0.0000 -0.0000 -25.7952 37.9307 4.8875 -0.0000 0.0000 0.0000 74.5172 -18.8467 36.9912 -18.9816 29.3958 -5.0218 0.0000 0.0000 3.8145 -10.3752 -2.8205 0.5162 7.1250 -0.0000 -0.0000 13.0807 -32.6474 4.0489
0.5892 16.4536 -3.1816 -22.4254 -84.4232 18.2643 0.0000 0.0000 0.0000 -12.3324 7.3552 3.4530 0.6537 5.1716 14.3986 0.6083 5.9667 -18.1062 0.0198 -0.9082 -2.4964 0.0000 0.0000 0.0000 20.5261 4.3002 -1.0411 -2.7879 -10.3436 30.0966 -2.0547 -8.1725 -31.0125 -0.0000 -0.0324 0.0889 2.5683 -1.5330 2.7009 0.5994 -1.9372 -5.1592 -0.6383 -1.1059 -6.9562 6.9116 7.7000 5.6506 5.1852 10.4863 2.8026 0.3227 5.2180 0.0212 -0.0000 0.0000 0.0000 -57.4427 -26.9086 73.2127 58.0174 -55.7581 -32.6967 -0.0000 0.0000 -27.1576 -3.7114 9.1560 -0.5914 -7.1250 0.0000 -0.0000 -25.8047 37.8263 4.9625 -0.0000 0.0000 0.0000 74.5138 -18.8584 37.0131 -18.9838 29.3985 -5.0229 0.0000 0.0000 3.8064 -10.4045 -2.8016 0.5142 7.1250 -0.0000 -0.0000 13.0545 -32.6297 4.0462
0.5920 16.4539 -3.1816 -22.5952 -84.4553 18.4294 0.0000 0.0000 0.0000 -12.3229 7.3922 3.4408 0.6536 5.1712 14.3974 0.6074 5.9558 -18.0886 0.0197 -0.9061 -2.4905 0.0000 0.0000 0.0000 20.5327 4.3316 -1.0407 -2.7877 -10.3432 30.0954 -2.0535 -8.1723 -31.0053 -0.0000 -0.0442 0.1213 2.5963 -1.5339 2.7036 0.5921 -1.9369 -5.1569 -0.6616 -1.1075 -6.9566 6.9309 7.6877 5.6414 5.1091 10.4638 2.9069 0.3012 5.2123 0.0595 -0.0000 0.0000 0.0000 -57.2414 -27.4834 73.0999 58.7594 -55.9702 -33.3109 -0.0000 0.0000 -27.0001 -3.8720 9.0437 -0.6095 -7.1250 0.0000 -0.0000 -25.8942 37.7120 5.0629 -0.0000 0.0000 0.0000 74.4997 -18.8664 37.0423 -18.9897 29.4059 -5.0258 0.0000 0.0000 3.8004 -10.4097 -2.8061 0.5153 7.1250 -0.0000 -0.0000 13.0511 -32.6343 4.0436
0.5950 16.4543 -3.1818 -22.7731 -84.4866 18.6046 0.0000 0.0000 0.0000 -12.3198 7.4048 3.4381 0.6530 5.1690 14.3913 0.6057 5.9759 -18.0844 0.0197 -0.9059 -2.4899 0.0000 0.0000 0.0000 20.5423 4.3697 -1.0430 -2.7879 -10.3436 30.0966 -2.0531 -8.1720 -31.0022 -0.0001 -0.0630 0.1731 2.6160 -1.5360 2.7069 0.5890 -1.9386 -5.1558 -0.6756 -1.1094 -6.9583 6.9543 7.6745 5.6284 5.0386 10.4391 3.0207 0.2811 5.2058 0.1012 -0.0000 0.0000 0.0000 -57.0566 -28.0161 72.9559 59.5030 -56.1761 -33.9279 -0.0000 0.0000 -26.9288 -4.0472 8.9716 -0.6322 -7.1250 0.0000 -0.0000 -26.0083 37.6332 5.1449 -0.0000 0.0000 0.0000 74.4757 -18.8672 37.0756 -18.9952 29.4127 -5.0285 0.0000 0.0000 3.7908 -10.4057 -2.8249 0.5185 7.1250 -0.0000 -0.0000 13.0572 -32.6528 4.0396
0.5981 16.4545 -3.1821 -22.8317 -84.5139 18.6544 0.0000 0.0000 0.0000 -12.3313 7.3971 3.4494 0.6523 5.1660 14.3827 0.6039 6.0141 -18.0935 0.0193 -0.8980 -2.4683 0.0000 0.0000 0.0000 20.5427 4.4027 -1.0405 -2.7885 -10.3446 30.0999 -2.0517 -8.1808 -30.9990 -0.0001 -0.0723 0.1987 2.6173 -1.5420 2.7154 0.5869 -1.9464 -5.1513 -0.6776 -1.1133 -6.9588 6.9758 7.6568 5.6126 4.9664 10.4080 3.1385 0.2611 5.1961 0.1443 -0.0000 -0.0000 0.0000 -56.8496 -28.5490 72.8299 60.2892 -56.3865 -34.5818 -0.0000 0.0000 -26.9701 -4.1847 8.9554 -0.6525 -7.1250 0.0000 -0.0000 -26.1110 37.6076 5.1871 -0.0000 -0.0000 0.0000 74.4464 -18.8565 37.1017 -18.9971 29.4150 -5.0294 0.0000 0.0000 3.7885 -10.3890 -2.8477 0.5219 7.1250 -0.0000 -0.0000 13.0739 -32.6748 4.0379
0.6018 16.4548 -3.1825 -22.8394 -84.5348 18.6504 0.0000 0.0000 0.0000 -12.3465 7.3776 3.4650 0.6515 5.1632 14.3747 0.6027 6.0533 -18.1106 0.0187 -0.8832 -2.4276 0.0000 0.0000 0.0000 20.5408 4.4294 -1.0373 -2.7891 -10.3456 30.1034 -2.0486 -8.1988 -30.9915 -0.0001 -0.0680 0.1867 2.6084 -1.5519 2.7197 0.5881 -1.9597 -5.1360 -0.6705 -1.1189 -6.9450 6.9796 7.6400 5.5910 4.8965 10.3781 3.2414 0.2440 5.1864 0.1829 0.0000 -0.0000 0.0000 -56.6076 -29.1098 72.7244 61.0959 -56.5949 -35.2544 -0.0000 0.0000 -26.9940 -4.3168 8.9410 -0.6721 -7.1250 0.0000 -0.0000 -26.2099 37.5842 5.2272 0.0000 -0.0000 0.0000 74.4177 -18.8186 37.1053 -18.9917 29.4084 -5.0268 0.0000 0.0000 3.8007 -10.3685 -2.8557 0.5223 7.1250 -0.0000 -0.0000 13.0915 -32.6821 4.0412
0.6054 16.4551 -3.1828 -22.8603 -84.5464 18.6597 0.0000 0.0000 0.0000 -12.3529 7.3736 3.4680 0.6515 5.1630 14.3740 0.6014 6.0740 -18.1123 0.0186 -0.8815 -2.4229 0.0000 0.0000 0.0000 20.5386 4.4386 -1.0381 -2.7892 -10.3457 30.1035 -2.0452 -8.2074 -30.9756 -0.0001 -0.0630 0.1730 2.6147 -1.5615 2.7377 0.5836 -1.9716 -5.1281 -0.6772 -1.1250 -6.9479 6.9659 7.6212 5.5686 4.8451 10.3445 3.3418 0.2349 5.1744 0.2188 -0.0000 0.0000 0.0000 -56.3387 -29.6799 72.6641 61.9095 -56.7977 -35.9345 -0.0000 0.0000 -26.8898 -4.4810 8.8859 -0.6936 -7.1250 0.0000 -0.0000 -26.3204 37.5215 5.2982 -0.0000 0.0000 0.0000 74.4055 -18.7945 37.0810 -18.9884 29.4042 -5.0251 0.0000 0.0000 3.8210 -10.3973 -2.8422 0.5213 7.1250 -0.0000 -0.0000 13.0665 -32.6697 4.0371
0.6088 16.4555 -3.1828 -22.8667 -84.5521 18.6586 0.0000 0.0000 0.0000 -12.3552 7.3820 3.4561 0.6521 5.1655 14.3813 0.6007 6.0745 -18.1046 0.0187 -0.8818 -2.4236 0.0000 0.0000 0.0000 20.5316 4.4340 -1.0447 -2.7885 -10.3445 30.0998 -2.0433 -8.1989 -30.9586 -0.0001 -0.0698 0.1917 2.6243 -1.5714 2.7503 0.5781 -1.9840 -5.1201 -0.6870 -1.1316 -6.9477 6.9457 7.6003 5.5456 4.7930 10.3087 3.4331 0.2262 5.1608 0.2516 0.0000 0.0000 0.0000 -56.0532 -30.2554 72.6242 62.7312 -56.9949 -36.6228 -0.0000 0.0000 -26.7063 -4.6489 8.7769 -0.7109 -7.1250 0.0000 -0.0000 -26.4157 37.4101 5.4011 0.0000 0.0000 0.0000 74.3941 -18.7806 37.0652 -18.9973 29.4153 -5.0295 0.0000 0.0000 3.8120 -10.4847 -2.8244 0.5225 7.1250 -0.0000 -0.0000 12.9944 -32.6550 4.0186
0.6117 16.4558 -3.1826 -22.9760 -84.5510 18.7617 0.0000 0.0000 0.0000 -12.3447 7.3850 3.4416 0.6534 5.1705 14.3954 0.6010 6.0684 -18.1035 0.0184 -0.8750 -2.4049 0.0000 0.0000 0.0000 20.5378 4.4283 -1.0497 -2.7873 -10.3424 30.0929 -2.0415 -8.1943 -30.9450 -0.0001 -0.0787 0.2163 2.6441 -1.5818 2.7610 0.5762 -1.9964 -5.1143 -0.6987 -1.1387 -6.9490 6.9274 7.5754 5.5339 4.7262 10.2698 3.5135 0.2121 5.1452 0.2803 -0.0000 0.0000 0.0000 -55.7622 -30.8157 72.5870 63.5720 -57.1890 -37.3287 -0.0000 0.0000 -26.5522 -4.7984 8.6385 -0.7224 -7.1250 0.0000 -0.0000 -26.4866 37.2739 5.5166 -0.0000 0.0000 0.0000 74.3759 -18.7846 37.0827 -19.0191 29.4424 -5.0402 0.0000 0.0000 3.7771 -10.5640 -2.8112 0.5240 7.1250 -0.0000 -0.0000 12.9295 -32.6446 4.0009
0.6144 16.4563 -3.1826 -23.1761 -84.5510 18.9598 0.0000 0.0000 0.0000 -12.3291 7.3706 3.4246 0.6555 5.1785 14.4185 0.6017 6.0753 -18.1169 0.0180 -0.8653 -2.3782 0.0000 0.0000 0.0000 20.5587 4.4390 -1.0514 -2.7852 -10.3390 30.0816 -2.0376 -8.2150 -30.9335 -0.0001 -0.0751 0.2063 2.6670 -1.5903 2.7673 0.5774 -2.0061 -5.1089 -0.7093 -1.1445 -6.9482 6.9090 7.5446 5.5190 4.6414 10.2232 3.5970 0.1930 5.1260 0.3113 -0.0000 -0.0000 0.0000 -55.4707 -31.3664 72.5342 64.4285 -57.3790 -38.0493 -0.0000 0.0000 -26.4739 -4.9195 8.5184 -0.7305 -7.1250 0.0000 -0.0000 -26.5413 37.1564 5.6151 -0.0000 -0.0000 0.0000 74.3550 -18.7902 37.1218 -19.0412 29.4698 -5.0511 0.0000 0.0000 3.7579 -10.5768 -2.8077 0.5240 7.1250 -0.0000 -0.0000 12.9187 -32.6416 3.9984
0.6170 16.4567 -3.1827 -23.4567 -84.5486 19.2333 0.0000 0.0000 0.0000 -12.3045 7.3544 3.4091 0.6583 5.1894 14.4495 0.6023 6.0874 -18.1329 0.0177 -0.8600 -2.3637 0.0000 0.0000 0.0000 20.5916 4.4533 -1.0431 -2.7825 -10.3343 30.0662 -2.0328 -8.2449 -30.9225 -0.0001 -0.0694 0.1906 2.7057 -1.5973 2.7909 0.5730 -2.0125 -5.1129 -0.7340 -1.1500 -6.9682 6.8965 7.5029 5.5037 4.5481 10.1608 3.7043 0.1711 5.0998 0.3502 -0.0000 -0.0000 0.0000 -55.1801 -31.9004 72.4752 65.2942 -57.5631 -38.7792 -0.0000 0.0000 -26.4452 -5.0242 8.4694 -0.7418 -7.1250 0.0000 -0.0000 -26.6067 37.1043 5.6695 -0.0000 -0.0000 0.0000 74.3488 -18.8075 37.1625 -19.0521 29.4833 -5.0564 0.0000 0.0000 3.7679 -10.5487 -2.7991 0.5210 7.1250 -0.0000 -0.0000 12.9397 -32.6321 4.0082
0.6198 16.4567 -3.1823 -23.6510 -84.5443 19.4150 0.0000 0.0000 0.0000 -12.2861 7.3494 3.3951 0.6613 5.2011 14.4830 0.6030 6.0887 -18.1416 0.0178 -0.8623 -2.3699 0.0000 0.0000 0.0000 20.6104 4.4474 -1.0329 -2.7796 -10.3294 30.0501 -2.0289 -8.2574 -30.9062 -0.0001 -0.0677 0.1859 2.7396 -1.6049 2.8076 0.5647 -2.0203 -5.1081 -0.7605 -1.1558 -6.9747 6.8891 7.4574 5.4851 4.4420 10.0936 3.8181 0.1449 5.0715 0.3925 -0.0000 0.0000 0.0000 -54.8856 -32.4530 72.3927 66.1419 -57.7360 -39.4953 -0.0000 0.0000 -26.4198 -5.1556 8.4820 -0.7625 -7.1250 0.0000 -0.0000 -26.7129 37.1054 5.6959 -0.0000 0.0000 0.0000 74.3514 -18.8030 37.1948 -19.0468 29.4768 -5.0538 0.0000 0.0000 3.7729 -10.5099 -2.8073 0.5206 7.1250 -0.0000 -0.0000 12.9718 -32.6389 4.0164
0.6223 16.4565 -3.1818 -23.7651 -84.5412 19.5165 0.0000 0.0000 0.0000 -12.2731 7.3589 3.3862 0.6630 5.2076 14.5015 0.6033 6.0794 -18.1377 0.0181 -0.8686 -2.3873 0.0000 0.0000 0.0000 20.6187 4.4382 -1.0258 -2.7779 -10.3265 30.0407 -2.0277 -8.2530 -30.8956 -0.0001 -0.0718 0.1973 2.7594 -1.6092 2.8061 0.5559 -2.0252 -5.0922 -0.7807 -1.1590 -6.9582 6.8878 7.4156 5.4619 4.3235 10.0317 3.9302 0.1141 5.0460 0.4360 -0.0000 0.0000 0.0000 -54.5926 -33.0372 72.2953 66.9372 -57.8916 -40.1684 -0.0000 0.0000 -26.3682 -5.3362 8.5102 -0.7919 -7.1250 0.0000 -0.0000 -26.8626 37.1164 5.7262 -0.0000 0.0000 0.0000 74.3616 -18.7794 37.2076 -19.0303 29.4563 -5.0457 0.0000 0.0000 3.7590 -10.5017 -2.8187 0.5223 7.1250 -0.0000 -0.0000 12.9800 -32.6499 4.0155
0.6241 16.4567 -3.1817 -23.7397 -84.5451 19.4865 0.0000 0.0000 0.0000 -12.2756 7.3723 3.3803 0.6628 5.2067 14.4990 0.6020 6.0780 -18.1215 0.0187 -0.8826 -2.4258 0.0000 0.0000 0.0000 20.6119 4.4368 -1.0288 -2.7777 -10.3262 30.0396 -2.0259 -8.2527 -30.8849 -0.0001 -0.0682 0.1874 2.7629 -1.6056 2.8051 0.5381 -2.0211 -5.0881 -0.8018 -1.1576 -6.9538 6.9017 7.3758 5.4380 4.1984 9.9721 4.0614 0.0794 5.0223 0.4868 -0.0000 0.0000 0.0000 -54.3053 -33.6290 72.2243 67.6777 -58.0309 -40.7961 -0.0000 0.0000 -26.3045 -5.5499 8.5143 -0.8242 -7.1250 0.0000 -0.0000 -27.0297 37.1033 5.7788 -0.0000 0.0000 0.0000 74.3890 -18.7826 37.1957 -19.0149 29.4371 -5.0382 0.0000 0.0000 3.7574 -10.5194 -2.8177 0.5230 7.1250 -0.0000 -0.0000 12.9659 -32.6496 4.0111
0.6252 16.4570 -3.1820 -23.7837 -84.5478 19.5283 0.0000 0.0000 0.0000 -12.2694 7.3844 3.3776 0.6620 5.2036 14.4902 0.6012 6.0724 -18.1086 0.0186 -0.8812 -2.4221 0.0000 0.0000 0.0000 20.6135 4.4362 -1.0344 -2.7777 -10.3262 30.0398 -2.0218 -8.2639 -30.8660 -0.0001 -0.0550 0.1512 2.7798 -1.5989 2.8212 0.5149 -2.0119 -5.1025 -0.8354 -1.1551 -6.9798 6.9158 7.3390 5.4101 4.0803 9.9145 4.2216 0.0476 5.0004 0.5468 0.0000 -0.0000 0.0000 -54.0160 -34.1973 72.1772 68.3966 -58.1609 -41.4064 -0.0000 0.0000 -26.2738 -5.7837 8.5286 -0.8606 -7.1250 0.0000 -0.0000 -27.2157 37.0976 5.8312 0.0000 -0.0000 0.0000 74.4275 -18.8212 37.1794 -19.0043 29.4240 -5.0330 0.0000 0.0000 3.7824 -10.5186 -2.8028 0.5202 7.1250 -0.0000 -0.0000 12.9641 -32.6348 4.0153
0.6264 16.4571 -3.1821 -23.8960 -84.5419 19.6370 0.0000 0.0000 0.0000 -12.2521 7.3982 3.3700 0.6622 5.2043 14.4921 0.6023 6.0478 -18.1016 0.0179 -0.8643 -2.3755 0.0000 0.0000 0.0000 20.6212 4.4211 -1.0395 -2.7769 -10.3248 30.0349 -2.0173 -8.2690 -30.8415 -0.0000 -0.0455 0.1249 2.8052 -1.5950 2.8325 0.4974 -2.0057 -5.1130 -0.8678 -1.1542 -6.9992 6.9151 7.3097 5.3678 3.9655 9.8652 4.3851 0.0194 4.9826 0.6094 -0.0000 0.0000 0.0000 -53.7188 -34.7649 72.1200 69.1137 -58.2857 -42.0160 -0.0000 0.0000 -26.2971 -6.0572 8.5572 -0.9046 -7.1250 0.0000 -0.0000 -27.4369 37.1015 5.8858 -0.0000 0.0000 0.0000 74.4574 -18.8507 37.1688 -18.9943 29.4116 -5.0281 0.0000 0.0000 3.8180 -10.4929 -2.7990 0.5182 7.1250 -0.0000 -0.0000 12.9840 -32.6301 4.0232
0.6279 16.4570 -3.1820 -24.0495 -84.5339 19.7849 0.0000 0.0000 0.0000 -12.2330 7.3998 3.3687 0.6625 5.2057 14.4963 0.6036 6.0328 -18.1047 0.0173 -0.8482 -2.3313 0.0000 0.0000 0.0000 20.6354 4.4090 -1.0409 -2.7758 -10.3230 30.0290 -2.0155 -8.2676 -30.8292 -0.0001 -0.0473 0.1299 2.8099 -1.5959 2.8021 0.4994 -2.0075 -5.0867 -0.8698 -1.1544 -6.9535 6.9022 7.2970 5.2981 3.8376 9.8384 4.5163 -0.0107 4.9753 0.6670 0.0000 -0.0000 0.0000 -53.4029 -35.3720 72.0089 69.8255 -58.4048 -42.6220 -0.0000 0.0000 -26.3379 -6.3021 8.5764 -0.9435 -7.1250 0.0000 -0.0000 -27.6324 37.0990 5.9387 0.0000 -0.0000 0.0000 74.4586 -18.8078 37.1693 -18.9792 29.3928 -5.0206 0.0000 0.0000 3.8367 -10.4629 -2.8126 0.5192 7.1250 -0.0000 -0.0000 13.0098 -32.6426 4.0275
0.6297 16.4569 -3.1818 -24.0708 -84.5334 19.7991 0.0000 0.0000 0.0000 -12.2359 7.3821 3.3839 0.6618 5.2028 14.4879 0.6034 6.0487 -18.1153 0.0169 -0.8393 -2.3067 0.0000 0.0000 0.0000 20.6368 4.4053 -1.0408 -2.7758 -10.3229 30.0288 -2.0153 -8.2670 -30.8278 -0.0001 -0.0527 0.1449 2.7954 -1.5964 2.7791 0.4987 -2.0096 -5.0607 -0.8635 -1.1538 -6.9119 6.9028 7.2920 5.2420 3.7113 9.8247 4.6293 -0.0435 4.9737 0.7177 -0.0000 -0.0000 0.0000 -53.0702 -35.9758 71.9019 70.5379 -58.5193 -43.2291 -0.0000 0.0000 -26.3400 -6.4971 8.5854 -0.9740 -7.1250 0.0000 -0.0000 -27.7859 37.0915 5.9847 -0.0000 -0.0000 0.0000 74.4584 -18.7619 37.1702 -18.9641 29.3741 -5.0132 0.0000 0.0000 3.8381 -10.4632 -2.8241 0.5213 7.1250 -0.0000 -0.0000 13.0115 -32.6540 4.0244
0.6321 16.4572 -3.1815 -23.9370 -84.5428 19.6627 0.0000 0.0000 0.0000 -12.2640 7.3521 3.4043 0.6599 5.1954 14.4668 0.6015 6.0908 -18.1264 0.0167 -0.8355 -2.2964 0.0000 0.0000 0.0000 20.6182 4.4079 -1.0483 -2.7766 -10.3244 30.0336 -2.0149 -8.2673 -30.8257 -0.0001 -0.0526 0.1445 2.7783 -1.5946 2.7901 0.4823 -2.0086 -5.0613 -0.8709 -1.1530 -6.9188 6.9192 7.2845 5.2140 3.5978 9.8104 4.7415 -0.0761 4.9712 0.7638 -0.0000 0.0000 0.0000 -52.7201 -36.5478 71.8306 71.2457 -58.6284 -43.8331 -0.0000 0.0000 -26.2657 -6.7004 8.5929 -1.0056 -7.1250 0.0000 -0.0000 -27.9450 37.0818 6.0341 -0.0000 0.0000 0.0000 74.4756 -18.7581 37.1685 -18.9547 29.3624 -5.0086 0.0000 0.0000 3.8378 -10.4867 -2.8281 0.5233 7.1250 -0.0000 -0.0000 12.9934 -32.6587 4.0170
0.6343 16.4579 -3.1815 -23.9198 -84.5493 19.6517 0.0000 0.0000 0.0000 -12.2771 7.3282 3.4060 0.6584 5.1900 14.4512 0.5996 6.1247 -18.1311 0.0165 -0.8286 -2.2774 0.0000 0.0000 0.0000 20.6159 4.4302 -1.0572 -2.7765 -10.3241 30.0329 -2.0158 -8.2675 -30.8312 -0.0001 -0.0650 0.1786 2.7767 -1.5915 2.8115 0.4642 -2.0049 -5.0783 -0.8881 -1.1521 -6.9499 6.9406 7.2757 5.1839 3.4845 9.7941 4.8602 -0.1093 4.9679 0.8126 -0.0000 0.0000 0.0000 -52.3546 -37.1056 71.7828 71.9342 -58.7301 -44.4213 -0.0000 0.0000 -26.1163 -6.9448 8.5599 -1.0387 -7.1250 0.0000 -0.0000 -28.1214 37.0326 6.1191 -0.0000 0.0000 0.0000 74.5018 -18.7804 37.1610 -18.9560 29.3640 -5.0093 0.0000 0.0000 3.8531 -10.4997 -2.8278 0.5239 7.1250 -0.0000 -0.0000 12.9830 -32.6589 4.0136
0.6359 16.4589 -3.1817 -24.0725 -84.5474 19.8154 0.0000 0.0000 0.0000 -12.2641 7.3207 3.3873 0.6584 5.1897 14.4505 0.5990 6.1294 -18.1286 0.0161 -0.8189 -2.2506 0.0000 0.0000 0.0000 20.6350 4.4584 -1.0643 -2.7747 -10.3211 30.0229 -2.0163 -8.2714 -30.8370 -0.0002 -0.0829 0.2278 2.7765 -1.5941 2.7943 0.4637 -2.0090 -5.0709 -0.8889 -1.1539 -6.9322 6.9511 7.2870 5.1126 3.3541 9.8031 4.9634 -0.1447 4.9773 0.8642 -0.0000 0.0000 0.0000 -51.9594 -37.6905 71.6959 72.5966 -58.8241 -44.9878 -0.0000 0.0000 -25.9379 -7.1222 8.4382 -1.0504 -7.1250 0.0000 -0.0000 -28.2156 36.9101 6.2399 -0.0000 0.0000 0.0000 74.5057 -18.7557 37.1669 -18.9667 29.3773 -5.0145 0.0000 0.0000 3.8647 -10.4806 -2.8301 0.5233 7.1250 -0.0000 -0.0000 12.9985 -32.6606 4.0181
0.6371 16.4595 -3.1814 -24.1677 -84.5384 19.9180 0.0000 0.0000 0.0000 -12.2478 7.3391 3.3595 0.6591 5.1925 14.4583 0.5997 6.1002 -18.1139 0.0158 -0.8118 -2.2312 0.0000 0.0000 0.0000 20.6444 4.4610 -1.0711 -2.7724 -10.3172 30.0103 -2.0145 -8.2763 -30.8288 -0.0002 -0.0921 0.2529 2.7786 -1.6018 2.7706 0.4647 -2.0199 -5.0556 -0.8891 -1.1588 -6.9026 6.9583 7.3257 5.0331 3.2242 9.8494 5.0473 -0.1796 5.0047 0.9118 0.0000 -0.0000 0.0000 -51.5381 -38.2806 71.5929 73.2431 -58.9120 -45.5411 -0.0000 0.0000 -25.7861 -7.2738 8.2715 -1.0520 -7.1250 0.0000 -0.0000 -28.2744 36.7495 6.3816 0.0000 -0.0000 0.0000 74.5004 -18.7195 37.1828 -18.9873 29.4028 -5.0246 0.0000 0.0000 3.8498 -10.4696 -2.8332 0.5233 7.1250 -0.0000 -0.0000 13.0077 -32.6632 4.0202
0.6388 16.4600 -3.1808 -24.2334 -84.5305 19.9938 0.0000 0.0000 0.0000 -12.2371 7.3588 3.3276 0.6597 5.1950 14.4655 0.5993 6.0787 -18.0929 0.0162 -0.8219 -2.2589 0.0000 0.0000 0.0000 20.6475 4.4571 -1.0855 -2.7707 -10.3143 30.0007 -2.0116 -8.2848 -30.8162 -0.0002 -0.0911 0.2502 2.7869 -1.6112 2.7508 0.4642 -2.0327 -5.0408 -0.8941 -1.1651 -6.8762 6.9744 7.3880 4.9700 3.0846 9.9315 5.0967 -0.2203 5.0489 0.9479 -0.0000 0.0000 0.0000 -51.1003 -38.8677 71.4724 73.8693 -58.9936 -46.0776 -0.0000 0.0000 -25.6933 -7.4933 8.1328 -1.0660 -7.1250 0.0000 -0.0000 -28.3944 36.6087 6.5258 -0.0000 0.0000 0.0000 74.4981 -18.6802 37.1929 -19.0131 29.4349 -5.0373 0.0000 0.0000 3.8149 -10.4908 -2.8451 0.5266 7.1250 -0.0000 -0.0000 12.9927 -32.6758 4.0113
0.6407 16.4604 -3.1803 -24.2697 -84.5294 20.0400 0.0000 0.0000 0.0000 -12.2329 7.3755 3.3039 0.6594 5.1936 14.4615 0.5977 6.0710 -18.0691 0.0168 -0.8369 -2.3000 0.0000 0.0000 0.0000 20.6506 4.4688 -1.0985 -2.7703 -10.3136 29.9984 -2.0105 -8.2954 -30.8160 -0.0002 -0.0926 0.2544 2.7888 -1.6211 2.7384 0.4650 -2.0460 -5.0258 -0.8938 -1.1713 -6.8536 6.9949 7.4624 4.9138 2.9231 10.0331 5.1199 -0.2691 5.1020 0.9766 0.0000 0.0000 0.0000 -50.6715 -39.4394 71.3296 74.4614 -59.0677 -46.5853 -0.0000 0.0000 -25.6348 -7.7677 8.0589 -1.0955 -7.1250 0.0000 -0.0000 -28.5778 36.5211 6.6476 0.0000 0.0000 0.0000 74.4999 -18.6394 37.1830 -19.0428 29.4718 -5.0519 0.0000 0.0000 3.7923 -10.5255 -2.8554 0.5303 7.1250 -0.0000 -0.0000 12.9668 -32.6871 3.9993
0.6424 16.4608 -3.1801 -24.1742 -84.5389 19.9499 0.0000 0.0000 0.0000 -12.2447 7.3994 3.2959 0.6574 5.1860 14.4397 0.5954 6.0671 -18.0402 0.0173 -0.8502 -2.3368 0.0000 0.0000 0.0000 20.6398 4.4900 -1.1075 -2.7716 -10.3159 30.0058 -2.0106 -8.3069 -30.8233 -0.0002 -0.0884 0.2429 2.7727 -1.6301 2.7343 0.4649 -2.0590 -5.0084 -0.8843 -1.1763 -6.8325 7.0090 7.5363 4.8432 2.7384 10.1339 5.1428 -0.3233 5.1548 1.0089 0.0000 -0.0000 0.0000 -50.2680 -39.9846 71.1620 75.0081 -59.1335 -47.0544 -0.0000 0.0000 -25.5384 -7.9926 8.0042 -1.1201 -7.1250 0.0000 -0.0000 -28.7297 36.4546 6.7447 0.0000 -0.0000 0.0000 74.5032 -18.5974 37.1562 -19.0739 29.5104 -5.0672 0.0000 0.0000 3.7954 -10.5407 -2.8573 0.5314 7.1250 -0.0000 -0.0000 12.9550 -32.6895 3.9947
0.6440 16.4612 -3.1795 -24.0398 -84.5493 19.8193 0.0000 0.0000 0.0000 -12.2607 7.4266 3.2891 0.6556 5.1788 14.4194 0.5948 6.0488 -18.0197 0.0172 -0.8461 -2.3255 0.0000 0.0000 0.0000 20.6189 4.4972 -1.1200 -2.7729 -10.3181 30.0130 -2.0090 -8.3114 -30.8167 -0.0001 -0.0787 0.2161 2.7633 -1.6356 2.7446 0.4624 -2.0665 -4.9988 -0.8809 -1.1793 -6.8282 7.0049 7.5972 4.7582 2.5454 10.2150 5.1879 -0.3761 5.1980 1.0498 0.0000 0.0000 0.0000 -49.8959 -40.4997 70.9933 75.5064 -59.1912 -47.4823 -0.0000 0.0000 -25.3504 -8.1682 7.9256 -1.1338 -7.1250 0.0000 -0.0000 -28.8356 36.3708 6.8430 0.0000 0.0000 0.0000 74.5111 -18.5750 37.1161 -19.1059 29.5500 -5.0830 0.0000 0.0000 3.8053 -10.5464 -2.8448 0.5294 7.1250 -0.0000 -0.0000 12.9486 -32.6773 3.9966
0.6460 16.4618 -3.1784 -24.1240 -84.5540 19.9164 0.0000 0.0000 0.0000 -12.2540 7.4549 3.2571 0.6555 5.1787 14.4190 0.5956 6.0149 -18.0031 0.0167 -0.8339 -2.2918 0.0000 0.0000 0.0000 20.6169 4.5047 -1.1421 -2.7724 -10.3172 30.0103 -2.0057 -8.3147 -30.7980 -0.0001 -0.0752 0.2066 2.7833 -1.6393 2.7489 0.4672 -2.0697 -4.9914 -0.8869 -1.1816 -6.8236 6.9795 7.6459 4.6577 2.3411 10.2782 5.2435 -0.4283 5.2323 1.0960 0.0000 0.0000 0.0000 -49.5332 -41.0035 70.8087 75.9661 -59.2426 -47.8772 -0.0000 0.0000 -25.1295 -8.3298 7.8284 -1.1425 -7.1250 0.0000 -0.0000 -28.9243 36.2716 6.9492 0.0000 0.0000 0.0000 74.5211 -18.5505 37.0661 -19.1344 29.5854 -5.0970 0.0000 0.0000 3.8087 -10.5552 -2.8294 0.5270 7.1250 -0.0000 -0.0000 12.9392 -32.6624 3.9983
0.6479 16.4626 -3.1769 -24.2820 -84.5574 20.0914 0.0000 0.0000 0.0000 -12.2414 7.4861 3.2133 0.6564 5.1821 14.4286 0.5967 5.9779 -17.9867 0.0162 -0.8211 -2.2568 0.0000 0.0000 0.0000 20.6211 4.5159 -1.1644 -2.7709 -10.3147 30.0018 -2.0019 -8.3217 -30.7786 -0.0001 -0.0772 0.2121 2.8267 -1.6418 2.7571 0.4674 -2.0702 -4.9927 -0.9105 -1.1842 -6.8316 6.9631 7.6820 4.5614 2.1112 10.3263 5.3048 -0.4898 5.2588 1.1450 0.0000 -0.0000 0.0000 -49.1701 -41.4918 70.6268 76.4101 -59.2905 -48.2588 -0.0000 0.0000 -24.9696 -8.5037 7.7340 -1.1527 -7.1250 0.0000 -0.0000 -29.0229 36.1742 7.0579 0.0000 -0.0000 0.0000 74.5472 -18.5395 37.0047 -19.1560 29.6120 -5.1077 0.0000 0.0000 3.8082 -10.5697 -2.8162 0.5253 7.1250 -0.0000 -0.0000 12.9256 -32.6497 3.9980
0.6492 16.4631 -3.1755 -24.4150 -84.5663 20.2378 0.0000 0.0000 0.0000 -12.2331 7.5246 3.1801 0.6564 5.1820 14.4284 0.5960 5.9579 -17.9632 0.0163 -0.8250 -2.2674 0.0000 0.0000 0.0000 20.6268 4.5408 -1.1748 -2.7702 -10.3134 29.9976 -2.0000 -8.3344 -30.7751 -0.0001 -0.0754 0.2072 2.8788 -1.6420 2.7741 0.4544 -2.0675 -5.0037 -0.9525 -1.1863 -6.8558 6.9846 7.7066 4.4755 1.8474 10.3618 5.3840 -0.5677 5.2796 1.2023 -0.0000 0.0000 0.0000 -48.7975 -41.9541 70.4522 76.8549 -59.3369 -48.6413 -0.0000 0.0000 -24.8973 -8.6964 7.6652 -1.1688 -7.1250 0.0000 -0.0000 -29.1442 36.0979 7.1570 -0.0000 0.0000 0.0000 74.5976 -18.5489 36.9449 -19.1668 29.6255 -5.1131 0.0000 0.0000 3.7975 -10.5690 -2.8098 0.5240 7.1250 -0.0000 -0.0000 12.9253 -32.6434 3.9999
0.6497 16.4631 -3.1744 -24.3424 -84.5821 20.1733 0.0000 0.0000 0.0000 -12.2479 7.5587 3.1688 0.6549 5.1761 14.4115 0.5943 5.9528 -17.9405 0.0167 -0.8351 -2.2951 0.0000 0.0000 0.0000 20.6116 4.5609 -1.1788 -2.7708 -10.3144 30.0010 -2.0005 -8.3370 -30.7796 -0.0001 -0.0721 0.1980 2.9245 -1.6426 2.7993 0.4211 -2.0667 -5.0211 -1.0117 -1.1899 -6.8923 7.0304 7.7250 4.3851 1.5841 10.3882 5.4917 -0.6488 5.2965 1.2709 0.0000 0.0000 0.0000 -48.4120 -42.3899 70.2806 77.2849 -59.3802 -49.0113 -0.0000 0.0000 -24.8323 -8.8889 7.6222 -1.1884 -7.1250 0.0000 -0.0000 -29.2738 36.0443 7.2409 0.0000 0.0000 0.0000 74.6713 -18.5734 36.9034 -19.1654 29.6237 -5.1124 0.0000 0.0000 3.7868 -10.5748 -2.7992 0.5224 7.1250 -0.0000 -0.0000 12.9190 -32.6331 4.0012
0.6499 16.4632 -3.1735 -24.1206 -84.6009 19.9613 0.0000 0.0000 0.0000 -12.2752 7.6006 3.1645 0.6519 5.1646 14.3785 0.5921 5.9412 -17.9075 0.0172 -0.8477 -2.3299 0.0000 0.0000 0.0000 20.5808 4.5751 -1.1865 -2.7724 -10.3172 30.0101 -2.0030 -8.3264 -30.7888 -0.0001 -0.0739 0.2031 2.9611 -1.6467 2.8266 0.3765 -2.0715 -5.0429 -1.0768 -1.1963 -6.9349 7.0669 7.7449 4.2896 1.3566 10.4145 5.6061 -0.7172 5.3131 1.3402 0.0000 -0.0000 0.0000 -48.0269 -42.8040 70.1041 77.6826 -59.4189 -49.3536 -0.0000 0.0000 -24.6876 -9.0479 7.5964 -1.2059 -7.1250 0.0000 -0.0000 -29.3840 36.0088 7.3045 0.0000 -0.0000 0.0000 74.7511 -18.6014 36.8905 -19.1547 29.6104 -5.1070 0.0000 0.0000 3.7933 -10.5686 -2.7947 0.5212 7.1250 -0.0000 -0.0000 12.9232 -32.6284 4.0040
0.6501 16.4636 -3.1725 -23.8079 -84.6203 19.6672 0.0000 0.0000 0.0000 -12.3119 7.6462 3.1579 0.6475 5.1477 14.3302 0.5897 5.9234 -17.8670 0.0174 -0.8525 -2.3430 0.0000 0.0000 0.0000 20.5367 4.5837 -1.2097 -2.7748 -10.3212 30.0232 -2.0051 -8.3125 -30.7927 -0.0001 -0.0759 0.2086 2.9741 -1.6548 2.8358 0.3415 -2.0833 -5.0578 -1.1189 -1.2043 -6.9587 7.0887 7.7697 4.2044 1.1374 10.4495 5.6825 -0.7822 5.3325 1.3948 0.0000 0.0000 0.0000 -47.6633 -43.2132 69.8963 78.0349 -59.4521 -49.6570 -0.0000 0.0000 -24.4046 -9.1695 7.5579 -1.2163 -7.1250 0.0000 -0.0000 -29.4617 35.9649 7.3651 0.0000 0.0000 0.0000 74.8016 -18.6084 36.9075 -19.1367 29.5882 -5.0982 0.0000 0.0000 3.8208 -10.4955 -2.8127 0.5208 7.1250 -0.0000 -0.0000 12.9841 -32.6438 4.0188
0.6507 16.4646 -3.1710 -23.3914 -84.6356 19.2769 0.0000 0.0000 0.0000 -12.3563 7.7022 3.1443 0.6420 5.1261 14.2685 0.5862 5.8967 -17.8082 0.0177 -0.8593 -2.3617 0.0000 0.0000 0.0000 20.4772 4.5803 -1.2500 -2.7779 -10.3265 30.0405 -2.0063 -8.2903 -30.7865 -0.0002 -0.0834 0.2292 2.9605 -1.6660 2.8286 0.3211 -2.1007 -5.0642 -1.1310 -1.2130 -6.9624 7.1108 7.7973 4.1351 0.8939 10.4924 5.7138 -0.8567 5.3546 1.4342 0.0000 -0.0000 0.0000 -47.3282 -43.6177 69.6499 78.3347 -59.4795 -49.9153 -0.0000 0.0000 -23.9838 -9.3009 7.4916 -1.2232 -7.1250 0.0000 -0.0000 -29.5369 35.8957 7.4463 0.0000 -0.0000 0.0000 74.8179 -18.5978 36.9370 -19.1184 29.5656 -5.0892 0.0000 0.0000 3.8515 -10.3825 -2.8287 0.5181 7.1250 -0.0000 -0.0000 13.0762 -32.6558 4.0447
0.6515 16.4654 -3.1694 -22.9621 -84.6463 18.8674 0.0000 0.0000 0.0000 -12.4015 7.7489 3.1413 0.6365 5.1042 14.2061 0.5829 5.8756 -17.7547 0.0179 -0.8650 -2.3775 0.0000 0.0000 0.0000 20.4162 4.5671 -1.2869 -2.7809 -10.3317 30.0577 -2.0068 -8.2673 -30.7756 -0.0002 -0.0944 0.2592 2.9383 -1.6783 2.8201 0.3092 -2.1195 -5.0597 -1.1297 -1.2212 -6.9530 7.1401 7.8252 4.0736 0.6235 10.5391 5.7145 -0.9419 5.3777 1.4651 0.0000 -0.0000 0.0000 -47.0043 -44.0243 69.3739 78.5932 -59.5026 -50.1379 -0.0000 0.0000 -23.5414 -9.4970 7.4059 -1.2353 -7.1250 0.0000 -0.0000 -29.6535 35.8043 7.5598 0.0000 -0.0000 0.0000 74.8224 -18.5810 36.9498 -19.1073 29.5517 -5.0836 0.0000 0.0000 3.8843 -10.3202 -2.8141 0.5122 7.1250 -0.0000 -0.0000 13.1234 -32.6392 4.0654
0.6520 16.4657 -3.1681 -22.7556 -84.6516 18.6671 0.0000 0.0000 0.0000 -12.4258 7.7717 3.1566 0.6321 5.0869 14.1567 0.5809 5.8703 -17.7286 0.0178 -0.8604 -2.3649 0.0000 0.0000 0.0000 20.3826 4.5519 -1.3066 -2.7831 -10.3353 30.0695 -2.0061 -8.2561 -30.7643 -0.0002 -0.0940 0.2584 2.9328 -1.6892 2.8226 0.3049 -2.1345 -5.0491 -1.1300 -1.2281 -6.9438 7.1657 7.8519 4.0149 0.3442 10.5853 5.7000 -1.0299 5.4001 1.4912 -0.0000 0.0000 0.0000 -46.6761 -44.4299 69.0889 78.8539 -59.5253 -50.3625 -0.0000 0.0000 -23.2127 -9.7321 7.3450 -1.2561 -7.1250 0.0000 -0.0000 -29.8071 35.7316 7.6706 -0.0000 0.0000 0.0000 74.8266 -18.5732 36.9467 -19.1067 29.5510 -5.0833 0.0000 0.0000 3.9010 -10.3228 -2.7896 0.5079 7.1250 -0.0000 -0.0000 13.1175 -32.6150 4.0714
0.6523 16.4658 -3.1669 -22.6274 -84.6588 18.5383 0.0000 0.0000 0.0000 -12.4441 7.7880 3.1775 0.6285 5.0730 14.1168 0.5794 5.8732 -17.7135 0.0177 -0.8588 -2.3603 0.0000 0.0000 0.0000 20.3553 4.5322 -1.3184 -2.7845 -10.3377 30.0774 -2.0046 -8.2434 -30.7472 -0.0002 -0.0830 0.2280 2.9321 -1.6974 2.8366 0.3021 -2.1449 -5.0383 -1.1314 -1.2329 -6.9408 7.1734 7.8745 3.9519 0.0685 10.6256 5.6741 -1.1144 5.4187 1.5129 -0.0000 -0.0000 0.0000 -46.3403 -44.8343 68.8032 79.1387 -59.5495 -50.6080 -0.0000 0.0000 -22.9793 -9.9785 7.3093 -1.2823 -7.1250 0.0000 -0.0000 -29.9774 35.6802 7.7699 -0.0000 -0.0000 0.0000 74.8306 -18.5767 36.9363 -19.1118 29.5573 -5.0859 0.0000 0.0000 3.8943 -10.3141 -2.8119 0.5115 7.1250 -0.0000 -0.0000 13.1279 -32.6368 4.0677
0.6526 16.4660 -3.1657 -22.3634 -84.6700 18.2772 0.0000 0.0000 0.0000 -12.4801 7.7983 3.1945 0.6253 5.0600 14.0799 0.5772 5.8859 -17.6983 0.0181 -0.8677 -2.3849 0.0000 0.0000 0.0000 20.3102 4.5090 -1.3331 -2.7854 -10.3393 30.0827 -2.0034 -8.2200 -30.7252 -0.0001 -0.0777 0.2134 2.9231 -1.7036 2.8570 0.2914 -2.1534 -5.0317 -1.1362 -1.2368 -6.9461 7.1791 7.8868 3.8914 -0.2199 10.6531 5.6299 -1.2035 5.4305 1.5288 0.0000 -0.0000 0.0000 -46.0029 -45.2382 68.5205 79.4289 -59.5735 -50.8583 -0.0000 0.0000 -22.7260 -10.2222 7.2839 -1.3097 -7.1250 0.0000 -0.0000 -30.1488 35.6380 7.8627 0.0000 -0.0000 0.0000 74.8430 -18.5873 36.9095 -19.1168 29.5635 -5.0883 0.0000 0.0000 3.8758 -10.2804 -2.8658 0.5196 7.1250 -0.0000 -0.0000 13.1630 -32.6890 4.0620
0.6526 16.4665 -3.1648 -22.1907 -84.6797 18.1128 0.0000 0.0000 0.0000 -12.5101 7.7871 3.2078 0.6227 5.0499 14.0510 0.5750 5.9152 -17.6964 0.0184 -0.8759 -2.4075 0.0000 0.0000 0.0000 20.2814 4.5052 -1.3430 -2.7852 -10.3389 30.0813 -2.0036 -8.2046 -30.7168 -0.0002 -0.0817 0.2246 2.9153 -1.7094 2.8650 0.2833 -2.1615 -5.0207 -1.1396 -1.2403 -6.9393 7.1974 7.8883 3.8378 -0.5393 10.6688 5.5592 -1.3058 5.4359 1.5374 -0.0000 0.0000 0.0000 -45.6658 -45.6478 68.2241 79.7054 -59.5957 -51.0967 -0.0000 0.0000 -22.3642 -10.4263 7.2777 -1.3353 -7.1250 0.0000 -0.0000 -30.2973 35.6159 7.9314 -0.0000 0.0000 0.0000 74.8631 -18.5841 36.8582 -19.1155 29.5619 -5.0877 0.0000 0.0000 3.8615 -10.2492 -2.9107 0.5261 7.1250 -0.0000 -0.0000 13.1947 -32.7323 4.0581
0.6525 16.4672 -3.1645 -22.2118 -84.6837 18.1481 0.0000 0.0000 0.0000 -12.5226 7.7492 3.2182 0.6210 5.0432 14.0318 0.5737 5.9572 -17.7137 0.0180 -0.8673 -2.3838 0.0000 0.0000 0.0000 20.2817 4.5213 -1.3513 -2.7841 -10.3371 30.0755 -2.0036 -8.2110 -30.7207 -0.0002 -0.0833 0.2290 2.9261 -1.7141 2.8781 0.2772 -2.1671 -5.0210 -1.1510 -1.2438 -6.9483 7.2162 7.8818 3.7926 -0.8674 10.6744 5.4867 -1.4118 5.4360 1.5442 0.0000 -0.0000 0.0000 -45.3430 -46.0413 67.9317 79.9827 -59.6174 -51.3359 -0.0000 0.0000 -21.8797 -10.6061 7.2897 -1.3611 -7.1250 0.0000 -0.0000 -30.4339 35.6117 7.9810 0.0000 -0.0000 0.0000 74.8958 -18.5927 36.7799 -19.1061 29.5503 -5.0831 0.0000 0.0000 3.8664 -10.2455 -2.9246 0.5284 7.1250 -0.0000 -0.0000 13.1999 -32.7459 4.0553
0.6525 16.4678 -3.1640 -22.1938 -84.6870 18.1468 0.0000 0.0000 0.0000 -12.5368 7.7213 3.2190 0.6196 5.0376 14.0159 0.5719 5.9926 -17.7210 0.0180 -0.8661 -2.3804 0.0000 0.0000 0.0000 20.2775 4.5342 -1.3651 -2.7837 -10.3363 30.0729 -2.0036 -8.2155 -30.7233 -0.0002 -0.0832 0.2287 2.9377 -1.7185 2.8956 0.2703 -2.1720 -5.0269 -1.1636 -1.2473 -6.9658 7.2167 7.8742 3.7417 -1.2022 10.6775 5.4208 -1.5170 5.4345 1.5534 -0.0000 -0.0000 0.0000 -45.0282 -46.4259 67.6207 80.2748 -59.6396 -51.5879 -0.0000 0.0000 -21.3705 -10.8333 7.3167 -1.3961 -7.1250 0.0000 -0.0000 -30.6105 35.6166 8.0363 -0.0000 -0.0000 0.0000 74.9295 -18.6049 36.6934 -19.0885 29.5285 -5.0744 0.0000 0.0000 3.8903 -10.2787 -2.9082 0.5271 7.1250 -0.0000 -0.0000 13.1710 -32.7308 4.0509
