HIERARCHY
ROOT Hips
{
	OFFSET 0.00000 0.00000 0.00000
	CHANNELS 6 Xposition Yposition Zposition Zrotation Yrotation Xrotation 
	JOINT LHipJoint
	{
		OFFSET 0 0 0
		CHANNELS 3 Zrotation Yrotation Xrotation
		JOINT LeftUpLeg
		{
			OFFSET 1.37590 -1.78394 0.89329
			CHANNELS 3 Zrotation Yrotation Xrotation
			JOINT LeftLeg
			{
				OFFSET 2.47928 -6.81178 0.00000
				CHANNELS 3 Zrotation Yrotation Xrotation
				JOINT LeftFoot
				{
					OFFSET 2.63345 -7.23535 0.00000
					CHANNELS 3 Zrotation Yrotation Xrotation
					JOINT LeftToeBase
					{
						OFFSET 0.23938 -0.65768 2.27012
						CHANNELS 3 Zrotation Yrotation Xrotation
						End Site
						{
							OFFSET 0.00000 -0.00000 1.18363
						}
					}
				}
			}
		}
	}
	JOINT RHipJoint
	{
		OFFSET 0 0 0
		CHANNELS 3 Zrotation Yrotation Xrotation
		JOINT RightUpLeg
		{
			OFFSET -1.33617 -1.78394 0.89329
			CHANNELS 3 Zrotation Yrotation Xrotation
			JOINT RightLeg
			{
				OFFSET -2.56922 -7.05888 0.00000
				CHANNELS 3 Zrotation Yrotation Xrotation
				JOINT RightFoot
				{
					OFFSET -2.56568 -7.04915 0.00000
					CHANNELS 3 Zrotation Yrotation Xrotation
					JOINT RightToeBase
					{
						OFFSET -0.27533 -0.75646 2.18105
						CHANNELS 3 Zrotation Yrotation Xrotation
						End Site
						{
							OFFSET -0.00000 -0.00000 1.15233
						}
					}
				}
			}
		}
	}
	JOINT LowerBack
	{
		OFFSET 0 0 0
		CHANNELS 3 Zrotation Yrotation Xrotation
		JOINT Spine
		{
			OFFSET 0.06190 2.15152 -0.00935
			CHANNELS 3 Zrotation Yrotation Xrotation
			JOINT Spine1
			{
				OFFSET 0.06334 2.15332 0.00872
				CHANNELS 3 Zrotation Yrotation Xrotation
				JOINT Neck
				{
					OFFSET 0 0 0
					CHANNELS 3 Zrotation Yrotation Xrotation
					JOINT Neck1
					{
						OFFSET -0.04202 1.66908 0.23524
						CHANNELS 3 Zrotation Yrotation Xrotation
						JOINT Head
						{
							OFFSET 0.07510 1.69357 -0.24440
							CHANNELS 3 Zrotation Yrotation Xrotation
							End Site
							{
								OFFSET 0.02556 1.71719 -0.11000
							}
						}
					}
				}
				JOINT LeftShoulder
				{
					OFFSET 0 0 0
					CHANNELS 3 Zrotation Yrotation Xrotation
					JOINT LeftArm
					{
						OFFSET 3.67168 1.26306 -0.41342
						CHANNELS 3 Zrotation Yrotation Xrotation
						JOINT LeftForeArm
						{
							OFFSET 4.68510 -0.00000 -0.00000
							CHANNELS 3 Zrotation Yrotation Xrotation
							JOINT LeftHand
							{
								OFFSET 3.39626 -0.00000 -0.00000
								CHANNELS 3 Zrotation Yrotation Xrotation
								JOINT LeftFingerBase
								{
									OFFSET 0 0 0
									CHANNELS 3 Zrotation Yrotation Xrotation
									JOINT LeftHandIndex1
									{
										OFFSET 0.48608 -0.00000 -0.00000
										CHANNELS 3 Zrotation Yrotation Xrotation
										End Site
										{
											OFFSET 0.39189 -0.00000 -0.00000
										}
									}
								}
								JOINT LThumb
								{
									OFFSET 0 0 0
									CHANNELS 3 Zrotation Yrotation Xrotation
									End Site
									{
										OFFSET 0.39787 -0.00000 0.39787
									}
								}
							}
						}
					}
				}
				JOINT RightShoulder
				{
					OFFSET 0 0 0
					CHANNELS 3 Zrotation Yrotation Xrotation
					JOINT RightArm
					{
						OFFSET -3.04136 1.42992 -0.76390
						CHANNELS 3 Zrotation Yrotation Xrotation
						JOINT RightForeArm
						{
							OFFSET -5.55576 -0.00000 -0.00000
							CHANNELS 3 Zrotation Yrotation Xrotation
							JOINT RightHand
							{
								OFFSET -3.32774 -0.00000 -0.00000
								CHANNELS 3 Zrotation Yrotation Xrotation
								JOINT RightFingerBase
								{
									OFFSET 0 0 0
									CHANNELS 3 Zrotation Yrotation Xrotation
									JOINT RightHandIndex1
									{
										OFFSET -0.50763 -0.00000 -0.00000
										CHANNELS 3 Zrotation Yrotation Xrotation
										End Site
										{
											OFFSET -0.40926 -0.00000 -0.00000
										}
									}
								}
								JOINT RThumb
								{
									OFFSET 0 0 0
									CHANNELS 3 Zrotation Yrotation Xrotation
									End Site
									{
										OFFSET -0.41551 -0.00000 0.41551
									}
								}
							}
						}
					}
				}
			}
		}
	}
}
MOTION
Frames: 251
Frame Time: 0.0166667
33.1733 17.5739 5.5651 0.0000 0.0000 0.0000 0.0000 0.0000 0.0000 -21.0000 0.0000 0.0000 0.0000 0.0000 0.0000 0.0000 0.0000 0.0000 0.0000 0.0000 0.0000 0.0000 0.0000 0.0000 21.0000 0.0000 0.0000 0.0000 0.0000 0.0000 0.0000 0.0000 0.0000 0.0000 0.0000 0.0000 0.0000 0.0000 0.0000 0.0000 0.0000 0.0000 0.0000 0.0000 0.0000 0.0000 0.0000 -16.0000 0.0000 0.0000 21.0000 0.0000 0.0000 11.0000 0.0000 0.0000 0.0000 -8.0000 0.0000 0.0000 0.0000 0.0000 0.0000 0.0000 0.0000 0.0000 0.0000 0.0000 0.0000 0.0000 0.0000 0.0000 0.0000 0.0000 0.0000 0.0000 0.0000 0.0000 8.0000 0.0000 0.0000 0.0000 0.0000 0.0000 0.0000 0.0000 0.0000 0.0000 0.0000 0.0000 0.0000 0.0000 0.0000 0.0000 0.0000 0.0000
33.1733 17.5739 5.5651 35.7266 -88.8381 -27.4367 0.0000 0.0000 0.0000 -22.9043 -5.0832 -1.9429 0.3332 3.7096 10.2610 0.3998 -6.6255 -11.4812 0.0001 -0.0618 -0.1697 0.0000 0.0000 0.0000 15.9784 5.3353 -40.3127 -3.2523 -11.0928 32.5933 0.5946 -14.3660 -10.5708 -0.0502 -1.4454 3.9751 -3.3552 -1.3901 -0.0751 -0.2395 -1.8380 0.8266 1.6147 -0.9463 0.9874 -6.3133 -0.1523 -13.1855 -3.5091 1.6265 30.2506 -0.0788 -0.7816 12.1767 -0.0000 -0.0000 0.0000 -88.1575 -15.2751 31.8594 20.2898 -30.9899 -5.6798 -0.0000 -0.0000 19.1560 22.5954 24.1966 9.6800 -7.1250 0.0000 -0.0000 -7.3530 55.7814 -1.9528 -0.0000 -0.0000 0.0000 88.4205 6.8674 23.1004 -24.6624 35.8569 -8.0913 0.0000 0.0000 1.4653 -14.2249 -19.4645 4.8285 7.1250 -0.0000 -0.0000 13.8618 -49.5017 -1.5656
33.0462 17.5518 5.5624 44.2819 -88.6717 -35.8514 0.0000 0.0000 0.0000 -23.1804 -4.7554 -1.7216 0.3339 3.7136 10.2722 0.4226 -6.9687 -11.8354 0.0007 0.1649 0.4532 0.0000 0.0000 0.0000 15.7285 5.6651 -40.0911 -2.6945 -10.1833 29.5725 0.5706 -14.0144 -10.1201 -0.0359 -1.2226 3.3614 -3.5477 -1.4249 0.0935 -0.2247 -1.8928 0.7159 1.7433 -0.9706 0.7892 -6.3101 -0.1459 -13.2156 -3.5559 1.6504 30.2918 -0.0946 -0.7799 12.2004 0.0000 -0.0000 0.0000 -88.4257 -14.7703 30.8060 19.7943 -30.3937 -5.4269 -0.0000 -0.0000 19.3962 23.0393 24.1683 9.8773 -7.1250 0.0000 -0.0000 -6.8725 55.8442 -1.8348 0.0000 -0.0000 0.0000 89.2119 6.2222 22.3868 -23.8711 35.0276 -7.6324 0.0000 0.0000 1.8188 -14.3669 -19.1137 4.7943 7.1250 -0.0000 -0.0000 13.5978 -49.1760 -1.4242
32.7833 17.5015 5.5567 55.8331 -88.4465 -47.0657 0.0000 0.0000 0.0000 -23.5913 -4.2817 -1.2826 0.3404 3.7494 10.3726 0.4792 -7.5016 -12.6220 0.0033 0.3712 1.0200 0.0000 0.0000 0.0000 15.0597 7.0137 -39.2105 -1.7493 -8.3231 23.6998 0.5158 -13.4082 -9.8642 -0.0221 -0.9604 2.6400 -3.6647 -1.5073 -0.3475 -0.2273 -1.9803 0.8603 1.7896 -1.0240 1.1938 -6.2510 -0.1659 -13.1745 -3.6088 1.6212 29.9144 -0.1220 -0.7695 12.0412 -0.0000 0.0000 0.0000 -88.7833 -14.1474 28.8014 18.6810 -29.0204 -4.8751 -0.0000 -0.0000 19.6464 23.3973 24.8041 10.2882 -7.1250 0.0000 -0.0000 -6.7461 56.5806 -1.9213 -0.0000 0.0000 0.0000 90.7831 6.0630 20.4795 -21.7905 32.7395 -6.4722 0.0000 0.0000 2.3304 -15.1122 -19.1413 5.0603 7.1250 -0.0000 -0.0000 12.9027 -49.3150 -1.3938
32.5137 17.4496 5.5502 60.5522 -88.1425 -51.4840 0.0000 0.0000 0.0000 -23.9459 -3.8098 -0.8173 0.3514 3.8085 10.5386 0.5364 -8.1530 -13.4006 0.0102 0.6532 1.7949 0.0000 0.0000 0.0000 14.0707 8.7555 -38.0062 -1.0310 -6.4585 18.1207 0.5134 -13.4452 -10.0735 -0.0067 -0.5300 1.4564 -3.8072 -1.6193 -0.6906 -0.1388 -2.1115 0.9505 1.9451 -1.0976 1.4954 -6.2370 -0.1896 -13.1326 -3.6835 1.6021 29.5984 -0.1496 -0.7670 11.9083 0.0000 0.0000 0.0000 -89.1951 -13.3679 27.0125 17.5648 -27.5963 -4.3458 -0.0000 -0.0000 19.8211 23.4194 25.2095 10.4528 -7.1250 0.0000 -0.0000 -6.8904 57.0063 -2.0336 0.0000 0.0000 0.0000 92.0272 5.8602 18.3609 -19.8717 30.4874 -5.4661 0.0000 0.0000 2.2444 -15.9831 -19.7613 5.5313 7.1250 -0.0000 -0.0000 12.2960 -50.0675 -1.5566
32.2363 17.3948 5.5441 61.1505 -87.8740 -51.8239 0.0000 0.0000 0.0000 -24.1832 -3.3884 -0.3128 0.3693 3.9035 10.8054 0.5964 -8.8181 -14.1813 0.0191 0.8912 2.4495 0.0000 0.0000 0.0000 12.9584 10.7167 -36.7491 -0.5852 -4.8981 13.6181 0.5604 -14.1744 -10.9913 -0.0001 0.0516 -0.1419 -3.8697 -1.7380 -0.8593 0.0478 -2.2627 0.9403 2.1623 -1.1762 1.5993 -6.2451 -0.2094 -13.1068 -3.7762 1.5990 29.3795 -0.1797 -0.7686 11.8183 0.0000 -0.0000 0.0000 -89.6238 -12.3707 25.5262 16.3437 -25.9845 -3.7953 -0.0000 -0.0000 19.9875 22.9764 25.1523 10.2154 -7.1250 0.0000 -0.0000 -7.3428 56.8511 -2.1405 0.0000 -0.0000 0.0000 92.8170 5.6286 16.1234 -18.0968 28.2809 -4.5950 0.0000 0.0000 1.5560 -16.7342 -20.8993 6.1219 7.1250 -0.0000 -0.0000 11.9944 -51.3284 -1.8927
31.9544 17.3379 5.5404 60.6827 -87.6809 -51.1625 0.0000 0.0000 0.0000 -24.3336 -3.0236 0.2347 0.3964 4.0426 11.1964 0.6602 -9.3830 -14.9493 0.0252 1.0257 2.8195 0.0000 0.0000 0.0000 12.3346 11.9146 -36.1884 -0.4033 -4.0770 11.2935 0.5782 -14.6904 -12.0737 -0.0100 0.6454 -1.7735 -3.7849 -1.8365 -0.8970 0.2743 -2.3964 0.8948 2.3434 -1.2421 1.5889 -6.2142 -0.2299 -13.1303 -3.8673 1.5907 29.2018 -0.2172 -0.7702 11.7549 -0.0000 0.0000 0.0000 -89.9894 -11.3140 24.1562 14.9857 -24.1262 -3.2201 -0.0000 -0.0000 20.4607 21.8351 24.6040 9.4710 -7.1250 0.0000 -0.0000 -8.3238 56.0438 -2.2661 -0.0000 0.0000 0.0000 93.1628 5.4150 13.7915 -16.5308 26.2351 -3.8777 0.0000 0.0000 1.1272 -16.7568 -21.9505 6.4217 7.1250 -0.0000 -0.0000 12.3892 -52.3841 -2.2803
31.6691 17.2823 5.5400 60.4132 -87.5189 -50.8131 0.0000 0.0000 0.0000 -24.4984 -2.7224 0.8688 0.4346 4.2302 11.7253 0.7274 -9.7874 -15.6850 0.0275 1.0706 2.9430 0.0000 0.0000 0.0000 12.5351 11.7558 -36.5774 -0.4224 -4.1712 11.5589 0.5097 -14.1913 -12.3826 -0.0175 0.8553 -2.3507 -3.6059 -1.9223 -0.9538 0.4966 -2.5129 0.9638 2.4647 -1.3026 1.7021 -6.1044 -0.2662 -13.2520 -3.9405 1.5499 28.9495 -0.2642 -0.7699 11.6821 -0.0000 -0.0000 0.0000 -90.2588 -10.4069 22.5250 13.6127 -22.1783 -2.6802 -0.0000 -0.0000 21.6956 19.0438 24.3836 8.1104 -7.1250 0.0000 -0.0000 -11.1364 55.2516 -2.8286 -0.0000 -0.0000 0.0000 93.0819 5.3985 11.3150 -15.1968 24.4196 -3.3069 0.0000 0.0000 1.8622 -15.7006 -22.3882 6.1111 7.1250 -0.0000 -0.0000 13.6153 -52.6338 -2.5967
31.3805 17.2318 5.5421 60.4265 -87.3498 -50.8666 0.0000 0.0000 0.0000 -24.7444 -2.5260 1.6061 0.4850 4.4655 12.3900 0.7955 -9.9958 -16.3592 0.0263 1.0475 2.8794 0.0000 0.0000 0.0000 13.0473 11.0633 -37.3264 -0.5815 -4.8829 13.5748 0.4617 -13.4468 -11.5890 -0.0026 0.3272 -0.8990 -3.4213 -2.0107 -0.9010 0.7296 -2.6381 1.0823 2.5963 -1.3683 1.8057 -5.9461 -0.3146 -13.4752 -3.9869 1.4859 28.6668 -0.3122 -0.7694 11.6177 -0.0000 0.0000 0.0000 -90.4767 -9.4940 20.2492 12.3795 -20.3714 -2.2326 -0.0000 -0.0000 24.0775 15.4763 23.2100 6.2274 -7.1250 0.0000 -0.0000 -14.2048 53.4046 -2.9835 -0.0000 0.0000 0.0000 92.5264 5.4614 8.8445 -14.1462 22.9433 -2.8848 0.0000 0.0000 3.6797 -13.9042 -22.1721 5.3373 7.1250 -0.0000 -0.0000 15.2784 -52.1100 -2.7267
31.0909 17.1914 5.5450 58.9564 -87.2274 -49.5034 0.0000 0.0000 0.0000 -24.9800 -2.5926 2.4007 0.5520 4.7596 13.2240 0.8584 -9.9310 -16.9115 0.0188 0.8862 2.4358 0.0000 0.0000 0.0000 13.3686 10.7341 -37.8633 -0.7937 -5.6867 15.8780 0.5836 -14.0059 -9.6116 -0.0127 -0.7268 1.9975 -3.1601 -2.1201 -0.6509 1.0037 -2.8009 1.1766 2.7346 -1.4499 1.7750 -5.7335 -0.3556 -13.7973 -4.0252 1.4275 28.3943 -0.3661 -0.7603 11.5771 0.0000 0.0000 0.0000 -90.6094 -8.4516 17.2137 11.3649 -18.8454 -1.8921 -0.0000 -0.0000 27.4750 12.9669 20.3969 4.5882 -7.1250 0.0000 -0.0000 -15.4203 50.2238 -2.0277 0.0000 0.0000 0.0000 91.5208 5.4643 6.8099 -13.4742 21.9781 -2.6281 0.0000 0.0000 5.5672 -12.0575 -21.6114 4.4984 7.1250 -0.0000 -0.0000 16.8089 -51.2572 -2.6543
30.7989 17.1695 5.5487 53.1287 -87.3060 -43.8066 0.0000 0.0000 0.0000 -24.9583 -2.9581 3.1925 0.6413 5.1232 14.2602 0.8993 -9.5475 -17.2058 0.0045 0.4348 1.1947 0.0000 0.0000 0.0000 13.7264 10.7293 -38.1296 -0.9854 -6.3184 17.7112 0.8283 -15.9001 -7.0428 -0.0707 -1.7156 4.7205 -2.5505 -2.2471 -0.2744 1.3391 -2.9950 1.2542 2.7467 -1.5420 1.6434 -5.4710 -0.3848 -14.1349 -4.0090 1.3594 28.0650 -0.4085 -0.7403 11.5163 0.0000 -0.0000 0.0000 -90.5356 -7.2973 13.8002 10.6542 -17.7563 -1.6689 -0.0000 -0.0000 30.6767 11.6068 17.8282 3.5982 -7.1250 0.0000 -0.0000 -15.7028 47.5212 -1.0003 0.0000 -0.0000 0.0000 90.1913 5.3669 5.5044 -13.2653 21.6747 -2.5504 0.0000 0.0000 6.6464 -10.5836 -21.0719 3.8433 7.1250 -0.0000 -0.0000 17.9683 -50.5027 -2.5070
30.5000 17.1738 5.5524 40.6781 -87.6004 -31.4650 0.0000 0.0000 0.0000 -24.5306 -3.4235 3.8176 0.7624 5.5762 15.5595 0.8979 -8.9285 -17.1008 0.0030 -0.3514 -0.9655 0.0000 0.0000 0.0000 14.4378 10.7358 -38.2857 -1.1668 -6.8569 19.2921 1.0449 -17.8291 -4.8157 -0.1697 -2.6535 7.3154 -1.5182 -2.3722 0.0360 1.7469 -3.1868 1.3447 2.5955 -1.6303 1.5411 -5.2607 -0.4197 -14.3307 -3.8184 1.2334 27.5487 -0.3821 -0.7194 11.3525 0.0000 -0.0000 0.0000 -90.1845 -6.0925 10.4181 10.3130 -17.2276 -1.5664 -0.0000 -0.0000 32.5307 9.9203 17.1608 2.9540 -7.1250 0.0000 -0.0000 -17.0012 46.6518 -0.7132 0.0000 -0.0000 0.0000 88.6183 5.2058 4.7447 -13.5343 22.0650 -2.6506 0.0000 0.0000 6.7937 -9.4034 -20.7088 3.3516 7.1250 -0.0000 -0.0000 18.9150 -49.9740 -2.3950
30.1891 17.2017 5.5534 24.4031 -87.8639 -15.1956 0.0000 0.0000 0.0000 -23.9442 -3.7973 4.0988 0.9237 6.1232 17.1422 0.8401 -8.2917 -16.4917 0.0411 -1.3078 -3.5960 0.0000 0.0000 0.0000 15.4188 10.4118 -38.4972 -1.3743 -7.4188 20.9621 1.0663 -18.2183 -3.2830 -0.3549 -3.8273 10.5914 -0.4489 -2.4676 0.2241 2.1892 -3.3337 1.3417 2.4585 -1.6961 1.4060 -5.1618 -0.4763 -14.3190 -3.4349 1.0314 26.9588 -0.2758 -0.7176 11.1191 -0.0000 -0.0000 0.0000 -89.5485 -4.6680 7.3919 10.3410 -17.2712 -1.5747 -0.0000 -0.0000 32.8771 8.2207 17.2542 2.4537 -7.1250 0.0000 -0.0000 -18.5725 46.5234 -0.7227 -0.0000 -0.0000 0.0000 86.7665 4.8834 4.2022 -14.2372 23.0728 -2.9204 0.0000 0.0000 6.2190 -8.3013 -20.4981 2.9249 7.1250 -0.0000 -0.0000 19.8471 -49.6077 -2.3371
29.8648 17.2457 5.5460 12.2007 -87.9100 -2.9274 0.0000 0.0000 0.0000 -23.5191 -4.1675 4.0780 1.1378 6.7741 19.0477 0.7239 -7.8481 -15.3161 0.1196 -2.2296 -6.1406 0.0000 0.0000 0.0000 16.2582 9.7920 -38.5413 -1.5685 -7.9028 22.4191 0.9150 -17.0631 -2.3575 -0.6143 -5.0163 13.9550 0.2352 -2.5596 0.2516 2.5911 -3.4699 1.2622 2.4908 -1.7614 1.3002 -5.1219 -0.5557 -14.2152 -2.9335 0.7719 26.4823 -0.1277 -0.7416 10.9131 0.0000 0.0000 0.0000 -88.5338 -3.0372 4.9306 10.7007 -17.8280 -1.6831 -0.0000 -0.0000 32.1524 6.7380 17.0269 1.9814 -7.1250 0.0000 -0.0000 -19.8153 46.1208 -0.5704 0.0000 0.0000 0.0000 84.6206 4.4971 3.7100 -15.2762 24.5294 -3.3398 0.0000 0.0000 5.0697 -7.1675 -20.4483 2.5156 7.1250 -0.0000 -0.0000 20.8739 -49.3922 -2.3530
29.5300 17.2998 5.5283 5.4326 -87.8818 3.8760 0.0000 0.0000 0.0000 -23.1921 -4.5676 3.8283 1.4218 7.5406 21.3270 0.5516 -7.6211 -13.4707 0.2325 -3.1035 -8.5671 0.0000 0.0000 0.0000 16.9133 9.1693 -38.0963 -1.7008 -8.2128 23.3624 0.7584 -15.5898 -2.1109 -0.8525 -5.8884 16.4611 0.5802 -2.6303 0.1899 2.9314 -3.5747 1.1580 2.6464 -1.8146 1.2334 -5.0942 -0.6707 -14.1532 -2.3476 0.4455 26.2493 0.0394 -0.8007 10.8099 0.0000 -0.0000 0.0000 -86.9987 -1.3294 3.1509 11.3605 -18.8388 -1.8907 -0.0000 -0.0000 30.5596 5.1939 16.3445 1.4653 -7.1250 0.0000 -0.0000 -20.9211 45.2919 -0.1578 0.0000 -0.0000 0.0000 82.1814 4.1496 3.1769 -16.5399 26.2473 -3.8817 0.0000 0.0000 3.4988 -5.9313 -20.4860 2.0824 7.1250 -0.0000 -0.0000 22.0289 -49.2448 -2.4119
29.1919 17.3610 5.5007 -3.1756 -87.8946 12.4426 0.0000 0.0000 0.0000 -22.5937 -4.8742 3.2334 1.8031 8.4434 24.0691 0.3353 -7.5312 -10.8375 0.3568 -3.8378 -10.6207 0.0000 0.0000 0.0000 17.6779 8.7597 -37.0916 -1.7613 -8.3501 23.7825 0.6659 -14.5738 -2.2683 -1.0575 -6.5386 18.3555 0.8976 -2.6354 0.0528 3.2464 -3.5958 1.0901 2.7879 -1.8269 1.2428 -5.0871 -0.8463 -14.1484 -1.6465 0.0110 26.1742 0.2347 -0.9049 10.7811 0.0000 0.0000 0.0000 -84.8120 0.2467 1.8516 12.2688 -20.2065 -2.1942 -0.0000 -0.0000 28.3343 3.3265 15.2395 0.8753 -7.1250 0.0000 -0.0000 -22.1288 44.0486 0.5478 0.0000 0.0000 0.0000 79.4593 3.9568 2.4098 -17.9167 28.0504 -4.5100 0.0000 0.0000 1.8731 -4.5082 -20.3897 1.5735 7.1250 -0.0000 -0.0000 23.2828 -48.9484 -2.3855
28.8553 17.4253 5.4636 -17.2885 -87.8896 26.4861 0.0000 0.0000 0.0000 -21.5389 -4.9842 2.1339 2.2998 9.4645 27.2593 0.1303 -7.5480 -7.7931 0.5847 -4.8959 -13.6120 0.0000 0.0000 0.0000 18.7419 8.4687 -35.7390 -1.7613 -8.3502 23.7828 0.6022 -13.8071 -2.5298 -1.2633 -7.1246 20.0851 1.2852 -2.5570 -0.1149 3.5875 -3.5085 0.9823 2.9185 -1.7851 1.2213 -5.1228 -1.0897 -14.0914 -0.8552 -0.5423 26.1808 0.4529 -1.0612 10.7793 -0.0000 0.0000 0.0000 -81.9620 1.7465 0.8312 13.4116 -21.8873 -2.6047 -0.0000 -0.0000 25.5139 1.2011 14.0643 0.2919 -7.1250 0.0000 -0.0000 -23.5059 42.7375 1.3965 -0.0000 0.0000 0.0000 76.3773 3.7563 1.3954 -19.4018 29.9148 -5.2297 0.0000 0.0000 0.3519 -2.9692 -20.0962 1.0210 7.1250 -0.0000 -0.0000 24.5330 -48.4603 -2.2181
28.5229 17.4901 5.4184 -34.3449 -87.6951 43.4843 0.0000 0.0000 0.0000 -20.0660 -4.9267 0.5227 2.9093 10.5467 30.7659 -0.0453 -7.6779 -4.3263 0.9285 -6.1383 -17.1863 0.0000 0.0000 0.0000 20.0651 8.1837 -34.2221 -1.7182 -8.2526 23.4839 0.5381 -12.9843 -2.9465 -1.4352 -7.5745 21.4290 1.7284 -2.4089 -0.3712 3.9518 -3.3349 0.8501 3.0405 -1.7008 1.2194 -5.2248 -1.4066 -13.9720 0.0421 -1.2178 26.1356 0.7046 -1.2665 10.7566 -0.0000 0.0000 0.0000 -78.4384 3.1117 -0.1187 14.7808 -23.8398 -3.1368 -0.0000 -0.0000 22.1445 -0.7355 13.3201 -0.1695 -7.1250 0.0000 -0.0000 -24.8543 41.8618 2.0667 -0.0000 0.0000 0.0000 72.8622 3.4911 0.2238 -21.0432 31.8787 -6.0727 0.0000 -0.0000 -1.2014 -1.5060 -19.8220 0.5108 7.1250 -0.0000 -0.0000 25.7090 -48.0074 -2.0343
28.1987 17.5525 5.3699 -50.2376 -87.2781 59.3309 0.0000 0.0000 0.0000 -18.3490 -4.7727 -1.4569 3.6097 11.6221 34.4078 -0.1593 -7.5288 -0.0433 1.1357 -6.7679 -19.0297 0.0000 0.0000 0.0000 21.5643 7.8614 -32.6485 -1.6519 -8.0998 23.0177 0.4817 -12.2273 -3.4902 -1.5425 -7.8400 22.2292 2.2193 -2.1897 -0.6496 4.3332 -3.0711 0.6816 3.1565 -1.5723 1.1880 -5.3888 -1.7754 -13.7753 1.0128 -1.9716 25.9401 0.9835 -1.5028 10.6759 -0.0000 0.0000 0.0000 -74.2565 4.3432 -1.0856 16.3421 -25.9823 -3.7946 -0.0000 -0.0000 18.4138 -1.8416 13.3274 -0.4247 -7.1250 0.0000 -0.0000 -25.7752 41.7580 2.2273 -0.0000 0.0000 0.0000 68.8096 3.1246 -1.0652 -22.8149 33.8857 -7.0348 0.0000 -0.0000 -2.9291 -0.3169 -19.6627 0.1066 7.1250 -0.0000 -0.0000 26.6853 -47.7009 -1.9077
27.8858 17.6092 5.3229 -61.7885 -86.6439 70.7738 0.0000 0.0000 0.0000 -16.5820 -4.6658 -3.5625 4.3983 12.6723 38.1538 -0.1344 -6.8516 4.8586 0.9871 -6.3236 -17.7264 0.0000 0.0000 0.0000 23.1495 7.3786 -31.0184 -1.5689 -7.9035 22.4213 0.4217 -11.4200 -4.0323 -1.5900 -7.9542 22.5750 2.7452 -1.9445 -0.8017 4.7324 -2.7697 0.4856 3.2794 -1.4268 1.0562 -5.5585 -2.1519 -13.5697 1.9657 -2.7199 25.5997 1.2573 -1.7389 10.5509 -0.0000 0.0000 0.0000 -69.4402 5.4049 -2.0913 17.9742 -28.1241 -4.5370 -0.0000 -0.0000 14.5896 -1.7186 14.3441 -0.4259 -7.1250 0.0000 -0.0000 -26.0699 42.6863 1.6081 -0.0000 0.0000 0.0000 64.1674 2.7586 -2.5597 -24.5518 35.7424 -8.0266 0.0000 -0.0000 -4.6951 0.3749 -19.7840 -0.1269 7.1250 -0.0000 -0.0000 27.3561 -47.7141 -1.9725
27.5849 17.6571 5.2792 -68.9352 -85.8364 77.7034 0.0000 0.0000 0.0000 -14.8460 -4.7004 -5.6531 5.2810 13.6935 42.0232 0.0143 -6.2112 9.2334 0.6068 -4.9860 -13.8686 0.0000 0.0000 0.0000 24.7629 6.7351 -29.3361 -1.4802 -7.6870 21.7674 0.3610 -10.5981 -4.5780 -1.6075 -7.9957 22.7011 3.3163 -1.7200 -0.7789 5.1510 -2.4871 0.2718 3.4042 -1.2933 0.8088 -5.6883 -2.4927 -13.3806 2.8180 -3.3897 25.1884 1.4974 -1.9499 10.4082 0.0000 -0.0000 0.0000 -64.0351 6.2577 -3.2091 19.4791 -30.0096 -5.2683 -0.0000 -0.0000 10.8780 -0.5369 15.8423 -0.1466 -7.1250 0.0000 -0.0000 -25.6856 44.1649 0.5689 0.0000 -0.0000 0.0000 58.9683 2.4657 -4.2814 -26.0758 37.2835 -8.9335 0.0000 -0.0000 -6.4263 0.3921 -20.2691 -0.1358 7.1250 -0.0000 -0.0000 27.6183 -48.1423 -2.3064
27.2947 17.6952 5.2384 -73.4852 -84.9131 81.9448 0.0000 0.0000 0.0000 -13.1376 -4.8802 -7.7091 6.2447 14.6614 45.9562 0.1838 -5.7253 12.1739 0.2762 -3.3805 -9.3399 0.0000 0.0000 0.0000 26.3841 6.0750 -27.6101 -1.3946 -7.4711 21.1187 0.3067 -9.8647 -5.1406 -1.6094 -8.0001 22.7145 3.9518 -1.5189 -0.6598 5.5729 -2.2295 0.0715 3.4990 -1.1751 0.5209 -5.7740 -2.7907 -13.2628 3.5589 -3.9700 24.7883 1.7003 -2.1319 10.2844 0.0000 -0.0000 0.0000 -58.1257 6.8403 -4.5468 20.6766 -31.4489 -5.8803 -0.0000 -0.0000 7.3894 1.3894 17.4528 0.4168 -7.1250 0.0000 -0.0000 -24.7139 45.8504 -0.5526 0.0000 -0.0000 0.0000 53.3405 2.2988 -6.2414 -27.2685 38.4341 -9.6656 0.0000 -0.0000 -8.2253 -0.0373 -20.8673 0.0133 7.1250 -0.0000 -0.0000 27.5490 -48.7336 -2.7280
27.0129 17.7267 5.2009 -77.0662 -83.9965 85.1682 0.0000 0.0000 0.0000 -11.5393 -5.1501 -9.7204 7.2392 15.5300 49.7731 0.2740 -5.0840 13.0731 0.1617 -2.5908 -7.1415 0.0000 0.0000 0.0000 27.9340 5.5110 -25.8462 -1.3114 -7.2539 20.4698 0.2615 -9.2712 -5.6846 -1.5783 -7.9261 22.4899 4.5758 -1.3226 -0.5017 5.9658 -1.9718 -0.1138 3.5705 -1.0588 0.2275 -5.8421 -3.0565 -13.2184 4.1977 -4.4769 24.4449 1.8718 -2.2930 10.1951 -0.0000 0.0000 0.0000 -51.8453 7.2002 -6.0759 21.5248 -32.4358 -6.3291 -0.0000 -0.0000 3.8526 3.8892 19.3245 1.2888 -7.1250 0.0000 -0.0000 -23.3404 47.8843 -1.7511 -0.0000 0.0000 0.0000 47.4353 2.2584 -8.4346 -28.0853 39.1946 -10.1775 0.0000 -0.0000 -10.1778 -1.0196 -21.7356 0.3776 7.1250 -0.0000 -0.0000 27.1332 -49.6490 -3.3296
26.7368 17.7567 5.1668 -80.3617 -83.2482 88.0812 0.0000 0.0000 0.0000 -10.2120 -5.4292 -11.6537 8.2003 16.2646 53.2809 0.2419 -4.3268 11.9091 0.1987 -2.8707 -7.9189 0.0000 0.0000 0.0000 29.2471 5.0622 -24.0290 -1.2267 -7.0244 19.7878 0.2253 -8.8302 -6.2045 -1.5219 -7.7897 22.0773 5.0443 -1.1274 -0.3214 6.2810 -1.7057 -0.2805 3.6475 -0.9383 -0.0563 -5.9183 -3.3071 -13.2830 4.7689 -4.9391 24.1876 2.0247 -2.4431 10.1586 -0.0000 0.0000 0.0000 -45.3398 7.3869 -7.7547 22.0747 -33.0614 -6.6266 -0.0000 0.0000 -0.0372 6.7901 21.6906 2.5198 -7.1250 0.0000 -0.0000 -21.8200 50.4916 -3.0806 -0.0000 0.0000 0.0000 41.4187 2.3557 -10.8748 -28.5568 39.6238 -10.4769 0.0000 -0.0000 -12.2844 -2.7725 -23.2773 1.0964 7.1250 -0.0000 -0.0000 26.3956 -51.2969 -4.3510
26.4638 17.7889 5.1370 -83.8032 -82.7600 91.1419 0.0000 0.0000 0.0000 -9.2527 -5.6537 -13.4951 9.0606 16.8466 56.2995 0.1524 -3.4675 9.4881 0.2854 -3.4358 -9.4945 0.0000 0.0000 0.0000 30.2065 4.7348 -22.1681 -1.1423 -6.7870 19.0857 0.1940 -8.4904 -6.7305 -1.4680 -7.6568 21.6763 5.2909 -0.9324 -0.2136 6.4790 -1.4403 -0.3920 3.7221 -0.8143 -0.2393 -6.0164 -3.5512 -13.3931 5.3285 -5.3796 23.9362 2.1787 -2.5865 10.1358 -0.0000 0.0000 0.0000 -38.7725 7.3778 -9.7413 22.3872 -33.4119 -6.7978 -0.0000 0.0000 -4.1811 9.4548 23.9055 3.8607 -7.1250 0.0000 -0.0000 -20.4446 52.9981 -4.1616 -0.0000 0.0000 0.0000 35.4664 2.6625 -13.7066 -28.7253 39.7754 -10.5845 0.0000 -0.0000 -14.4223 -4.9536 -25.2807 2.1198 7.1250 -0.0000 -0.0000 25.5529 -53.4631 -5.6052
26.1924 17.8253 5.1115 -87.4608 -82.5028 94.4352 0.0000 0.0000 0.0000 -8.6258 -5.8336 -15.2294 9.7599 17.2726 58.6829 0.0764 -2.5409 6.7980 0.3401 -3.7476 -10.3675 0.0000 0.0000 0.0000 30.8280 4.5045 -20.2752 -1.0590 -6.5430 18.3682 0.1637 -8.1996 -7.2730 -1.4312 -7.5642 21.3982 5.3406 -0.7405 -0.1835 6.5648 -1.1806 -0.4738 3.7861 -0.6887 -0.3464 -6.1357 -3.7899 -13.4198 5.9182 -5.8156 23.6266 2.3475 -2.7296 10.0811 -0.0000 0.0000 0.0000 -32.3320 7.1937 -12.1287 22.5419 -33.5840 -6.8832 -0.0000 0.0000 -8.2537 11.6577 25.7643 5.1246 -7.1250 0.0000 -0.0000 -19.3330 55.1525 -4.9555 -0.0000 0.0000 0.0000 29.7161 3.1579 -17.0140 -28.6541 39.7114 -10.5390 0.0000 -0.0000 -16.4718 -6.9056 -27.1515 3.1635 7.1250 -0.0000 -0.0000 24.8899 -55.5112 -6.7231
25.9224 17.8667 5.0896 -91.1450 -82.3600 97.7672 0.0000 0.0000 0.0000 -8.1964 -6.0269 -16.8362 10.2614 17.5543 60.3586 0.0327 -1.6064 4.4012 0.3497 -3.7995 -10.5132 0.0000 0.0000 0.0000 31.2459 4.3062 -18.3548 -0.9733 -6.2808 17.6013 0.1340 -7.9449 -7.8087 -1.4068 -7.5024 21.2126 5.3020 -0.5491 -0.1897 6.5725 -0.9217 -0.5357 3.8160 -0.5605 -0.4132 -6.2530 -4.0341 -13.3665 6.5440 -6.2681 23.2534 2.5264 -2.8800 9.9947 0.0000 0.0000 0.0000 -26.1755 6.7829 -14.9564 22.6072 -33.6564 -6.9194 -0.0000 0.0000 -12.0620 13.4658 27.2871 6.2646 -7.1250 0.0000 -0.0000 -18.4316 56.9576 -5.5290 0.0000 0.0000 0.0000 24.2452 3.7964 -20.8092 -28.4010 39.4828 -10.3777 0.0000 -0.0000 -18.3237 -8.5314 -28.6058 4.1081 7.1250 -0.0000 -0.0000 24.3064 -57.1524 -7.5379
25.6541 17.9119 5.0704 -94.6477 -82.2518 100.9190 0.0000 0.0000 0.0000 -7.8718 -6.2753 -18.3005 10.5605 17.7132 61.3460 0.0103 -0.8104 2.3976 0.3282 -3.6819 -10.1834 0.0000 0.0000 0.0000 31.5601 4.0657 -16.4139 -0.8835 -5.9919 16.7610 0.1048 -7.7111 -8.3100 -1.3869 -7.4513 21.0595 5.2486 -0.3583 -0.1903 6.5340 -0.6614 -0.5857 3.8055 -0.4302 -0.4717 -6.3612 -4.2860 -13.2668 7.2069 -6.7408 22.8409 2.7137 -3.0388 9.8929 0.0000 0.0000 0.0000 -20.4001 6.1245 -18.2074 22.6398 -33.6926 -6.9374 -0.0000 0.0000 -15.6026 14.8573 28.3440 7.1784 -7.1250 0.0000 -0.0000 -17.6724 58.2615 -5.8515 0.0000 0.0000 0.0000 19.0819 4.5153 -25.0184 -28.0317 39.1454 -10.1437 0.0000 -0.0000 -19.8996 -9.6514 -29.3628 4.7667 7.1250 -0.0000 -0.0000 23.7409 -58.0763 -7.8857
25.3877 17.9586 5.0540 -97.8475 -82.1705 103.7780 0.0000 0.0000 0.0000 -7.6389 -6.6169 -19.6370 10.6756 17.7727 61.7236 0.0004 -0.2756 0.5614 0.3164 -3.6159 -9.9985 0.0000 0.0000 0.0000 31.7812 3.7502 -14.4878 -0.7913 -5.6784 15.8541 0.0758 -7.4764 -8.7564 -1.3667 -7.3990 20.9030 5.1978 -0.1793 -0.1981 6.4643 -0.4174 -0.6154 3.7604 -0.3070 -0.5050 -6.4804 -4.5329 -13.1783 7.9322 -7.2162 22.4208 2.9234 -3.1961 9.7987 0.0000 0.0000 0.0000 -15.0569 5.2684 -21.8536 22.6887 -33.7467 -6.9646 -0.0000 0.0000 -18.8393 15.4672 28.6723 7.5626 -7.1250 0.0000 -0.0000 -17.2503 58.7104 -5.8934 0.0000 0.0000 0.0000 14.2191 5.2877 -29.5099 -27.5920 38.7379 -9.8673 0.0000 -0.0000 -21.1528 -9.9707 -29.2239 4.9057 7.1250 -0.0000 -0.0000 23.3138 -58.0189 -7.7007
25.1236 18.0040 5.0400 -100.7700 -82.1296 106.3890 0.0000 0.0000 0.0000 -7.4918 -7.0307 -20.8788 10.6185 17.7433 61.5363 0.0049 -0.0581 -1.2999 0.3460 -3.7794 -10.4569 0.0000 0.0000 0.0000 31.8939 3.4312 -12.5928 -0.7016 -5.3539 14.9207 0.0464 -7.2427 -9.1844 -1.3532 -7.3640 20.7982 5.1280 -0.0227 -0.1562 6.3794 -0.1949 -0.6783 3.7104 -0.1947 -0.5999 -6.5896 -4.7712 -13.0997 8.6297 -7.6757 22.0343 3.1229 -3.3510 9.7208 0.0000 0.0000 0.0000 -10.1670 4.3393 -25.6344 22.7888 -33.8571 -7.0203 -0.0000 0.0000 -21.7104 15.3267 28.4171 7.4309 -7.1250 0.0000 -0.0000 -17.2294 58.4349 -5.7713 0.0000 0.0000 0.0000 9.6292 6.0579 -33.9814 -27.1008 38.2751 -9.5615 0.0000 -0.0000 -22.1664 -9.5831 -28.3450 4.5829 7.1250 -0.0000 -0.0000 23.0677 -57.1345 -7.1142
24.8621 18.0452 5.0280 -103.4230 -82.0927 108.7880 0.0000 0.0000 0.0000 -7.3583 -7.4630 -22.0759 10.4018 17.6297 60.8232 0.0272 -0.0471 -3.0965 0.3806 -3.9621 -10.9700 0.0000 0.0000 0.0000 31.9558 3.1712 -10.7656 -0.6188 -5.0342 14.0060 0.0170 -7.0215 -9.6037 -1.3491 -7.3533 20.7664 5.0789 0.1088 -0.0782 6.2930 0.0017 -0.7976 3.6475 -0.0967 -0.7724 -6.6764 -4.9951 -12.9963 9.2379 -8.1004 21.6780 3.2919 -3.5006 9.6456 -0.0000 0.0000 0.0000 -5.7150 3.4356 -29.2286 22.9396 -34.0227 -7.1045 -0.0000 0.0000 -24.1620 14.9022 27.9111 7.1008 -7.1250 0.0000 -0.0000 -17.3456 57.8576 -5.5691 -0.0000 0.0000 0.0000 5.3073 6.8115 -38.2004 -26.5689 37.7650 -9.2339 0.0000 -0.0000 -23.0185 -8.9299 -27.2081 4.1093 7.1250 -0.0000 -0.0000 22.9398 -55.9611 -6.4085
24.6033 18.0802 5.0178 -105.8170 -82.0178 111.0040 0.0000 0.0000 0.0000 -7.1691 -7.8389 -23.2625 10.0378 17.4311 59.6147 0.0615 -0.1097 -4.6435 0.3846 -3.9828 -11.0283 0.0000 0.0000 0.0000 32.0339 2.9742 -9.0612 -0.5455 -4.7319 13.1454 -0.0108 -6.8339 -10.0057 -1.3360 -7.3189 20.6638 5.1032 0.2251 -0.0122 6.2097 0.1790 -0.9595 3.5465 -0.0101 -0.9812 -6.7558 -5.2074 -12.8825 9.7615 -8.4920 21.3568 3.4344 -3.6450 9.5770 -0.0000 -0.0000 0.0000 -1.6561 2.5940 -32.4435 23.0914 -34.1886 -7.1896 -0.0000 0.0000 -26.0119 14.4783 27.3933 6.7751 -7.1250 0.0000 -0.0000 -17.4587 57.2713 -5.3579 -0.0000 -0.0000 0.0000 1.2733 7.5390 -42.1056 -26.0303 37.2387 -8.9060 0.0000 -0.0000 -23.6802 -8.3732 -26.2136 3.7199 7.1250 -0.0000 -0.0000 22.8437 -54.9408 -5.8013
24.3475 18.1073 5.0102 -107.9200 -81.8862 113.0170 0.0000 0.0000 0.0000 -6.8962 -8.1287 -24.4534 9.5465 17.1468 57.9614 0.1001 -0.1748 -5.9135 0.3921 -4.0208 -11.1352 0.0000 0.0000 0.0000 32.1583 2.8170 -7.5287 -0.4836 -4.4593 12.3724 -0.0378 -6.6818 -10.4124 -1.3086 -7.2463 20.4470 5.2376 0.3320 0.0323 6.1342 0.3435 -1.1639 3.3919 0.0673 -1.2203 -6.8654 -5.4026 -12.8065 10.2302 -8.8461 21.1242 3.5677 -3.7794 9.5446 0.0000 -0.0000 0.0000 2.0374 1.8533 -35.1475 23.1905 -34.2965 -7.2454 -0.0000 0.0000 -27.1569 14.0385 26.9747 6.4707 -7.1250 0.0000 -0.0000 -17.6533 56.7789 -5.2082 0.0000 -0.0000 0.0000 -2.4636 8.2175 -45.6448 -25.5242 36.7349 -8.6015 0.0000 -0.0000 -24.1231 -8.0675 -25.5332 3.4962 7.1250 -0.0000 -0.0000 22.7204 -54.2586 -5.3809
24.0952 18.1264 5.0058 -109.7760 -81.6981 114.8470 0.0000 0.0000 0.0000 -6.5466 -8.3253 -25.5924 8.9417 16.7700 55.8881 0.1396 -0.2506 -6.9713 0.4335 -4.2250 -11.7105 0.0000 0.0000 0.0000 32.3299 2.6981 -6.1489 -0.4342 -4.2286 11.7207 -0.0665 -6.5543 -10.8643 -1.2750 -7.1564 20.1795 5.4921 0.4307 0.0828 6.0661 0.4985 -1.3950 3.1779 0.1362 -1.4882 -6.9881 -5.5807 -12.7912 10.5961 -9.1551 20.9906 3.6729 -3.9010 9.5514 0.0000 -0.0000 0.0000 5.3684 1.2305 -37.3137 23.2174 -34.3257 -7.2605 -0.0000 0.0000 -27.7531 13.5227 26.6819 6.1636 -7.1250 0.0000 -0.0000 -18.0023 56.3934 -5.1460 0.0000 -0.0000 0.0000 -5.9039 8.8418 -48.7899 -25.0474 36.2524 -8.3179 0.0000 -0.0000 -24.3287 -7.9413 -25.1244 3.3896 7.1250 -0.0000 -0.0000 22.5969 -53.8595 -5.1237
23.8469 18.1380 5.0043 -111.3720 -81.4743 116.4480 0.0000 0.0000 0.0000 -6.1446 -8.4602 -26.6055 8.2306 16.2863 53.3892 0.1761 -0.2565 -7.8378 0.4942 -4.5070 -12.5076 0.0000 0.0000 0.0000 32.5301 2.5944 -4.9091 -0.3981 -4.0509 11.2199 -0.0983 -6.4313 -11.3562 -1.2314 -7.0375 19.8265 5.8231 0.5163 0.1922 6.0150 0.6434 -1.6459 2.9390 0.1958 -1.8080 -7.1176 -5.7377 -12.8372 10.8540 -9.4098 20.9333 3.7482 -4.0049 9.5870 0.0000 0.0000 0.0000 8.2875 0.7267 -38.9516 23.2167 -34.3249 -7.2601 -0.0000 0.0000 -28.1207 13.0552 26.4484 5.8965 -7.1250 0.0000 -0.0000 -18.3363 56.0763 -5.1035 0.0000 0.0000 0.0000 -9.0604 9.4049 -51.5202 -24.5861 35.7780 -8.0467 0.0000 -0.0000 -24.3655 -7.9480 -24.8591 3.3590 7.1250 -0.0000 -0.0000 22.4338 -53.6163 -4.9471
23.6018 18.1430 5.0050 -112.9310 -81.2445 118.0280 0.0000 0.0000 0.0000 -5.7419 -8.5614 -27.4262 7.4222 15.6774 50.4538 0.2055 -0.0729 -8.5359 0.5505 -4.7530 -13.2053 0.0000 0.0000 0.0000 32.7109 2.5041 -3.7896 -0.3740 -3.9278 10.8738 -0.1344 -6.2885 -11.8787 -1.1748 -6.8796 19.3591 6.1492 0.5913 0.3391 5.9939 0.7762 -1.8718 2.7341 0.2475 -2.1222 -7.2450 -5.8734 -12.9850 11.0111 -9.6023 20.9007 3.7942 -4.0839 9.6394 0.0000 -0.0000 0.0000 10.7198 0.3583 -40.2037 23.2443 -34.3548 -7.2757 -0.0000 0.0000 -28.4006 12.6339 26.2098 5.6537 -7.1250 0.0000 -0.0000 -18.6190 55.7654 -5.0438 0.0000 -0.0000 0.0000 -11.9627 9.9127 -53.9318 -24.1402 35.3122 -7.7875 0.0000 -0.0000 -24.2869 -7.9271 -24.6267 3.3207 7.1250 -0.0000 -0.0000 22.3190 -53.3983 -4.7977
23.3580 18.1418 5.0074 -114.6830 -81.0356 119.8230 0.0000 0.0000 0.0000 -5.3859 -8.6690 -28.0347 6.5421 14.9338 47.1204 0.2242 0.3911 -9.0945 0.5825 -4.8870 -13.5865 0.0000 0.0000 0.0000 32.8298 2.4597 -2.7746 -0.3599 -3.8541 10.6665 -0.1747 -6.1298 -12.4251 -1.1096 -6.6926 18.8078 6.4049 0.6548 0.4599 6.0004 0.8878 -2.0594 2.5972 0.2898 -2.3823 -7.3779 -5.9633 -13.1435 11.1226 -9.7033 20.8066 3.8367 -4.1245 9.6607 -0.0000 -0.0000 0.0000 12.6381 0.1595 -41.1224 23.3467 -34.4658 -7.3336 -0.0000 0.0000 -28.6331 12.3466 25.9731 5.4758 -7.1250 0.0000 -0.0000 -18.7678 55.4843 -4.9564 -0.0000 -0.0000 0.0000 -14.5933 10.3880 -56.0608 -23.7398 34.8879 -7.5572 0.0000 -0.0000 -24.1281 -7.8154 -24.3816 3.2430 7.1250 -0.0000 -0.0000 22.2855 -53.1523 -4.6523
23.1142 18.1351 5.0107 -116.7680 -80.8464 121.9830 0.0000 0.0000 0.0000 -5.0918 -8.7773 -28.4334 5.6154 14.0450 43.4180 0.2270 1.1574 -9.4987 0.5845 -4.8951 -13.6095 0.0000 0.0000 0.0000 32.8752 2.4692 -1.8566 -0.3538 -3.8216 10.5752 -0.2174 -5.9703 -12.9800 -1.0365 -6.4752 18.1697 6.5875 0.7186 0.5269 6.0044 0.9915 -2.2116 2.4983 0.3305 -2.5759 -7.4584 -6.0051 -13.2854 11.2026 -9.7278 20.6367 3.8696 -4.1297 9.6397 -0.0000 0.0000 0.0000 14.1210 0.0965 -41.7823 23.5295 -34.6628 -7.4373 -0.0000 0.0000 -28.7611 12.2513 25.7937 5.3977 -7.1250 0.0000 -0.0000 -18.7585 55.2954 -4.8664 -0.0000 0.0000 0.0000 -16.8754 10.8049 -57.8946 -23.4283 34.5539 -7.3798 0.0000 -0.0000 -23.9689 -7.6954 -24.1615 3.1657 7.1250 -0.0000 -0.0000 22.2756 -52.9281 -4.5245
22.8695 18.1231 5.0142 -119.0610 -80.6677 124.3930 0.0000 0.0000 0.0000 -4.8451 -8.8815 -28.6341 4.6661 12.9976 39.3594 0.2087 2.1934 -9.7245 0.5667 -4.8215 -13.4000 0.0000 0.0000 0.0000 32.8607 2.5117 -1.0267 -0.3534 -3.8194 10.5691 -0.2624 -5.8205 -13.5495 -0.9546 -6.2216 17.4288 6.7021 0.7902 0.5734 5.9958 1.1043 -2.3749 2.4237 0.3769 -2.7697 -7.4558 -6.0071 -13.3709 11.2474 -9.7044 20.4289 3.8836 -4.1126 9.5834 0.0000 0.0000 0.0000 15.2440 0.0803 -42.2554 23.7770 -34.9276 -7.5785 -0.0000 0.0000 -28.6947 12.3289 25.7039 5.4152 -7.1250 0.0000 -0.0000 -18.6291 55.2252 -4.7989 0.0000 0.0000 0.0000 -18.7539 11.1245 -59.3605 -23.2355 34.3453 -7.2707 0.0000 -0.0000 -23.9147 -7.6364 -24.0145 3.1232 7.1250 -0.0000 -0.0000 22.2493 -52.7820 -4.4369
22.6224 18.1067 5.0178 -121.3920 -80.4925 126.8680 0.0000 0.0000 0.0000 -4.6317 -8.9897 -28.6159 3.7202 11.7785 34.9527 0.1652 3.4074 -9.7104 0.5418 -4.7160 -13.1003 0.0000 0.0000 0.0000 32.7987 2.5554 -0.2417 -0.3560 -3.8333 10.6080 -0.3118 -5.6616 -14.1452 -0.8723 -5.9549 16.6535 6.7619 0.8615 0.5992 5.9818 1.2145 -2.5438 2.3738 0.4231 -2.9584 -7.3821 -5.9750 -13.4328 11.2600 -9.6458 20.2368 3.8800 -4.0782 9.5190 -0.0000 -0.0000 0.0000 16.0446 0.0703 -42.6953 24.0709 -35.2392 -7.7474 -0.0000 0.0000 -28.4450 12.4215 25.6494 5.4462 -7.1250 0.0000 -0.0000 -18.5054 55.1915 -4.7500 -0.0000 -0.0000 0.0000 -20.2385 11.3637 -60.5102 -23.1515 34.2541 -7.2234 0.0000 -0.0000 -23.9220 -7.6143 -23.8945 3.0995 7.1250 -0.0000 -0.0000 22.2034 -52.6673 -4.3629
22.3716 18.0864 5.0212 -123.4860 -80.3282 129.1280 0.0000 0.0000 0.0000 -4.4187 -9.1472 -28.3763 2.8162 10.3914 30.2537 0.1029 4.6051 -9.4475 0.5166 -4.6067 -12.7902 0.0000 0.0000 0.0000 32.7127 2.5866 0.5366 -0.3583 -3.8453 10.6418 -0.3653 -5.5036 -14.7679 -0.7966 -5.6971 15.9080 6.7808 0.9110 0.5702 5.9776 1.2879 -2.7054 2.3583 0.4527 -3.1096 -7.2902 -5.9076 -13.4870 11.2709 -9.5501 20.0974 3.8788 -4.0254 9.4666 0.0000 -0.0000 0.0000 16.5396 0.0690 -43.1773 24.3961 -35.5803 -7.9358 -0.0000 0.0000 -28.1994 12.4214 25.5395 5.4245 -7.1250 0.0000 -0.0000 -18.4427 55.0869 -4.6855 0.0000 -0.0000 0.0000 -21.3694 11.5710 -61.4169 -23.1437 34.2456 -7.2190 0.0000 -0.0000 -23.8697 -7.5833 -23.7358 3.0675 7.1250 -0.0000 -0.0000 22.1449 -52.5153 -4.2657
22.1170 18.0616 5.0261 -125.3400 -80.1564 131.1870 0.0000 0.0000 0.0000 -4.1608 -9.4089 -27.9425 1.9982 8.8623 25.3654 0.0366 5.5945 -8.9855 0.4887 -4.4822 -12.4375 0.0000 0.0000 0.0000 32.6021 2.5656 1.2607 -0.3610 -3.8597 10.6824 -0.4227 -5.2929 -15.3680 -0.7196 -5.4207 15.1124 6.8034 0.9460 0.4546 5.9792 1.3298 -2.8459 2.3484 0.4679 -3.1900 -7.1761 -5.8215 -13.5807 11.2693 -9.4395 20.0364 3.8717 -3.9629 9.4456 0.0000 0.0000 0.0000 16.7782 0.0754 -43.7184 24.7277 -35.9244 -8.1296 -0.0000 0.0000 -28.1790 12.2827 25.3602 5.3274 -7.1250 0.0000 -0.0000 -18.4792 54.8897 -4.6053 0.0000 0.0000 0.0000 -22.1742 11.7227 -62.0951 -23.1912 34.2972 -7.2457 0.0000 -0.0000 -23.7609 -7.5714 -23.5528 3.0404 7.1250 -0.0000 -0.0000 22.0558 -52.3440 -4.1519
21.8586 18.0318 5.0342 -126.9470 -79.9458 133.0600 0.0000 0.0000 0.0000 -3.7949 -9.8500 -27.3788 1.3116 7.2542 20.4707 -0.0221 6.3673 -8.4809 0.4686 -4.3904 -12.1777 0.0000 0.0000 0.0000 32.4898 2.5068 1.8857 -0.3668 -3.8906 10.7691 -0.4828 -5.0179 -15.9254 -0.6353 -5.0997 14.1931 6.8690 0.9800 0.2654 5.9908 1.3622 -2.9992 2.3266 0.4768 -3.2418 -7.0526 -5.7256 -13.6721 11.2612 -9.3287 20.0525 3.8618 -3.8999 9.4504 -0.0000 0.0000 0.0000 16.7899 0.0774 -44.2210 25.0469 -36.2519 -8.3176 -0.0000 0.0000 -28.3790 12.1128 25.1914 5.2195 -7.1250 0.0000 -0.0000 -18.5532 54.6969 -4.5363 -0.0000 0.0000 0.0000 -22.6605 11.7836 -62.4454 -23.2998 34.4151 -7.3071 0.0000 -0.0000 -23.7385 -7.5836 -23.4076 3.0276 7.1250 -0.0000 -0.0000 21.9654 -52.2118 -4.0602
21.5962 17.9980 5.0458 -128.3920 -79.6933 134.8060 0.0000 0.0000 0.0000 -3.3204 -10.4885 -26.7447 0.7878 5.6661 15.8186 -0.0707 7.0582 -8.1698 0.4854 -4.4676 -12.3962 0.0000 0.0000 0.0000 32.3809 2.4470 2.4281 -0.3793 -3.9555 10.9514 -0.5450 -4.7134 -16.4648 -0.5386 -4.7023 13.0613 6.9712 1.0182 0.0524 6.0089 1.3958 -3.1426 2.2917 0.4855 -3.2690 -6.9126 -5.6381 -13.8704 11.2475 -9.2385 20.1535 3.8433 -3.8403 9.5061 0.0000 0.0000 0.0000 16.6033 0.0870 -44.7022 25.3336 -36.5430 -8.4877 -0.0000 0.0000 -28.5888 11.9662 25.0926 5.1359 -7.1250 0.0000 -0.0000 -18.6432 54.5753 -4.5033 0.0000 0.0000 0.0000 -22.8501 11.7361 -62.5441 -23.4666 34.5951 -7.4015 0.0000 -0.0000 -23.8295 -7.5810 -23.3016 3.0136 7.1250 -0.0000 -0.0000 21.9108 -52.1133 -3.9948
21.3305 17.9604 5.0603 -129.7010 -79.4230 136.4230 0.0000 0.0000 0.0000 -2.7659 -11.2888 -26.1383 0.4339 4.2268 11.7157 -0.1112 7.8141 -8.3084 0.5438 -4.7247 -13.1251 0.0000 0.0000 0.0000 32.2728 2.4180 2.9246 -0.3993 -4.0569 11.2369 -0.6072 -4.4418 -17.0061 -0.4250 -4.1842 11.5954 7.0825 1.0486 -0.1411 6.0319 1.4172 -3.2321 2.2569 0.4896 -3.2511 -6.7577 -5.5712 -14.3402 11.2260 -9.1757 20.3524 3.8120 -3.7800 9.6498 -0.0000 0.0000 0.0000 16.2451 0.1447 -45.2359 25.5647 -36.7756 -8.6257 -0.0000 0.0000 -28.6847 11.8121 25.0093 5.0526 -7.1250 0.0000 -0.0000 -18.7495 54.4673 -4.4803 -0.0000 0.0000 0.0000 -22.7845 11.5936 -62.5690 -23.6766 34.8204 -7.5211 0.0000 -0.0000 -23.9518 -7.5396 -23.2364 2.9891 7.1250 -0.0000 -0.0000 21.9149 -52.0458 -3.9583
21.0631 17.9198 5.0780 -130.9010 -79.1601 137.9160 0.0000 0.0000 0.0000 -2.1966 -12.1245 -25.7355 0.2336 3.1110 8.5879 -0.1408 8.6019 -8.9722 0.6188 -5.0342 -14.0062 0.0000 0.0000 0.0000 32.1490 2.4220 3.3886 -0.4276 -4.1968 11.6310 -0.6665 -4.2174 -17.5270 -0.3017 -3.5317 9.7629 7.1906 1.0746 -0.3026 6.0347 1.4343 -3.2871 2.2021 0.4930 -3.2148 -6.5669 -5.5202 -14.8819 11.2040 -9.1406 20.5450 3.7695 -3.7266 9.8069 0.0000 0.0000 0.0000 15.7783 0.2107 -45.7663 25.7248 -36.9357 -8.7218 -0.0000 0.0000 -28.6192 11.6296 24.9131 4.9549 -7.1250 0.0000 -0.0000 -18.8761 54.3418 -4.4535 0.0000 0.0000 0.0000 -22.4118 11.3356 -62.4662 -23.9438 35.1047 -7.6742 0.0000 -0.0000 -24.0483 -7.5225 -23.2398 2.9827 7.1250 -0.0000 -0.0000 21.9329 -52.0461 -3.9620
20.7953 17.8775 5.0984 -131.8360 -78.9374 139.1020 0.0000 0.0000 0.0000 -1.7729 -12.6647 -25.8030 0.1533 2.5230 6.9535 -0.1501 9.1317 -9.7686 0.6655 -5.2170 -14.5285 0.0000 0.0000 0.0000 32.0198 2.4597 3.8516 -0.4654 -4.3760 12.1369 -0.7228 -4.0403 -18.0269 -0.1915 -2.8184 7.7735 7.2876 1.0952 -0.3984 6.0116 1.4544 -3.3621 2.1258 0.4970 -3.2360 -6.3607 -5.4741 -15.1977 11.2105 -9.1249 20.6237 3.7344 -3.6896 9.8844 0.0000 -0.0000 0.0000 15.2162 0.2267 -46.1328 25.8379 -37.0482 -8.7898 -0.0000 0.0000 -28.4024 11.4773 24.8470 4.8765 -7.1250 0.0000 -0.0000 -18.9895 54.2507 -4.4389 0.0000 -0.0000 0.0000 -21.6836 10.9434 -62.0921 -24.2951 35.4747 -7.8771 0.0000 -0.0000 -24.1226 -7.6169 -23.3178 3.0301 7.1250 -0.0000 -0.0000 21.8853 -52.1342 -4.0013
20.5274 17.8352 5.1210 -132.3380 -78.7745 139.7650 0.0000 0.0000 0.0000 -1.6858 -12.5648 -26.4568 0.1560 2.5446 7.0132 -0.1507 9.2861 -10.0542 0.6612 -5.2004 -14.4811 0.0000 0.0000 0.0000 31.8960 2.4761 4.3350 -0.5151 -4.6002 12.7717 -0.7786 -3.8638 -18.5059 -0.1071 -2.1101 5.8101 7.3675 1.0977 -0.3924 5.9892 1.4636 -3.4380 2.0586 0.4951 -3.3166 -6.1824 -5.4454 -15.2731 11.2319 -9.1240 20.5553 3.7095 -3.6723 9.8677 -0.0000 -0.0000 0.0000 14.4957 0.1825 -46.3219 25.9422 -37.1515 -8.8527 -0.0000 0.0000 -28.1361 11.4584 24.7959 4.8589 -7.1250 0.0000 -0.0000 -18.9799 54.1988 -4.4121 -0.0000 -0.0000 0.0000 -20.6439 10.3990 -61.4726 -24.7428 35.9399 -8.1385 0.0000 -0.0000 -24.1967 -7.7818 -23.4346 3.1109 7.1250 -0.0000 -0.0000 21.7916 -52.2703 -4.0576
20.2571 17.7944 5.1452 -132.4010 -78.6306 139.8700 0.0000 0.0000 0.0000 -1.8775 -12.0169 -27.3931 0.2204 3.0223 8.3410 -0.1706 9.4241 -9.7969 0.5966 -4.9448 -13.7513 0.0000 0.0000 0.0000 31.8101 2.4490 4.8519 -0.5808 -4.8800 13.5665 -0.8327 -3.6641 -18.9412 -0.0457 -1.3804 3.7961 7.4564 1.0625 -0.2908 6.0113 1.4308 -3.4685 2.0327 0.4727 -3.4059 -6.1028 -5.4236 -15.2130 11.2421 -9.0940 20.3804 3.7025 -3.6568 9.7885 0.0000 -0.0000 0.0000 13.5468 0.1672 -46.3956 26.0485 -37.2565 -8.9170 -0.0000 0.0000 -27.9489 11.4755 24.7044 4.8496 -7.1250 0.0000 -0.0000 -18.9126 54.1153 -4.3564 0.0000 -0.0000 0.0000 -19.3812 9.7821 -60.7372 -25.2687 36.4774 -8.4492 0.0000 -0.0000 -24.3163 -7.9131 -23.5431 3.1778 7.1250 -0.0000 -0.0000 21.7255 -52.3933 -4.1117
19.9796 17.7560 5.1702 -132.3720 -78.4347 139.7550 0.0000 0.0000 0.0000 -2.1679 -11.4057 -28.1381 0.3298 3.6908 10.2084 -0.2006 9.6624 -9.4524 0.5127 -4.5895 -12.7414 0.0000 0.0000 0.0000 31.7720 2.4327 5.4196 -0.6690 -5.2305 14.5671 -0.8798 -3.4560 -19.2915 -0.0075 -0.5609 1.5413 7.5667 1.0098 -0.1386 6.0703 1.3777 -3.4627 2.0334 0.4404 -3.4868 -6.1381 -5.3827 -14.9373 11.2671 -9.0095 20.1202 3.7308 -3.6333 9.6392 0.0000 -0.0000 0.0000 12.4010 0.1836 -46.3135 26.1304 -37.3372 -8.9666 -0.0000 0.0000 -27.7520 11.4211 24.5808 4.8036 -7.1250 0.0000 -0.0000 -18.8985 53.9880 -4.2932 0.0000 -0.0000 0.0000 -17.8797 9.1643 -59.8770 -25.8445 37.0548 -8.7938 0.0000 -0.0000 -24.4999 -7.9498 -23.5997 3.1999 7.1250 -0.0000 -0.0000 21.7212 -52.4520 -4.1429
19.6891 17.7209 5.1966 -132.8360 -78.1608 140.0280 0.0000 0.0000 0.0000 -2.5098 -10.9154 -28.3887 0.4585 4.3437 12.0457 -0.2132 9.7247 -9.2135 0.4446 -4.2783 -11.8609 0.0000 0.0000 0.0000 31.6950 2.4702 6.0137 -0.7874 -5.6646 15.8142 -0.9151 -3.2137 -19.5039 -0.0030 0.3563 -0.9790 7.6618 0.9939 0.0188 6.1077 1.3725 -3.4209 2.0184 0.4341 -3.5319 -6.2043 -5.3332 -14.5837 11.3042 -8.9166 19.8781 3.7711 -3.6101 9.4833 0.0000 -0.0000 0.0000 11.1564 0.1245 -46.1011 26.1428 -37.3494 -8.9742 -0.0000 0.0000 -27.3040 11.2745 24.5233 4.7302 -7.1250 0.0000 -0.0000 -19.0110 53.9066 -4.2818 0.0000 -0.0000 0.0000 -16.1084 8.5545 -58.9728 -26.4291 37.6293 -9.1484 0.0000 -0.0000 -24.6642 -7.9825 -23.6118 3.2148 7.1250 -0.0000 -0.0000 21.6966 -52.4689 -4.1470
19.3822 17.6901 5.2271 -134.2170 -77.8617 141.1870 0.0000 0.0000 0.0000 -3.0263 -10.4712 -28.1699 0.5783 4.8698 13.5376 -0.2194 9.5108 -8.4927 0.4022 -4.0718 -11.2789 0.0000 0.0000 0.0000 31.4111 2.5626 6.5319 -0.9442 -6.1887 17.3328 -0.9353 -2.8487 -19.5082 -0.0397 1.2854 -3.5344 7.6760 1.0421 0.0982 6.0674 1.4433 -3.3661 1.9650 0.4704 -3.5165 -6.2238 -5.2845 -14.2860 11.3098 -8.8427 19.7450 3.7902 -3.5916 9.3744 0.0000 0.0000 0.0000 9.8523 -0.1122 -45.8095 26.0788 -37.2864 -8.9353 -0.0000 0.0000 -26.5294 11.1417 24.5500 4.6781 -7.1250 0.0000 -0.0000 -19.1557 53.9076 -4.3168 0.0000 0.0000 0.0000 -14.0646 7.9713 -58.0708 -27.0234 38.2015 -9.5136 0.0000 -0.0000 -24.7076 -8.2046 -23.7112 3.3183 7.1250 -0.0000 -0.0000 21.5389 -52.5994 -4.1853
19.0597 17.6655 5.2642 -136.5070 -77.6114 143.2880 0.0000 0.0000 0.0000 -3.7854 -10.0436 -27.6595 0.6660 5.2189 14.5341 -0.2627 9.5082 -6.6271 0.3735 -3.9254 -10.8669 0.0000 0.0000 0.0000 30.8155 2.7214 6.8661 -1.1490 -6.8062 19.1425 -0.9285 -2.3476 -19.1928 -0.1160 2.1958 -6.0471 7.5771 1.1211 0.0197 5.9394 1.5384 -3.3381 1.8833 0.5240 -3.4386 -6.2005 -5.2058 -13.9883 11.2424 -8.7412 19.7591 3.7821 -3.5624 9.3080 0.0000 -0.0000 0.0000 8.3948 -0.5299 -45.5065 26.0209 -37.2293 -8.9003 -0.0000 0.0000 -25.5129 11.0372 24.6286 4.6471 -7.1250 0.0000 -0.0000 -19.3013 53.9627 -4.3779 0.0000 -0.0000 0.0000 -11.7281 7.5194 -57.1332 -27.7186 38.8559 -9.9467 0.0000 -0.0000 -24.4564 -8.7858 -24.0979 3.6108 7.1250 -0.0000 -0.0000 21.1940 -53.0601 -4.3582
18.7278 17.6508 5.3058 -139.2620 -77.5266 145.8720 0.0000 0.0000 0.0000 -4.7783 -9.7343 -27.0128 0.7189 5.4182 15.1052 -0.3084 9.7946 -3.9600 0.3004 -3.5243 -9.7420 0.0000 0.0000 0.0000 29.9083 2.9007 6.9237 -1.4179 -7.5306 21.2971 -0.8776 -1.8295 -18.4474 -0.2369 3.1327 -8.6485 7.3319 1.1576 -0.1803 5.7437 1.5653 -3.3355 1.8155 0.5494 -3.3207 -6.1397 -5.0761 -13.7141 11.0827 -8.5770 19.9421 3.7456 -3.5068 9.2918 0.0000 -0.0000 0.0000 6.6194 -1.1086 -45.2900 26.1258 -37.3327 -8.9638 -0.0000 0.0000 -24.3539 11.0099 24.6906 4.6463 -7.1250 0.0000 -0.0000 -19.3622 54.0163 -4.4183 0.0000 -0.0000 0.0000 -9.0124 7.2542 -56.1682 -28.6865 39.7406 -10.5597 0.0000 -0.0000 -23.7865 -9.6485 -24.8864 4.0921 7.1250 -0.0000 -0.0000 20.8025 -53.9503 -4.7346
18.3954 17.6502 5.3468 -141.9980 -77.7403 148.3950 0.0000 0.0000 0.0000 -6.0330 -9.5610 -26.3379 0.7694 5.6009 15.6308 -0.2970 9.7642 -1.7332 0.1693 -2.6506 -7.3075 0.0000 0.0000 0.0000 28.7145 2.9237 6.5858 -1.7778 -8.3871 23.8961 -0.7731 -1.3986 -17.1721 -0.3960 4.0402 -11.1899 6.8945 1.0927 -0.3912 5.5046 1.4580 -3.3220 1.8118 0.5154 -3.1909 -6.0197 -4.9154 -13.5295 10.8293 -8.3670 20.2232 3.6721 -3.4294 9.3151 0.0000 -0.0000 0.0000 4.4288 -1.8668 -45.2044 26.4796 -37.6784 -9.1793 -0.0000 0.0000 -23.0598 11.0914 24.6189 4.6687 -7.1250 0.0000 -0.0000 -19.2427 53.9634 -4.3642 0.0000 -0.0000 0.0000 -5.8254 7.0896 -55.1959 -30.0712 40.9543 -11.4563 0.0000 -0.0000 -22.9079 -10.4843 -25.9504 4.6297 7.1250 -0.0000 -0.0000 20.6067 -55.1011 -5.2761
18.0691 17.6646 5.3837 -144.4660 -78.2141 150.5650 0.0000 0.0000 0.0000 -7.4934 -9.3530 -25.6766 0.8550 5.8968 16.4853 -0.2415 8.9800 -0.8167 0.0599 -1.5795 -4.3450 0.0000 0.0000 0.0000 27.3299 2.7082 5.7351 -2.2680 -9.4032 27.0650 -0.6106 -1.1229 -15.2099 -0.5260 4.6476 -12.9061 6.3200 0.9282 -0.5222 5.2480 1.2291 -3.2876 1.8676 0.4251 -3.0879 -5.9182 -4.7616 -13.4376 10.5790 -8.1600 20.5317 3.6009 -3.3505 9.3678 0.0000 -0.0000 0.0000 1.8759 -2.7850 -45.1384 27.0329 -38.2105 -9.5194 -0.0000 0.0000 -21.6878 11.1310 24.2873 4.6267 -7.1250 0.0000 -0.0000 -19.0236 53.6568 -4.1667 0.0000 -0.0000 0.0000 -2.1265 6.8818 -53.9650 -31.8614 42.4364 -12.6472 0.0000 -0.0000 -22.3789 -11.4616 -26.8352 5.2296 7.1250 -0.0000 -0.0000 20.1772 -56.1214 -5.6672
17.7510 17.6905 5.4164 -146.5290 -78.7435 152.2370 0.0000 0.0000 0.0000 -8.9224 -9.0416 -24.8764 0.9622 6.2456 17.4988 -0.1832 7.7707 -0.9488 0.0144 -0.7760 -2.1328 0.0000 0.0000 0.0000 25.9486 2.3861 4.3708 -2.9214 -10.5668 30.8324 -0.3930 -1.2391 -12.3568 -0.5466 4.7364 -13.1584 5.7566 0.7360 -0.5510 4.9963 0.9734 -3.2181 1.9222 0.3207 -3.0044 -5.8703 -4.6534 -13.3929 10.4083 -8.0148 20.7914 3.5566 -3.2956 9.4253 -0.0000 -0.0000 0.0000 -0.9237 -3.8597 -44.9413 27.6940 -38.8330 -9.9312 -0.0000 0.0000 -20.3649 11.0533 23.7791 4.5036 -7.1250 0.0000 -0.0000 -18.8298 53.1610 -3.8894 -0.0000 -0.0000 0.0000 2.0674 6.4894 -52.3044 -33.9441 44.0433 -14.0742 0.0000 -0.0000 -22.3577 -12.6089 -27.2423 5.8464 7.1250 -0.0000 -0.0000 19.2760 -56.7376 -5.6915
17.4410 17.7215 5.4455 -148.3780 -79.1903 153.6230 0.0000 0.0000 0.0000 -10.1926 -8.6693 -23.7670 1.0436 6.4966 18.2323 -0.1355 6.5701 -1.4782 0.0008 -0.1822 -0.5007 0.0000 0.0000 0.0000 24.6878 2.1690 2.5902 -3.7400 -11.8061 35.0494 -0.1480 -2.2154 -8.4366 -0.4450 4.2798 -11.8653 5.2419 0.5786 -0.5013 4.7597 0.7686 -3.1013 1.9645 0.2400 -2.9137 -5.8643 -4.5999 -13.3641 10.3182 -7.9388 20.9308 3.5364 -3.2688 9.4565 -0.0000 0.0000 0.0000 -3.9173 -5.0800 -44.4849 28.4143 -39.4948 -10.3861 -0.0000 0.0000 -19.2302 10.9982 23.3853 4.4110 -7.1250 0.0000 -0.0000 -18.6797 52.7773 -3.6779 -0.0000 0.0000 0.0000 6.6662 5.8719 -50.2753 -36.2265 45.6683 -15.6843 0.0000 -0.0000 -22.5877 -13.6088 -27.3015 6.3361 7.1250 -0.0000 -0.0000 18.2944 -57.0011 -5.5054
17.1380 17.7501 5.4721 -150.8210 -79.5567 155.5870 0.0000 0.0000 0.0000 -11.4720 -8.1834 -22.3813 1.0716 6.5805 18.4783 -0.0979 5.5407 -1.9413 0.0030 0.3531 0.9703 0.0000 0.0000 0.0000 23.4599 2.1854 0.5365 -4.6924 -13.0288 39.4765 0.0420 -4.1027 -3.5258 -0.2466 3.1955 -8.8234 4.6390 0.4772 -0.4466 4.5210 0.6367 -2.9551 2.0531 0.1977 -2.7948 -5.9072 -4.5741 -13.2728 10.2683 -7.8775 20.8944 3.5354 -3.2521 9.4200 0.0000 -0.0000 0.0000 -7.1214 -6.4236 -43.6723 29.1373 -40.1424 -10.8492 -0.0000 0.0000 -18.1500 11.1996 23.3464 4.4865 -7.1250 0.0000 -0.0000 -18.4649 52.7755 -3.6323 0.0000 -0.0000 0.0000 11.5370 5.1112 -48.0340 -38.6275 47.2354 -17.4248 0.0000 -0.0000 -22.6771 -14.2264 -27.3372 6.6409 7.1250 -0.0000 -0.0000 17.6831 -57.1645 -5.3837
16.8426 17.7700 5.4965 -154.6790 -79.8752 159.0110 0.0000 0.0000 0.0000 -12.9538 -7.5810 -20.8805 1.0562 6.5346 18.3436 -0.0716 4.7688 -2.2891 0.0168 0.8367 2.2996 0.0000 0.0000 0.0000 22.1268 2.4669 -1.6902 -5.7463 -14.1779 43.9546 0.0818 -6.3729 1.7948 -0.0421 1.3237 -3.6399 3.8181 0.4125 -0.4517 4.2459 0.5488 -2.8215 2.2262 0.1816 -2.6556 -6.0179 -4.5412 -13.1336 10.2174 -7.7814 20.7868 3.5501 -3.2262 9.3489 0.0000 -0.0000 0.0000 -10.5219 -7.7955 -42.4579 29.7987 -40.7203 -11.2781 -0.0000 0.0000 -17.0213 11.6419 23.6102 4.7173 -7.1250 0.0000 -0.0000 -18.1697 53.1047 -3.7201 0.0000 -0.0000 0.0000 16.5922 4.3716 -45.6253 -41.0290 48.6679 -19.2084 0.0000 -0.0000 -22.4384 -14.7069 -27.5345 6.9183 7.1250 -0.0000 -0.0000 17.3105 -57.4550 -5.3880
16.5567 17.7806 5.5176 -160.0490 -80.1884 164.0070 0.0000 0.0000 0.0000 -14.6745 -6.9721 -19.3677 1.0151 6.4103 17.9796 -0.0520 4.1748 -2.6349 0.0354 1.2153 3.3414 0.0000 0.0000 0.0000 20.6544 2.9199 -4.0295 -6.8713 -15.2226 48.3860 0.0004 -8.6504 6.0551 -0.0029 -0.3497 0.9609 2.7544 0.3227 -0.5215 3.9200 0.4247 -2.7192 2.4851 0.1511 -2.5120 -6.1343 -4.4645 -12.9977 10.1062 -7.6138 20.7312 3.5545 -3.1723 9.2874 -0.0000 -0.0000 0.0000 -14.1032 -9.0335 -40.8081 30.4058 -41.2387 -11.6762 -0.0000 0.0000 -16.0150 12.2733 23.9825 5.0532 -7.1250 0.0000 -0.0000 -17.7440 53.5736 -3.8352 -0.0000 -0.0000 0.0000 21.7723 3.8147 -43.0577 -43.2554 49.8846 -20.8958 0.0000 -0.0000 -21.9020 -15.1217 -27.8568 7.1965 7.1250 -0.0000 -0.0000 17.0826 -57.8530 -5.4794
16.2813 17.7859 5.5337 -166.2840 -80.5560 169.8980 0.0000 0.0000 0.0000 -16.5206 -6.4736 -17.8494 0.9640 6.2514 17.5157 -0.0346 3.6777 -3.0754 0.0503 1.4469 3.9793 0.0000 0.0000 0.0000 19.1362 3.3374 -6.4697 -8.0365 -16.1460 52.6939 -0.0224 -10.9387 8.0081 -0.0252 -1.0249 2.8173 1.5311 0.1355 -0.5889 3.5765 0.1726 -2.6544 2.8195 0.0573 -2.4023 -6.1942 -4.3235 -12.9112 9.8832 -7.3541 20.7970 3.5230 -3.0792 9.2617 0.0000 0.0000 0.0000 -17.8880 -10.0322 -38.7561 30.9811 -41.7197 -12.0573 -0.0000 0.0000 -15.1965 12.8872 24.2796 5.3745 -7.1250 0.0000 -0.0000 -17.2939 53.9707 -3.9033 0.0000 0.0000 0.0000 26.9939 3.5015 -40.2457 -45.0788 50.8070 -22.2998 0.0000 -0.0000 -21.2973 -15.4945 -28.1184 7.4437 7.1250 -0.0000 -0.0000 16.8602 -58.1853 -5.5411
16.0146 17.7920 5.5433 -172.0900 -81.0112 175.3680 0.0000 0.0000 0.0000 -18.2115 -6.1022 -16.3104 0.9104 6.0801 17.0171 -0.0151 3.1578 -3.5820 0.0568 1.5386 4.2320 0.0000 0.0000 0.0000 17.8258 3.5554 -8.9799 -9.1843 -16.9249 56.7254 0.1185 -13.0922 7.5902 -0.0415 -1.3147 3.6151 0.3661 -0.1621 -0.6272 3.2925 -0.2258 -2.5968 3.1862 -0.1139 -2.3028 -6.2163 -4.1449 -12.9327 9.5530 -7.0289 20.9654 3.4557 -2.9584 9.2809 -0.0000 0.0000 0.0000 -21.9316 -10.8852 -36.4341 31.5214 -42.1623 -12.4184 -0.0000 0.0000 -14.3504 13.3283 24.5022 5.6115 -7.1250 0.0000 -0.0000 -16.9734 54.2667 -3.9519 -0.0000 0.0000 0.0000 32.1616 3.3806 -37.1979 -46.3001 51.3897 -23.2503 0.0000 -0.0000 -20.6953 -15.9229 -28.2301 7.6854 7.1250 -0.0000 -0.0000 16.4821 -58.3871 -5.4928
15.7536 17.8034 5.5465 -175.7450 -81.5978 178.7180 0.0000 0.0000 0.0000 -19.3950 -5.8576 -14.7701 0.8603 5.9147 16.5371 0.0069 2.5848 -4.1063 0.0594 1.5727 4.3263 0.0000 0.0000 0.0000 17.0314 3.5324 -11.5058 -10.2259 -17.5350 60.2409 0.3555 -14.8640 5.8071 -0.0987 -2.0264 5.5785 -0.4573 -0.5196 -0.6536 3.1613 -0.7045 -2.5411 3.5198 -0.3353 -2.1978 -6.2912 -3.9955 -13.0150 9.1568 -6.7126 21.1548 3.3725 -2.8502 9.3204 -0.0000 0.0000 0.0000 -26.3359 -11.7489 -33.8419 32.0676 -42.6010 -12.7866 -0.0000 0.0000 -13.4865 13.6908 24.8383 5.8426 -7.1250 0.0000 -0.0000 -16.7900 54.6588 -4.0698 -0.0000 0.0000 0.0000 37.1804 3.3148 -34.0838 -46.8173 51.6283 -23.6551 0.0000 -0.0000 -19.9588 -16.1956 -28.2817 7.8355 7.1250 -0.0000 -0.0000 16.2281 -58.4973 -5.4485
15.4969 17.8213 5.5451 -176.4440 -82.2889 179.1680 0.0000 0.0000 0.0000 -19.9527 -5.7036 -13.2655 0.8137 5.7563 16.0788 0.0305 1.9761 -4.6288 0.0611 1.5945 4.3862 0.0000 0.0000 0.0000 16.8218 3.4099 -13.9928 -11.0822 -17.9751 63.0484 0.5969 -16.2767 3.6875 -0.1874 -2.7881 7.6893 -0.8387 -0.8642 -0.6877 3.2034 -1.1658 -2.5043 3.7825 -0.5588 -2.1033 -6.4741 -3.9051 -13.0708 8.7542 -6.4457 21.2896 3.2986 -2.7755 9.3452 -0.0000 -0.0000 0.0000 -31.1852 -12.7005 -30.9235 32.6635 -43.0698 -13.1917 -0.0000 0.0000 -12.7320 14.0082 25.3508 6.0971 -7.1250 0.0000 -0.0000 -16.7483 55.2139 -4.2882 -0.0000 -0.0000 0.0000 42.0197 3.1164 -31.0019 -46.6397 51.5469 -23.5159 0.0000 -0.0000 -19.0670 -16.4551 -28.3978 7.9961 7.1250 -0.0000 -0.0000 16.0284 -58.6673 -5.4450
15.2437 17.8433 5.5426 -175.1000 -82.9860 177.6360 0.0000 0.0000 0.0000 -20.1388 -5.5794 -11.7918 0.7641 5.5820 15.5763 0.0534 1.3880 -5.1096 0.0594 1.5721 4.3245 0.0000 0.0000 0.0000 16.9258 3.3453 -16.4166 -11.7280 -18.2733 65.1241 0.7953 -17.3154 1.7337 -0.2458 -3.1905 8.8095 -0.9572 -1.1636 -0.7396 3.3410 -1.5671 -2.4997 3.9943 -0.7579 -2.0343 -6.6765 -3.8466 -13.0666 8.3440 -6.2147 21.3684 3.2206 -2.7226 9.3439 0.0000 -0.0000 0.0000 -36.4238 -13.5741 -27.6042 33.2672 -43.5344 -13.6058 -0.0000 0.0000 -12.0396 14.1721 25.9239 6.2997 -7.1250 0.0000 -0.0000 -16.9015 55.7982 -4.5717 0.0000 -0.0000 0.0000 46.6878 2.7009 -27.9209 -45.7776 51.1438 -22.8427 0.0000 -0.0000 -18.0302 -16.9078 -28.5308 8.2608 7.1250 -0.0000 -0.0000 15.6335 -58.8979 -5.3935
14.9937 17.8663 5.5410 -173.5440 -83.6406 175.9350 0.0000 0.0000 0.0000 -20.3032 -5.4405 -10.3250 0.7067 5.3731 14.9758 0.0739 0.8650 -5.5297 0.0536 1.4941 4.1096 0.0000 0.0000 0.0000 17.0097 3.3870 -18.7665 -12.1647 -18.4594 66.5099 0.9205 -17.8304 0.0777 -0.2781 -3.3920 9.3720 -1.0714 -1.4484 -0.8389 3.4640 -1.9494 -2.4796 4.1853 -0.9488 -1.9212 -6.7431 -3.7775 -13.1375 7.9293 -5.9925 21.4291 3.1157 -2.6618 9.3478 0.0000 -0.0000 0.0000 -41.8079 -14.1864 -23.9672 33.7105 -43.8691 -13.9120 -0.0000 0.0000 -11.0898 14.0761 26.4022 6.3620 -7.1250 0.0000 -0.0000 -17.2738 56.2384 -4.8632 0.0000 -0.0000 0.0000 51.1942 2.2217 -24.8458 -44.1790 50.3599 -21.6046 0.0000 -0.0000 -16.5704 -17.4210 -28.4782 8.5095 7.1250 -0.0000 -0.0000 15.0528 -58.9628 -5.2108
14.7466 17.8876 5.5405 -172.9800 -84.2715 175.2550 0.0000 0.0000 0.0000 -20.6110 -5.2892 -8.8624 0.6449 5.1372 14.3002 0.0935 0.4135 -5.9414 0.0513 1.4610 4.0183 0.0000 0.0000 0.0000 16.9302 3.5076 -21.0225 -12.3930 -18.5519 67.2292 0.9515 -17.6566 -1.3339 -0.3011 -3.5279 9.7522 -1.3058 -1.7486 -0.9647 3.5259 -2.3518 -2.4171 4.3769 -1.1490 -1.7426 -6.6693 -3.6957 -13.3932 7.5726 -5.7858 21.4885 3.0031 -2.5861 9.3860 0.0000 -0.0000 0.0000 -47.1410 -14.5414 -20.1574 33.8082 -43.9421 -13.9798 -0.0000 0.0000 -9.6281 13.7386 26.6895 6.2667 -7.1250 0.0000 -0.0000 -17.7874 56.4447 -5.1041 0.0000 -0.0000 0.0000 55.4756 1.8957 -21.8986 -41.7637 49.0808 -19.7618 0.0000 -0.0000 -14.3025 -17.6115 -27.9573 8.4646 7.1250 -0.0000 -0.0000 14.5262 -58.4975 -4.8606
14.5022 17.9047 5.5401 -173.4570 -84.8671 175.6490 0.0000 0.0000 0.0000 -21.0139 -5.1249 -7.4497 0.5849 4.8970 13.6150 0.1138 0.0062 -6.3729 0.0550 1.5136 4.1633 0.0000 0.0000 0.0000 16.7312 3.7221 -23.1710 -12.4141 -18.5603 67.2955 0.9053 -16.9149 -2.6338 -0.3099 -3.5789 9.8948 -1.6049 -2.0302 -1.0599 3.5334 -2.7278 -2.3396 4.5469 -1.3353 -1.5638 -6.5541 -3.6308 -13.7719 7.3346 -5.6285 21.5027 2.9170 -2.5147 9.4391 0.0000 -0.0000 0.0000 -52.4317 -14.7823 -16.2401 33.5064 -43.7156 -13.7708 -0.0000 0.0000 -7.5202 13.2726 26.7199 6.0542 -7.1250 0.0000 -0.0000 -18.2791 56.3786 -5.2223 0.0000 -0.0000 0.0000 59.4572 1.7268 -19.1778 -38.5746 47.2023 -17.3860 0.0000 -0.0000 -11.2514 -17.5921 -27.0091 8.1937 7.1250 -0.0000 -0.0000 13.9887 -57.5634 -4.3601
14.2605 17.9153 5.5401 -174.4810 -85.3899 176.6190 0.0000 0.0000 0.0000 -21.4193 -4.9318 -6.1318 0.5329 4.6775 12.9910 0.1354 -0.3879 -6.8205 0.0604 1.5856 4.3618 0.0000 0.0000 0.0000 16.4932 4.0589 -25.1885 -12.2251 -18.4842 66.7006 0.8208 -15.9135 -3.8862 -0.2929 -3.4803 9.6190 -1.8816 -2.2388 -1.0639 3.5193 -3.0050 -2.3089 4.6859 -1.4707 -1.4921 -6.4440 -3.6045 -14.0893 7.1712 -5.5401 21.4296 2.8489 -2.4698 9.4584 -0.0000 0.0000 0.0000 -57.7605 -14.8237 -12.0175 32.9180 -43.2669 -13.3658 -0.0000 0.0000 -5.0712 13.0425 26.6587 5.9337 -7.1250 0.0000 -0.0000 -18.4754 56.2737 -5.2336 -0.0000 0.0000 0.0000 63.0557 1.5545 -16.6539 -34.7918 44.6629 -14.6668 0.0000 -0.0000 -7.8325 -17.5879 -25.8399 7.8662 7.1250 -0.0000 -0.0000 13.3547 -56.4096 -3.7834
14.0204 17.9190 5.5399 -175.8800 -85.8802 177.9650 0.0000 0.0000 0.0000 -21.7999 -4.7102 -4.8900 0.4918 4.4965 12.4778 0.1594 -0.8159 -7.2965 0.0625 1.6124 4.4358 0.0000 0.0000 0.0000 16.2357 4.4319 -27.0070 -11.8127 -18.3103 65.3938 0.7326 -14.9594 -5.0972 -0.2612 -3.2882 9.0821 -2.1483 -2.3907 -0.9617 3.5074 -3.2069 -2.3230 4.8283 -1.5661 -1.5316 -6.3236 -3.6010 -14.2871 7.0596 -5.5008 21.2663 2.7913 -2.4451 9.4290 0.0000 0.0000 0.0000 -63.0471 -14.5151 -7.3618 32.0866 -42.6161 -12.7994 -0.0000 0.0000 -2.6239 13.1432 26.6832 5.9859 -7.1250 0.0000 -0.0000 -18.3881 56.3173 -5.2273 0.0000 0.0000 0.0000 66.2450 1.3057 -14.2074 -30.7422 41.5211 -11.8986 0.0000 -0.0000 -4.4022 -17.7452 -24.8747 7.6664 7.1250 -0.0000 -0.0000 12.7040 -55.4843 -3.3080
13.7819 17.9156 5.5398 -178.1880 -86.2883 180.2240 0.0000 0.0000 0.0000 -22.1947 -4.4563 -3.7287 0.4607 4.3541 12.0750 0.1878 -1.2302 -7.8448 0.0627 1.6161 4.4459 0.0000 0.0000 0.0000 15.9227 4.8269 -28.6280 -11.1996 -18.0314 63.4281 0.6554 -14.1986 -6.3175 -0.2229 -3.0390 8.3873 -2.4638 -2.5406 -0.7831 3.5105 -3.4079 -2.3994 5.0206 -1.6572 -1.6733 -6.2453 -3.5639 -14.2346 7.0938 -5.4520 21.0025 2.7946 -2.4119 9.3224 0.0000 -0.0000 0.0000 -68.1230 -13.6430 -2.4325 31.0025 -41.7373 -12.0715 -0.0000 0.0000 -0.3052 13.1106 26.6067 5.9549 -7.1250 0.0000 -0.0000 -18.3749 56.2380 -5.1876 0.0000 -0.0000 0.0000 69.0491 0.9977 -11.6751 -26.7251 37.9157 -9.3297 0.0000 -0.0000 -1.0707 -17.3260 -24.2070 7.2894 7.1250 -0.0000 -0.0000 12.8120 -54.7379 -3.1027
13.5420 17.9066 5.5399 -181.3440 -86.6413 183.3370 0.0000 0.0000 0.0000 -22.6004 -4.2039 -2.6306 0.4374 4.2439 11.7638 0.2198 -1.6085 -8.4400 0.0620 1.6071 4.4209 0.0000 0.0000 0.0000 15.5770 5.1428 -30.0171 -10.3984 -17.6279 60.8119 0.5939 -13.7012 -7.5840 -0.1822 -2.7493 7.5816 -2.7706 -2.7086 -0.5662 3.4665 -3.6345 -2.4319 5.1603 -1.7616 -1.7897 -6.1106 -3.5159 -14.3753 7.3476 -5.4511 20.8110 2.8570 -2.3699 9.2860 0.0000 -0.0000 0.0000 -72.7695 -12.4064 2.4448 29.6708 -40.6096 -11.1947 -0.0000 -0.0000 2.3264 12.3502 25.9488 5.4726 -7.1250 0.0000 -0.0000 -18.7500 55.4619 -4.9411 0.0000 -0.0000 0.0000 71.6879 0.9096 -9.4543 -22.8569 33.9319 -7.0582 0.0000 0.0000 2.3688 -15.9540 -23.4655 6.4943 7.1250 -0.0000 -0.0000 13.8472 -53.7439 -3.0219
13.2985 17.8927 5.5404 -184.9590 -86.9101 186.9540 0.0000 0.0000 0.0000 -22.9968 -3.9751 -1.6190 0.4204 4.1615 11.5314 0.2556 -1.9025 -9.0771 0.0592 1.5701 4.3191 0.0000 0.0000 0.0000 15.2404 5.3856 -31.1561 -9.4222 -17.0718 57.5389 0.5527 -13.5090 -8.8065 -0.1446 -2.4507 6.7531 -2.9960 -2.8668 -0.3556 3.3462 -3.8482 -2.3867 5.1720 -1.8634 -1.8319 -5.8539 -3.4766 -14.8622 7.7874 -5.5273 20.7107 2.9510 -2.3263 9.3546 0.0000 -0.0000 0.0000 -76.9519 -10.9787 7.0791 28.0929 -39.2016 -10.1823 -0.0000 -0.0000 5.9717 11.2054 24.4295 4.6838 -7.1250 0.0000 -0.0000 -19.0277 53.8052 -4.2378 0.0000 -0.0000 0.0000 74.3860 1.1527 -8.3039 -19.2278 29.7008 -5.1432 0.0000 0.0000 6.3657 -13.8277 -22.3690 5.3514 7.1250 -0.0000 -0.0000 15.4413 -52.2890 -2.8256
13.0508 17.8748 5.5412 -188.4600 -87.0677 190.5350 0.0000 0.0000 0.0000 -23.3649 -3.7660 -0.7228 0.4091 4.1061 11.3754 0.2962 -2.1119 -9.7638 0.0534 1.4919 4.1034 0.0000 0.0000 0.0000 14.9355 5.6129 -32.0305 -8.2860 -16.3256 53.5864 0.5388 -13.6206 -9.8088 -0.1294 -2.3183 6.3863 -3.1208 -2.9850 -0.1949 3.2081 -4.0080 -2.3168 5.1051 -1.9414 -1.8335 -5.5989 -3.4588 -15.4957 8.2924 -5.6454 20.6046 3.0617 -2.2907 9.4551 -0.0000 -0.0000 0.0000 -80.8157 -9.4146 11.4439 26.2623 -37.4666 -9.0468 -0.0000 -0.0000 10.7856 10.2977 22.9235 4.0480 -7.1250 0.0000 -0.0000 -19.1210 52.2185 -3.5027 -0.0000 -0.0000 0.0000 77.1791 1.6003 -9.1088 -15.9628 25.4702 -3.6300 0.0000 0.0000 11.2634 -11.3958 -21.0143 4.1341 7.1250 -0.0000 -0.0000 17.1740 -50.5754 -2.4215
12.7993 17.8522 5.5417 -191.6620 -87.0722 193.9380 0.0000 0.0000 0.0000 -23.7392 -3.5901 0.0375 0.4006 4.0637 11.2560 0.3426 -2.1980 -10.5131 0.0455 1.3768 3.7863 0.0000 0.0000 0.0000 14.6328 5.9170 -32.6600 -7.0253 -15.3531 48.9699 0.5499 -13.9212 -10.4861 -0.1423 -2.4307 6.6975 -3.2022 -3.0492 -0.1394 3.1318 -4.0949 -2.3141 5.0748 -1.9829 -1.8522 -5.4897 -3.4369 -15.8920 8.7441 -5.7030 20.3201 3.1867 -2.2509 9.4473 -0.0000 -0.0000 0.0000 -84.6021 -7.6921 15.2559 24.2704 -35.4488 -7.8628 -0.0000 -0.0000 16.4593 9.4458 21.5271 3.4935 -7.1250 0.0000 -0.0000 -19.2518 50.7562 -2.8206 -0.0000 -0.0000 0.0000 79.9050 1.8960 -12.0791 -13.2520 21.6554 -2.5455 0.0000 0.0000 16.6703 -9.1407 -19.7714 3.1154 7.1250 -0.0000 -0.0000 18.7478 -49.0441 -1.9316
12.5416 17.8253 5.5412 -194.4010 -87.0068 197.0000 0.0000 0.0000 0.0000 -24.1178 -3.4859 0.6839 0.3956 4.0382 11.1842 0.3967 -2.1944 -11.3401 0.0375 1.2505 3.4382 0.0000 0.0000 0.0000 14.3362 6.2459 -33.0411 -5.6908 -14.1219 43.7278 0.5855 -14.3322 -10.7453 -0.1711 -2.6646 7.3464 -3.2354 -3.0705 -0.2291 3.0941 -4.1218 -2.3091 5.0483 -1.9974 -1.7942 -5.4080 -3.4176 -16.2959 9.0862 -5.7127 19.9134 3.2829 -2.2020 9.3920 -0.0000 0.0000 0.0000 -88.4291 -6.0446 17.7094 22.2575 -33.2668 -6.7265 -0.0000 -0.0000 23.3578 8.3304 19.6412 2.8177 -7.1250 0.0000 -0.0000 -19.4405 48.8032 -1.8890 -0.0000 0.0000 0.0000 82.4901 1.9308 -16.4578 -11.2110 18.6109 -1.8427 0.0000 0.0000 21.6155 -7.7872 -19.2853 2.5861 7.1250 -0.0000 -0.0000 19.7865 -48.3898 -1.7170
12.2765 17.7939 5.5393 -196.0460 -86.8801 199.0820 0.0000 0.0000 0.0000 -24.4633 -3.4348 1.2227 0.3950 4.0355 11.1766 0.4605 -2.1046 -12.2650 0.0298 1.1147 3.0645 0.0000 0.0000 0.0000 14.0842 6.6384 -33.1714 -4.3506 -12.6129 37.9363 0.6423 -14.7691 -10.4533 -0.1845 -2.7664 7.6291 -3.2144 -3.0846 -0.4438 3.0667 -4.1363 -2.2961 4.9937 -2.0088 -1.6620 -5.2381 -3.3622 -16.6895 9.3738 -5.6680 19.3774 3.3504 -2.1289 9.2815 0.0000 -0.0000 0.0000 -92.2633 -4.4468 18.0018 20.3382 -31.0476 -5.7047 -0.0000 -0.0000 31.6930 7.8142 17.2282 2.3276 -7.1250 0.0000 -0.0000 -18.9285 46.4468 -0.7005 0.0000 -0.0000 0.0000 84.9147 1.5659 -20.6252 -9.8270 16.4685 -1.4255 0.0000 0.0000 25.2804 -7.5434 -19.7469 2.5618 7.1250 -0.0000 -0.0000 20.2109 -48.7897 -1.9627
12.0041 17.7581 5.5358 -196.1070 -86.7059 199.6620 0.0000 0.0000 0.0000 -24.7139 -3.3736 1.6750 0.3979 4.0502 11.2180 0.5333 -2.0086 -13.2499 0.0227 0.9735 2.6758 0.0000 0.0000 0.0000 13.8943 7.1810 -33.0206 -3.0846 -10.8308 31.7112 0.6963 -15.0886 -9.7586 -0.1857 -2.7751 7.6532 -3.1204 -3.1016 -0.7472 3.0379 -4.1527 -2.2504 4.8896 -2.0248 -1.4512 -5.0281 -3.2918 -17.1178 9.7293 -5.6189 18.7367 3.4335 -2.0463 9.1432 -0.0000 0.0000 0.0000 -95.8627 -2.9725 16.3368 18.4992 -28.7916 -4.7872 -0.0000 -0.0000 39.8988 8.6843 15.4261 2.3266 -7.1250 0.0000 -0.0000 -17.5007 44.8320 0.0749 -0.0000 0.0000 0.0000 87.1459 0.8801 -23.5088 -8.9271 15.0442 -1.1811 0.0000 0.0000 27.6911 -8.0001 -20.6413 2.8363 7.1250 -0.0000 -0.0000 20.1921 -49.6973 -2.4267
11.7244 17.7178 5.5286 -195.6340 -86.5094 199.7400 0.0000 0.0000 0.0000 -24.8919 -3.2499 2.1044 0.4005 4.0631 11.2542 0.6119 -2.0017 -14.2272 0.0168 0.8372 2.3008 0.0000 0.0000 0.0000 13.6447 8.0336 -32.5269 -1.9825 -8.8294 25.2633 0.7227 -15.1945 -9.1023 -0.1667 -2.6303 7.2511 -3.0099 -3.1047 -1.1015 3.0106 -4.1500 -2.1500 4.7728 -2.0337 -1.1589 -4.9250 -3.2524 -17.5442 10.2058 -5.5955 17.9360 3.5703 -1.9759 8.9599 0.0000 -0.0000 0.0000 -98.9745 -1.7247 13.6020 16.6793 -26.4331 -3.9435 -0.0000 -0.0000 45.8305 11.0162 14.8309 2.8527 -7.1250 0.0000 -0.0000 -15.2333 44.5235 0.1836 0.0000 -0.0000 0.0000 89.0953 -0.0251 -24.7658 -8.3424 14.1064 -1.0340 0.0000 0.0000 29.1708 -8.5908 -21.5235 3.1724 7.1250 -0.0000 -0.0000 20.0546 -50.6177 -2.8764
11.4409 17.6723 5.5164 -195.7780 -86.2408 200.4210 0.0000 0.0000 0.0000 -25.0765 -2.9994 2.5194 0.4027 4.0743 11.2858 0.6946 -2.1249 -15.1647 0.0124 0.7195 1.9774 0.0000 0.0000 0.0000 13.1212 9.4538 -31.7445 -1.1342 -6.7639 19.0178 0.7242 -15.1778 -8.9337 -0.1198 -2.2314 6.1455 -2.9532 -3.0551 -1.4529 2.9681 -4.0768 -2.0092 4.6709 -2.0070 -0.8313 -4.9828 -3.2680 -17.8818 10.7319 -5.5967 16.9594 3.7449 -1.9318 8.7104 0.0000 0.0000 0.0000 -101.4096 -0.6476 10.5154 14.9227 -24.0383 -3.1944 -0.0000 -0.0000 48.7933 13.5601 15.1493 3.6066 -7.1250 0.0000 -0.0000 -13.0467 45.1334 -0.0437 0.0000 0.0000 0.0000 90.7625 -1.1490 -24.5066 -8.0478 13.6303 -0.9634 0.0000 0.0000 30.0081 -8.7285 -21.9194 3.2802 7.1250 -0.0000 -0.0000 20.1164 -51.0119 -3.0862
11.1583 17.6212 5.4990 -197.1530 -85.8697 202.2830 0.0000 0.0000 0.0000 -25.3388 -2.6120 2.9120 0.4074 4.0973 11.3506 0.7803 -2.3707 -16.0537 0.0091 0.6159 1.6926 0.0000 0.0000 0.0000 12.1565 11.5048 -30.8910 -0.5832 -4.8897 13.5942 0.7190 -15.2602 -9.6110 -0.0536 -1.4939 4.1090 -3.0051 -2.9455 -1.7156 2.8880 -3.9235 -1.8729 4.5999 -1.9371 -0.5617 -5.1238 -3.3088 -18.0223 11.1858 -5.5803 15.8426 3.9084 -1.9040 8.3789 -0.0000 0.0000 0.0000 -103.0488 0.4758 7.5230 13.3663 -21.8216 -2.5879 -0.0000 -0.0000 49.3606 15.0289 15.7696 4.1733 -7.1250 0.0000 -0.0000 -11.8924 45.9324 -0.2776 -0.0000 0.0000 0.0000 92.1925 -2.5241 -23.4360 -8.0748 13.6741 -0.9697 0.0000 0.0000 30.3988 -7.8841 -21.3529 2.8865 7.1250 -0.0000 -0.0000 20.6345 -50.3472 -2.8244
10.8813 17.5644 5.4772 -198.8990 -85.4602 204.4710 0.0000 0.0000 0.0000 -25.6264 -2.1799 3.2528 0.4193 4.1562 11.5164 0.8691 -2.7065 -16.9106 0.0056 0.4819 1.3242 0.0000 0.0000 0.0000 11.0135 13.5032 -30.6065 -0.3187 -3.6287 10.0343 0.6641 -15.1730 -11.2193 -0.0047 -0.4423 1.2154 -3.1214 -2.8022 -1.8404 2.7954 -3.7261 -1.7461 4.5630 -1.8421 -0.3802 -5.2635 -3.3377 -18.0591 11.4825 -5.5094 14.6861 4.0239 -1.8720 8.0087 0.0000 0.0000 0.0000 -103.9048 1.6588 4.6118 12.0797 -19.9240 -2.1294 -0.0000 -0.0000 48.6344 14.7108 16.1643 4.1804 -7.1250 0.0000 -0.0000 -12.3001 46.2876 -0.3968 0.0000 0.0000 0.0000 93.2978 -3.9306 -22.7645 -8.3042 14.0448 -1.0247 0.0000 0.0000 30.5203 -5.6766 -19.7896 1.9275 7.1250 -0.0000 -0.0000 21.9376 -48.5627 -2.0177
10.6111 17.5042 5.4522 -200.1380 -85.1404 206.1180 0.0000 0.0000 0.0000 -25.8602 -1.8843 3.5662 0.4420 4.2661 11.8264 0.9620 -3.0304 -17.7658 0.0017 0.2661 0.7311 0.0000 0.0000 0.0000 10.4620 14.0529 -31.6177 -0.2685 -3.3330 9.2074 0.5045 -14.1660 -12.4381 -0.0072 0.5475 -1.5046 -3.2095 -2.6757 -1.7975 2.7408 -3.5548 -1.6149 4.5587 -1.7588 -0.2849 -5.3784 -3.3315 -18.1471 11.6129 -5.3645 13.5677 4.0887 -1.8171 7.6501 -0.0000 -0.0000 0.0000 -104.1212 2.7913 1.3719 11.1000 -18.4414 -1.8074 -0.0000 -0.0000 47.7281 12.7784 16.3913 3.6620 -7.1250 0.0000 -0.0000 -14.1377 46.2671 -0.4510 -0.0000 -0.0000 0.0000 93.9057 -5.0703 -23.1891 -8.4990 14.3585 -1.0725 0.0000 0.0000 30.5572 -2.2650 -17.9255 0.6974 7.1250 -0.0000 -0.0000 24.1543 -46.3903 -0.8795
10.3453 17.4451 5.4255 -200.7760 -84.9329 207.1080 0.0000 0.0000 0.0000 -26.0570 -1.7960 3.9372 0.4739 4.4150 12.2472 1.0564 -3.2106 -18.6186 0.0001 -0.0560 -0.1539 0.0000 0.0000 0.0000 10.7399 13.1520 -33.6819 -0.3682 -3.8976 10.7889 0.3824 -12.8657 -12.0708 -0.0137 0.7562 -2.0781 -3.2194 -2.5853 -1.5693 2.7192 -3.4368 -1.4626 4.5517 -1.7015 -0.2687 -5.4581 -3.2813 -18.3255 11.6441 -5.1530 12.4753 4.1231 -1.7347 7.3080 -0.0000 0.0000 0.0000 -103.8240 3.7883 -2.5289 10.3787 -17.3298 -1.5859 -0.0000 -0.0000 47.3333 10.7137 16.7579 3.1225 -7.1250 0.0000 -0.0000 -16.1382 46.3636 -0.5574 -0.0000 0.0000 0.0000 93.9742 -5.8439 -24.4865 -8.5222 14.3957 -1.0782 0.0000 0.0000 30.9760 1.4840 -16.6099 -0.4243 7.1250 -0.0000 -0.0000 26.8226 -44.7441 0.1831
10.0786 17.3938 5.3979 -201.4000 -84.8013 207.9690 0.0000 0.0000 0.0000 -26.3073 -1.8680 4.4747 0.5111 4.5824 12.7212 1.1454 -3.1807 -19.4223 0.0052 -0.4677 -1.2852 0.0000 0.0000 0.0000 11.2145 12.1873 -35.7701 -0.5782 -4.8694 13.5364 0.3947 -12.4618 -10.7456 -0.0010 0.2010 -0.5523 -3.1774 -2.5279 -1.1499 2.6943 -3.3673 -1.2788 4.5188 -1.6675 -0.3253 -5.5018 -3.1908 -18.5294 11.6404 -4.8933 11.3541 4.1456 -1.6316 6.9569 0.0000 0.0000 0.0000 -103.1157 4.6377 -7.0430 9.8227 -16.4618 -1.4243 -0.0000 -0.0000 47.4738 10.2743 17.4046 3.1036 -7.1250 0.0000 -0.0000 -16.7682 46.9329 -0.8222 0.0000 0.0000 0.0000 93.6019 -6.3538 -25.9746 -8.3946 14.1905 -1.0467 0.0000 0.0000 32.0015 4.3219 -16.0657 -1.1981 7.1250 -0.0000 -0.0000 28.9737 -43.9313 0.8392
9.8062 17.3547 5.3676 -202.0010 -84.8122 208.7020 0.0000 0.0000 0.0000 -26.5282 -2.0049 5.1671 0.5534 4.7655 13.2409 1.2170 -3.0260 -20.0717 0.0223 -0.9651 -2.6529 0.0000 0.0000 0.0000 11.5037 11.7988 -37.2580 -0.8540 -5.8935 16.4756 0.4376 -12.5808 -9.7840 -0.0061 -0.5036 1.3838 -3.0892 -2.5028 -0.6062 2.6968 -3.3439 -1.0636 4.4924 -1.6568 -0.4156 -5.5108 -3.0781 -18.7240 11.5749 -4.6052 10.1792 4.1450 -1.5213 6.5839 0.0000 -0.0000 0.0000 -102.1105 5.3813 -11.6681 9.3966 -15.7902 -1.3059 -0.0000 -0.0000 47.7449 11.4912 18.4392 3.6791 -7.1250 0.0000 -0.0000 -16.0352 48.0995 -1.2564 0.0000 -0.0000 0.0000 92.9121 -6.7403 -27.0462 -8.2196 13.9082 -1.0042 0.0000 0.0000 33.1851 5.3897 -16.2013 -1.5079 7.1250 -0.0000 -0.0000 29.9233 -43.9270 0.8761
9.5239 17.3279 5.3296 -202.5590 -85.1419 209.3750 0.0000 0.0000 0.0000 -26.5238 -2.1762 5.8819 0.6045 4.9766 13.8418 1.2614 -2.9406 -20.4645 0.0583 -1.5578 -4.2851 0.0000 0.0000 0.0000 11.6727 11.7813 -38.0807 -1.1454 -6.7959 19.1121 0.4222 -12.3658 -9.6243 -0.0216 -0.9486 2.6075 -2.9428 -2.5356 -0.0806 2.7950 -3.3982 -0.8492 4.5308 -1.6868 -0.4866 -5.5054 -2.9743 -18.9284 11.3979 -4.3244 9.0100 4.1052 -1.4226 6.2136 -0.0000 0.0000 0.0000 -100.9087 6.0540 -16.0826 9.0703 -15.2724 -1.2186 -0.0000 -0.0000 48.2103 13.3499 19.7001 4.5737 -7.1250 0.0000 -0.0000 -14.7795 49.6010 -1.7100 -0.0000 0.0000 0.0000 92.0072 -7.1214 -27.4402 -8.1095 13.7302 -0.9780 0.0000 0.0000 33.8329 4.5612 -16.8870 -1.3275 7.1250 -0.0000 -0.0000 29.5506 -44.6241 0.3017
9.2276 17.3122 5.2811 -203.3170 -85.8480 210.3020 0.0000 0.0000 0.0000 -26.1971 -2.3949 6.5135 0.6675 5.2249 14.5513 1.2759 -3.0645 -20.5627 0.1188 -2.2224 -6.1208 0.0000 0.0000 0.0000 11.8684 11.8573 -38.3150 -1.3975 -7.4786 21.1412 0.3665 -11.7748 -9.6893 -0.0287 -1.0937 3.0066 -2.7456 -2.6201 0.3301 3.0068 -3.5201 -0.6832 4.6547 -1.7518 -0.5324 -5.5049 -2.9085 -19.1341 11.1090 -4.0932 7.9155 4.0259 -1.3544 5.8705 0.0000 -0.0000 0.0000 -99.5426 6.6585 -20.3777 8.7811 -14.8109 -1.1435 -0.0000 -0.0000 49.3446 15.2102 20.9378 5.5494 -7.1250 0.0000 -0.0000 -13.4891 51.1147 -2.0639 0.0000 -0.0000 0.0000 90.9768 -7.5637 -27.4235 -8.1185 13.7448 -0.9801 0.0000 0.0000 33.6643 2.3072 -18.0107 -0.7137 7.1250 -0.0000 -0.0000 28.1686 -45.8888 -0.6715
8.9188 17.3077 5.2238 -204.1890 -86.8273 211.4360 0.0000 0.0000 0.0000 -25.5960 -2.7734 6.9933 0.7497 5.5306 15.4283 1.2600 -3.3340 -20.3805 0.2141 -2.9790 -8.2202 0.0000 0.0000 0.0000 12.1871 11.9030 -38.1953 -1.5762 -7.9210 22.4745 0.3612 -11.5081 -9.0752 -0.0317 -1.1500 3.1616 -2.4850 -2.7116 0.6268 3.3055 -3.6488 -0.6204 4.8317 -1.8192 -0.6179 -5.4980 -2.8890 -19.3080 10.7377 -3.9355 6.9446 3.9133 -1.3244 5.5666 0.0000 0.0000 0.0000 -98.0223 7.1692 -24.7313 8.5032 -14.3652 -1.0735 -0.0000 -0.0000 51.0747 16.8736 22.0257 6.4896 -7.1250 0.0000 -0.0000 -12.3047 52.4796 -2.2934 0.0000 0.0000 0.0000 89.8899 -8.1017 -27.4114 -8.2489 13.9556 -1.0113 0.0000 0.0000 32.7083 -0.7544 -19.4884 0.2517 7.1250 -0.0000 -0.0000 26.2129 -47.6046 -1.8029
8.6025 17.3162 5.1628 -201.5820 -87.9116 209.1830 0.0000 0.0000 0.0000 -24.7283 -3.3635 7.2643 0.8636 5.9258 16.5692 1.2123 -3.5934 -19.9328 0.3665 -3.8886 -10.7634 0.0000 0.0000 0.0000 12.7221 12.0512 -37.9396 -1.6781 -8.1606 23.2030 0.4442 -12.0303 -7.3785 -0.0450 -1.3693 3.7657 -2.0489 -2.7454 0.8361 3.6730 -3.6969 -0.6402 4.9806 -1.8463 -0.7538 -5.4642 -2.9101 -19.5357 10.3257 -3.8534 6.1327 3.7777 -1.3272 5.3269 -0.0000 0.0000 0.0000 -96.3791 7.5663 -28.6861 8.3110 -14.0557 -1.0263 -0.0000 -0.0000 52.3206 17.9893 23.0905 7.2574 -7.1250 0.0000 -0.0000 -11.6391 53.7483 -2.5300 -0.0000 0.0000 0.0000 88.7921 -8.6531 -27.7025 -8.4640 14.3022 -1.0638 0.0000 0.0000 31.1693 -4.2025 -21.2284 1.5241 7.1250 -0.0000 -0.0000 23.9757 -49.6704 -2.9103
8.2801 17.3398 5.1024 -181.5420 -88.8451 189.5310 0.0000 0.0000 0.0000 -23.6107 -4.0143 7.2631 1.0263 6.4444 18.0794 1.1314 -3.8391 -19.1952 0.5852 -4.8979 -13.6177 0.0000 0.0000 0.0000 13.4994 12.4485 -37.5782 -1.7286 -8.2764 23.5568 0.5447 -12.9445 -4.9485 -0.0918 -1.9542 5.3790 -1.3852 -2.6788 0.9717 4.0819 -3.6073 -0.6708 5.0402 -1.8075 -0.8848 -5.4329 -2.9533 -19.8763 9.9472 -3.8181 5.4435 3.6502 -1.3449 5.1486 -0.0000 -0.0000 0.0000 -94.6748 7.8367 -31.9219 8.2423 -13.9448 -1.0097 -0.0000 -0.0000 52.6355 18.5862 23.9233 7.7651 -7.1250 0.0000 -0.0000 -11.3982 54.6985 -2.7422 -0.0000 -0.0000 0.0000 87.6973 -9.0927 -28.3982 -8.7162 14.7069 -1.1270 0.0000 0.0000 29.3445 -7.7028 -23.0792 3.0350 7.1250 -0.0000 -0.0000 21.6763 -51.9274 -3.8469
7.9500 17.3772 5.0428 -131.2250 -89.0346 139.5410 0.0000 0.0000 0.0000 -22.4463 -4.5364 6.9845 1.2541 7.0996 20.0107 1.0175 -4.1761 -18.1254 0.8512 -5.8840 -16.4482 0.0000 0.0000 0.0000 14.4348 12.9319 -37.0835 -1.7762 -8.3835 23.8851 0.5818 -13.5427 -2.6926 -0.2012 -2.8883 7.9679 -0.6922 -2.5071 1.0702 4.4627 -3.3768 -0.6746 5.0496 -1.7003 -0.9832 -5.4341 -2.9996 -20.2377 9.6435 -3.7967 4.7933 3.5517 -1.3640 4.9893 -0.0000 0.0000 0.0000 -92.9690 8.0630 -34.0747 8.3114 -14.0563 -1.0264 -0.0000 -0.0000 51.8237 18.9019 24.6588 8.1302 -7.1250 0.0000 -0.0000 -11.4098 55.4999 -2.9686 -0.0000 0.0000 0.0000 86.6040 -9.3702 -29.5000 -8.9585 15.0942 -1.1893 0.0000 0.0000 27.5964 -10.9947 -24.9651 4.6878 7.1250 -0.0000 -0.0000 19.5302 -54.2726 -4.5833
7.6130 17.4229 4.9819 -105.3840 -88.6673 113.9080 0.0000 0.0000 0.0000 -21.4696 -4.8957 6.4453 1.5644 7.8929 22.3892 0.8620 -4.6364 -16.5974 1.1534 -6.8187 -19.1793 0.0000 0.0000 0.0000 15.3749 13.2087 -36.5037 -1.8634 -8.5756 24.4765 0.5679 -13.6426 -1.4020 -0.3716 -3.9152 10.8382 -0.2177 -2.2741 1.1793 4.7508 -3.0647 -0.6644 5.0841 -1.5504 -1.0717 -5.4543 -3.0268 -20.5052 9.3924 -3.7606 4.1831 3.4758 -1.3739 4.8285 0.0000 -0.0000 0.0000 -91.2784 8.3182 -34.9880 8.5034 -14.3654 -1.0736 -0.0000 -0.0000 49.7554 18.9623 25.5167 8.4192 -7.1250 0.0000 -0.0000 -11.7594 56.3727 -3.3114 0.0000 -0.0000 0.0000 85.5065 -9.5220 -30.7788 -9.1704 15.4315 -1.2451 0.0000 0.0000 25.9973 -13.9202 -26.9244 6.4035 7.1250 -0.0000 -0.0000 17.7438 -56.7064 -5.2046
7.2715 17.4719 4.9187 -97.0938 -88.3372 105.6890 0.0000 0.0000 0.0000 -20.6387 -5.1198 5.6162 1.9810 8.8264 25.2538 0.6536 -5.1825 -14.3981 1.4583 -7.6325 -21.6032 0.0000 0.0000 0.0000 16.2636 13.2847 -35.7753 -1.9811 -8.8266 25.2545 0.5367 -13.3385 -1.1050 -0.5773 -4.8656 13.5257 0.0449 -2.0220 1.3154 4.9419 -2.7262 -0.6441 5.1363 -1.3847 -1.1605 -5.4713 -3.0346 -20.7040 9.1688 -3.7144 3.7171 3.4102 -1.3743 4.7024 0.0000 -0.0000 0.0000 -89.5763 8.5671 -34.8323 8.7826 -14.8133 -1.1439 -0.0000 -0.0000 46.7936 18.6998 26.4130 8.5626 -7.1250 0.0000 -0.0000 -12.4949 57.2118 -3.7777 0.0000 -0.0000 0.0000 84.4141 -9.5566 -31.9432 -9.3460 15.7101 -1.2922 0.0000 0.0000 24.4550 -16.3584 -28.9913 8.0969 7.1250 -0.0000 -0.0000 16.5204 -59.2178 -5.8371
6.9278 17.5208 4.8530 -91.1176 -88.0152 99.6694 0.0000 0.0000 0.0000 -19.6866 -5.2276 4.3925 2.5285 9.8895 28.6197 0.3935 -5.7218 -11.2625 1.7003 -8.2118 -23.3593 0.0000 0.0000 0.0000 17.1791 13.2842 -34.7873 -2.0909 -9.0530 25.9611 0.4998 -12.7703 -1.4991 -0.7861 -5.6602 15.8016 0.2927 -1.7924 1.4433 5.0777 -2.4169 -0.6094 5.1371 -1.2333 -1.2282 -5.4883 -3.0329 -20.9115 8.9669 -3.6686 3.4748 3.3523 -1.3671 4.6483 -0.0000 0.0000 0.0000 -87.8507 8.7370 -33.8889 9.1180 -15.3482 -1.2312 -0.0000 -0.0000 43.7706 18.2081 27.1813 8.5455 -7.1250 0.0000 -0.0000 -13.4367 57.8668 -4.2825 -0.0000 0.0000 0.0000 83.3263 -9.4088 -32.8307 -9.4674 15.9022 -1.3253 0.0000 0.0000 23.0511 -18.1783 -30.9083 9.5739 7.1250 -0.0000 -0.0000 15.9045 -61.4968 -6.4784
6.5845 17.5663 4.7841 -83.4285 -87.5553 91.8997 0.0000 0.0000 0.0000 -18.4154 -5.3322 2.7131 3.2042 11.0186 32.3425 0.1221 -5.9144 -6.9705 1.7574 -8.3413 -23.7556 0.0000 0.0000 0.0000 18.2540 13.1696 -33.6286 -2.1764 -9.2241 26.4990 0.4650 -12.1441 -2.3540 -0.9339 -6.1559 17.2373 0.6656 -1.6181 1.5065 5.2120 -2.1800 -0.6027 5.0640 -1.1196 -1.2859 -5.5056 -3.0271 -21.0751 8.7521 -3.6247 3.4322 3.2906 -1.3568 4.6499 0.0000 -0.0000 0.0000 -86.1289 8.8292 -32.3093 9.5100 -15.9695 -1.3370 -0.0000 -0.0000 41.1703 17.6706 27.7159 8.4279 -7.1250 0.0000 -0.0000 -14.3180 58.2743 -4.7119 0.0000 -0.0000 0.0000 82.2261 -9.0465 -33.3700 -9.5217 15.9880 -1.3402 0.0000 0.0000 22.0401 -19.2795 -32.2064 10.5604 7.1250 -0.0000 -0.0000 15.6833 -63.0272 -6.9522
6.2450 17.6061 4.7138 -75.7040 -86.8692 84.1057 0.0000 0.0000 0.0000 -16.8576 -5.5682 0.6860 3.9726 12.1238 36.1715 -0.0566 -5.4602 -1.7063 1.5986 -7.9745 -22.6367 0.0000 0.0000 0.0000 19.5548 12.8087 -32.4869 -2.2512 -9.3708 26.9623 0.4330 -11.5880 -3.5485 -0.9749 -6.2856 17.6154 1.2038 -1.5098 1.4778 5.3756 -2.0310 -0.6438 4.9271 -1.0523 -1.3369 -5.5177 -3.0054 -21.1457 8.4807 -3.5619 3.5400 3.2125 -1.3385 4.6818 -0.0000 0.0000 0.0000 -84.4618 8.8366 -30.1799 9.9736 -16.6983 -1.4674 -0.0000 -0.0000 38.9054 17.1753 28.0405 8.2670 -7.1250 0.0000 -0.0000 -15.0405 58.4814 -5.0318 -0.0000 0.0000 0.0000 81.0781 -8.4342 -33.4245 -9.5284 15.9985 -1.3420 0.0000 0.0000 21.5320 -19.5655 -32.6623 10.8579 7.1250 -0.0000 -0.0000 15.7336 -63.5410 -7.1646
5.9129 17.6384 4.6459 -70.5190 -85.9822 78.8280 0.0000 0.0000 0.0000 -15.1729 -5.9403 -1.4824 4.8065 13.1625 39.9800 -0.0650 -4.8332 3.5900 1.2827 -7.1770 -20.2407 0.0000 0.0000 0.0000 21.0639 12.1562 -31.3929 -2.3175 -9.4983 27.3670 0.3889 -10.9962 -4.8009 -0.9594 -6.2370 17.4735 1.9050 -1.4409 1.4345 5.5578 -1.9326 -0.7118 4.7194 -1.0129 -1.4067 -5.5287 -2.9620 -21.1590 8.1555 -3.4693 3.7685 3.1204 -1.3074 4.7397 0.0000 -0.0000 0.0000 -82.8810 8.7546 -27.5258 10.5246 -17.5559 -1.6296 -0.0000 -0.0000 36.7101 16.8355 28.1693 8.1296 -7.1250 0.0000 -0.0000 -15.4807 58.5310 -5.2021 0.0000 -0.0000 0.0000 79.8830 -7.5823 -32.5832 -9.5843 16.0867 -1.3575 0.0000 0.0000 21.0037 -19.0725 -32.5670 10.5426 7.1250 -0.0000 -0.0000 16.2164 -63.3192 -7.3060
5.5904 17.6626 4.5817 -68.3083 -85.0074 76.4122 0.0000 0.0000 0.0000 -13.4997 -6.3428 -3.6244 5.7168 14.1482 43.8343 0.0177 -4.7038 7.3040 0.9609 -6.2416 -17.4869 0.0000 0.0000 0.0000 22.6952 11.3182 -30.2377 -2.3729 -9.6030 27.7004 0.3297 -10.3223 -5.9914 -0.9334 -6.1543 17.2327 2.7008 -1.3818 1.4683 5.7407 -1.8447 -0.7380 4.4615 -0.9811 -1.4775 -5.5589 -2.9031 -21.1880 7.8129 -3.3504 4.0785 3.0287 -1.2638 4.8243 -0.0000 0.0000 0.0000 -81.4064 8.5797 -24.2706 11.1922 -18.5823 -1.8367 -0.0000 -0.0000 34.2230 16.8013 28.1391 8.1044 -7.1250 0.0000 -0.0000 -15.4980 58.4940 -5.1943 -0.0000 0.0000 0.0000 78.6558 -6.4526 -30.5591 -9.8058 16.4352 -1.4195 0.0000 0.0000 19.8379 -17.9916 -32.3013 9.8451 7.1250 -0.0000 -0.0000 17.2140 -62.7832 -7.5522
5.2777 17.6795 4.5210 -68.6199 -84.0720 76.3611 0.0000 0.0000 0.0000 -11.8963 -6.6163 -5.7039 6.7028 15.0765 47.7413 0.0460 -4.8462 8.3084 0.8409 -5.8493 -16.3477 0.0000 0.0000 0.0000 24.3521 10.4995 -28.8770 -2.4037 -9.6606 27.8846 0.2632 -9.6379 -7.0746 -0.9062 -6.0663 16.9770 3.4951 -1.2730 1.6232 5.8822 -1.6853 -0.6892 4.1622 -0.9140 -1.5416 -5.5867 -2.8534 -21.2501 7.4746 -3.2441 4.4365 2.9367 -1.2259 4.9307 0.0000 -0.0000 0.0000 -79.9813 8.3385 -20.3323 12.0226 -19.8385 -2.1099 -0.0000 -0.0000 31.2749 16.8788 28.1657 8.1505 -7.1250 0.0000 -0.0000 -15.4326 58.5371 -5.1877 0.0000 -0.0000 0.0000 77.4935 -5.1139 -27.3130 -10.2993 17.2063 -1.5623 0.0000 0.0000 17.7296 -16.6208 -32.0072 8.9906 7.1250 -0.0000 -0.0000 18.4909 -62.1544 -7.8578
4.9709 17.6932 4.4626 -70.4425 -83.2633 77.7097 0.0000 0.0000 0.0000 -10.3811 -6.6351 -7.7588 7.7017 15.8954 51.4810 0.0039 -4.8493 7.0538 0.9316 -6.1484 -17.2155 0.0000 0.0000 0.0000 25.9458 9.8345 -27.2297 -2.3898 -9.6347 27.8016 0.2019 -9.0853 -8.0429 -0.8770 -5.9705 16.6988 4.1882 -1.1021 1.8187 5.9568 -1.4419 -0.5797 3.8473 -0.8027 -1.5647 -5.5718 -2.8107 -21.2994 7.1077 -3.1545 4.8110 2.8268 -1.1986 5.0410 0.0000 -0.0000 0.0000 -78.6021 8.0627 -15.9209 13.0573 -21.3711 -2.4741 -0.0000 -0.0000 27.9710 16.8544 28.2675 8.1648 -7.1250 0.0000 -0.0000 -15.5224 58.6304 -5.2538 0.0000 -0.0000 0.0000 76.4432 -3.6593 -23.0153 -11.1019 18.4442 -1.8080 0.0000 0.0000 14.8764 -15.3582 -31.6983 8.2122 7.1250 -0.0000 -0.0000 19.6135 -61.5489 -8.0732
4.6673 17.7114 4.4046 -72.9938 -82.6372 79.7940 0.0000 0.0000 0.0000 -8.9884 -6.3547 -9.8753 8.6188 16.5560 54.7621 -0.0350 -4.5992 5.0688 1.0047 -6.3783 -17.8861 0.0000 0.0000 0.0000 27.3875 9.3499 -25.3425 -2.3180 -9.4993 27.3701 0.1520 -8.7248 -8.8872 -0.8509 -5.8830 16.4453 4.7153 -0.8984 1.9522 5.9503 -1.1580 -0.4774 3.5376 -0.6675 -1.5546 -5.5077 -2.7486 -21.2829 6.6826 -3.0469 5.2097 2.6925 -1.1674 5.1469 -0.0000 0.0000 0.0000 -77.3303 7.8344 -11.4215 14.3437 -23.2240 -2.9623 -0.0000 -0.0000 24.5503 16.7065 28.3462 8.1103 -7.1250 0.0000 -0.0000 -15.7290 58.6737 -5.3424 -0.0000 0.0000 0.0000 75.4860 -2.1117 -18.0965 -12.1663 20.0535 -2.1590 0.0000 0.0000 11.7747 -14.5900 -31.5112 7.7473 7.1250 -0.0000 -0.0000 20.2878 -61.1858 -8.1884
4.3656 17.7408 4.3466 -75.8280 -82.2646 82.2678 0.0000 0.0000 0.0000 -7.8426 -5.8642 -12.0926 9.3830 17.0479 57.4054 -0.0409 -4.0634 3.5131 0.9320 -6.1499 -17.2199 0.0000 0.0000 0.0000 28.5449 8.9805 -23.3599 -2.1973 -9.2656 26.6296 0.1106 -8.4813 -9.5975 -0.8351 -5.8296 16.2909 4.9834 -0.6868 1.9407 5.8631 -0.8726 -0.4432 3.2861 -0.5267 -1.5255 -5.4072 -2.6490 -21.1457 6.1487 -2.8891 5.6560 2.5231 -1.1209 5.2447 -0.0000 -0.0000 0.0000 -76.2567 7.7109 -7.2015 15.8927 -25.3749 -3.5999 -0.0000 -0.0000 21.2891 16.5744 28.2660 8.0227 -7.1250 0.0000 -0.0000 -15.8180 58.5664 -5.3326 -0.0000 -0.0000 0.0000 74.5743 -0.4448 -13.0747 -13.4305 21.9147 -2.6118 0.0000 0.0000 8.7929 -14.4635 -31.5820 7.6933 7.1250 -0.0000 -0.0000 20.4817 -61.2207 -8.2874
4.0654 17.7834 4.2915 -78.8013 -82.1646 85.0000 0.0000 0.0000 0.0000 -7.0553 -5.3299 -14.3469 9.9663 17.3909 59.3757 -0.0314 -3.3442 2.4326 0.8430 -5.8564 -16.3685 0.0000 0.0000 0.0000 29.3451 8.6301 -21.3441 -2.0357 -8.9401 25.6080 0.0728 -8.2636 -10.1828 -0.8477 -5.8724 16.4145 4.9858 -0.4607 1.7694 5.6897 -0.5783 -0.4776 3.0918 -0.3767 -1.4725 -5.2990 -2.5234 -20.9647 5.5063 -2.6865 6.2218 2.3227 -1.0612 5.3710 -0.0000 0.0000 0.0000 -75.4009 7.6338 -3.4252 17.6587 -27.7179 -4.3893 -0.0000 -0.0000 18.4014 16.4924 28.1568 7.9533 -7.1250 0.0000 -0.0000 -15.8356 58.4425 -5.2914 -0.0000 0.0000 0.0000 73.7011 1.3108 -8.2246 -14.8985 24.0045 -3.1845 0.0000 0.0000 5.8661 -14.9113 -31.8809 8.0058 7.1250 -0.0000 -0.0000 20.2493 -61.6086 -8.3755
3.7658 17.8360 4.2418 -81.7598 -82.2365 87.7695 0.0000 0.0000 0.0000 -6.5808 -4.8994 -16.5026 10.3683 17.6118 60.7123 -0.0215 -2.6235 1.3298 0.8145 -5.7590 -16.0869 0.0000 0.0000 0.0000 29.8642 8.2200 -19.2610 -1.8432 -8.5316 24.3409 0.0369 -8.0249 -10.6469 -0.8808 -5.9831 16.7353 4.8393 -0.2277 1.4857 5.4581 -0.2812 -0.5571 2.9210 -0.2226 -1.4006 -5.2731 -2.3940 -20.7572 4.8571 -2.4549 6.9192 2.1368 -0.9920 5.5370 0.0000 -0.0000 0.0000 -74.7590 7.5592 -0.0827 19.5636 -30.1130 -5.3107 -0.0000 -0.0000 15.9025 16.5655 27.6954 7.8712 -7.1250 0.0000 -0.0000 -15.4724 58.0111 -5.0048 0.0000 -0.0000 0.0000 72.8317 3.0518 -3.6143 -16.6224 26.3572 -3.9182 0.0000 0.0000 2.8162 -15.5973 -32.1619 8.4522 7.1250 -0.0000 -0.0000 19.7424 -62.0414 -8.3590
3.4684 17.8926 4.1988 -84.6807 -82.2657 90.4900 0.0000 0.0000 0.0000 -6.1694 -4.6039 -18.4973 10.5951 17.7312 61.4596 -0.0123 -2.1178 -0.0634 0.8290 -5.8089 -16.2309 0.0000 0.0000 0.0000 30.3408 7.7757 -17.0670 -1.6338 -8.0576 22.8892 0.0067 -7.7814 -10.9530 -0.8928 -6.0227 16.8502 4.7911 0.0141 1.1995 5.2106 0.0319 -0.6731 2.6813 -0.0625 -1.3639 -5.2701 -2.2872 -20.5039 4.1732 -2.2414 7.7018 1.9415 -0.9389 5.7265 0.0000 -0.0000 0.0000 -74.2807 7.4977 2.9823 21.6057 -32.5286 -6.3725 -0.0000 -0.0000 13.6888 16.6298 26.7462 7.6556 -7.1250 0.0000 -0.0000 -14.8456 57.1003 -4.4680 0.0000 -0.0000 0.0000 71.9308 4.6900 0.6378 -18.6620 28.9965 -4.8659 0.0000 -0.0000 -0.3039 -15.8528 -32.2696 8.6211 7.1250 -0.0000 -0.0000 19.5554 -62.2064 -8.3527
3.1740 17.9485 4.1623 -87.3596 -82.1521 92.9284 0.0000 0.0000 0.0000 -5.6859 -4.4358 -20.3033 10.6394 17.7540 61.6047 0.0029 -1.8776 -1.5622 0.8327 -5.8214 -16.2672 0.0000 0.0000 0.0000 30.9039 7.3093 -14.7615 -1.4184 -7.5318 21.3008 -0.0133 -7.5984 -11.1190 -0.8772 -5.9711 16.7006 4.9551 0.2683 0.9876 4.9682 0.3709 -0.8169 2.3307 0.1063 -1.3943 -5.1999 -2.2200 -20.2632 3.3748 -2.0781 8.5602 1.6927 -0.9219 5.9453 -0.0000 -0.0000 0.0000 -73.9237 7.4708 5.9153 23.8537 -35.0092 -7.6225 -0.0000 -0.0000 11.7052 16.4421 25.6036 7.2678 -7.1250 0.0000 -0.0000 -14.4119 55.9426 -3.9271 -0.0000 -0.0000 0.0000 70.9383 6.1691 4.3929 -21.0844 31.9267 -6.0945 0.0000 -0.0000 -3.2564 -15.0172 -32.0728 8.1073 7.1250 -0.0000 -0.0000 20.2972 -61.8132 -8.4947
2.8839 18.0005 4.1318 -89.5480 -81.9405 94.8753 0.0000 0.0000 0.0000 -5.1600 -4.4131 -21.9561 10.5000 17.6816 61.1469 0.0275 -1.8321 -3.0239 0.8252 -5.7958 -16.1930 0.0000 0.0000 0.0000 31.5157 6.8404 -12.4351 -1.2076 -6.9715 19.6310 -0.0236 -7.5294 -11.2394 -0.8617 -5.9195 16.5509 5.2804 0.5356 0.8183 4.7237 0.7313 -0.9677 1.8895 0.2823 -1.4490 -5.1438 -2.1957 -20.0523 2.5783 -1.9609 9.4047 1.4408 -0.9329 6.1694 0.0000 0.0000 0.0000 -73.6424 7.4891 8.8277 26.4318 -37.6320 -9.1501 -0.0000 -0.0000 9.9706 15.8706 24.7210 6.7804 -7.1250 0.0000 -0.0000 -14.5382 54.9634 -3.6139 0.0000 0.0000 0.0000 69.7599 7.4898 7.6211 -23.9259 35.0858 -7.6639 0.0000 -0.0000 -5.8850 -13.0288 -31.2997 6.8549 7.1250 -0.0000 -0.0000 21.7759 -60.6138 -8.5234
2.5974 18.0469 4.1064 -91.2583 -81.7238 96.3918 0.0000 0.0000 0.0000 -4.6803 -4.5367 -23.4867 10.1889 17.5147 60.1177 0.0638 -1.8779 -4.4884 0.8444 -5.8612 -16.3822 0.0000 0.0000 0.0000 32.0824 6.4056 -10.1777 -1.0117 -6.3996 17.9483 -0.0272 -7.5698 -11.3659 -0.8471 -5.8704 16.4088 5.6546 0.8205 0.6382 4.4568 1.1138 -1.1253 1.3998 0.4677 -1.4961 -5.2282 -2.2100 -19.8042 1.9577 -1.8803 10.1554 1.2635 -0.9565 6.3643 0.0000 -0.0000 0.0000 -73.4049 7.5412 11.6745 29.3982 -40.3719 -11.0177 -0.0000 -0.0000 8.7638 14.8199 24.3624 6.2287 -7.1250 0.0000 -0.0000 -15.4146 54.4117 -3.6300 0.0000 -0.0000 0.0000 68.3255 8.7108 10.2237 -27.1332 38.3059 -9.5816 0.0000 -0.0000 -8.1423 -10.2427 -29.7504 5.1238 7.1250 -0.0000 -0.0000 23.4348 -58.5576 -8.0512
2.3138 18.0863 4.0852 -92.5425 -81.5190 97.5596 0.0000 0.0000 0.0000 -4.2442 -4.7782 -24.9268 9.7285 17.2543 58.5770 0.1097 -1.8346 -5.8874 0.8924 -6.0210 -16.8455 0.0000 0.0000 0.0000 32.5930 6.0485 -8.0467 -0.8389 -5.8424 16.3278 -0.0272 -7.6905 -11.5299 -0.8208 -5.7808 16.1498 6.0547 1.1183 0.4442 4.1643 1.5130 -1.3112 0.8715 0.6593 -1.5546 -5.3693 -2.2399 -19.5026 1.4415 -1.8216 10.8040 1.1264 -0.9871 6.5210 -0.0000 0.0000 0.0000 -73.2110 7.6076 14.3707 32.7352 -43.1255 -13.2407 -0.0000 -0.0000 8.2561 13.3469 24.2414 5.5638 -7.1250 0.0000 -0.0000 -16.8195 54.0188 -3.8115 -0.0000 0.0000 0.0000 66.6335 9.9208 12.0621 -30.5905 41.3942 -11.7981 0.0000 -0.0000 -10.0608 -7.2218 -27.5978 3.3596 7.1250 -0.0000 -0.0000 24.8866 -55.9758 -7.0096
2.0322 18.1174 4.0686 -93.4127 -81.3317 98.3870 0.0000 0.0000 0.0000 -3.8499 -5.1115 -26.2714 9.1410 16.8976 56.5766 0.1561 -1.5736 -7.0779 0.9373 -6.1666 -17.2685 0.0000 0.0000 0.0000 33.0437 5.7462 -6.0745 -0.6931 -5.3222 14.8299 -0.0259 -7.8648 -11.7396 -0.7874 -5.6648 15.8149 6.4680 1.4183 0.2308 3.8620 1.9118 -1.5090 0.3287 0.8491 -1.6048 -5.4817 -2.2670 -19.2733 0.9106 -1.7585 11.4413 0.9793 -1.0188 6.6862 -0.0000 -0.0000 0.0000 -73.1093 7.6290 16.8869 36.3439 -45.7482 -15.7683 -0.0000 -0.0000 8.2250 11.8629 23.5884 4.8048 -7.1250 0.0000 -0.0000 -17.9431 53.1231 -3.6795 -0.0000 -0.0000 0.0000 64.7070 11.2146 13.0292 -34.1951 44.2287 -14.2490 0.0000 -0.0000 -11.6301 -4.4215 -25.4141 1.9006 7.1250 -0.0000 -0.0000 26.1413 -53.4876 -5.7650
1.7546 18.1382 4.0574 -93.7878 -81.1416 98.7958 0.0000 0.0000 0.0000 -3.4636 -5.5301 -27.5227 8.4409 16.4342 54.1357 0.1974 -1.1108 -8.0739 0.9614 -6.2432 -17.4918 0.0000 0.0000 0.0000 33.4535 5.4689 -4.3193 -0.5767 -4.8632 13.5188 -0.0264 -8.0536 -12.0063 -0.7486 -5.5264 15.4163 6.9042 1.7053 0.0040 3.5771 2.2893 -1.7039 -0.2053 1.0267 -1.6360 -5.5911 -2.2867 -19.1275 0.3562 -1.6747 12.0594 0.8251 -1.0455 6.8592 0.0000 0.0000 0.0000 -73.1494 7.6505 19.2478 40.3005 -48.2469 -18.6631 -0.0000 -0.0000 8.4038 10.6120 22.3652 4.0779 -7.1250 0.0000 -0.0000 -18.5441 51.7413 -3.1692 0.0000 0.0000 0.0000 62.5473 12.6484 13.1557 -37.7968 46.7090 -16.8175 0.0000 -0.0000 -12.8995 -2.2726 -23.6257 0.9112 7.1250 -0.0000 -0.0000 27.0594 -51.5259 -4.6344
1.4809 18.1477 4.0514 -93.7994 -80.9279 98.9139 0.0000 0.0000 0.0000 -3.0557 -6.0103 -28.6514 7.6395 15.8476 51.2536 0.2339 -0.4692 -8.9797 0.9717 -6.2756 -17.5861 0.0000 0.0000 0.0000 33.8487 5.2197 -2.8170 -0.4916 -4.4957 12.4755 -0.0344 -8.2009 -12.3571 -0.7008 -5.3511 14.9127 7.3859 1.9691 -0.2256 3.3126 2.6328 -1.8992 -0.7404 1.1851 -1.6588 -5.6989 -2.2866 -19.0035 -0.2098 -1.5587 12.6354 0.6696 -1.0605 7.0224 0.0000 -0.0000 0.0000 -73.3711 7.7556 21.3521 44.7505 -50.6456 -22.0456 -0.0000 -0.0000 8.8426 9.5937 20.9093 3.4521 -7.1250 0.0000 -0.0000 -18.8271 50.1935 -2.4874 0.0000 -0.0000 0.0000 60.1895 14.2313 12.5559 -41.1929 48.7610 -19.3315 0.0000 -0.0000 -14.0502 -1.0868 -22.4471 0.4150 7.1250 -0.0000 -0.0000 27.4658 -50.2909 -3.8355
1.2110 18.1461 4.0504 -93.6258 -80.6927 98.9222 0.0000 0.0000 0.0000 -2.6269 -6.5336 -29.6373 6.7536 15.1208 47.9361 0.2595 0.3873 -9.7692 0.9688 -6.2665 -17.5598 0.0000 0.0000 0.0000 34.2310 5.0207 -1.6034 -0.4381 -4.2471 11.7728 -0.0559 -8.2612 -12.8273 -0.6436 -5.1323 14.2864 7.9103 2.2054 -0.4504 3.0540 2.9383 -2.1079 -1.2907 1.3218 -1.6915 -5.7549 -2.2423 -18.8763 -0.7795 -1.3935 13.1568 0.5097 -1.0515 7.1670 0.0000 -0.0000 0.0000 -73.7884 8.0032 23.1266 49.8244 -52.9244 -26.0340 -0.0000 -0.0000 9.5102 8.7622 19.5448 2.9518 -7.1250 0.0000 -0.0000 -19.0010 48.7740 -1.8293 0.0000 -0.0000 0.0000 57.7089 15.9798 11.3094 -44.0918 50.3157 -21.5375 0.0000 -0.0000 -15.2623 -0.9530 -21.9295 0.3559 7.1250 -0.0000 -0.0000 27.2993 -49.8112 -3.4684
0.9434 18.1336 4.0533 -93.5185 -80.4588 99.0657 0.0000 0.0000 0.0000 -2.2062 -7.0679 -30.4433 5.8006 14.2322 44.1759 0.2628 1.4892 -10.3445 0.9536 -6.2185 -17.4197 0.0000 0.0000 0.0000 34.5830 4.8883 -0.6650 -0.4123 -4.1216 11.4190 -0.0915 -8.2321 -13.4039 -0.5782 -4.8691 13.5355 8.4284 2.4275 -0.6975 2.7961 3.2197 -2.3158 -1.8339 1.4456 -1.7063 -5.7377 -2.1561 -18.7539 -1.3495 -1.1880 13.6242 0.3422 -1.0206 7.2946 -0.0000 0.0000 0.0000 -74.4250 8.3245 24.5886 55.4338 -54.9650 -30.5709 -0.0000 -0.0000 10.0783 8.0722 18.3854 2.5613 -7.1250 0.0000 -0.0000 -19.1509 47.5782 -1.2623 -0.0000 0.0000 0.0000 55.1552 17.9119 9.4474 -46.1992 51.3426 -23.1715 0.0000 -0.0000 -16.6178 -1.5617 -21.9942 0.5850 7.1250 -0.0000 -0.0000 26.7839 -49.9614 -3.4983
0.6798 18.1114 4.0616 -93.6796 -80.2515 99.5490 0.0000 0.0000 0.0000 -1.8348 -7.5997 -31.0585 4.8050 13.1608 39.9734 0.2314 2.8191 -10.5758 0.9197 -6.1101 -17.1042 0.0000 0.0000 0.0000 34.8608 4.7825 0.0236 -0.4059 -4.0903 11.3309 -0.1387 -8.1055 -14.0165 -0.5025 -4.5443 12.6133 8.9251 2.6532 -0.9386 2.5270 3.5047 -2.5273 -2.3753 1.5702 -1.7218 -5.8627 -2.0667 -18.7734 -1.6830 -0.9640 14.1939 0.2754 -0.9703 7.4831 -0.0000 -0.0000 0.0000 -75.2800 8.6583 25.8259 61.4161 -56.6756 -35.5219 -0.0000 -0.0000 10.3389 7.2953 17.5875 2.2153 -7.1250 0.0000 -0.0000 -19.5348 46.7207 -0.8616 -0.0000 -0.0000 0.0000 52.5348 20.0091 7.0388 -47.2693 51.8330 -24.0100 0.0000 -0.0000 -18.0122 -2.6292 -22.4929 1.0065 7.1250 -0.0000 -0.0000 26.0851 -50.5721 -3.8068
0.4134 18.0805 4.0714 -94.0485 -80.0522 100.2480 0.0000 0.0000 0.0000 -1.4787 -8.1017 -31.3687 3.7905 11.8762 35.2956 0.1621 4.2410 -10.3607 0.8802 -5.9809 -16.7290 0.0000 0.0000 0.0000 35.1088 4.6588 0.6307 -0.4085 -4.1032 11.3672 -0.1905 -7.9576 -14.6399 -0.4178 -4.1488 11.4955 9.3755 2.8702 -1.2005 2.2567 3.7722 -2.7210 -2.8893 1.6879 -1.7054 -5.9213 -1.9600 -18.7539 -1.9780 -0.7416 14.7256 0.2110 -0.9141 7.6533 0.0000 0.0000 0.0000 -76.3925 8.9079 26.7877 67.3520 -57.9703 -40.5199 -0.0000 -0.0000 10.3807 6.4856 16.8219 1.8843 -7.1250 0.0000 -0.0000 -19.9612 45.8964 -0.4599 0.0000 0.0000 0.0000 49.9176 22.2177 4.2425 -47.2913 51.8429 -24.0273 0.0000 -0.0000 -19.2121 -3.9982 -23.2889 1.5829 7.1250 -0.0000 -0.0000 25.2673 -51.5069 -4.2791
0.1400 18.0418 4.0801 -94.3232 -79.8296 100.8280 0.0000 0.0000 0.0000 -1.0767 -8.6370 -31.3117 2.8024 10.3681 30.1771 0.0740 5.4913 -9.7573 0.8217 -5.7838 -16.1584 0.0000 0.0000 0.0000 35.3831 4.4885 1.2674 -0.4123 -4.1217 11.4192 -0.2441 -7.8387 -15.2838 -0.3330 -3.7088 10.2589 9.7729 3.0518 -1.5254 2.0064 3.9804 -2.8822 -3.3486 1.7802 -1.6259 -5.7551 -1.8164 -18.5831 -2.3850 -0.5221 15.1325 0.0746 -0.8545 7.7558 -0.0000 0.0000 0.0000 -77.7951 9.0620 27.4516 73.0085 -58.8805 -45.3403 -0.0000 -0.0000 10.3073 5.8040 16.1777 1.6222 -7.1250 0.0000 -0.0000 -20.3195 45.2081 -0.1090 -0.0000 0.0000 0.0000 47.3986 24.4738 1.2393 -46.4771 51.4719 -23.3886 0.0000 -0.0000 -20.0738 -5.7126 -24.4232 2.3685 7.1250 -0.0000 -0.0000 24.3137 -52.8224 -4.9128
-0.1416 17.9963 4.0887 -94.4184 -79.5759 101.2120 0.0000 0.0000 0.0000 -0.5846 -9.3312 -30.8881 1.9048 8.6648 24.7524 -0.0088 6.4166 -8.9236 0.7616 -5.5731 -15.5505 0.0000 0.0000 0.0000 35.6883 4.2721 1.9426 -0.4164 -4.1419 11.4762 -0.3026 -7.7152 -15.9539 -0.2534 -3.2391 8.9450 10.1338 3.1978 -1.9347 1.7769 4.1259 -3.0095 -3.7604 1.8464 -1.4721 -5.4303 -1.6485 -18.3288 -2.8381 -0.3087 15.4891 -0.1029 -0.7913 7.8276 0.0000 -0.0000 0.0000 -79.4515 9.1666 27.8728 78.2940 -59.4758 -49.8802 -0.0000 -0.0000 10.0371 5.2491 15.6551 1.4201 -7.1250 0.0000 -0.0000 -20.6116 44.6532 0.1846 0.0000 -0.0000 0.0000 45.0538 26.6630 -1.8113 -45.1183 50.8263 -22.3305 0.0000 -0.0000 -20.6857 -7.8401 -25.9049 3.4426 7.1250 -0.0000 -0.0000 23.1699 -54.5572 -5.6693
-0.4296 17.9456 4.0999 -94.4661 -79.3275 101.5330 0.0000 0.0000 0.0000 -0.0101 -10.3037 -30.1553 1.1666 6.8564 19.2906 -0.0706 7.0413 -8.1415 0.7330 -5.4700 -15.2542 0.0000 0.0000 0.0000 35.9528 4.0177 2.6188 -0.4243 -4.1809 11.5860 -0.3677 -7.5269 -16.6096 -0.1754 -2.6982 7.4395 10.4681 3.3305 -2.3791 1.5490 4.2449 -3.1057 -4.1526 1.9036 -1.2696 -5.1816 -1.5039 -18.1660 -3.1412 -0.1204 15.9566 -0.2232 -0.7332 7.9538 0.0000 0.0000 0.0000 -81.2952 9.2097 28.1348 83.0038 -59.8142 -53.9449 -0.0000 -0.0000 9.4151 4.6184 15.1726 1.2112 -7.1250 0.0000 -0.0000 -20.9836 44.1303 0.4722 0.0000 0.0000 0.0000 42.9248 28.7073 -4.9003 -43.4250 49.9731 -21.0256 0.0000 -0.0000 -21.1868 -10.2044 -27.5378 4.7574 7.1250 -0.0000 -0.0000 21.8912 -56.5208 -6.3965
-0.7246 17.8910 4.1132 -94.5620 -79.1267 101.8470 0.0000 0.0000 0.0000 0.5778 -11.4687 -29.2532 0.6385 5.1123 14.2290 -0.1019 7.3939 -7.7756 0.7345 -5.4754 -15.2696 0.0000 0.0000 0.0000 36.1336 3.7663 3.3152 -0.4408 -4.2603 11.8102 -0.4382 -7.3027 -17.2640 -0.1043 -2.0821 5.7327 10.7371 3.4606 -2.8155 1.3188 4.3587 -3.1658 -4.5098 1.9633 -1.0366 -4.9819 -1.4055 -18.0210 -3.4033 0.0147 16.4724 -0.3293 -0.7012 8.1012 0.0000 -0.0000 0.0000 -83.2886 9.1165 28.2518 86.8204 -59.9618 -57.2468 -0.0000 -0.0000 8.3342 3.7309 14.6513 0.9449 -7.1250 0.0000 -0.0000 -21.5611 43.5471 0.8134 0.0000 -0.0000 0.0000 41.0937 30.6427 -8.1538 -41.5642 48.9698 -19.6112 0.0000 -0.0000 -21.5628 -12.3287 -29.1381 6.0746 7.1250 -0.0000 -0.0000 20.8417 -58.4539 -7.0541
-1.0229 17.8332 4.1302 -94.6823 -79.0006 102.1440 0.0000 0.0000 0.0000 1.0103 -12.4830 -28.6131 0.3397 3.7452 10.3609 -0.0841 7.2536 -8.1000 0.7352 -5.4777 -15.2763 0.0000 0.0000 0.0000 36.2035 3.5411 3.9713 -0.4715 -4.4039 12.2158 -0.5171 -7.0486 -17.9592 -0.0495 -1.4359 3.9489 10.9436 3.5960 -3.1833 1.0770 4.4890 -3.2180 -4.8469 2.0321 -0.8327 -4.8981 -1.3593 -17.8958 -3.6012 0.1020 17.0657 -0.4025 -0.6960 8.2798 -0.0000 0.0000 0.0000 -85.3494 8.8762 28.3019 89.6674 -59.9996 -59.7120 -0.0000 -0.0000 6.7660 2.5342 14.2814 0.6255 -7.1250 0.0000 -0.0000 -22.4526 43.0766 1.1270 -0.0000 0.0000 0.0000 39.6163 32.4053 -11.5457 -39.7924 47.9464 -18.2849 0.0000 -0.0000 -21.9997 -13.8723 -30.5995 7.1652 7.1250 -0.0000 -0.0000 20.3229 -60.1652 -7.7077
-1.3201 17.7731 4.1516 -94.6497 -78.9298 102.2500 0.0000 0.0000 0.0000 1.1067 -12.9254 -28.6715 0.2301 3.0872 8.5215 -0.0134 6.3119 -8.6422 0.7448 -5.5127 -15.3769 0.0000 0.0000 0.0000 36.2053 3.3452 4.5448 -0.5216 -4.6286 12.8522 -0.6034 -6.7844 -18.6928 -0.0137 -0.7547 2.0742 11.1345 3.7229 -3.4236 0.8167 4.6261 -3.2742 -5.2023 2.1014 -0.7012 -4.8951 -1.3331 -17.8332 -3.7480 0.1821 17.7636 -0.4483 -0.6993 8.5064 0.0000 -0.0000 0.0000 -87.3429 8.4782 28.3575 91.5815 -59.9905 -61.3696 -0.0000 -0.0000 4.7559 1.1480 14.1344 0.2804 -7.1250 0.0000 -0.0000 -23.5772 42.7962 1.3648 0.0000 -0.0000 0.0000 38.5545 33.8552 -14.7867 -38.4441 47.1206 -17.2903 0.0000 -0.0000 -22.8441 -14.7440 -31.8356 7.9031 7.1250 -0.0000 -0.0000 20.3917 -61.5251 -8.3968
-1.6170 17.7127 4.1753 -94.2701 -78.8736 101.9200 0.0000 0.0000 0.0000 0.8574 -12.8293 -29.3695 0.2502 3.2184 8.8874 0.0498 4.9654 -8.5517 0.7455 -5.5152 -15.3840 0.0000 0.0000 0.0000 36.2264 3.2032 5.0943 -0.5956 -4.9409 13.7399 -0.6907 -6.5853 -19.4516 -0.0000 -0.0245 0.0673 11.3345 3.8117 -3.5294 0.5546 4.7294 -3.2865 -5.5737 2.1548 -0.6023 -4.8698 -1.2976 -17.8459 -3.9213 0.2828 18.5042 -0.5057 -0.6979 8.7629 0.0000 0.0000 0.0000 -89.1569 7.8765 28.4678 92.6781 -59.9729 -62.3191 -0.0000 -0.0000 2.4720 -0.1011 14.3136 -0.0250 -7.1250 0.0000 -0.0000 -24.7008 42.8289 1.4176 0.0000 0.0000 0.0000 37.9576 34.9238 -17.5332 -37.8264 46.7280 -16.8390 0.0000 -0.0000 -24.2027 -15.1868 -32.9282 8.3937 7.1250 -0.0000 -0.0000 20.8643 -62.6485 -9.1551
-1.9175 17.6548 4.1986 -93.6906 -78.8079 101.2370 0.0000 0.0000 0.0000 0.4609 -12.6993 -30.1738 0.3677 3.8950 10.7815 0.0524 4.0652 -7.5848 0.7361 -5.4813 -15.2867 0.0000 0.0000 0.0000 36.3317 3.1655 5.7075 -0.7005 -5.3498 14.9089 -0.7713 -6.5429 -20.2264 -0.0139 0.7606 -2.0902 11.5120 3.8527 -3.5131 0.3147 4.7827 -3.2020 -5.9177 2.1905 -0.4809 -4.7884 -1.2584 -17.9286 -4.1480 0.3905 19.2084 -0.5908 -0.6955 9.0220 0.0000 -0.0000 0.0000 -90.6996 7.0680 28.6951 93.1734 -59.9619 -62.7479 -0.0000 -0.0000 0.2744 -0.8114 14.7983 -0.2073 -7.1250 0.0000 -0.0000 -25.4903 43.1923 1.2230 0.0000 -0.0000 0.0000 37.8762 35.6027 -19.5272 -38.1279 46.9208 -17.0590 0.0000 -0.0000 -25.6428 -15.5300 -34.0307 8.8396 7.1250 -0.0000 -0.0000 21.5252 -63.7518 -10.0159
-2.2265 17.6023 4.2194 -93.3242 -78.7713 100.5930 0.0000 0.0000 0.0000 0.0337 -12.7848 -30.6607 0.5523 4.7608 13.2275 0.0074 3.7978 -5.7347 0.7236 -5.4356 -15.1551 0.0000 0.0000 0.0000 36.4888 3.2323 6.4106 -0.8444 -5.8610 16.3818 -0.8356 -6.6976 -20.9579 -0.0631 1.6203 -4.4574 11.5705 3.8612 -3.3765 0.0998 4.8094 -3.0345 -6.1768 2.2204 -0.3541 -4.6694 -1.2166 -17.9912 -4.3907 0.4921 19.8247 -0.6883 -0.6926 9.2493 0.0000 0.0000 0.0000 -91.9017 6.1450 29.0842 93.3070 -59.9586 -62.8636 -0.0000 0.0000 -1.5817 -0.8052 15.4729 -0.2148 -7.1250 0.0000 -0.0000 -25.7598 43.8016 0.8197 0.0000 0.0000 0.0000 38.3689 35.8131 -20.5061 -39.4556 47.7440 -18.0352 0.0000 -0.0000 -26.7375 -15.6855 -35.0683 9.1652 7.1250 -0.0000 -0.0000 22.4096 -64.7389 -10.9618
-2.5446 17.5601 4.2365 -93.5515 -78.9683 100.4330 0.0000 0.0000 0.0000 -0.5602 -13.1399 -30.7461 0.7603 5.5685 15.5375 -0.0379 3.9136 -3.3894 0.7035 -5.3612 -14.9417 0.0000 0.0000 0.0000 36.4614 3.4180 7.1131 -1.0379 -6.4795 18.1823 -0.8636 -7.0689 -21.4927 -0.1590 2.5694 -7.0821 11.2840 3.8524 -3.1438 -0.1554 4.8358 -2.8512 -6.2934 2.2532 -0.2853 -4.5947 -1.1522 -17.9944 -4.5157 0.6072 20.4332 -0.7363 -0.6729 9.4641 -0.0000 0.0000 0.0000 -92.7057 5.1899 29.5953 93.2743 -59.9595 -62.8353 -0.0000 0.0000 -3.3307 -0.2473 16.2453 -0.0692 -7.1250 0.0000 -0.0000 -25.6081 44.5615 0.2975 -0.0000 0.0000 0.0000 39.5437 35.5295 -20.3686 -41.9308 49.1731 -19.8882 0.0000 -0.0000 -27.3996 -15.5279 -35.8695 9.2468 7.1250 -0.0000 -0.0000 23.4624 -65.4168 -11.8698
-2.8699 17.5349 4.2489 -94.1766 -79.6670 100.7010 0.0000 0.0000 0.0000 -1.6508 -13.6854 -30.6189 0.9679 6.2638 17.5519 -0.0482 3.8945 -1.2198 0.5842 -4.8941 -13.6068 0.0000 0.0000 0.0000 35.8910 3.6448 7.5440 -1.2990 -7.2209 20.3714 -0.8412 -7.5663 -21.6654 -0.2990 3.5162 -9.7194 10.3866 3.8214 -2.9771 -0.5332 4.8386 -2.6772 -6.1960 2.2807 -0.2285 -4.6471 -1.0789 -17.9599 -4.4359 0.7219 21.0735 -0.6925 -0.6409 9.6833 -0.0000 0.0000 0.0000 -93.1288 4.1540 30.0791 93.1660 -59.9621 -62.7415 -0.0000 0.0000 -5.3944 0.2865 17.0422 0.0840 -7.1250 0.0000 -0.0000 -25.4923 45.3438 -0.2317 -0.0000 0.0000 0.0000 41.4447 34.8291 -19.3011 -45.7317 51.1220 -22.8070 0.0000 -0.0000 -27.7451 -15.2578 -36.3693 9.1882 7.1250 -0.0000 -0.0000 24.3408 -65.7858 -12.5438
-3.2012 17.5317 4.2571 -94.5603 -80.7113 100.8160 0.0000 0.0000 0.0000 -3.1908 -14.1397 -30.4200 1.1812 6.8976 19.4123 -0.0312 3.4218 0.2198 0.3728 -3.9218 -10.8569 0.0000 0.0000 0.0000 34.8300 3.6908 7.4274 -1.6572 -8.1121 23.0552 -0.7659 -7.9584 -21.2757 -0.4639 4.3690 -12.1173 9.1054 3.7535 -2.9250 -1.0108 4.7854 -2.5362 -5.9832 2.2802 -0.1735 -4.7771 -1.0154 -17.8729 -4.2303 0.8095 21.7148 -0.5946 -0.6130 9.8935 -0.0000 -0.0000 0.0000 -93.2167 3.0133 30.2996 92.9147 -59.9679 -62.5239 -0.0000 0.0000 -7.8571 0.2338 17.6082 0.0707 -7.1250 0.0000 -0.0000 -25.7887 45.8475 -0.5781 -0.0000 -0.0000 0.0000 44.1335 33.7674 -17.5011 -51.0204 53.3989 -26.9912 0.0000 -0.0000 -27.7860 -15.0696 -36.6336 9.1272 7.1250 -0.0000 -0.0000 24.8656 -65.9658 -12.9313
-3.5377 17.5484 4.2652 -94.0867 -81.5168 100.1030 0.0000 0.0000 0.0000 -4.5943 -14.2119 -30.1027 1.4003 7.4856 21.1622 -0.0090 2.4862 1.0401 0.1632 -2.6030 -7.1755 0.0000 0.0000 0.0000 33.8229 3.4132 6.6537 -2.1498 -9.1714 26.3331 -0.6354 -8.0731 -20.0993 -0.6193 5.0363 -14.0122 8.1217 3.6441 -2.8807 -1.4241 4.6665 -2.4445 -5.8713 2.2361 -0.1601 -4.8845 -0.9290 -17.7337 -4.0489 0.9204 22.3611 -0.5049 -0.5762 10.0971 -0.0000 -0.0000 0.0000 -93.0572 1.8073 30.0351 92.4479 -59.9773 -62.1198 -0.0000 0.0000 -10.5304 -0.5295 17.8360 -0.1622 -7.1250 0.0000 -0.0000 -26.5542 45.9566 -0.6747 -0.0000 -0.0000 0.0000 47.5777 32.4347 -15.0862 -57.8197 55.7004 -32.5333 0.0000 -0.0000 -27.4292 -14.9843 -36.6740 9.0824 7.1250 -0.0000 -0.0000 25.0096 -65.9769 -13.0167
-3.8757 17.5786 4.2773 -93.0813 -81.7845 98.8203 0.0000 0.0000 0.0000 -5.4735 -13.9802 -29.4794 1.5946 7.9649 22.6076 0.0048 1.3920 1.4740 0.0378 -1.2553 -3.4516 0.0000 0.0000 0.0000 33.1628 2.9079 5.2410 -2.8170 -10.3928 30.2582 -0.4306 -8.0660 -17.8799 -0.7196 5.4208 -15.1127 7.7724 3.5033 -2.7516 -1.6644 4.4974 -2.3865 -5.9420 2.1555 -0.2049 -4.9103 -0.7532 -17.6012 -3.9912 1.1616 23.0467 -0.4544 -0.4914 10.3188 -0.0000 0.0000 0.0000 -92.7508 0.5468 29.1997 91.7312 -59.9887 -61.4992 -0.0000 0.0000 -13.3419 -1.5253 17.9469 -0.4701 -7.1250 0.0000 -0.0000 -27.4661 45.9306 -0.6826 -0.0000 0.0000 0.0000 51.5899 30.9919 -12.1471 -65.8875 57.6849 -39.2802 0.0000 -0.0000 -26.6262 -15.0624 -36.4464 9.0833 7.1250 -0.0000 -0.0000 24.6504 -65.7983 -12.7190
-4.2097 17.6169 4.2944 -92.4927 -81.8315 97.9343 0.0000 0.0000 0.0000 -6.1217 -13.7507 -28.4188 1.7233 8.2643 23.5198 0.0078 0.4587 1.5663 0.0001 -0.0520 -0.1429 0.0000 0.0000 0.0000 32.5139 2.3448 3.2477 -3.6673 -11.7040 34.6926 -0.1350 -8.4508 -14.3677 -0.6885 5.3047 -14.7798 7.6675 3.3404 -2.6085 -1.7623 4.2934 -2.3042 -6.0019 2.0565 -0.2317 -4.8570 -0.4691 -17.5108 -4.1088 1.5776 23.7116 -0.4551 -0.3434 10.5452 0.0000 -0.0000 0.0000 -92.4221 -0.8434 27.8563 90.6808 -59.9983 -60.5896 -0.0000 0.0000 -16.4515 -2.0514 18.2416 -0.6424 -7.1250 0.0000 -0.0000 -28.0590 46.1252 -0.8458 0.0000 -0.0000 0.0000 55.8246 29.5702 -8.7575 -74.6862 59.0951 -46.7782 0.0000 -0.0000 -25.3901 -15.4272 -36.0515 9.2245 7.1250 -0.0000 -0.0000 23.7822 -65.5510 -12.1132
-4.5365 17.6597 4.3137 -92.8982 -82.0723 98.0400 0.0000 0.0000 0.0000 -6.9883 -13.6923 -26.9449 1.7759 8.3829 23.8832 0.0039 -0.0687 1.2033 0.0105 0.6627 1.8211 0.0000 0.0000 0.0000 31.5008 1.8320 0.8633 -4.6546 -12.9839 39.3082 0.1952 -9.6187 -9.5132 -0.4856 4.4684 -12.3983 7.3235 3.1637 -2.4448 -1.8161 4.0757 -2.2177 -5.8814 1.9518 -0.2864 -4.7284 -0.0902 -17.3828 -4.3825 2.1406 24.2987 -0.5028 -0.1407 10.7423 -0.0000 0.0000 0.0000 -92.0877 -2.3199 26.1260 89.1302 -59.9971 -59.2468 -0.0000 0.0000 -19.8978 -1.6313 18.8135 -0.5262 -7.1250 0.0000 -0.0000 -27.9730 46.6854 -1.2605 -0.0000 0.0000 0.0000 60.0746 28.1107 -4.8611 -83.5495 59.8422 -54.4167 0.0000 -0.0000 -23.8279 -16.0455 -35.6271 9.5105 7.1250 -0.0000 -0.0000 22.6098 -65.3444 -11.3802
-4.8530 17.7028 4.3307 -94.1025 -82.6935 98.9740 0.0000 0.0000 0.0000 -8.2849 -13.7782 -25.2860 1.7843 8.4016 23.9406 -0.0001 -0.2993 0.3525 0.0163 0.8255 2.2687 0.0000 0.0000 0.0000 30.0383 1.3945 -1.7343 -5.7114 -14.1427 43.8122 0.4264 -11.4915 -3.7347 -0.1713 2.6659 -7.3500 6.5100 2.9602 -2.2608 -1.8816 3.8288 -2.1510 -5.5096 1.8337 -0.4030 -4.5101 0.3676 -17.1702 -4.8015 2.8186 24.7902 -0.6013 0.1064 10.8962 0.0000 0.0000 0.0000 -91.7137 -3.8500 24.1155 86.8675 -59.9629 -57.2875 -0.0000 0.0000 -23.2504 -0.1250 19.5678 -0.0419 -7.1250 0.0000 -0.0000 -27.0280 47.5559 -1.8326 0.0000 0.0000 0.0000 64.2180 26.5831 -0.4098 -91.7438 59.9885 -61.5101 0.0000 -0.0000 -22.0961 -16.8381 -35.0836 9.8679 7.1250 -0.0000 -0.0000 21.1282 -65.0721 -10.4702
-5.1572 17.7430 4.3422 -95.8107 -83.6580 100.4450 0.0000 0.0000 0.0000 -9.9659 -13.8597 -23.6501 1.7805 8.3931 23.9146 0.0015 -0.4947 -0.7280 0.0150 0.7901 2.1713 0.0000 0.0000 0.0000 28.2498 1.0004 -4.4518 -6.8010 -15.1620 48.1176 0.4903 -13.9443 1.9062 -0.0004 0.1242 -0.3413 5.2732 2.7158 -2.0834 -1.9708 3.5277 -2.0791 -4.9229 1.6922 -0.5343 -4.1938 0.8890 -16.8928 -5.3517 3.5881 25.2057 -0.7515 0.3893 11.0209 0.0000 0.0000 0.0000 -91.2554 -5.5198 21.8706 83.5864 -59.8440 -54.4485 -0.0000 0.0000 -25.9442 2.1599 20.4181 0.7538 -7.1250 0.0000 -0.0000 -25.4194 48.6365 -2.4249 0.0000 0.0000 0.0000 68.1925 25.0631 4.5602 -98.6660 59.7143 -67.4977 0.0000 -0.0000 -20.4529 -17.6153 -34.3185 10.1491 7.1250 -0.0000 -0.0000 19.4676 -64.5808 -9.3956
-5.4494 17.7789 4.3480 -97.9667 -84.7254 102.3590 0.0000 0.0000 0.0000 -11.7454 -13.7846 -22.0758 1.7711 8.3721 23.8500 0.0102 -0.7289 -1.7915 0.0158 0.8112 2.2295 0.0000 0.0000 0.0000 26.4304 0.6012 -7.2266 -7.9082 -16.0513 52.2313 0.5104 -16.7728 5.7704 -0.0844 -1.8743 5.1584 3.9026 2.4409 -1.9019 -2.0474 3.1821 -1.9767 -4.2458 1.5316 -0.6386 -3.8175 1.4456 -16.5700 -5.9804 4.4110 25.6088 -0.9346 0.6911 11.1452 -0.0000 0.0000 0.0000 -90.6701 -7.4046 19.4044 79.0303 -59.5404 -50.5146 -0.0000 0.0000 -27.8253 4.7763 21.4139 1.7473 -7.1250 0.0000 -0.0000 -23.5436 49.9264 -3.0070 -0.0000 0.0000 0.0000 71.9590 23.6212 9.9589 -103.9968 59.2466 -72.0909 0.0000 -0.0000 -19.1897 -18.2668 -33.4056 10.2998 7.1250 -0.0000 -0.0000 17.8646 -63.9022 -8.3153
-5.7321 17.8121 4.3503 -100.7220 -85.5398 104.8250 0.0000 0.0000 0.0000 -13.2042 -13.4828 -20.4947 1.7462 8.3161 23.6784 0.0241 -1.0128 -2.7567 0.0153 0.7990 2.1959 0.0000 0.0000 0.0000 24.9837 0.1797 -9.9887 -9.0119 -16.8153 56.1311 0.6608 -19.0659 6.6022 -0.1614 -2.5885 7.1351 2.8126 2.1819 -1.6754 -2.0406 2.8529 -1.8491 -3.6391 1.3781 -0.7184 -3.4722 1.9945 -16.2080 -6.6055 5.2350 26.0662 -1.1146 0.9861 11.2928 -0.0000 -0.0000 0.0000 -89.9297 -9.4841 16.7754 73.0949 -58.8921 -45.4142 -0.0000 0.0000 -29.0993 7.4168 22.4369 2.8443 -7.1250 0.0000 -0.0000 -21.6109 51.2840 -3.4829 -0.0000 -0.0000 0.0000 75.4707 22.2590 15.6366 -107.6576 58.7885 -75.2297 0.0000 -0.0000 -18.3243 -18.6786 -32.4626 10.2847 7.1250 -0.0000 -0.0000 16.5757 -63.1157 -7.3933
-6.0074 17.8454 4.3522 -103.8660 -85.9093 107.6710 0.0000 0.0000 0.0000 -14.1198 -13.0368 -18.8826 1.6977 8.2059 23.3412 0.0421 -1.2072 -3.6449 0.0115 0.6931 1.9048 0.0000 0.0000 0.0000 24.1298 -0.1923 -12.7225 -10.0535 -17.4398 59.6670 0.9010 -20.1645 4.9512 -0.1918 -2.8203 7.7787 2.2180 1.9810 -1.4168 -1.8984 2.5968 -1.7331 -3.1698 1.2576 -0.7973 -3.2352 2.5067 -15.8040 -7.1944 6.0329 26.6150 -1.2714 1.2554 11.4735 0.0000 -0.0000 0.0000 -89.0575 -11.6875 14.0780 65.9223 -57.6919 -39.3097 -0.0000 0.0000 -29.9671 9.5314 23.3791 3.8118 -7.1250 0.0000 -0.0000 -20.0906 52.5175 -3.8429 0.0000 -0.0000 0.0000 78.6366 20.9401 21.4136 -109.5501 58.5054 -76.8459 0.0000 -0.0000 -17.6445 -18.6704 -31.5904 10.0379 7.1250 -0.0000 -0.0000 15.8789 -62.2772 -6.7609
-6.2768 17.8806 4.3561 -107.4640 -85.9149 111.0200 0.0000 0.0000 0.0000 -14.6114 -12.5675 -17.2444 1.6231 8.0325 22.8128 0.0634 -1.1686 -4.4911 0.0069 0.5346 1.4691 0.0000 0.0000 0.0000 23.7424 -0.3657 -15.4115 -10.9449 -17.9080 62.6025 1.0914 -20.4092 2.5033 -0.2805 -3.4062 9.4117 2.0264 1.8706 -1.2411 -1.6446 2.4585 -1.6095 -2.8063 1.1944 -0.7972 -3.1064 2.9651 -15.3717 -7.7783 6.7877 27.2236 -1.4191 1.4881 11.6779 0.0000 -0.0000 0.0000 -88.1070 -14.0176 11.4157 57.9565 -55.7403 -32.6463 -0.0000 0.0000 -30.5106 10.7867 24.2516 4.4745 -7.1250 0.0000 -0.0000 -19.3405 53.5609 -4.1940 0.0000 -0.0000 0.0000 81.3630 19.7575 27.0806 -109.5372 58.5074 -76.8349 0.0000 -0.0000 -17.1831 -18.1764 -30.9309 9.5791 7.1250 -0.0000 -0.0000 15.9236 -61.5181 -6.4945
-6.5414 17.9170 4.3632 -112.1460 -85.8182 115.5290 0.0000 0.0000 0.0000 -15.0355 -12.1436 -15.5999 1.5293 7.8079 22.1320 0.0868 -0.8940 -5.3194 0.0031 0.3595 0.9877 0.0000 0.0000 0.0000 23.4488 -0.2575 -18.0297 -11.6201 -18.2254 64.7794 1.1922 -20.3334 0.4669 -0.3715 -3.9148 10.8370 1.9481 1.8468 -1.2648 -1.3708 2.4321 -1.4202 -2.4765 1.1893 -0.6062 -3.0016 3.3689 -14.9137 -8.4186 7.4866 27.7995 -1.5953 1.6856 11.8747 0.0000 -0.0000 0.0000 -87.1084 -16.5036 8.8055 49.9435 -52.9727 -26.1291 -0.0000 0.0000 -30.8830 11.3169 25.1555 4.8624 -7.1250 0.0000 -0.0000 -19.3203 54.5126 -4.6462 0.0000 -0.0000 0.0000 83.5972 18.9364 32.5166 -107.4127 58.8228 -75.0202 0.0000 -0.0000 -17.1574 -17.3107 -30.5696 9.0070 7.1250 -0.0000 -0.0000 16.6057 -60.9582 -6.5602
-6.7995 17.9526 4.3722 -118.1680 -85.7873 121.4420 0.0000 0.0000 0.0000 -15.6074 -11.7278 -13.9985 1.4282 7.5569 21.3760 0.1114 -0.5235 -6.1395 0.0018 0.2702 0.7423 0.0000 0.0000 0.0000 23.0157 0.0945 -20.5673 -12.0669 -18.4188 66.2006 1.2032 -19.9131 -0.9870 -0.3679 -3.8959 10.7840 1.7684 1.8584 -1.4504 -1.1374 2.4499 -1.1567 -2.1237 1.2085 -0.2486 -2.8563 3.7411 -14.4585 -9.1148 8.1455 28.3043 -1.8075 1.8651 12.0567 0.0000 -0.0000 0.0000 -86.0645 -19.0442 6.2095 42.6653 -49.5721 -20.4456 -0.0000 0.0000 -31.5160 11.7583 26.3776 5.2836 -7.1250 0.0000 -0.0000 -19.5977 55.7506 -5.3165 0.0000 -0.0000 0.0000 85.4400 18.6213 37.6074 -103.0045 59.3512 -71.2377 0.0000 -0.0000 -17.6750 -15.8782 -30.5192 8.2195 7.1250 -0.0000 -0.0000 18.1210 -60.5650 -7.0108
-7.0505 17.9847 4.3822 -125.4740 -85.8183 128.6670 0.0000 0.0000 0.0000 -16.3298 -11.2245 -12.4608 1.3235 7.2860 20.5654 0.1366 -0.1935 -6.9145 0.0024 0.3132 0.8605 0.0000 0.0000 0.0000 22.4344 0.6027 -22.9928 -12.2915 -18.5112 66.9098 1.1226 -18.9877 -1.9233 -0.3170 -3.6193 10.0081 1.4621 1.8659 -1.6097 -0.9598 2.4635 -0.8934 -1.7587 1.2235 0.0904 -2.6788 4.0990 -14.0251 -9.7709 8.7697 28.7903 -2.0183 2.0378 12.2424 -0.0000 0.0000 0.0000 -84.9758 -21.3527 3.6862 36.6539 -45.9576 -15.9908 -0.0000 0.0000 -32.9341 12.3133 28.2480 5.8982 -7.1250 0.0000 -0.0000 -20.2361 57.6204 -6.4278 -0.0000 0.0000 0.0000 87.0706 18.6701 42.1981 -96.5246 59.8385 -65.6474 0.0000 -0.0000 -18.7845 -13.6043 -30.7374 7.0511 7.1250 -0.0000 -0.0000 20.7142 -60.2305 -7.8962
-7.2971 18.0116 4.3935 -133.4090 -85.8313 136.5030 0.0000 0.0000 0.0000 -17.1147 -10.5785 -10.9399 1.2126 6.9854 19.6722 0.1609 0.0379 -7.5901 0.0040 0.4094 1.1250 0.0000 0.0000 0.0000 21.7996 1.1780 -25.2308 -12.2934 -18.5119 66.9157 0.9760 -17.5567 -2.6463 -0.2785 -3.3943 9.3786 1.1202 1.8715 -1.6530 -0.8361 2.4771 -0.6533 -1.4340 1.2354 0.3413 -2.5141 4.4034 -13.6393 -10.2910 9.2937 29.2984 -2.1931 2.1800 12.4404 0.0000 0.0000 0.0000 -83.8908 -23.1945 1.4496 32.0726 -42.6050 -12.7900 -0.0000 0.0000 -35.1252 13.8461 30.7463 7.1819 -7.1250 0.0000 -0.0000 -20.4656 60.2957 -7.8285 0.0000 0.0000 0.0000 88.5613 18.9307 46.1640 -88.6984 59.9936 -58.8728 0.0000 -0.0000 -20.6704 -10.9574 -31.3070 5.7448 7.1250 -0.0000 -0.0000 23.9502 -60.1311 -9.1528
-7.5412 18.0316 4.4066 -141.1730 -85.7896 144.1420 0.0000 0.0000 0.0000 -17.9075 -9.8496 -9.3940 1.0965 6.6542 18.6950 0.1843 0.2142 -8.1884 0.0053 0.4680 1.2860 0.0000 0.0000 0.0000 21.1683 1.7793 -27.2420 -12.0735 -18.4215 66.2215 0.8120 -15.8823 -3.4663 -0.2400 -3.1527 8.7041 0.8035 1.8869 -1.6200 -0.7569 2.5043 -0.3996 -1.1711 1.2522 0.5665 -2.4144 4.6039 -13.3140 -10.6404 9.6444 29.7823 -2.3176 2.2623 12.6225 -0.0000 -0.0000 0.0000 -82.9014 -24.5345 -0.3215 28.7790 -39.8235 -10.6189 -0.0000 0.0000 -37.3741 15.6431 33.2227 8.7223 -7.1250 0.0000 -0.0000 -20.6324 63.0383 -9.2377 -0.0000 -0.0000 0.0000 89.8583 19.3848 49.5041 -80.4102 59.6496 -51.7048 0.0000 -0.0000 -23.0452 -9.0225 -32.2021 4.8367 7.1250 -0.0000 -0.0000 26.7302 -60.4741 -10.5241
-7.7831 18.0443 4.4213 -148.2170 -85.7064 151.0640 0.0000 0.0000 0.0000 -18.6916 -9.1569 -7.8236 0.9796 6.3003 17.6583 0.2077 0.4285 -8.7737 0.0054 0.4750 1.3052 0.0000 0.0000 0.0000 20.5553 2.3938 -29.0439 -11.6355 -18.2323 64.8287 0.6620 -14.2532 -4.5257 -0.1873 -2.7870 7.6862 0.5207 1.9099 -1.5255 -0.7047 2.5413 -0.1420 -0.9567 1.2724 0.7636 -2.4079 4.6988 -13.0564 -10.8240 9.8243 30.2216 -2.3859 2.2840 12.7768 0.0000 -0.0000 0.0000 -82.1180 -25.3861 -1.5602 26.5462 -37.7430 -9.2200 -0.0000 0.0000 -38.7911 16.3698 34.8949 9.5390 -7.1250 0.0000 -0.0000 -21.4599 64.7698 -10.4917 0.0000 -0.0000 0.0000 90.9636 19.9586 52.2009 -72.3955 58.7960 -44.8157 0.0000 -0.0000 -24.8843 -8.3044 -33.1852 4.5678 7.1250 -0.0000 -0.0000 28.3899 -61.1603 -11.7059
-8.0264 18.0496 4.4392 -154.9880 -85.5668 157.7550 0.0000 0.0000 0.0000 -19.5168 -8.5806 -6.2130 0.8602 5.9143 16.5361 0.2286 0.8285 -9.3713 0.0052 0.4652 1.2783 0.0000 0.0000 0.0000 19.9220 3.0184 -30.6545 -10.9875 -17.9290 62.7411 0.5319 -12.8271 -5.7288 -0.1229 -2.2604 6.2259 0.2627 1.9584 -1.4271 -0.6737 2.6118 0.1171 -0.7772 1.3079 0.9622 -2.4736 4.7160 -12.9284 -10.8977 9.8929 30.6474 -2.4133 2.2618 12.9367 -0.0000 0.0000 0.0000 -81.6584 -25.7791 -2.2032 25.2515 -36.4599 -8.4389 -0.0000 0.0000 -38.9335 15.8611 35.4357 9.3544 -7.1250 0.0000 -0.0000 -22.6074 65.1200 -11.2622 -0.0000 0.0000 0.0000 91.8948 20.4934 54.2006 -65.3672 57.5783 -38.8408 0.0000 -0.0000 -25.3019 -8.4850 -33.9344 4.7607 7.1250 -0.0000 -0.0000 28.9489 -61.8513 -12.4348
-8.2718 18.0489 4.4598 -161.1140 -85.4338 163.8940 0.0000 0.0000 0.0000 -20.3734 -8.1304 -4.6812 0.7501 5.5321 15.4326 0.2481 1.3113 -9.9804 0.0048 0.4459 1.2253 0.0000 0.0000 0.0000 19.2816 3.5571 -32.1147 -10.1416 -17.4887 59.9605 0.4343 -11.8202 -6.8757 -0.0696 -1.7020 4.6829 0.0145 2.0218 -1.3765 -0.6562 2.7016 0.3710 -0.6148 1.3520 1.1830 -2.5675 4.6568 -12.9145 -10.9424 9.8616 31.0440 -2.4365 2.1967 13.1011 -0.0000 0.0000 0.0000 -81.5854 -25.7367 -2.1443 24.8953 -36.0968 -8.2282 -0.0000 0.0000 -38.0975 15.6577 35.2550 9.1902 -7.1250 0.0000 -0.0000 -22.6400 64.9003 -11.1644 -0.0000 0.0000 0.0000 92.6230 20.8446 55.4322 -59.9428 56.2947 -34.2935 0.0000 -0.0000 -24.7390 -9.0017 -34.4204 5.1169 7.1250 -0.0000 -0.0000 28.9165 -62.3989 -12.7941
-8.5149 18.0437 4.4796 -165.7840 -85.4186 168.7300 0.0000 0.0000 0.0000 -21.1355 -7.7836 -3.4369 0.6642 5.2122 14.5148 0.2726 1.6230 -10.5933 0.0035 0.3819 1.0493 0.0000 0.0000 0.0000 18.7220 3.9280 -33.4865 -9.1238 -16.8867 56.5172 0.3844 -11.4506 -7.9379 -0.0381 -1.2604 3.4655 -0.2085 2.0642 -1.3775 -0.6349 2.7630 0.5899 -0.4619 1.3808 1.3969 -2.6561 4.5274 -12.9435 -10.9957 9.7294 31.3507 -2.4753 2.0948 13.2322 -0.0000 -0.0000 0.0000 -81.8431 -25.2836 -1.3577 25.4794 -36.6900 -8.5747 -0.0000 0.0000 -37.0828 15.9250 34.8078 9.2507 -7.1250 0.0000 -0.0000 -21.8688 64.5681 -10.5985 -0.0000 -0.0000 0.0000 93.1181 20.9311 55.8783 -56.4298 55.2810 -31.3880 0.0000 -0.0000 -24.3454 -9.5407 -34.6588 5.4598 7.1250 -0.0000 -0.0000 28.6070 -62.7417 -12.8758
-8.7569 18.0356 4.4975 -168.9210 -85.5619 172.1700 0.0000 0.0000 0.0000 -21.7363 -7.5022 -2.4976 0.6030 4.9707 13.8251 0.3078 1.6446 -11.2122 0.0014 0.2414 0.6633 0.0000 0.0000 0.0000 18.2908 4.1068 -34.6982 -7.9544 -16.0856 52.3984 0.3786 -11.6877 -9.0072 -0.0287 -1.0942 3.0080 -0.3686 2.0681 -1.4105 -0.5989 2.7721 0.7769 -0.3299 1.3831 1.5977 -2.7455 4.3506 -13.0007 -11.0412 9.5228 31.5375 -2.5168 1.9721 13.3130 0.0000 -0.0000 0.0000 -82.3275 -24.5597 -0.0975 26.8655 -38.0506 -9.4161 -0.0000 0.0000 -36.4603 16.2496 34.3868 9.3478 -7.1250 0.0000 -0.0000 -21.0767 64.2716 -10.0529 0.0000 -0.0000 0.0000 93.3419 20.7777 55.6564 -54.7553 54.7422 -30.0161 0.0000 -0.0000 -24.6362 -9.9960 -34.6744 5.7261 7.1250 -0.0000 -0.0000 28.1470 -62.8727 -12.7377
-9.0012 18.0242 4.5141 -170.8890 -85.8458 174.5510 0.0000 0.0000 0.0000 -22.1941 -7.2896 -1.7888 0.5613 4.7986 13.3351 0.3515 1.4295 -11.8123 0.0001 0.0740 0.2032 0.0000 0.0000 0.0000 17.9711 4.1261 -35.6665 -6.6684 -15.0462 47.6086 0.3997 -12.2381 -9.9743 -0.0328 -1.1697 3.2159 -0.4362 2.0357 -1.4845 -0.5589 2.7313 0.9387 -0.2458 1.3610 1.7999 -2.8354 4.1535 -13.0700 -11.0508 9.2715 31.6114 -2.5453 1.8454 13.3420 -0.0000 0.0000 0.0000 -82.9362 -23.6822 1.3467 28.8757 -39.9100 -10.6808 -0.0000 0.0000 -36.3320 16.5258 34.1669 9.4603 -7.1250 0.0000 -0.0000 -20.5491 64.1439 -9.7298 -0.0000 0.0000 0.0000 93.2654 20.4499 54.9777 -54.6295 54.7002 -29.9134 0.0000 -0.0000 -25.1981 -10.1805 -34.6264 5.8263 7.1250 -0.0000 -0.0000 27.9022 -62.8788 -12.6217
-9.2487 18.0080 4.5289 -172.1970 -86.2883 176.3680 0.0000 0.0000 0.0000 -22.5539 -7.1654 -1.2796 0.5368 4.6943 13.0388 0.4019 1.0099 -12.3847 0.0001 -0.0540 -0.1484 0.0000 0.0000 0.0000 17.7109 4.0237 -36.3646 -5.3265 -13.7423 42.2147 0.4422 -12.8659 -10.5048 -0.0453 -1.3730 3.7758 -0.4300 1.9663 -1.5956 -0.5369 2.6398 1.0575 -0.2226 1.3146 1.9832 -2.9320 3.9362 -13.0965 -10.9860 8.9612 31.5975 -2.5481 1.7121 13.3135 0.0000 0.0000 0.0000 -83.5792 -22.6774 2.8480 31.3852 -42.0515 -12.3271 -0.0000 0.0000 -36.5875 16.0229 33.9150 9.1034 -7.1250 0.0000 -0.0000 -20.8655 63.7771 -9.7076 0.0000 0.0000 0.0000 92.8998 19.9744 53.9835 -55.7522 55.0674 -30.8317 0.0000 -0.0000 -25.5265 -10.0382 -34.5963 5.7394 7.1250 -0.0000 -0.0000 28.0198 -62.8160 -12.6380
-9.5014 17.9856 4.5419 -173.3160 -86.8650 178.0620 0.0000 0.0000 0.0000 -22.8518 -7.1191 -0.8900 0.5229 4.6344 12.8686 0.4576 0.4475 -12.9482 0.0001 -0.0692 -0.1901 0.0000 0.0000 0.0000 17.4548 3.9220 -36.7522 -4.0119 -12.1762 36.3582 0.4936 -13.3809 -10.5034 -0.0504 -1.4481 3.9827 -0.3682 1.8561 -1.7504 -0.5395 2.4929 1.1337 -0.2573 1.2417 2.1509 -3.0507 3.7099 -13.0603 -10.8282 8.6057 31.5294 -2.5146 1.5758 13.2378 0.0000 -0.0000 0.0000 -84.1884 -21.5481 4.3046 34.3135 -44.3156 -14.3316 -0.0000 0.0000 -37.0354 14.2069 33.3267 7.9186 -7.1250 0.0000 -0.0000 -22.2997 62.7621 -9.8770 0.0000 -0.0000 0.0000 92.2853 19.3963 52.7941 -57.8400 55.7063 -32.5501 0.0000 -0.0000 -25.6270 -9.7118 -34.4262 5.5265 7.1250 -0.0000 -0.0000 28.1828 -62.5851 -12.5647
-9.7621 17.9559 4.5530 -175.0810 -87.4653 180.4430 0.0000 0.0000 0.0000 -23.1152 -7.0656 -0.5376 0.5116 4.5845 12.7272 0.5176 -0.1984 -13.5257 0.0000 -0.0201 -0.0553 0.0000 0.0000 0.0000 17.0931 4.1235 -36.7584 -2.8123 -10.3849 30.2323 0.5434 -13.8099 -10.3180 -0.0439 -1.3519 3.7176 -0.2966 1.7243 -1.9760 -0.5555 2.3176 1.1888 -0.3113 1.1550 2.3373 -3.1989 3.4877 -12.9805 -10.6033 8.2370 31.4318 -2.4501 1.4422 13.1349 0.0000 0.0000 0.0000 -84.7411 -20.3449 5.5945 37.5747 -46.5655 -16.6561 -0.0000 0.0000 -37.4170 11.9718 32.5956 6.5165 -7.1250 0.0000 -0.0000 -24.0164 61.5369 -9.9868 0.0000 0.0000 0.0000 91.4499 18.8036 51.4821 -60.6084 56.4699 -34.8478 0.0000 -0.0000 -25.7702 -9.1908 -34.1218 5.1861 7.1250 -0.0000 -0.0000 28.4101 -62.1897 -12.4098
-10.0300 17.9185 4.5609 -179.5570 -88.0498 185.5640 0.0000 0.0000 0.0000 -23.3820 -6.9407 -0.2259 0.5014 4.5396 12.5999 0.5796 -0.9664 -14.0818 0.0000 0.0368 0.1012 0.0000 0.0000 0.0000 16.4002 4.9657 -36.3295 -1.8020 -8.4409 24.0615 0.6016 -14.3852 -10.4093 -0.0284 -1.0879 2.9906 -0.2954 1.5733 -2.2576 -0.5804 2.1190 1.2222 -0.3363 1.0558 2.5300 -3.3524 3.2785 -12.8740 -10.3650 7.8804 31.3194 -2.3771 1.3160 13.0219 0.0000 -0.0000 0.0000 -85.2413 -19.0489 6.6555 41.1619 -48.7434 -19.3082 -0.0000 0.0000 -37.5867 10.4394 32.0407 5.5827 -7.1250 0.0000 -0.0000 -25.1224 60.6678 -9.9581 0.0000 -0.0000 0.0000 90.4321 18.2408 50.0072 -63.8608 57.2539 -37.5715 0.0000 -0.0000 -26.0431 -8.4834 -33.7292 4.7345 7.1250 -0.0000 -0.0000 28.7430 -61.6742 -12.2173
-10.3043 17.8741 4.5647 -190.5570 -88.5566 197.2080 0.0000 0.0000 0.0000 -23.6807 -6.7235 0.0674 0.4930 4.5017 12.4925 0.6415 -1.8499 -14.6110 0.0003 0.1101 0.3025 0.0000 0.0000 0.0000 15.1463 6.7334 -35.4106 -1.0290 -6.4526 18.1036 0.6934 -15.3739 -11.0302 -0.0104 -0.6595 1.8124 -0.4155 1.4109 -2.5361 -0.6070 1.9095 1.2174 -0.2983 0.9491 2.6778 -3.5034 3.0859 -12.7209 -10.1312 7.5433 31.2204 -2.3048 1.1966 12.9084 -0.0000 0.0000 0.0000 -85.7184 -17.6068 7.4730 45.0866 -50.8109 -22.3059 -0.0000 0.0000 -37.6132 9.4318 31.5598 4.9691 -7.1250 0.0000 -0.0000 -25.7404 60.0018 -9.8104 -0.0000 0.0000 0.0000 89.3059 17.6990 48.2316 -67.3974 57.9788 -40.5584 0.0000 -0.0000 -26.2784 -7.5852 -33.2790 4.1792 7.1250 -0.0000 -0.0000 29.2172 -61.0667 -12.0153
-10.5845 17.8239 4.5656 -211.0610 -88.8507 218.2960 0.0000 0.0000 0.0000 -24.0076 -6.4105 0.3844 0.4899 4.4879 12.4536 0.7054 -2.7658 -15.1678 0.0009 0.1937 0.5321 0.0000 0.0000 0.0000 13.3488 9.3521 -34.1886 -0.5259 -4.6474 12.9055 0.8199 -16.7769 -12.3746 -0.0000 -0.0423 0.1162 -0.6214 1.2472 -2.7535 -0.6276 1.7013 1.1902 -0.2094 0.8415 2.7661 -3.6491 2.9203 -12.5086 -9.9055 7.2377 31.1161 -2.2324 1.0907 12.7844 0.0000 0.0000 0.0000 -86.1982 -16.0412 8.0615 49.3598 -52.7340 -25.6638 -0.0000 0.0000 -37.7130 8.6757 31.0889 4.5051 -7.1250 0.0000 -0.0000 -26.1092 59.4094 -9.5891 0.0000 0.0000 0.0000 88.1940 17.2112 46.0464 -70.9658 58.5858 -43.5941 0.0000 -0.0000 -26.3814 -6.8206 -32.7139 3.6985 7.1250 -0.0000 -0.0000 29.4486 -60.3981 -11.6480
-10.8665 17.7682 4.5645 -233.5070 -88.8708 241.2640 0.0000 0.0000 0.0000 -24.3105 -6.0556 0.6738 0.5004 4.5350 12.5869 0.7751 -3.6329 -15.8033 0.0010 0.1999 0.5491 0.0000 0.0000 0.0000 11.5874 11.8604 -33.4452 -0.2852 -3.4346 9.4911 0.8825 -17.8425 -14.3449 -0.0116 0.6959 -1.9125 -0.8191 1.0984 -2.9147 -0.6414 1.5129 1.2030 -0.1189 0.7436 2.8654 -3.7302 2.7675 -12.3973 -9.7388 6.9646 30.9990 -2.1880 0.9970 12.6856 -0.0000 0.0000 0.0000 -86.6662 -14.5275 8.4549 53.8926 -54.4497 -29.3129 -0.0000 0.0000 -37.7959 7.8816 30.6231 4.0336 -7.1250 0.0000 -0.0000 -26.5230 58.8179 -9.3736 -0.0000 0.0000 0.0000 87.1599 16.9913 43.4427 -74.2668 59.0437 -46.4184 0.0000 -0.0000 -26.4325 -6.6301 -32.1209 3.5366 7.1250 -0.0000 -0.0000 29.0879 -59.8430 -11.1012
-11.1483 17.7090 4.5659 -247.5600 -88.7197 255.7430 0.0000 0.0000 0.0000 -24.6125 -5.7182 0.9644 0.5291 4.6610 12.9443 0.8553 -4.3622 -16.5524 0.0002 0.0857 0.2356 0.0000 0.0000 0.0000 10.8926 12.5144 -34.0265 -0.2395 -3.1493 8.6946 0.7508 -17.2826 -15.4051 -0.0437 1.3488 -3.7091 -0.9273 0.9718 -2.9802 -0.6470 1.3502 1.2864 -0.0707 0.6597 2.9864 -3.7427 2.6240 -12.4562 -9.6450 6.7313 30.8722 -2.1764 0.9162 12.6284 0.0000 -0.0000 0.0000 -87.1439 -13.1629 8.6339 58.4601 -55.8854 -33.0629 -0.0000 0.0000 -37.5874 6.8876 30.0949 3.4662 -7.1250 0.0000 -0.0000 -27.0869 58.1331 -9.1388 0.0000 -0.0000 0.0000 86.1517 17.1669 40.5010 -77.0282 59.3545 -48.7904 0.0000 -0.0000 -26.5582 -7.1554 -31.5328 3.7563 7.1250 -0.0000 -0.0000 28.0309 -59.4536 -10.3933
-11.4313 17.6495 4.5720 -251.1750 -88.5068 259.6300 0.0000 0.0000 0.0000 -24.9382 -5.3468 1.3212 0.5757 4.8587 13.5059 0.9483 -4.9144 -17.4135 0.0003 -0.1159 -0.3183 0.0000 0.0000 0.0000 11.4229 11.4046 -35.6663 -0.3292 -3.6875 10.1990 0.5594 -15.4787 -14.5376 -0.0619 1.6057 -4.4173 -0.9319 0.8868 -2.8637 -0.6359 1.2356 1.4020 -0.0639 0.6017 3.0401 -3.7081 2.4908 -12.5718 -9.6360 6.5320 30.7396 -2.2008 0.8430 12.5888 0.0000 -0.0000 0.0000 -87.6629 -11.8819 8.5734 62.7926 -57.0093 -36.6743 -0.0000 0.0000 -37.0563 5.8251 29.4240 2.8692 -7.1250 0.0000 -0.0000 -27.6056 57.3161 -8.7769 0.0000 -0.0000 0.0000 85.1373 17.6466 37.2355 -79.0406 59.5413 -50.5235 0.0000 -0.0000 -26.7293 -7.5512 -31.4295 3.9542 7.1250 -0.0000 -0.0000 27.5413 -59.4535 -10.1941
-11.7187 17.5926 4.5799 -251.2100 -88.2991 259.7460 0.0000 0.0000 0.0000 -25.2892 -4.9446 1.8484 0.6346 5.0969 14.1852 1.0479 -5.3291 -18.3038 0.0033 -0.3700 -1.0166 0.0000 0.0000 0.0000 12.2694 10.2018 -37.2560 -0.5168 -4.6075 12.7923 0.4440 -13.7043 -12.6682 -0.0467 1.3951 -3.8365 -0.8705 0.8166 -2.5276 -0.6073 1.1342 1.5058 -0.0787 0.5519 2.9586 -3.6210 2.3698 -12.5744 -9.6965 6.3409 30.5722 -2.2597 0.7741 12.5160 0.0000 0.0000 0.0000 -88.2192 -10.6189 8.2787 66.6324 -57.8327 -39.9103 -0.0000 0.0000 -36.5846 4.9691 28.6073 2.3838 -7.1250 0.0000 -0.0000 -27.8168 56.4222 -8.2351 0.0000 0.0000 0.0000 84.2014 18.2446 33.6033 -80.2417 59.6371 -51.5593 0.0000 -0.0000 -26.9081 -7.8507 -31.8734 4.1643 7.1250 -0.0000 -0.0000 27.6302 -59.9110 -10.5359
-12.0147 17.5398 4.5835 -255.8820 -88.1928 264.3490 0.0000 0.0000 0.0000 -25.5634 -4.5715 2.5205 0.7078 5.3772 14.9876 1.1358 -5.7344 -19.0554 0.0110 -0.6773 -1.8613 0.0000 0.0000 0.0000 12.8757 9.6511 -38.1289 -0.7570 -5.5569 15.5041 0.3450 -12.0236 -10.9691 -0.0315 1.1464 -3.1518 -0.7780 0.6697 -2.0822 -0.5183 0.9268 1.6317 -0.0545 0.4493 2.8381 -3.5231 2.2706 -12.5745 -9.7899 6.1857 30.3775 -2.3271 0.7192 12.4349 0.0000 -0.0000 0.0000 -88.8344 -9.4673 7.6871 69.7201 -58.3875 -42.5322 -0.0000 0.0000 -36.5830 3.9209 27.5291 1.8145 -7.1250 0.0000 -0.0000 -28.0396 55.2684 -7.4997 0.0000 -0.0000 0.0000 83.3487 19.0218 29.6958 -80.5221 59.6578 -51.8013 0.0000 -0.0000 -27.1283 -8.6797 -32.3553 4.6706 7.1250 -0.0000 -0.0000 27.2215 -60.5274 -10.7695
-12.3270 17.4924 4.5785 -270.5080 -88.2312 278.8430 0.0000 0.0000 0.0000 -25.5885 -4.2471 3.1875 0.8077 5.7357 16.0194 1.2025 -6.2476 -19.6000 0.0276 -1.0725 -2.9483 0.0000 0.0000 0.0000 13.2783 9.6382 -38.1808 -1.0001 -6.3641 17.8446 0.2203 -10.0834 -9.8196 -0.0287 1.0937 -3.0066 -0.6336 0.3933 -1.7012 -0.3165 0.5440 1.7727 0.0523 0.2587 2.7695 -3.4559 2.1966 -12.6270 -9.8710 6.0777 30.1986 -2.3779 0.6802 12.3728 -0.0000 -0.0000 0.0000 -89.5371 -8.4564 6.7900 71.8333 -58.7155 -44.3350 -0.0000 0.0000 -37.1633 0.6187 26.0969 0.2722 -7.1250 0.0000 -0.0000 -30.1588 53.4080 -6.7163 -0.0000 -0.0000 0.0000 82.5125 19.9740 25.6022 -79.7663 59.6005 -51.1492 0.0000 -0.0000 -27.4258 -9.9449 -32.4288 5.3714 7.1250 -0.0000 -0.0000 25.9852 -60.8946 -10.4683
-12.6553 17.4525 4.5617 -296.1650 -88.2476 304.4230 0.0000 0.0000 0.0000 -25.2281 -4.0812 3.6635 0.9502 6.2080 17.3890 1.2431 -6.8239 -19.9228 0.0614 -1.5991 -4.3989 0.0000 0.0000 0.0000 13.5515 10.1787 -37.6108 -1.1756 -6.8819 19.3661 0.1658 -8.6067 -8.1779 -0.0174 0.8512 -2.3394 -0.3956 0.0302 -1.4869 0.0266 0.0423 1.8735 0.2505 0.0091 2.7549 -3.4125 2.1298 -12.7350 -9.9707 6.0011 30.0991 -2.4306 0.6422 12.3572 0.0000 -0.0000 0.0000 -90.3209 -7.6005 5.6606 72.7604 -58.8467 -45.1279 -0.0000 0.0000 -38.0317 -3.7182 24.6818 -1.5544 -7.1250 0.0000 -0.0000 -33.1654 51.4550 -5.8126 0.0000 -0.0000 0.0000 81.6246 21.0153 21.3492 -77.9718 59.4462 -49.6026 0.0000 -0.0000 -27.8378 -11.0812 -32.5030 6.0077 7.1250 -0.0000 -0.0000 24.8690 -61.2357 -10.1876
-12.9904 17.4274 4.5375 -327.6200 -88.0881 335.8730 0.0000 0.0000 0.0000 -24.4133 -4.2522 3.9170 1.1510 6.8120 19.1596 1.2477 -7.2570 -19.9598 0.1271 -2.2980 -6.3298 0.0000 0.0000 0.0000 13.9186 11.2439 -36.7480 -1.2424 -7.0675 19.9156 0.2277 -8.6167 -5.0893 -0.0007 0.1757 -0.4826 0.1357 -0.3144 -1.3351 0.5085 -0.4452 1.8936 0.4292 -0.2291 2.6935 -3.3697 2.0590 -12.8461 -10.1278 5.9404 30.1116 -2.5082 0.5948 12.3921 -0.0000 -0.0000 0.0000 -91.1422 -6.9783 4.3590 72.1636 -58.7631 -44.6174 -0.0000 0.0000 -38.7230 -5.3251 23.8795 -2.1609 -7.1250 0.0000 -0.0000 -34.0671 50.5196 -5.1563 -0.0000 -0.0000 0.0000 80.6616 22.0517 16.9566 -75.1907 59.1549 -47.2112 0.0000 -0.0000 -28.5358 -12.2111 -32.7852 6.6837 7.1250 -0.0000 -0.0000 23.9369 -61.7668 -10.0822
-13.3247 17.4259 4.5149 -357.6010 -87.6770 365.8340 0.0000 0.0000 0.0000 -23.1899 -4.6563 3.8632 1.4443 7.5974 21.4976 1.1986 -7.5552 -19.5648 0.2452 -3.1864 -8.7983 0.0000 0.0000 0.0000 14.7245 12.3915 -35.9395 -1.2770 -7.1618 20.1956 0.3027 -9.9064 -1.4852 -0.0219 -0.9555 2.6265 1.0955 -0.5546 -1.1042 1.0824 -0.8052 1.8711 0.4698 -0.3983 2.5384 -3.3977 1.9617 -12.9403 -10.2315 5.8445 30.1622 -2.5598 0.5285 12.4333 -0.0000 -0.0000 0.0000 -91.9553 -6.6927 2.9298 69.8215 -58.4042 -42.6186 -0.0000 0.0000 -39.0532 -3.6723 23.8476 -1.4864 -7.1250 0.0000 -0.0000 -32.5837 50.7565 -5.0892 -0.0000 -0.0000 0.0000 79.6182 23.0267 12.4733 -71.5969 58.6808 -44.1331 0.0000 -0.0000 -29.7935 -13.4463 -33.1448 7.4476 7.1250 -0.0000 -0.0000 22.9512 -62.4022 -9.9869
-13.6589 17.4489 4.4956 -377.7970 -87.0544 385.9150 0.0000 0.0000 0.0000 -21.8439 -4.9886 3.3456 1.8781 8.6075 24.5749 1.0669 -8.0062 -18.4849 0.4347 -4.2311 -11.7277 0.0000 0.0000 0.0000 15.9614 13.0249 -35.3497 -1.3997 -7.4842 21.1581 0.3093 -10.7964 0.8708 -0.1352 -2.3697 6.5286 2.1838 -0.6696 -0.7803 1.6295 -0.9945 1.8606 0.4200 -0.4830 2.3386 -3.4835 1.8163 -12.9942 -10.1962 5.6502 30.1644 -2.5588 0.4365 12.4328 0.0000 -0.0000 0.0000 -92.6506 -6.8367 1.4207 65.6568 -57.6380 -39.0853 -0.0000 0.0000 -39.2973 -1.7753 24.3014 -0.7308 -7.1250 0.0000 -0.0000 -31.1706 51.4514 -5.3954 0.0000 -0.0000 0.0000 78.5364 23.8829 7.9191 -67.4095 57.9810 -40.5686 0.0000 -0.0000 -31.6228 -14.3746 -33.4056 8.0314 7.1250 -0.0000 -0.0000 22.1919 -62.8773 -9.8869
-13.9955 17.4891 4.4726 -387.0310 -86.5431 394.9370 0.0000 0.0000 0.0000 -20.7188 -5.1300 2.2675 2.4956 9.8298 28.4274 0.8202 -8.7562 -16.3679 0.6965 -5.3347 -14.8658 0.0000 0.0000 0.0000 17.1058 13.1480 -34.7959 -1.6146 -8.0125 22.7520 0.2717 -10.4283 1.4322 -0.3733 -3.9245 10.8642 2.8790 -0.7022 -0.4374 2.0600 -1.0564 1.8821 0.4760 -0.5115 2.1648 -3.5969 1.6451 -13.0181 -10.0252 5.3852 30.1389 -2.5088 0.3321 12.4042 0.0000 -0.0000 0.0000 -93.1201 -7.3869 -0.1697 59.9950 -56.3086 -34.3369 -0.0000 0.0000 -39.9835 -0.2496 25.2522 -0.1065 -7.1250 0.0000 -0.0000 -30.3956 52.5264 -6.0868 0.0000 -0.0000 0.0000 77.4566 24.6464 3.3764 -62.7779 57.0059 -36.6620 0.0000 -0.0000 -33.7366 -14.4667 -33.6345 8.1327 7.1250 -0.0000 -0.0000 22.3096 -63.1099 -10.0639
-14.3364 17.5392 4.4408 -390.1620 -86.2043 397.7630 0.0000 0.0000 0.0000 -19.7586 -5.1788 0.6740 3.3135 11.1860 32.9099 0.4489 -9.5924 -12.7973 0.9694 -6.2685 -17.5655 0.0000 0.0000 0.0000 17.9594 13.0151 -33.9024 -1.8125 -8.4642 24.1331 0.2328 -9.4734 0.9535 -0.6465 -5.1437 14.3189 3.1212 -0.7147 -0.1500 2.3807 -1.0791 1.9323 0.6732 -0.5262 2.0574 -3.7259 1.4708 -13.0112 -9.7342 5.0861 30.1682 -2.4164 0.2242 12.3852 0.0000 -0.0000 0.0000 -93.2645 -8.2631 -1.9005 53.3601 -54.2640 -28.8802 -0.0000 0.0000 -41.1996 2.5215 26.8381 1.1390 -7.1250 0.0000 -0.0000 -28.8853 54.3985 -7.1201 0.0000 -0.0000 0.0000 76.4040 25.3090 -0.9883 -57.9356 55.7343 -32.6291 0.0000 -0.0000 -35.7984 -13.9242 -34.0598 7.9051 7.1250 -0.0000 -0.0000 23.3165 -63.3535 -10.6764
-14.6819 17.5945 4.4001 -391.7420 -85.7189 399.0110 0.0000 0.0000 0.0000 -18.5546 -5.3425 -1.3678 4.3003 12.5497 37.7054 0.0330 -9.9129 -7.4927 1.1321 -6.7577 -18.9995 0.0000 0.0000 0.0000 18.8964 12.6613 -32.5643 -1.9092 -8.6743 24.7816 0.2077 -8.6974 0.3283 -0.8859 -5.9998 16.7838 3.3153 -0.7618 -0.0133 2.6672 -1.1518 1.9721 0.8595 -0.5655 2.0239 -3.8577 1.2922 -12.9983 -9.3012 4.7461 30.3016 -2.2786 0.1104 12.4011 -0.0000 -0.0000 0.0000 -93.0249 -9.3481 -3.7939 46.4028 -51.4375 -23.3305 -0.0000 0.0000 -42.5802 5.4614 28.7501 2.6330 -7.1250 0.0000 -0.0000 -27.4444 56.6479 -8.2664 -0.0000 -0.0000 0.0000 75.3910 25.7710 -4.9750 -53.1905 54.2039 -28.7425 0.0000 -0.0000 -37.5301 -13.6106 -34.7890 7.8653 7.1250 -0.0000 -0.0000 24.4044 -63.9243 -11.5296
-15.0298 17.6502 4.3518 -394.3010 -84.8605 401.3170 0.0000 0.0000 0.0000 -16.8520 -5.7372 -3.7454 5.3684 13.7871 42.3911 -0.2201 -9.2045 -0.9094 1.1304 -6.7528 -18.9852 0.0000 0.0000 0.0000 20.2459 12.1566 -30.9994 -1.9170 -8.6910 24.8334 0.1999 -8.3058 -0.3005 -1.0936 -6.6457 18.6700 3.7939 -0.8547 -0.0987 2.9941 -1.3013 1.9609 0.9248 -0.6388 2.0582 -3.9768 1.1021 -13.0297 -8.7754 4.3670 30.4860 -2.1144 -0.0101 12.4446 -0.0000 0.0000 0.0000 -92.4229 -10.5320 -5.8181 39.8020 -47.9521 -18.2920 -0.0000 0.0000 -43.7272 7.7334 30.7728 3.9745 -7.1250 0.0000 -0.0000 -26.7967 58.9172 -9.5442 -0.0000 0.0000 0.0000 74.4273 25.9565 -8.4207 -48.8987 52.5416 -25.2973 0.0000 -0.0000 -38.8244 -13.7870 -35.7006 8.1490 7.1250 -0.0000 -0.0000 25.2029 -64.7814 -12.4312
-15.3753 17.7028 4.2998 -398.1020 -83.7486 404.9630 0.0000 0.0000 0.0000 -14.7628 -6.2066 -6.3186 6.4468 14.8478 46.7497 -0.1857 -8.0133 5.5952 0.9265 -6.1320 -17.1678 0.0000 0.0000 0.0000 21.9963 11.6442 -29.4333 -1.8866 -8.6258 24.6316 0.1927 -7.9404 -1.0948 -1.2341 -7.0448 19.8482 4.5686 -0.9417 -0.3242 3.3799 -1.4583 1.8776 0.8839 -0.7131 2.0919 -4.0652 0.9151 -13.1246 -8.2537 3.9918 30.6430 -1.9555 -0.1242 12.4944 -0.0000 -0.0000 0.0000 -91.6223 -11.6007 -7.8110 34.2341 -44.2575 -14.2762 -0.0000 0.0000 -44.4260 10.0537 33.0230 5.5188 -7.1250 0.0000 -0.0000 -26.4262 61.4460 -11.0080 -0.0000 -0.0000 0.0000 73.5557 25.7897 -11.1627 -45.4590 50.9914 -22.5949 0.0000 -0.0000 -39.8341 -14.7787 -36.6852 8.9565 7.1250 -0.0000 -0.0000 25.2528 -65.9278 -13.1220
-15.7146 17.7516 4.2491 -402.2130 -82.6904 408.9010 0.0000 0.0000 0.0000 -12.6605 -6.4959 -8.8809 7.5125 15.7487 50.7871 0.0181 -7.2019 10.6752 0.5248 -4.6426 -12.8921 0.0000 0.0000 0.0000 23.8826 11.1208 -27.8225 -1.8380 -8.5201 24.3052 0.1820 -7.5732 -2.0278 -1.2767 -7.1609 20.1930 5.4066 -0.9671 -0.4753 3.7661 -1.5308 1.7453 0.8127 -0.7474 2.0323 -4.1103 0.7503 -13.2464 -7.7880 3.6539 30.7224 -1.8177 -0.2192 12.5243 -0.0000 -0.0000 0.0000 -90.8500 -12.2829 -9.5557 30.1093 -40.9869 -11.4813 -0.0000 0.0000 -44.4896 12.6254 35.2688 7.3695 -7.1250 0.0000 -0.0000 -25.9887 64.0845 -12.4240 -0.0000 -0.0000 0.0000 72.8515 25.1831 -13.0488 -43.1577 49.8333 -20.8211 0.0000 -0.0000 -40.6250 -16.0685 -37.4988 9.9453 7.1250 -0.0000 -0.0000 24.8109 -67.0192 -13.4952
-16.0474 17.7980 4.2027 -406.0810 -81.9321 412.4720 0.0000 0.0000 0.0000 -10.8758 -6.4973 -11.2708 8.5481 16.5079 54.5137 0.2012 -6.6603 13.4120 0.2317 -3.0981 -8.5521 0.0000 0.0000 0.0000 25.6165 10.5880 -25.9991 -1.7609 -8.3491 23.7796 0.1623 -7.1265 -2.8464 -1.2896 -7.1956 20.2960 6.0738 -0.9206 -0.4169 4.0746 -1.4836 1.6089 0.7640 -0.7271 1.8548 -4.0905 0.6282 -13.4054 -7.3972 3.3852 30.7408 -1.7085 -0.2825 12.5440 -0.0000 -0.0000 0.0000 -90.2686 -12.4310 -10.9306 27.4579 -38.6124 -9.7835 -0.0000 0.0000 -43.9100 14.4377 36.9105 8.7895 -7.1250 0.0000 -0.0000 -25.9069 66.0273 -13.5408 -0.0000 -0.0000 0.0000 72.3913 24.1709 -14.0627 -41.9510 49.1843 -19.9035 0.0000 -0.0000 -40.9214 -16.5443 -37.7478 10.3068 7.1250 -0.0000 -0.0000 24.5894 -67.3802 -13.5691
-16.3774 17.8443 4.1603 -409.5320 -81.5118 415.5470 0.0000 0.0000 0.0000 -9.4891 -6.2482 -13.5017 9.5114 17.1258 57.8424 0.2448 -6.1637 13.6010 0.1794 -2.7285 -7.5239 0.0000 0.0000 0.0000 27.0553 10.1786 -23.9481 -1.6597 -8.1181 23.0735 0.1429 -6.7660 -3.5717 -1.2997 -7.2227 20.3768 6.5022 -0.8203 -0.2391 4.2584 -1.3424 1.4983 0.7227 -0.6621 1.6419 -4.0298 0.5365 -13.6003 -7.0305 3.1595 30.6704 -1.6067 -0.3198 12.5382 0.0000 -0.0000 0.0000 -89.9052 -12.0928 -11.9142 26.0648 -37.2727 -8.9269 -0.0000 0.0000 -42.8841 15.0600 37.5425 9.3113 -7.1250 0.0000 -0.0000 -26.0075 66.7593 -14.0290 0.0000 -0.0000 0.0000 72.2235 22.8910 -14.3672 -41.6435 49.0140 -19.6710 0.0000 -0.0000 -40.5690 -15.7030 -37.3868 9.6875 7.1250 -0.0000 -0.0000 25.0829 -66.8127 -13.5337
-16.7078 17.8922 4.1196 -412.4370 -81.3406 418.1330 0.0000 0.0000 0.0000 -8.4147 -5.8323 -15.7154 10.3627 17.6088 60.6940 0.1762 -5.7297 12.0455 0.2438 -3.1773 -8.7726 0.0000 0.0000 0.0000 28.1923 9.9528 -21.8349 -1.5510 -7.8605 22.2913 0.1263 -6.5422 -4.3128 -1.3085 -7.2461 20.4464 6.7297 -0.6931 -0.1451 4.3126 -1.1616 1.3881 0.6574 -0.5761 1.4789 -3.9248 0.4684 -13.7398 -6.6770 2.9522 30.4843 -1.5115 -0.3381 12.4750 -0.0000 0.0000 0.0000 -89.7175 -11.3802 -12.5350 25.6731 -36.8840 -8.6907 -0.0000 0.0000 -41.8233 14.9920 37.2960 9.2170 -7.1250 0.0000 -0.0000 -25.7688 66.5246 -13.7559 -0.0000 0.0000 0.0000 72.3708 21.4162 -14.0694 -42.1220 49.2780 -20.0329 0.0000 -0.0000 -39.9494 -15.0518 -36.8695 9.1656 7.1250 -0.0000 -0.0000 25.1712 -66.1684 -13.2154
-17.0382 17.9429 4.0799 -414.7970 -81.3185 420.3110 0.0000 0.0000 0.0000 -7.5647 -5.3565 -17.9830 11.0655 17.9670 62.9943 0.0974 -5.2373 9.9946 0.2888 -3.4559 -9.5507 0.0000 0.0000 0.0000 29.0862 9.7879 -19.8115 -1.4388 -7.5835 21.4560 0.1092 -6.3843 -5.0544 -1.3227 -7.2838 20.5590 6.8221 -0.5554 -0.2305 4.2710 -0.9758 1.2583 0.5651 -0.4850 1.3977 -3.7971 0.4201 -13.8038 -6.3439 2.7644 30.2151 -1.4232 -0.3432 12.3643 -0.0000 -0.0000 0.0000 -89.6914 -10.3589 -12.7420 26.1431 -37.3496 -8.9743 -0.0000 0.0000 -41.2288 14.6541 36.6004 8.8615 -7.1250 0.0000 -0.0000 -25.2895 65.8177 -13.0786 -0.0000 -0.0000 0.0000 72.7821 19.8529 -13.3365 -43.2480 49.8807 -20.8902 0.0000 -0.0000 -39.4686 -15.2499 -36.5342 9.2186 7.1250 -0.0000 -0.0000 24.5445 -65.9296 -12.7351
-17.3663 17.9947 4.0430 -416.8350 -81.3784 422.2710 0.0000 0.0000 0.0000 -6.8993 -4.9224 -20.2299 11.5848 18.2096 64.6665 0.0446 -4.7341 8.1364 0.2894 -3.4594 -9.5606 0.0000 0.0000 0.0000 29.8053 9.5468 -17.8919 -1.3191 -7.2743 20.5306 0.0893 -6.1989 -5.7016 -1.3437 -7.3390 20.7238 6.8401 -0.4177 -0.4553 4.1859 -0.8002 1.1212 0.4678 -0.3972 1.3875 -3.6817 0.3956 -13.8173 -6.0589 2.6225 29.9161 -1.3448 -0.3351 12.2348 0.0000 0.0000 0.0000 -89.8259 -9.1379 -12.5983 27.3015 -38.4652 -9.6861 -0.0000 0.0000 -41.2466 14.3624 35.8830 8.5354 -7.1250 0.0000 -0.0000 -24.7754 65.1023 -12.3913 0.0000 0.0000 0.0000 73.3654 18.2994 -12.3223 -44.8621 50.7008 -22.1320 0.0000 -0.0000 -39.2563 -15.9711 -36.3644 9.6310 7.1250 -0.0000 -0.0000 23.5318 -65.9854 -12.2133
-17.6899 18.0451 4.0104 -418.8470 -81.4728 424.2400 0.0000 0.0000 0.0000 -6.3828 -4.5948 -22.3513 11.9073 18.3512 65.6948 0.0166 -4.2217 6.6385 0.2900 -3.4629 -9.5702 0.0000 0.0000 0.0000 30.4129 9.1982 -16.0314 -1.1952 -6.9370 19.5287 0.0670 -5.9413 -6.1898 -1.3543 -7.3668 20.8067 6.8422 -0.2826 -0.7266 4.0964 -0.6336 0.9955 0.3751 -0.3130 1.4159 -3.6005 0.3947 -13.8109 -5.8371 2.5398 29.6313 -1.2776 -0.3153 12.1112 -0.0000 0.0000 0.0000 -90.0784 -7.8383 -12.2432 28.9008 -39.9324 -10.6970 -0.0000 0.0000 -41.6242 14.0457 35.2585 8.2177 -7.1250 0.0000 -0.0000 -24.4305 64.4604 -11.8469 -0.0000 0.0000 0.0000 74.0495 16.8014 -11.1649 -46.7890 51.6154 -23.6329 0.0000 -0.0000 -39.1503 -16.4973 -36.1768 9.9162 7.1250 -0.0000 -0.0000 22.7176 -65.9682 -11.7622
-18.0092 18.0907 3.9825 -421.1550 -81.5638 426.4770 0.0000 0.0000 0.0000 -5.9603 -4.3829 -24.2456 12.0342 18.4051 66.0972 -0.0007 -3.7364 5.3007 0.3105 -3.5824 -9.9047 0.0000 0.0000 0.0000 30.9822 8.7757 -14.1647 -1.0718 -6.5813 18.4806 0.0440 -5.6279 -6.5482 -1.3526 -7.3624 20.7934 6.8811 -0.1457 -0.9708 4.0157 -0.4637 0.8745 0.2724 -0.2275 1.4344 -3.5477 0.4136 -13.7481 -5.6710 2.5024 29.4042 -1.2225 -0.2901 12.0022 0.0000 -0.0000 0.0000 -90.3655 -6.4765 -11.7703 30.7217 -41.5041 -11.8850 -0.0000 0.0000 -42.0500 13.6028 34.7279 7.8487 -7.1250 0.0000 -0.0000 -24.3488 63.8679 -11.4698 0.0000 -0.0000 0.0000 74.8198 15.3058 -9.9190 -48.8945 52.5398 -25.2940 0.0000 -0.0000 -38.9762 -15.9358 -35.7706 9.4757 7.1250 -0.0000 -0.0000 22.8926 -65.4430 -11.5813
-18.3238 18.1291 3.9583 -424.0310 -81.5991 429.2350 0.0000 0.0000 0.0000 -5.5460 -4.2584 -25.8904 11.9760 18.3805 65.9126 -0.0187 -3.4016 3.7787 0.3527 -3.8154 -10.5579 0.0000 0.0000 0.0000 31.5994 8.3142 -12.2665 -0.9513 -6.2114 17.3992 0.0218 -5.3041 -6.8397 -1.3653 -7.3955 20.8925 7.0191 0.0100 -1.1413 3.9438 -0.2654 0.7605 0.1256 -0.1284 1.4207 -3.5131 0.4361 -13.6917 -5.5258 2.4818 29.2815 -1.1731 -0.2687 11.9376 0.0000 -0.0000 0.0000 -90.6173 -5.0988 -11.2278 32.6120 -43.0297 -13.1565 -0.0000 0.0000 -42.3119 13.0595 34.2513 7.4381 -7.1250 0.0000 -0.0000 -24.4465 63.2985 -11.1936 0.0000 -0.0000 0.0000 75.6632 13.8150 -8.6464 -51.0241 53.4003 -26.9942 0.0000 -0.0000 -38.5772 -14.7441 -35.1815 8.6220 7.1250 -0.0000 -0.0000 23.5774 -64.5825 -11.4772
-18.6327 18.1589 3.9363 -427.4210 -81.5411 432.4830 0.0000 0.0000 0.0000 -5.0902 -4.2148 -27.3165 11.7380 18.2777 65.1558 -0.0341 -3.3413 1.9340 0.4209 -4.1640 -11.5384 0.0000 0.0000 0.0000 32.3005 7.8337 -10.3614 -0.8348 -5.8287 16.2882 0.0010 -4.9924 -7.0914 -1.3856 -7.4479 21.0494 7.2770 0.1845 -1.2518 3.8775 -0.0408 0.6591 -0.0802 -0.0161 1.3896 -3.4820 0.4586 -13.6841 -5.3832 2.4677 29.2706 -1.1262 -0.2516 11.9278 0.0000 0.0000 0.0000 -90.8022 -3.7785 -10.6944 34.4498 -44.4152 -14.4269 -0.0000 0.0000 -42.2838 12.4909 33.7754 7.0210 -7.1250 0.0000 -0.0000 -24.5819 62.7258 -10.9290 0.0000 0.0000 0.0000 76.5650 12.3390 -7.3333 -53.0682 54.1604 -28.6433 0.0000 -0.0000 -37.8865 -13.8410 -34.6231 7.9690 7.1250 -0.0000 -0.0000 23.9796 -63.8378 -11.2690
-18.9352 18.1793 3.9152 -431.0400 -81.3962 435.9740 0.0000 0.0000 0.0000 -4.6008 -4.2634 -28.5651 11.3240 18.0900 63.8294 -0.0340 -3.4479 0.0861 0.4658 -4.3774 -12.1410 0.0000 0.0000 0.0000 33.0594 7.3857 -8.4987 -0.7264 -5.4459 15.1849 -0.0169 -4.7383 -7.3270 -1.3902 -7.4598 21.0848 7.6135 0.3664 -1.3358 3.8120 0.1935 0.5619 -0.3278 0.1008 1.3513 -3.4454 0.4837 -13.7001 -5.2487 2.4600 29.3396 -1.0845 -0.2367 11.9550 -0.0000 -0.0000 0.0000 -90.9110 -2.5596 -10.2328 36.1097 -45.5885 -15.6008 -0.0000 0.0000 -41.9671 11.8966 33.1865 6.5780 -7.1250 0.0000 -0.0000 -24.6454 62.0485 -10.5652 -0.0000 -0.0000 0.0000 77.5041 10.8816 -5.9468 -54.9288 54.7998 -30.1578 0.0000 -0.0000 -36.9849 -13.5709 -34.2139 7.7294 7.1250 -0.0000 -0.0000 23.8550 -63.3993 -10.9629
-19.2320 18.1905 3.8949 -434.6320 -81.2271 439.4760 0.0000 0.0000 0.0000 -4.1478 -4.3982 -29.6494 10.7440 17.8075 61.9474 -0.0171 -3.4728 -1.4890 0.4639 -4.3687 -12.1163 0.0000 0.0000 0.0000 33.7981 6.9702 -6.7397 -0.6318 -5.0859 14.1538 -0.0331 -4.5759 -7.6158 -1.3815 -7.4374 21.0180 7.9445 0.5535 -1.4302 3.7353 0.4324 0.4800 -0.5829 0.2207 1.3382 -3.4163 0.5083 -13.7567 -5.1200 2.4586 29.4561 -1.0438 -0.2232 12.0100 0.0000 -0.0000 0.0000 -90.9417 -1.5026 -9.8308 37.4770 -46.5020 -16.5851 -0.0000 0.0000 -41.4594 11.2700 32.4317 6.1001 -7.1250 0.0000 -0.0000 -24.6064 61.2178 -10.0620 0.0000 -0.0000 0.0000 78.4584 9.4761 -4.4870 -56.5284 55.3116 -31.4690 0.0000 -0.0000 -35.9833 -13.2427 -33.8501 7.4681 7.1250 -0.0000 -0.0000 23.8475 -62.9867 -10.7287
-19.5241 18.1934 3.8762 -437.9810 -81.0947 442.7930 0.0000 0.0000 0.0000 -3.8071 -4.6195 -30.5879 10.0202 17.4212 59.5559 0.0118 -3.2655 -2.8486 0.4542 -4.3234 -11.9883 0.0000 0.0000 0.0000 34.4323 6.5407 -5.1562 -0.5544 -4.7697 13.2530 -0.0507 -4.4845 -8.0107 -1.3814 -7.4370 21.0166 8.2143 0.7425 -1.5554 3.6287 0.6723 0.4044 -0.8340 0.3421 1.3517 -3.4072 0.5346 -13.8104 -4.9882 2.4630 29.5665 -0.9974 -0.2086 12.0619 -0.0000 -0.0000 0.0000 -90.8818 -0.6470 -9.4735 38.4425 -47.1196 -17.2891 -0.0000 0.0000 -40.8442 10.4143 31.4906 5.4839 -7.1250 0.0000 -0.0000 -24.6687 60.1694 -9.4702 -0.0000 -0.0000 0.0000 79.4043 8.1460 -2.9586 -57.7578 55.6822 -32.4822 0.0000 -0.0000 -34.9503 -12.7739 -33.5147 7.1352 7.1250 -0.0000 -0.0000 24.0246 -62.5648 -10.5748
-19.8103 18.1889 3.8595 -440.9000 -81.0315 445.7690 0.0000 0.0000 0.0000 -3.6165 -4.9528 -31.3886 9.1697 16.9157 56.6752 0.0514 -2.8162 -4.2029 0.4940 -4.5061 -12.5052 0.0000 0.0000 0.0000 34.9145 6.1457 -3.8040 -0.4973 -4.5212 12.5479 -0.0729 -4.4310 -8.5434 -1.3793 -7.4318 21.0011 8.3938 0.9201 -1.7284 3.4830 0.8959 0.3231 -1.0748 0.4561 1.3867 -3.4211 0.5615 -13.8321 -4.8454 2.4679 29.6336 -0.9418 -0.1925 12.0897 -0.0000 0.0000 0.0000 -90.7358 0.0083 -9.1369 39.0143 -47.4750 -17.7093 -0.0000 0.0000 -40.1983 9.0633 30.4070 4.6159 -7.1250 0.0000 -0.0000 -25.1513 58.8888 -8.8912 -0.0000 0.0000 0.0000 80.3340 6.9220 -1.3628 -58.5440 55.9093 -33.1325 0.0000 -0.0000 -33.9391 -12.5757 -33.3461 6.9911 7.1250 -0.0000 -0.0000 24.0747 -62.3629 -10.4836
-20.0907 18.1777 3.8453 -443.7020 -81.0075 448.7000 0.0000 0.0000 0.0000 -3.5189 -5.3665 -31.9715 8.1922 16.2588 53.2521 0.0958 -2.0533 -5.4956 0.5541 -4.7685 -13.2496 0.0000 0.0000 0.0000 35.2906 5.8862 -2.6643 -0.4635 -4.3671 12.1119 -0.1023 -4.3568 -9.1810 -1.3509 -7.3580 20.7804 8.5200 1.0933 -1.9347 3.3114 1.1114 0.2495 -1.3113 0.5673 1.4496 -3.4274 0.5941 -13.8557 -4.7221 2.4847 29.6641 -0.8922 -0.1708 12.1039 0.0000 0.0000 0.0000 -90.5355 0.4878 -8.7903 39.3029 -47.6514 -17.9223 -0.0000 0.0000 -39.5799 7.6199 29.4749 3.7661 -7.1250 0.0000 -0.0000 -25.8670 57.7408 -8.4406 0.0000 0.0000 0.0000 81.2532 5.8317 0.2899 -58.8760 56.0029 -33.4076 0.0000 -0.0000 -32.9755 -12.8732 -33.3919 7.1690 7.1250 -0.0000 -0.0000 23.8004 -62.4797 -10.4223
-20.3669 18.1600 3.8340 -446.8250 -80.9801 451.9960 0.0000 0.0000 0.0000 -3.4420 -5.8203 -32.2470 7.0962 15.4123 49.2371 0.1328 -0.9237 -6.6187 0.5929 -4.9296 -13.7078 0.0000 0.0000 0.0000 35.6038 5.7867 -1.7020 -0.4529 -4.3176 11.9719 -0.1397 -4.1823 -9.8450 -1.2886 -7.1930 20.2884 8.6342 1.2777 -2.1644 3.1346 1.3372 0.2004 -1.5442 0.6856 1.5541 -3.4302 0.6352 -13.9073 -4.6303 2.5244 29.6745 -0.8514 -0.1418 12.1169 0.0000 -0.0000 0.0000 -90.3376 0.8197 -8.4302 39.4094 -47.7161 -18.0011 -0.0000 0.0000 -38.9739 6.7510 29.0438 3.2891 -7.1250 0.0000 -0.0000 -26.3994 57.1739 -8.2625 0.0000 -0.0000 0.0000 82.1605 4.8553 2.0158 -58.8163 55.9862 -33.3580 0.0000 -0.0000 -32.0179 -13.4521 -33.4551 7.5119 7.1250 -0.0000 -0.0000 23.2385 -62.6847 -10.2740
-20.6403 18.1364 3.8254 -450.3710 -80.9280 455.7520 0.0000 0.0000 0.0000 -3.3481 -6.3378 -32.1932 5.9175 14.3479 44.6498 0.1469 0.5599 -7.4649 0.5899 -4.9175 -13.6735 0.0000 0.0000 0.0000 35.8518 5.7812 -0.9123 -0.4622 -4.3607 12.0938 -0.1854 -3.8386 -10.4747 -1.2000 -6.9503 19.5683 8.7482 1.4790 -2.4018 2.9568 1.5835 0.1597 -1.7751 0.8148 1.6758 -3.4404 0.6806 -13.9332 -4.5737 2.5798 29.6480 -0.8198 -0.1095 12.1108 0.0000 0.0000 0.0000 -90.1795 1.0490 -8.0830 39.3490 -47.6794 -17.9564 -0.0000 0.0000 -38.1876 6.8378 29.2061 3.3486 -7.1250 0.0000 -0.0000 -26.4373 57.3361 -8.3812 0.0000 0.0000 0.0000 83.0576 4.0626 3.7228 -58.1722 55.8029 -32.8247 0.0000 -0.0000 -30.6966 -14.0021 -33.3726 7.8106 7.1250 -0.0000 -0.0000 22.5653 -62.7514 -9.9953
-20.9112 18.1074 3.8187 -454.0230 -80.8441 459.6680 0.0000 0.0000 0.0000 -3.2182 -6.9883 -31.8304 4.7058 13.0446 39.5356 0.1257 2.3214 -7.9730 0.5652 -4.8152 -13.3823 0.0000 0.0000 0.0000 36.0304 5.7837 -0.3005 -0.4864 -4.4720 12.4085 -0.2380 -3.3392 -11.0678 -1.0834 -6.6155 18.5812 8.8401 1.6766 -2.6540 2.7849 1.8235 0.1165 -1.9857 0.9409 1.8042 -3.4798 0.7268 -13.9277 -4.5292 2.6441 29.5753 -0.7856 -0.0759 12.0799 0.0000 -0.0000 0.0000 -90.0740 1.1615 -7.8274 39.0159 -47.4759 -17.7105 -0.0000 0.0000 -36.7537 7.5162 29.6961 3.7397 -7.1250 0.0000 -0.0000 -26.1427 57.9155 -8.6509 0.0000 -0.0000 0.0000 83.9240 3.5447 5.3553 -56.7017 55.3650 -31.6116 0.0000 -0.0000 -28.6229 -14.7998 -33.2761 8.2484 7.1250 -0.0000 -0.0000 21.6068 -62.8689 -9.6089
-21.1811 18.0736 3.8126 -457.4090 -80.7105 463.3640 0.0000 0.0000 0.0000 -3.0072 -7.8118 -31.1657 3.5169 11.4882 33.9447 0.0610 4.2691 -8.0523 0.5200 -4.6216 -12.8323 0.0000 0.0000 0.0000 36.1785 5.7490 0.1802 -0.5199 -4.6213 12.8316 -0.2957 -2.7612 -11.6662 -0.9513 -6.2113 17.3987 8.9039 1.8509 -2.9315 2.6363 2.0289 0.0775 -2.1559 1.0498 1.9480 -3.5287 0.7795 -13.9367 -4.5006 2.7257 29.4747 -0.7529 -0.0364 12.0414 -0.0000 -0.0000 0.0000 -90.0151 1.0928 -7.7240 38.2410 -46.9925 -17.1416 -0.0000 0.0000 -34.2776 8.4603 30.1957 4.2784 -7.1250 0.0000 -0.0000 -25.5914 58.5661 -8.8589 -0.0000 -0.0000 0.0000 84.7090 3.2902 6.9591 -54.3661 54.6115 -29.6985 0.0000 -0.0000 -25.7505 -16.0356 -33.1065 8.9219 7.1250 -0.0000 -0.0000 20.0931 -63.0328 -8.9834
-21.4524 18.0352 3.8066 -460.4300 -80.5113 466.7230 0.0000 0.0000 0.0000 -2.6667 -8.7958 -30.2379 2.4264 9.7028 28.0194 -0.0355 6.1853 -7.7912 0.4600 -4.3506 -12.0653 0.0000 0.0000 0.0000 36.3421 5.7087 0.6164 -0.5569 -4.7801 13.2824 -0.3561 -2.1842 -12.2852 -0.8210 -5.7814 16.1513 8.9566 1.9987 -3.2140 2.5178 2.1986 0.0168 -2.2897 1.1389 2.0680 -3.5914 0.8319 -13.9127 -4.4665 2.8050 29.3615 -0.7161 0.0018 11.9908 -0.0000 0.0000 0.0000 -89.9689 0.9276 -7.7140 36.9969 -46.1865 -16.2378 -0.0000 0.0000 -30.8622 9.7424 30.4896 4.9788 -7.1250 0.0000 -0.0000 -24.5267 59.1152 -8.7876 -0.0000 0.0000 0.0000 85.3790 3.1427 8.6513 -51.3994 53.5445 -27.2957 0.0000 -0.0000 -22.3805 -17.4749 -32.5853 9.6228 7.1250 -0.0000 -0.0000 18.0327 -62.9187 -7.9808
-21.7289 17.9921 3.8008 -463.1410 -80.2727 469.7900 0.0000 0.0000 0.0000 -2.2123 -9.9121 -29.1452 1.5190 7.7828 22.0563 -0.1313 7.7537 -7.4783 0.4023 -4.0719 -11.2791 0.0000 0.0000 0.0000 36.5019 5.6583 1.0554 -0.5938 -4.9334 13.7186 -0.4171 -1.6175 -12.8962 -0.6926 -5.3201 14.8239 8.9824 2.1321 -3.5112 2.4208 2.3493 -0.0696 -2.3863 1.2163 2.1662 -3.6850 0.8620 -13.8509 -4.4108 2.8494 29.2565 -0.6713 0.0233 11.9347 0.0000 0.0000 0.0000 -89.9220 0.7306 -7.7228 35.3392 -45.0529 -15.0530 -0.0000 0.0000 -26.8119 11.2968 30.4284 5.7770 -7.1250 0.0000 -0.0000 -22.8811 59.4116 -8.3211 0.0000 0.0000 0.0000 85.9290 3.0677 10.4296 -47.9539 52.1362 -24.5493 0.0000 -0.0000 -18.6932 -18.7182 -31.5449 10.0523 7.1250 -0.0000 -0.0000 15.7900 -62.2457 -6.7103
-22.0129 17.9446 3.7951 -465.6010 -80.0242 472.6150 0.0000 0.0000 0.0000 -1.6846 -11.0811 -28.0286 0.8476 5.8719 16.4132 -0.1923 8.7070 -7.4248 0.3725 -3.9200 -10.8517 0.0000 0.0000 0.0000 36.6242 5.5538 1.4961 -0.6309 -5.0822 14.1432 -0.4769 -1.0512 -13.4684 -0.5596 -4.7916 13.3152 8.9647 2.2581 -3.8526 2.3333 2.4878 -0.1794 -2.4478 1.2863 2.2618 -3.7958 0.8684 -13.7401 -4.3282 2.8509 29.1674 -0.6201 0.0265 11.8736 0.0000 -0.0000 0.0000 -89.8580 0.5362 -7.6899 33.3401 -43.5898 -13.6560 -0.0000 0.0000 -22.3570 12.7475 29.8104 6.4169 -7.1250 0.0000 -0.0000 -20.9010 59.1721 -7.4388 0.0000 -0.0000 0.0000 86.3738 3.0366 12.2891 -44.1877 50.3643 -21.6113 0.0000 -0.0000 -14.8441 -19.6256 -30.1104 10.1423 7.1250 -0.0000 -0.0000 13.7277 -61.0782 -5.4350
-22.3022 17.8941 3.7899 -467.5860 -79.7968 474.9810 0.0000 0.0000 0.0000 -1.1314 -12.1905 -27.1207 0.4227 4.1729 11.5637 -0.1981 8.9221 -7.7646 0.3924 -4.0223 -11.1395 0.0000 0.0000 0.0000 36.7035 5.4222 1.9227 -0.6691 -5.2310 14.5685 -0.5346 -0.5117 -14.0076 -0.4442 -4.2761 11.8548 8.9031 2.3583 -4.2432 2.2470 2.5891 -0.2961 -2.4836 1.3375 2.3719 -3.8947 0.8561 -13.6625 -4.2298 2.8209 29.1114 -0.5700 0.0173 11.8321 -0.0000 -0.0000 0.0000 -89.7530 0.2950 -7.5707 31.0696 -41.7928 -12.1162 -0.0000 0.0000 -17.5017 13.5171 28.4868 6.5409 -7.1250 0.0000 -0.0000 -19.1601 58.1040 -6.2938 -0.0000 -0.0000 0.0000 86.7376 3.1093 14.2090 -40.1896 48.1818 -18.5804 0.0000 -0.0000 -10.9250 -20.2420 -28.3485 9.9318 7.1250 -0.0000 -0.0000 11.9246 -59.4836 -4.2549
-22.5922 17.8428 3.7871 -468.8090 -79.6015 476.6000 0.0000 0.0000 0.0000 -0.6235 -13.0662 -26.8087 0.2202 3.0205 8.3358 -0.1361 8.2507 -8.3934 0.4884 -4.4811 -12.4343 0.0000 0.0000 0.0000 36.7722 5.3031 2.3104 -0.7116 -5.3911 15.0275 -0.5896 -0.0241 -14.5196 -0.3442 -3.7699 10.4301 8.8411 2.4051 -4.6278 2.1625 2.6209 -0.4205 -2.5225 1.3531 2.4627 -3.9694 0.8299 -13.6741 -4.1190 2.7702 29.0908 -0.5227 0.0010 11.8227 -0.0000 0.0000 0.0000 -89.5846 -0.0214 -7.3995 28.5639 -39.6302 -10.4814 -0.0000 0.0000 -12.1326 14.2237 26.8610 6.5336 -7.1250 0.0000 -0.0000 -17.3953 56.7085 -5.0989 -0.0000 0.0000 0.0000 87.0492 3.3512 16.1404 -36.0138 45.5227 -15.5324 0.0000 -0.0000 -6.9207 -20.6315 -26.0745 9.3966 7.1250 -0.0000 -0.0000 10.2747 -57.2878 -3.1147
-22.8797 17.7931 3.7874 -469.0020 -79.4604 477.1610 0.0000 0.0000 0.0000 -0.3939 -13.3484 -27.4199 0.1776 2.7149 7.4860 -0.0343 6.6729 -8.6078 0.5986 -4.9527 -13.7736 0.0000 0.0000 0.0000 36.8556 5.1962 2.6679 -0.7630 -5.5782 15.5654 -0.6427 0.3909 -15.0201 -0.2565 -3.2587 8.9997 8.8027 2.3744 -4.9193 2.0858 2.5590 -0.5428 -2.5776 1.3203 2.4937 -4.0318 0.7817 -13.7865 -3.9934 2.6909 29.0819 -0.4757 -0.0253 11.8385 -0.0000 0.0000 0.0000 -89.3580 -0.4652 -7.1988 25.8693 -37.0793 -8.8087 -0.0000 0.0000 -6.3981 15.5746 25.7067 6.8937 -7.1250 0.0000 -0.0000 -15.3550 55.8686 -4.1648 -0.0000 0.0000 0.0000 87.3262 3.7953 17.9956 -31.7463 42.3440 -12.5696 0.0000 -0.0000 -2.6481 -20.6814 -23.6049 8.5958 7.1250 -0.0000 -0.0000 9.1106 -54.7857 -2.2035
-23.1661 17.7465 3.7897 -468.4480 -79.3435 476.8400 0.0000 0.0000 0.0000 -0.5351 -13.0556 -28.6405 0.2430 3.1720 8.7579 0.0180 5.1377 -7.8857 0.5955 -4.9403 -13.7383 0.0000 0.0000 0.0000 36.9843 5.0770 3.0553 -0.8345 -5.8277 16.2853 -0.6948 0.7007 -15.5263 -0.1681 -2.6412 7.2813 8.7903 2.2907 -5.0132 2.0273 2.4464 -0.6450 -2.6398 1.2597 2.4292 -4.0980 0.6965 -13.8975 -3.8353 2.5510 29.0082 -0.4233 -0.0709 11.8276 0.0000 0.0000 0.0000 -89.0847 -1.0572 -6.9525 23.0214 -34.1122 -7.1503 -0.0000 0.0000 -0.5502 17.2053 25.0218 7.4617 -7.1250 0.0000 -0.0000 -13.3304 55.5225 -3.4877 0.0000 0.0000 0.0000 87.5931 4.3764 19.6594 -27.5380 38.6874 -9.8335 0.0000 0.0000 1.9500 -20.2474 -21.5462 7.7147 7.1250 -0.0000 -0.0000 8.7626 -52.5934 -1.6477
-23.4579 17.7055 3.7920 -468.0050 -79.2209 476.3590 0.0000 0.0000 0.0000 -0.8706 -12.7902 -29.5505 0.3811 3.9648 10.9776 -0.0001 4.7536 -6.7827 0.4914 -4.4945 -12.4722 0.0000 0.0000 0.0000 37.1376 4.9246 3.6023 -0.9366 -6.1644 17.2622 -0.7435 0.8902 -16.0145 -0.0851 -1.8814 5.1780 8.7409 2.1986 -4.8437 1.9913 2.3509 -0.6789 -2.6647 1.2067 2.2873 -4.1909 0.5709 -13.9549 -3.6114 2.3380 28.8142 -0.3504 -0.1364 11.7571 0.0000 0.0000 0.0000 -88.7984 -1.8079 -6.7577 20.0646 -30.7201 -5.5643 -0.0000 -0.0000 5.3686 18.2388 24.1763 7.6861 -7.1250 0.0000 -0.0000 -11.8677 54.8848 -2.9116 0.0000 0.0000 0.0000 87.8878 5.0129 21.0183 -23.5301 34.6634 -7.4376 0.0000 0.0000 6.6735 -19.5653 -19.9272 6.9066 7.1250 -0.0000 -0.0000 8.8838 -50.8125 -1.2810
-23.7620 17.6705 3.7948 -468.7580 -79.0866 476.8490 0.0000 0.0000 0.0000 -1.2715 -12.8040 -29.6995 0.5480 4.7424 13.1754 -0.0435 5.1665 -5.7229 0.4104 -4.1125 -11.3934 0.0000 0.0000 0.0000 37.2191 4.7975 4.2384 -1.0869 -6.6258 18.6113 -0.7804 1.0136 -16.3798 -0.0237 -0.9945 2.7336 8.5815 2.1855 -4.5460 1.9456 2.3781 -0.6497 -2.6318 1.2168 2.1488 -4.2843 0.3961 -13.9655 -3.2954 2.0267 28.5371 -0.2560 -0.2291 11.6439 -0.0000 0.0000 0.0000 -88.5295 -2.7373 -6.8601 17.0341 -26.9028 -4.1028 -0.0000 -0.0000 11.4914 18.6162 22.9788 7.4916 -7.1250 0.0000 -0.0000 -10.9595 53.7529 -2.3807 -0.0000 0.0000 0.0000 88.2536 5.5903 21.8667 -19.8257 30.4318 -5.4428 0.0000 0.0000 11.2637 -18.8605 -18.5688 6.2083 7.1250 -0.0000 -0.0000 9.1375 -49.3057 -0.9775
-24.0837 17.6423 3.8023 -471.3500 -79.0371 479.1350 0.0000 0.0000 0.0000 -1.8595 -12.9441 -29.2512 0.6953 5.3303 14.8531 -0.0931 5.7508 -4.2011 0.3622 -3.8660 -10.7000 0.0000 0.0000 0.0000 37.0084 4.7790 4.7660 -1.3010 -7.2261 20.3869 -0.7910 1.1689 -16.4499 -0.0001 -0.0484 0.1329 8.2187 2.2942 -4.3366 1.8134 2.5713 -0.6263 -2.5611 1.3115 2.0666 -4.3183 0.1700 -13.9887 -2.8993 1.6071 28.2984 -0.1579 -0.3557 11.5496 -0.0000 -0.0000 0.0000 -88.3055 -3.7178 -7.4165 14.1124 -22.8952 -2.8717 -0.0000 -0.0000 17.9295 18.6256 21.8502 7.1497 -7.1250 0.0000 -0.0000 -10.4966 52.6132 -1.9843 -0.0000 -0.0000 0.0000 88.7541 5.9868 21.8660 -16.4972 26.1901 -3.8628 0.0000 0.0000 15.7892 -17.8874 -17.4101 5.5159 7.1250 -0.0000 -0.0000 9.7168 -47.9759 -0.7198
-24.4213 17.6259 3.8154 -475.7970 -79.2384 483.3920 0.0000 0.0000 0.0000 -2.8387 -13.0835 -28.5789 0.7953 5.6924 15.8944 -0.1265 6.2941 -2.1574 0.2867 -3.4438 -9.5168 0.0000 0.0000 0.0000 36.2527 4.9295 4.9162 -1.6052 -7.9902 22.6842 -0.7583 1.3644 -16.0455 -0.0224 0.9669 -2.6577 7.4781 2.4707 -4.3418 1.5401 2.8602 -0.6822 -2.4139 1.4529 2.0191 -4.3103 -0.0945 -14.0623 -2.4097 1.0997 28.1665 -0.0464 -0.5111 11.5091 0.0000 -0.0000 0.0000 -88.2083 -4.6068 -9.0307 11.4599 -18.9897 -1.9229 -0.0000 -0.0000 25.5926 18.4767 20.7749 6.7592 -7.1250 0.0000 -0.0000 -10.2428 51.4960 -1.6534 0.0000 -0.0000 0.0000 89.4158 6.1871 20.5878 -13.5226 22.0481 -2.6462 0.0000 0.0000 20.5398 -16.6884 -16.4843 4.8623 7.1250 -0.0000 -0.0000 10.5699 -46.8682 -0.4926
-24.7676 17.6283 3.8301 -481.2150 -79.6802 488.7000 0.0000 0.0000 0.0000 -4.2199 -13.0758 -27.8933 0.8684 5.9419 16.6159 -0.1270 6.6046 -0.3193 0.1549 -2.5361 -6.9896 0.0000 0.0000 0.0000 34.9712 5.0561 4.4709 -2.0392 -8.9473 25.6307 -0.6671 1.6209 -14.9614 -0.0907 1.9427 -5.3473 6.3914 2.5960 -4.4687 1.1796 3.0925 -0.8019 -2.1646 1.5633 1.9510 -4.3403 -0.3729 -14.1570 -1.7954 0.5486 28.0391 0.1110 -0.6753 11.4773 0.0000 0.0000 0.0000 -88.3737 -5.3442 -13.0140 9.2026 -15.4827 -1.2536 -0.0000 -0.0000 36.2873 18.5898 19.4748 6.3980 -7.1250 0.0000 -0.0000 -9.6853 50.1904 -1.2494 0.0000 0.0000 0.0000 90.2031 6.2563 17.5137 -10.8973 18.1306 -1.7438 0.0000 0.0000 25.9436 -15.7301 -15.8899 4.4096 7.1250 -0.0000 -0.0000 11.2845 -46.1421 -0.3221
-25.1128 17.6486 3.8447 -485.6890 -80.1309 493.0470 0.0000 0.0000 0.0000 -5.6936 -12.6827 -27.3268 0.9689 6.2667 17.5602 -0.0958 6.1314 0.6922 0.0470 -1.3997 -3.8493 0.0000 0.0000 0.0000 33.5464 4.8936 3.2504 -2.6554 -10.1152 29.3505 -0.5046 1.8920 -12.8987 -0.1538 2.5274 -6.9656 5.3630 2.5977 -4.5312 0.8679 3.1594 -0.9436 -1.9112 1.5892 1.8073 -4.4365 -0.6392 -14.2216 -1.0695 0.0013 27.7945 0.3215 -0.8272 11.3989 -0.0000 0.0000 0.0000 -88.8763 -5.8466 -20.2699 7.5331 -12.7932 -0.8457 -0.0000 -0.0000 50.7528 19.3487 17.9740 6.1844 -7.1250 0.0000 -0.0000 -8.4939 48.7678 -0.7946 -0.0000 0.0000 0.0000 91.0063 6.2090 12.2012 -8.7115 14.6994 -1.1258 0.0000 0.0000 32.4148 -14.9602 -15.7693 4.1534 7.1250 -0.0000 -0.0000 11.9552 -45.9236 -0.2764
-25.4510 17.6811 3.8625 -487.6720 -80.4457 494.7980 0.0000 0.0000 0.0000 -6.8969 -12.0451 -26.6985 1.1006 6.6661 18.7298 -0.0587 4.9969 0.9002 0.0034 -0.3739 -1.0272 0.0000 0.0000 0.0000 32.3001 4.3651 1.2966 -3.4798 -11.4339 33.7577 -0.2765 1.7818 -9.4705 -0.1289 2.3143 -6.3750 4.7569 2.4651 -4.3867 0.6939 3.0312 -1.0594 -1.7717 1.5180 1.5759 -4.5585 -0.8680 -14.2616 -0.3097 -0.4891 27.3817 0.5564 -0.9477 11.2564 -0.0000 -0.0000 0.0000 -89.6770 -5.9456 -28.5553 6.6125 -11.2798 -0.6537 -0.0000 -0.0000 65.0670 20.5978 17.1388 6.3199 -7.1250 0.0000 -0.0000 -7.0761 48.0862 -0.5413 -0.0000 -0.0000 0.0000 91.6868 6.0053 4.8750 -7.0941 12.0741 -0.7512 0.0000 0.0000 39.7585 -14.1569 -16.0936 3.9997 7.1250 -0.0000 -0.0000 12.7858 -46.1466 -0.3678
-25.7815 17.7197 3.8864 -488.3220 -80.6905 495.0770 0.0000 0.0000 0.0000 -7.9168 -11.4558 -25.6954 1.2119 6.9836 19.6668 -0.0353 3.7934 0.5461 0.0016 0.2544 0.6989 0.0000 0.0000 0.0000 31.0962 3.6979 -1.1607 -4.4909 -12.7865 38.5745 -0.0596 0.5580 -4.4465 -0.0466 1.3932 -3.8313 4.4283 2.2443 -4.0358 0.6165 2.7770 -1.1113 -1.7003 1.3854 1.2977 -4.6755 -1.0589 -14.3376 0.4071 -0.8997 26.8088 0.7841 -1.0338 11.0649 0.0000 -0.0000 0.0000 -90.6895 -5.5252 -33.2574 6.3154 -10.7871 -0.5969 -0.0000 -0.0000 72.6261 21.7840 17.2454 6.7570 -7.1250 0.0000 -0.0000 -5.9706 48.3729 -0.4984 0.0000 -0.0000 0.0000 92.1142 5.6023 -2.6515 -6.1234 10.4678 -0.5615 0.0000 0.0000 46.2755 -13.0715 -16.8682 3.8544 7.1250 -0.0000 -0.0000 14.0252 -46.7752 -0.6264
-26.1068 17.7592 3.9173 -490.2340 -80.9956 496.5200 0.0000 0.0000 0.0000 -9.1462 -10.9464 -24.2076 1.2561 7.1050 20.0267 -0.0247 2.9509 -0.0347 0.0079 0.5751 1.5803 0.0000 0.0000 0.0000 29.6105 3.1623 -3.8405 -5.6322 -14.0621 43.4869 -0.0043 -1.8634 1.6629 -0.0030 0.3560 -0.9781 3.9928 2.0019 -3.6117 0.5359 2.4974 -1.0812 -1.5711 1.2432 1.0592 -4.7632 -1.2221 -14.4705 1.0289 -1.2337 26.0770 0.9803 -1.0911 10.8287 0.0000 0.0000 0.0000 -91.8399 -4.6436 -32.5975 6.4251 -10.9692 -0.6176 -0.0000 -0.0000 71.3351 22.6289 17.6818 7.2159 -7.1250 0.0000 -0.0000 -5.2639 48.9619 -0.5157 0.0000 0.0000 0.0000 92.2166 4.9816 -7.4144 -5.7557 9.8541 -0.4966 0.0000 0.0000 49.3043 -11.6197 -17.9128 3.6189 7.1250 -0.0000 -0.0000 15.7216 -47.6053 -1.0349
-26.4265 17.7946 3.9531 -495.0220 -81.4214 500.8510 0.0000 0.0000 0.0000 -10.8262 -10.3957 -22.4557 1.2396 7.0600 19.8932 -0.0194 2.4726 -0.7756 0.0121 0.7113 1.9548 0.0000 0.0000 0.0000 27.7278 2.9713 -6.5821 -6.8475 -15.2022 48.2953 -0.1881 -4.7674 7.9080 -0.0142 -0.7696 2.1151 3.2084 1.7678 -3.2365 0.3880 2.2343 -1.0135 -1.3090 1.1116 0.8803 -4.7871 -1.3452 -14.6586 1.5231 -1.4792 25.2745 1.1290 -1.1178 10.5787 0.0000 0.0000 0.0000 -93.0510 -3.4475 -28.2546 6.8830 -11.7265 -0.7077 -0.0000 -0.0000 64.1270 22.7902 18.1816 7.4690 -7.1250 0.0000 -0.0000 -5.2306 49.5161 -0.5839 0.0000 0.0000 0.0000 92.0065 4.1797 -8.0796 -5.8375 9.9909 -0.5107 0.0000 0.0000 48.0104 -9.7370 -18.9734 3.1933 7.1250 -0.0000 -0.0000 17.8643 -48.3683 -1.5297
-26.7382 17.8253 3.9902 -502.3220 -81.8882 507.7930 0.0000 0.0000 0.0000 -12.8152 -9.7920 -20.6960 1.1878 6.9162 19.4673 -0.0126 2.1418 -1.6154 0.0158 0.8125 2.2330 0.0000 0.0000 0.0000 25.6203 3.1332 -9.3881 -8.1048 -16.1958 52.9393 -0.5204 -7.9633 13.1849 -0.1125 -2.1621 5.9539 2.1466 1.5271 -2.9644 0.1808 1.9605 -0.9622 -0.9466 0.9753 0.7401 -4.7511 -1.4132 -14.8440 1.9295 -1.6365 24.4922 1.2457 -1.1131 10.3359 -0.0000 0.0000 0.0000 -94.2163 -2.1770 -23.0759 7.6036 -12.9083 -0.8614 -0.0000 -0.0000 55.1662 22.2599 18.7597 7.4990 -7.1250 0.0000 -0.0000 -5.8984 50.0408 -0.7352 -0.0000 0.0000 0.0000 91.5528 3.3056 -5.8770 -6.1984 10.5926 -0.5752 0.0000 0.0000 44.0329 -7.5919 -19.7502 2.5788 7.1250 -0.0000 -0.0000 20.1676 -48.7996 -1.9633
-27.0412 17.8551 4.0242 -510.0150 -82.2353 515.2080 0.0000 0.0000 0.0000 -14.7123 -9.1197 -18.9846 1.1167 6.7130 18.8679 -0.0018 1.8172 -2.4230 0.0177 0.8582 2.3586 0.0000 0.0000 0.0000 23.6680 3.4679 -12.2606 -9.3729 -17.0418 57.3711 -0.7331 -11.3328 16.1144 -0.2477 -3.2026 8.8434 1.1117 1.2587 -2.7464 0.0018 1.6395 -0.9297 -0.5677 0.8153 0.6175 -4.7311 -1.4317 -15.0200 2.3416 -1.7241 23.7961 1.3749 -1.0826 10.1234 -0.0000 -0.0000 0.0000 -95.2481 -1.0433 -18.5711 8.4375 -14.2596 -1.0573 -0.0000 -0.0000 46.8129 21.4982 19.3406 7.4319 -7.1250 0.0000 -0.0000 -6.8075 50.5247 -0.9306 -0.0000 -0.0000 0.0000 90.9280 2.4451 -2.3584 -6.7597 11.5231 -0.6828 0.0000 0.0000 39.0704 -5.4618 -20.2215 1.8929 7.1250 -0.0000 -0.0000 22.3337 -48.9317 -2.2691
-27.3367 17.8890 4.0523 -515.4170 -82.4127 520.3450 0.0000 0.0000 0.0000 -16.1288 -8.4360 -17.2278 1.0305 6.4571 18.1166 0.0120 1.4894 -3.1492 0.0187 0.8830 2.4270 0.0000 0.0000 0.0000 22.2402 3.7669 -15.1320 -10.5997 -17.7336 61.4746 -0.5976 -14.1917 15.8920 -0.3044 -3.5470 9.8056 0.4007 0.9613 -2.5163 -0.0464 1.2645 -0.8903 -0.2353 0.6285 0.5080 -4.7640 -1.4347 -15.1499 2.7801 -1.7877 23.1614 1.5240 -1.0472 9.9264 0.0000 0.0000 0.0000 -96.1035 -0.1449 -14.9238 9.2683 -15.5870 -1.2713 -0.0000 -0.0000 40.0940 20.8405 19.8108 7.3514 -7.1250 0.0000 -0.0000 -7.5951 50.9046 -1.1104 0.0000 0.0000 0.0000 90.1785 1.6397 1.3661 -7.4907 12.7240 -0.8364 0.0000 0.0000 34.1020 -3.7081 -20.3229 1.2894 7.1250 -0.0000 -0.0000 23.9764 -48.7719 -2.3551
-27.6261 17.9276 4.0744 -517.5340 -82.4960 522.1820 0.0000 0.0000 0.0000 -16.9748 -7.8572 -15.3647 0.9357 6.1617 17.2543 0.0271 1.2481 -3.8321 0.0203 0.9194 2.5271 0.0000 0.0000 0.0000 21.4205 3.9576 -17.9133 -11.6932 -18.2579 65.0129 -0.2154 -16.1945 13.4732 -0.3642 -3.8768 10.7304 0.0796 0.6525 -2.2596 0.0681 0.8613 -0.8155 0.0473 0.4279 0.4315 -4.8174 -1.4646 -15.2416 3.1816 -1.8763 22.5562 1.6592 -1.0326 9.7360 0.0000 -0.0000 0.0000 -96.7667 0.5296 -11.7050 10.0646 -16.8406 -1.4936 -0.0000 -0.0000 35.1584 20.3174 20.2055 7.2875 -7.1250 0.0000 -0.0000 -8.2356 51.2249 -1.2702 0.0000 -0.0000 0.0000 89.3426 0.8493 4.9940 -8.4706 14.3128 -1.0654 0.0000 0.0000 29.0856 -2.4152 -20.4332 0.8436 7.1250 -0.0000 -0.0000 25.1974 -48.6867 -2.4339
-27.9104 17.9678 4.0928 -517.7320 -82.5557 522.0990 0.0000 0.0000 0.0000 -17.5031 -7.4520 -13.4159 0.8380 5.8394 16.3192 0.0422 1.1646 -4.4969 0.0225 0.9675 2.6595 0.0000 0.0000 0.0000 20.9410 4.1115 -20.5977 -12.5858 -18.6275 67.8340 0.1800 -17.5768 10.5755 -0.5003 -4.5347 12.5861 -0.0210 0.3623 -2.0092 0.2763 0.4767 -0.7095 0.3054 0.2363 0.3973 -4.8753 -1.5382 -15.2775 3.5496 -2.0190 21.9661 1.7754 -1.0501 9.5451 0.0000 -0.0000 0.0000 -97.2192 1.0775 -8.4425 10.8736 -18.0942 -1.7364 -0.0000 -0.0000 31.5234 20.0072 20.4152 7.2384 -7.1250 0.0000 -0.0000 -8.6106 51.3884 -1.3634 0.0000 -0.0000 0.0000 88.4854 -0.0258 8.4351 -9.8228 16.4619 -1.4243 0.0000 0.0000 23.7481 -1.7334 -21.1057 0.6243 7.1250 -0.0000 -0.0000 26.1544 -49.1928 -2.8835
-28.1899 18.0052 4.1088 -518.0430 -82.6272 522.1550 0.0000 0.0000 0.0000 -18.0424 -7.1610 -11.4573 0.7403 5.4964 15.3299 0.0569 1.2222 -5.1310 0.0246 1.0134 2.7856 0.0000 0.0000 0.0000 20.4623 4.3555 -23.1866 -13.2430 -18.8681 69.8785 0.5074 -18.6532 7.9894 -0.6228 -5.0502 14.0519 -0.1389 0.1059 -1.8044 0.4887 0.1366 -0.5933 0.5808 0.0666 0.4025 -4.9439 -1.6398 -15.2748 3.9212 -2.2021 21.4218 1.8891 -1.0902 9.3675 -0.0000 0.0000 0.0000 -97.4480 1.5857 -4.8573 11.7846 -19.4808 -2.0299 -0.0000 -0.0000 28.6476 19.9289 20.4516 7.2201 -7.1250 0.0000 -0.0000 -8.7000 51.4125 -1.3830 -0.0000 0.0000 0.0000 87.6545 -1.0653 11.5627 -11.6455 19.2708 -1.9837 0.0000 0.0000 18.2189 -1.8029 -22.4472 0.6886 7.1250 -0.0000 -0.0000 26.8147 -50.4022 -3.8094
-28.4637 18.0365 4.1223 -519.4270 -82.7330 523.3470 0.0000 0.0000 0.0000 -18.7228 -6.8934 -9.6046 0.6483 5.1507 14.3388 0.0712 1.3338 -5.7182 0.0273 1.0664 2.9316 0.0000 0.0000 0.0000 19.8368 4.7590 -25.6760 -13.6540 -19.0057 71.1450 0.7590 -19.4429 5.8247 -0.6619 -5.2032 14.4889 -0.3951 -0.1221 -1.6466 0.6648 -0.1639 -0.4941 0.8985 -0.0836 0.4201 -5.0151 -1.7564 -15.2566 4.3052 -2.4107 20.9358 2.0041 -1.1443 9.2109 0.0000 -0.0000 0.0000 -97.4382 2.0890 -0.9053 12.8773 -21.1071 -2.4089 -0.0000 -0.0000 26.3096 19.8516 20.5935 7.2373 -7.1250 0.0000 -0.0000 -8.8243 51.5452 -1.4318 0.0000 -0.0000 0.0000 86.8580 -2.2519 14.2271 -13.9704 22.6923 -2.8167 0.0000 0.0000 13.0108 -2.3901 -24.2080 0.9805 7.1250 -0.0000 -0.0000 27.2986 -52.0620 -5.0572
-28.7324 18.0600 4.1329 -521.5230 -82.8964 525.3300 0.0000 0.0000 0.0000 -19.4776 -6.6020 -7.9360 0.5681 4.8274 13.4170 0.0871 1.3622 -6.2523 0.0293 1.1050 3.0377 0.0000 0.0000 0.0000 19.1188 5.2731 -28.0177 -13.7913 -19.0495 71.5661 0.9143 -19.8085 4.2030 -0.6717 -5.2410 14.5971 -0.7560 -0.3482 -1.5257 0.8237 -0.4607 -0.4246 1.2582 -0.2324 0.4331 -5.0883 -1.8773 -15.2376 4.6870 -2.6261 20.5072 2.1178 -1.2044 9.0765 0.0000 -0.0000 0.0000 -97.1839 2.6137 3.3610 14.2019 -23.0226 -2.9066 -0.0000 -0.0000 24.3438 19.4834 21.0475 7.2413 -7.1250 0.0000 -0.0000 -9.3464 51.9470 -1.6103 0.0000 -0.0000 0.0000 86.0573 -3.5033 16.4381 -16.7778 26.5639 -3.9874 0.0000 0.0000 8.5777 -3.2456 -26.0905 1.4286 7.1250 -0.0000 -0.0000 27.6920 -53.8759 -6.4226
-28.9973 18.0747 4.1407 -523.5060 -83.1556 527.2610 0.0000 0.0000 0.0000 -20.1935 -6.2948 -6.4615 0.5039 4.5506 12.6310 0.1070 1.2197 -6.7526 0.0296 1.1107 3.0535 0.0000 0.0000 0.0000 18.4258 5.7735 -30.1741 -13.6553 -19.0061 71.1490 0.9678 -19.6042 3.0152 -0.6847 -5.2906 14.7392 -1.1204 -0.5987 -1.4143 0.9974 -0.7912 -0.3726 1.6351 -0.3984 0.4404 -5.1593 -1.9949 -15.2517 5.0476 -2.8321 20.1405 2.2250 -1.2638 8.9706 -0.0000 0.0000 0.0000 -96.6858 3.1381 7.8052 15.7949 -25.2418 -3.5581 -0.0000 -0.0000 22.6397 18.7539 21.6849 7.1508 -7.1250 0.0000 -0.0000 -10.3055 52.4683 -1.9108 -0.0000 0.0000 0.0000 85.2380 -4.6882 18.1280 -20.0278 30.6759 -5.5455 0.0000 0.0000 5.2230 -4.0747 -27.7679 1.9009 7.1250 -0.0000 -0.0000 28.0634 -55.5077 -7.6754
-29.2583 18.0801 4.1462 -524.9620 -83.5086 528.6950 0.0000 0.0000 0.0000 -20.8068 -5.9822 -5.1580 0.4568 4.3357 12.0230 0.1322 0.9046 -7.2606 0.0284 1.0882 2.9916 0.0000 0.0000 0.0000 17.8309 6.2210 -32.0863 -13.2610 -18.8744 69.9342 0.9563 -18.9126 1.8585 -0.6695 -5.2324 14.5725 -1.4265 -0.8819 -1.2811 1.1977 -1.1675 -0.3279 2.0070 -0.5875 0.4356 -5.2017 -2.0962 -15.2727 5.3668 -3.0142 19.8168 2.3162 -1.3155 8.8795 0.0000 -0.0000 0.0000 -95.9340 3.6448 12.2875 17.7168 -27.7930 -4.4164 -0.0000 -0.0000 21.0041 17.5424 22.5909 6.9238 -7.1250 0.0000 -0.0000 -11.8753 53.1648 -2.4121 0.0000 -0.0000 0.0000 84.4196 -5.7345 19.2442 -23.7366 34.8845 -7.5554 0.0000 0.0000 2.8016 -4.5118 -28.7657 2.1747 7.1250 -0.0000 -0.0000 28.3813 -56.4684 -8.4545
-29.5140 18.0761 4.1493 -526.0390 -83.8964 529.7530 0.0000 0.0000 0.0000 -21.3174 -5.6621 -3.9921 0.4245 4.1815 11.5877 0.1620 0.5020 -7.8009 0.0281 1.0815 2.9730 0.0000 0.0000 0.0000 17.3319 6.6731 -33.7116 -12.6293 -18.6442 67.9702 0.9172 -17.9197 0.3955 -0.5932 -4.9309 13.7116 -1.6723 -1.1776 -1.0878 1.4106 -1.5629 -0.2923 2.3600 -0.7859 0.3943 -5.1969 -2.1746 -15.2777 5.6607 -3.1737 19.5356 2.3938 -1.3576 8.7987 -0.0000 -0.0000 0.0000 -94.9467 4.1469 16.5098 20.0563 -30.7101 -5.5601 -0.0000 -0.0000 19.3792 15.6900 23.7215 6.4473 -7.1250 0.0000 -0.0000 -14.2309 53.9474 -3.1796 -0.0000 -0.0000 0.0000 83.6575 -6.5996 19.7829 -27.9338 39.0552 -10.0819 0.0000 0.0000 0.7716 -4.2167 -29.1241 2.0551 7.1250 -0.0000 -0.0000 28.9440 -56.7205 -8.8241
-29.7670 18.0637 4.1502 -527.3340 -84.2837 531.0150 0.0000 0.0000 0.0000 -21.8040 -5.3282 -2.9028 0.4022 4.0718 11.2787 0.1958 0.0688 -8.3820 0.0279 1.0782 2.9640 0.0000 0.0000 0.0000 16.8601 7.1367 -34.9950 -11.7617 -18.2881 65.2315 0.8674 -16.8715 -1.3233 -0.4991 -4.5290 12.5700 -1.9040 -1.4712 -0.8607 1.6092 -1.9570 -0.2606 2.6931 -0.9836 0.3353 -5.1415 -2.2298 -15.2294 5.9468 -3.3181 19.2990 2.4624 -1.3923 8.7221 -0.0000 0.0000 0.0000 -93.8058 4.6806 20.1314 22.9224 -34.0038 -7.0948 -0.0000 -0.0000 17.8420 13.1571 24.7859 5.5970 -7.1250 0.0000 -0.0000 -17.2939 54.5073 -4.1328 -0.0000 0.0000 0.0000 82.9912 -7.2551 19.7852 -32.6525 43.0612 -13.1842 0.0000 -0.0000 -1.2210 -3.1323 -28.9636 1.5180 7.1250 -0.0000 -0.0000 29.8676 -56.3608 -8.8738
-30.0209 18.0449 4.1495 -529.0910 -84.6688 532.7260 0.0000 0.0000 0.0000 -22.2855 -4.9412 -1.9038 0.3903 4.0118 11.1098 0.2348 -0.4435 -9.0047 0.0263 1.0470 2.8781 0.0000 0.0000 0.0000 16.4034 7.5417 -35.9040 -10.6722 -17.7709 61.7123 0.8205 -16.0163 -3.1314 -0.4259 -4.1882 11.6067 -2.1244 -1.7573 -0.6458 1.7795 -2.3418 -0.2237 2.9925 -1.1768 0.2921 -5.0391 -2.2714 -15.1373 6.2380 -3.4631 19.1176 2.5253 -1.4261 8.6563 0.0000 -0.0000 0.0000 -92.5824 5.2234 23.0417 26.3930 -37.5942 -9.1264 -0.0000 -0.0000 16.4975 10.3231 25.4951 4.4830 -7.1250 0.0000 -0.0000 -20.4949 54.6446 -5.0138 0.0000 -0.0000 0.0000 82.4568 -7.6793 19.2687 -37.9558 46.8111 -16.9334 0.0000 -0.0000 -3.1820 -1.2937 -28.5686 0.6187 7.1250 -0.0000 -0.0000 31.3186 -55.6556 -8.8112
-30.2763 18.0226 4.1480 -531.2700 -85.0391 534.8610 0.0000 0.0000 0.0000 -22.7110 -4.4096 -1.0994 0.3939 4.0300 11.1611 0.2800 -1.1490 -9.6577 0.0243 1.0056 2.7642 0.0000 0.0000 0.0000 15.9496 7.9161 -36.5540 -9.4715 -17.1018 57.7070 0.7714 -15.3508 -4.8895 -0.3974 -4.0477 11.2109 -2.3386 -2.0367 -0.4532 1.9353 -2.7182 -0.2037 3.2746 -1.3657 0.2477 -4.9259 -2.2944 -14.9103 6.5601 -3.5984 18.9226 2.5983 -1.4560 8.5616 -0.0000 0.0000 0.0000 -91.3029 5.7944 25.3356 30.4932 -41.3124 -11.7339 -0.0000 -0.0000 15.3132 7.3312 26.0783 3.2370 -7.1250 0.0000 -0.0000 -23.7728 54.6200 -5.8670 -0.0000 0.0000 0.0000 82.0017 -8.0022 18.5003 -44.0369 50.2878 -21.4953 0.0000 -0.0000 -5.2977 1.0866 -28.3324 -0.5157 7.1250 -0.0000 -0.0000 33.3743 -54.9937 -8.9247
-30.5345 17.9967 4.1461 -534.2250 -85.3303 537.8870 0.0000 0.0000 0.0000 -23.2457 -4.1934 -0.0818 0.3767 3.9417 10.9128 0.3253 -1.4883 -10.3562 0.0183 0.8746 2.4038 0.0000 0.0000 0.0000 15.5588 8.1688 -36.8002 -8.0493 -16.1554 52.7400 0.7829 -15.4514 -6.3700 -0.3283 -3.6825 10.1851 -2.5262 -2.2614 -0.4133 2.0577 -3.0195 -0.0967 3.5008 -1.5210 0.3740 -4.8836 -2.3821 -15.1730 7.0405 -3.8389 19.0070 2.7254 -1.5140 8.6631 0.0000 0.0000 0.0000 -89.9630 5.9718 27.2298 35.2586 -44.9959 -14.9959 -0.0000 -0.0000 14.3358 4.9147 26.1430 2.1698 -7.1250 0.0000 -0.0000 -26.1405 54.2285 -6.2541 0.0000 0.0000 0.0000 81.7615 -7.7632 17.0580 -50.3489 53.1353 -26.4531 0.0000 -0.0000 -7.4122 3.0613 -26.1433 -1.3499 7.1250 -0.0000 -0.0000 33.5717 -52.7966 -7.0822
-30.5345 17.9967 4.1461 -534.2250 -85.3303 537.8870 0.0000 0.0000 0.0000 -23.2457 -4.1934 -0.0818 0.3767 3.9417 10.9128 0.3253 -1.4883 -10.3562 0.0183 0.8746 2.4038 0.0000 0.0000 0.0000 15.5588 8.1688 -36.8002 -8.0493 -16.1554 52.7400 0.7829 -15.4514 -6.3700 -0.3283 -3.6825 10.1851 -2.5262 -2.2614 -0.4133 2.0577 -3.0195 -0.0967 3.5008 -1.5210 0.3740 -4.8836 -2.3821 -15.1730 7.0405 -3.8389 19.0070 2.7254 -1.5140 8.6631 0.0000 0.0000 0.0000 -89.9630 5.9718 27.2298 35.2586 -44.9959 -14.9959 -0.0000 -0.0000 14.3358 4.9147 26.1430 2.1698 -7.1250 0.0000 -0.0000 -26.1405 54.2285 -6.2541 0.0000 0.0000 0.0000 81.7615 -7.7632 17.0580 -50.3489 53.1353 -26.4531 0.0000 -0.0000 -7.4122 3.0613 -26.1433 -1.3499 7.1250 -0.0000 -0.0000 33.5717 -52.7966 -7.0822
-30.5345 17.9967 4.1461 -534.2250 -85.3303 537.8870 0.0000 0.0000 0.0000 -23.2457 -4.1934 -0.0818 0.3767 3.9417 10.9128 0.3253 -1.4883 -10.3562 0.0183 0.8746 2.4038 0.0000 0.0000 0.0000 15.5588 8.1688 -36.8002 -8.0493 -16.1554 52.7400 0.7829 -15.4514 -6.3700 -0.3283 -3.6825 10.1851 -2.5262 -2.2614 -0.4133 2.0577 -3.0195 -0.0967 3.5008 -1.5210 0.3740 -4.8836 -2.3821 -15.1730 7.0405 -3.8389 19.0070 2.7254 -1.5140 8.6631 0.0000 0.0000 0.0000 -89.9630 5.9718 27.2298 35.2586 -44.9959 -14.9959 -0.0000 -0.0000 14.3358 4.9147 26.1430 2.1698 -7.1250 0.0000 -0.0000 -26.1405 54.2285 -6.2541 0.0000 0.0000 0.0000 81.7615 -7.7632 17.0580 -50.3489 53.1353 -26.4531 0.0000 -0.0000 -7.4122 3.0613 -26.1433 -1.3499 7.1250 -0.0000 -0.0000 33.5717 -52.7966 -7.0822
-30.5345 17.9967 4.1461 -534.2250 -85.3303 537.8870 0.0000 0.0000 0.0000 -23.2457 -4.1934 -0.0818 0.3767 3.9417 10.9128 0.3253 -1.4883 -10.3562 0.0183 0.8746 2.4038 0.0000 0.0000 0.0000 15.5588 8.1688 -36.8002 -8.0493 -16.1554 52.7400 0.7829 -15.4514 -6.3700 -0.3283 -3.6825 10.1851 -2.5262 -2.2614 -0.4133 2.0577 -3.0195 -0.0967 3.5008 -1.5210 0.3740 -4.8836 -2.3821 -15.1730 7.0405 -3.8389 19.0070 2.7254 -1.5140 8.6631 0.0000 0.0000 0.0000 -89.9630 5.9718 27.2298 35.2586 -44.9959 -14.9959 -0.0000 -0.0000 14.3358 4.9147 26.1430 2.1698 -7.1250 0.0000 -0.0000 -26.1405 54.2285 -6.2541 0.0000 0.0000 0.0000 81.7615 -7.7632 17.0580 -50.3489 53.1353 -26.4531 0.0000 -0.0000 -7.4122 3.0613 -26.1433 -1.3499 7.1250 -0.0000 -0.0000 33.5717 -52.7966 -7.0822
-30.5345 17.9967 4.1461 -534.2250 -85.3303 537.8870 0.0000 0.0000 0.0000 -23.2457 -4.1934 -0.0818 0.3767 3.9417 10.9128 0.3253 -1.4883 -10.3562 0.0183 0.8746 2.4038 0.0000 0.0000 0.0000 15.5588 8.1688 -36.8002 -8.0493 -16.1554 52.7400 0.7829 -15.4514 -6.3700 -0.3283 -3.6825 10.1851 -2.5262 -2.2614 -0.4133 2.0577 -3.0195 -0.0967 3.5008 -1.5210 0.3740 -4.8836 -2.3821 -15.1730 7.0405 -3.8389 19.0070 2.7254 -1.5140 8.6631 0.0000 0.0000 0.0000 -89.9630 5.9718 27.2298 35.2586 -44.9959 -14.9959 -0.0000 -0.0000 14.3358 4.9147 26.1430 2.1698 -7.1250 0.0000 -0.0000 -26.1405 54.2285 -6.2541 0.0000 0.0000 0.0000 81.7615 -7.7632 17.0580 -50.3489 53.1353 -26.4531 0.0000 -0.0000 -7.4122 3.0613 -26.1433 -1.3499 7.1250 -0.0000 -0.0000 33.5717 -52.7966 -7.0822
-30.5345 17.9967 4.1461 -534.2250 -85.3303 537.8870 0.0000 0.0000 0.0000 -23.2457 -4.1934 -0.0818 0.3767 3.9417 10.9128 0.3253 -1.4883 -10.3562 0.0183 0.8746 2.4038 0.0000 0.0000 0.0000 15.5588 8.1688 -36.8002 -8.0493 -16.1554 52.7400 0.7829 -15.4514 -6.3700 -0.3283 -3.6825 10.1851 -2.5262 -2.2614 -0.4133 2.0577 -3.0195 -0.0967 3.5008 -1.5210 0.3740 -4.8836 -2.3821 -15.1730 7.0405 -3.8389 19.0070 2.7254 -1.5140 8.6631 0.0000 0.0000 0.0000 -89.9630 5.9718 27.2298 35.2586 -44.9959 -14.9959 -0.0000 -0.0000 14.3358 4.9147 26.1430 2.1698 -7.1250 0.0000 -0.0000 -26.1405 54.2285 -6.2541 0.0000 0.0000 0.0000 81.7615 -7.7632 17.0580 -50.3489 53.1353 -26.4531 0.0000 -0.0000 -7.4122 3.0613 -26.1433 -1.3499 7.1250 -0.0000 -0.0000 33.5717 -52.7966 -7.0822
-30.5345 17.9967 4.1461 -534.2250 -85.3303 537.8870 0.0000 0.0000 0.0000 -23.2457 -4.1934 -0.0818 0.3767 3.9417 10.9128 0.3253 -1.4883 -10.3562 0.0183 0.8746 2.4038 0.0000 0.0000 0.0000 15.5588 8.1688 -36.8002 -8.0493 -16.1554 52.7400 0.7829 -15.4514 -6.3700 -0.3283 -3.6825 10.1851 -2.5262 -2.2614 -0.4133 2.0577 -3.0195 -0.0967 3.5008 -1.5210 0.3740 -4.8836 -2.3821 -15.1730 7.0405 -3.8389 19.0070 2.7254 -1.5140 8.6631 0.0000 0.0000 0.0000 -89.9630 5.9718 27.2298 35.2586 -44.9959 -14.9959 -0.0000 -0.0000 14.3358 4.9147 26.1430 2.1698 -7.1250 0.0000 -0.0000 -26.1405 54.2285 -6.2541 0.0000 0.0000 0.0000 81.7615 -7.7632 17.0580 -50.3489 53.1353 -26.4531 0.0000 -0.0000 -7.4122 3.0613 -26.1433 -1.3499 7.1250 -0.0000 -0.0000 33.5717 -52.7966 -7.0822
-30.5345 17.9967 4.1461 -534.2250 -85.3303 537.8870 0.0000 0.0000 0.0000 -23.2457 -4.1934 -0.0818 0.3767 3.9417 10.9128 0.3253 -1.4883 -10.3562 0.0183 0.8746 2.4038 0.0000 0.0000 0.0000 15.5588 8.1688 -36.8002 -8.0493 -16.1554 52.7400 0.7829 -15.4514 -6.3700 -0.3283 -3.6825 10.1851 -2.5262 -2.2614 -0.4133 2.0577 -3.0195 -0.0967 3.5008 -1.5210 0.3740 -4.8836 -2.3821 -15.1730 7.0405 -3.8389 19.0070 2.7254 -1.5140 8.6631 0.0000 0.0000 0.0000 -89.9630 5.9718 27.2298 35.2586 -44.9959 -14.9959 -0.0000 -0.0000 14.3358 4.9147 26.1430 2.1698 -7.1250 0.0000 -0.0000 -26.1405 54.2285 -6.2541 0.0000 0.0000 0.0000 81.7615 -7.7632 17.0580 -50.3489 53.1353 -26.4531 0.0000 -0.0000 -7.4122 3.0613 -26.1433 -1.3499 7.1250 -0.0000 -0.0000 33.5717 -52.7966 -7.0822
-30.5345 17.9967 4.1461 -534.2250 -85.3303 537.8870 0.0000 0.0000 0.0000 -23.2457 -4.1934 -0.0818 0.3767 3.9417 10.9128 0.3253 -1.4883 -10.3562 0.0183 0.8746 2.4038 0.0000 0.0000 0.0000 15.5588 8.1688 -36.8002 -8.0493 -16.1554 52.7400 0.7829 -15.4514 -6.3700 -0.3283 -3.6825 10.1851 -2.5262 -2.2614 -0.4133 2.0577 -3.0195 -0.0967 3.5008 -1.5210 0.3740 -4.8836 -2.3821 -15.1730 7.0405 -3.8389 19.0070 2.7254 -1.5140 8.6631 0.0000 0.0000 0.0000 -89.9630 5.9718 27.2298 35.2586 -44.9959 -14.9959 -0.0000 -0.0000 14.3358 4.9147 26.1430 2.1698 -7.1250 0.0000 -0.0000 -26.1405 54.2285 -6.2541 0.0000 0.0000 0.0000 81.7615 -7.7632 17.0580 -50.3489 53.1353 -26.4531 0.0000 -0.0000 -7.4122 3.0613 -26.1433 -1.3499 7.1250 -0.0000 -0.0000 33.5717 -52.7966 -7.0822
-30.5345 17.9967 4.1461 -534.2250 -85.3303 537.8870 0.0000 0.0000 0.0000 -23.2457 -4.1934 -0.0818 0.3767 3.9417 10.9128 0.3253 -1.4883 -10.3562 0.0183 0.8746 2.4038 0.0000 0.0000 0.0000 15.5588 8.1688 -36.8002 -8.0493 -16.1554 52.7400 0.7829 -15.4514 -6.3700 -0.3283 -3.6825 10.1851 -2.5262 -2.2614 -0.4133 2.0577 -3.0195 -0.0967 3.5008 -1.5210 0.3740 -4.8836 -2.3821 -15.1730 7.0405 -3.8389 19.0070 2.7254 -1.5140 8.6631 0.0000 0.0000 0.0000 -89.9630 5.9718 27.2298 35.2586 -44.9959 -14.9959 -0.0000 -0.0000 14.3358 4.9147 26.1430 2.1698 -7.1250 0.0000 -0.0000 -26.1405 54.2285 -6.2541 0.0000 0.0000 0.0000 81.7615 -7.7632 17.0580 -50.3489 53.1353 -26.4531 0.0000 -0.0000 -7.4122 3.0613 -26.1433 -1.3499 7.1250 -0.0000 -0.0000 33.5717 -52.7966 -7.0822
-30.5345 17.9967 4.1461 -534.2250 -85.3303 537.8870 0.0000 0.0000 0.0000 -23.2457 -4.1934 -0.0818 0.3767 3.9417 10.9128 0.3253 -1.4883 -10.3562 0.0183 0.8746 2.4038 0.0000 0.0000 0.0000 15.5588 8.1688 -36.8002 -8.0493 -16.1554 52.7400 0.7829 -15.4514 -6.3700 -0.3283 -3.6825 10.1851 -2.5262 -2.2614 -0.4133 2.0577 -3.0195 -0.0967 3.5008 -1.5210 0.3740 -4.8836 -2.3821 -15.1730 7.0405 -3.8389 19.0070 2.7254 -1.5140 8.6631 0.0000 0.0000 0.0000 -89.9630 5.9718 27.2298 35.2586 -44.9959 -14.9959 -0.0000 -0.0000 14.3358 4.9147 26.1430 2.1698 -7.1250 0.0000 -0.0000 -26.1405 54.2285 -6.2541 0.0000 0.0000 0.0000 81.7615 -7.7632 17.0580 -50.3489 53.1353 -26.4531 0.0000 -0.0000 -7.4122 3.0613 -26.1433 -1.3499 7.1250 -0.0000 -0.0000 33.5717 -52.7966 -7.0822
-30.5345 17.9967 4.1461 -534.2250 -85.3303 537.8870 0.0000 0.0000 0.0000 -23.2457 -4.1934 -0.0818 0.3767 3.9417 10.9128 0.3253 -1.4883 -10.3562 0.0183 0.8746 2.4038 0.0000 0.0000 0.0000 15.5588 8.1688 -36.8002 -8.0493 -16.1554 52.7400 0.7829 -15.4514 -6.3700 -0.3283 -3.6825 10.1851 -2.5262 -2.2614 -0.4133 2.0577 -3.0195 -0.0967 3.5008 -1.5210 0.3740 -4.8836 -2.3821 -15.1730 7.0405 -3.8389 19.0070 2.7254 -1.5140 8.6631 0.0000 0.0000 0.0000 -89.9630 5.9718 27.2298 35.2586 -44.9959 -14.9959 -0.0000 -0.0000 14.3358 4.9147 26.1430 2.1698 -7.1250 0.0000 -0.0000 -26.1405 54.2285 -6.2541 0.0000 0.0000 0.0000 81.7615 -7.7632 17.0580 -50.3489 53.1353 -26.4531 0.0000 -0.0000 -7.4122 3.0613 -26.1433 -1.3499 7.1250 -0.0000 -0.0000 33.5717 -52.7966 -7.0822
-30.5345 17.9967 4.1461 -534.2250 -85.3303 537.8870 0.0000 0.0000 0.0000 -23.2457 -4.1934 -0.0818 0.3767 3.9417 10.9128 0.3253 -1.4883 -10.3562 0.0183 0.8746 2.4038 0.0000 0.0000 0.0000 15.5588 8.1688 -36.8002 -8.0493 -16.1554 52.7400 0.7829 -15.4514 -6.3700 -0.3283 -3.6825 10.1851 -2.5262 -2.2614 -0.4133 2.0577 -3.0195 -0.0967 3.5008 -1.5210 0.3740 -4.8836 -2.3821 -15.1730 7.0405 -3.8389 19.0070 2.7254 -1.5140 8.6631 0.0000 0.0000 0.0000 -89.9630 5.9718 27.2298 35.2586 -44.9959 -14.9959 -0.0000 -0.0000 14.3358 4.9147 26.1430 2.1698 -7.1250 0.0000 -0.0000 -26.1405 54.2285 -6.2541 0.0000 0.0000 0.0000 81.7615 -7.7632 17.0580 -50.3489 53.1353 -26.4531 0.0000 -0.0000 -7.4122 3.0613 -26.1433 -1.3499 7.1250 -0.0000 -0.0000 33.5717 -52.7966 -7.0822
-30.5345 17.9967 4.1461 -534.2250 -85.3303 537.8870 0.0000 0.0000 0.0000 -23.2457 -4.1934 -0.0818 0.3767 3.9417 10.9128 0.3253 -1.4883 -10.3562 0.0183 0.8746 2.4038 0.0000 0.0000 0.0000 15.5588 8.1688 -36.8002 -8.0493 -16.1554 52.7400 0.7829 -15.4514 -6.3700 -0.3283 -3.6825 10.1851 -2.5262 -2.2614 -0.4133 2.0577 -3.0195 -0.0967 3.5008 -1.5210 0.3740 -4.8836 -2.3821 -15.1730 7.0405 -3.8389 19.0070 2.7254 -1.5140 8.6631 0.0000 0.0000 0.0000 -89.9630 5.9718 27.2298 35.2586 -44.9959 -14.9959 -0.0000 -0.0000 14.3358 4.9147 26.1430 2.1698 -7.1250 0.0000 -0.0000 -26.1405 54.2285 -6.2541 0.0000 0.0000 0.0000 81.7615 -7.7632 17.0580 -50.3489 53.1353 -26.4531 0.0000 -0.0000 -7.4122 3.0613 -26.1433 -1.3499 7.1250 -0.0000 -0.0000 33.5717 -52.7966 -7.0822
-30.5345 17.9967 4.1461 -534.2250 -85.3303 537.8870 0.0000 0.0000 0.0000 -23.2457 -4.1934 -0.0818 0.3767 3.9417 10.9128 0.3253 -1.4883 -10.3562 0.0183 0.8746 2.4038 0.0000 0.0000 0.0000 15.5588 8.1688 -36.8002 -8.0493 -16.1554 52.7400 0.7829 -15.4514 -6.3700 -0.3283 -3.6825 10.1851 -2.5262 -2.2614 -0.4133 2.0577 -3.0195 -0.0967 3.5008 -1.5210 0.3740 -4.8836 -2.3821 -15.1730 7.0405 -3.8389 19.0070 2.7254 -1.5140 8.6631 0.0000 0.0000 0.0000 -89.9630 5.9718 27.2298 35.2586 -44.9959 -14.9959 -0.0000 -0.0000 14.3358 4.9147 26.1430 2.1698 -7.1250 0.0000 -0.0000 -26.1405 54.2285 -6.2541 0.0000 0.0000 0.0000 81.7615 -7.7632 17.0580 -50.3489 53.1353 -26.4531 0.0000 -0.0000 -7.4122 3.0613 -26.1433 -1.3499 7.1250 -0.0000 -0.0000 33.5717 -52.7966 -7.0822
-30.5345 17.9967 4.1461 -534.2250 -85.3303 537.8870 0.0000 0.0000 0.0000 -23.2457 -4.1934 -0.0818 0.3767 3.9417 10.9128 0.3253 -1.4883 -10.3562 0.0183 0.8746 2.4038 0.0000 0.0000 0.0000 15.5588 8.1688 -36.8002 -8.0493 -16.1554 52.7400 0.7829 -15.4514 -6.3700 -0.3283 -3.6825 10.1851 -2.5262 -2.2614 -0.4133 2.0577 -3.0195 -0.0967 3.5008 -1.5210 0.3740 -4.8836 -2.3821 -15.1730 7.0405 -3.8389 19.0070 2.7254 -1.5140 8.6631 0.0000 0.0000 0.0000 -89.9630 5.9718 27.2298 35.2586 -44.9959 -14.9959 -0.0000 -0.0000 14.3358 4.9147 26.1430 2.1698 -7.1250 0.0000 -0.0000 -26.1405 54.2285 -6.2541 0.0000 0.0000 0.0000 81.7615 -7.7632 17.0580 -50.3489 53.1353 -26.4531 0.0000 -0.0000 -7.4122 3.0613 -26.1433 -1.3499 7.1250 -0.0000 -0.0000 33.5717 -52.7966 -7.0822
-30.5345 17.9967 4.1461 -534.2250 -85.3303 537.8870 0.0000 0.0000 0.0000 -23.2457 -4.1934 -0.0818 0.3767 3.9417 10.9128 0.3253 -1.4883 -10.3562 0.0183 0.8746 2.4038 0.0000 0.0000 0.0000 15.5588 8.1688 -36.8002 -8.0493 -16.1554 52.7400 0.7829 -15.4514 -6.3700 -0.3283 -3.6825 10.1851 -2.5262 -2.2614 -0.4133 2.0577 -3.0195 -0.0967 3.5008 -1.5210 0.3740 -4.8836 -2.3821 -15.1730 7.0405 -3.8389 19.0070 2.7254 -1.5140 8.6631 0.0000 0.0000 0.0000 -89.9630 5.9718 27.2298 35.2586 -44.9959 -14.9959 -0.0000 -0.0000 14.3358 4.9147 26.1430 2.1698 -7.1250 0.0000 -0.0000 -26.1405 54.2285 -6.2541 0.0000 0.0000 0.0000 81.7615 -7.7632 17.0580 -50.3489 53.1353 -26.4531 0.0000 -0.0000 -7.4122 3.0613 -26.1433 -1.3499 7.1250 -0.0000 -0.0000 33.5717 -52.7966 -7.0822
-30.5345 17.9967 4.1461 -534.2250 -85.3303 537.8870 0.0000 0.0000 0.0000 -23.2457 -4.1934 -0.0818 0.3767 3.9417 10.9128 0.3253 -1.4883 -10.3562 0.0183 0.8746 2.4038 0.0000 0.0000 0.0000 15.5588 8.1688 -36.8002 -8.0493 -16.1554 52.7400 0.7829 -15.4514 -6.3700 -0.3283 -3.6825 10.1851 -2.5262 -2.2614 -0.4133 2.0577 -3.0195 -0.0967 3.5008 -1.5210 0.3740 -4.8836 -2.3821 -15.1730 7.0405 -3.8389 19.0070 2.7254 -1.5140 8.6631 0.0000 0.0000 0.0000 -89.9630 5.9718 27.2298 35.2586 -44.9959 -14.9959 -0.0000 -0.0000 14.3358 4.9147 26.1430 2.1698 -7.1250 0.0000 -0.0000 -26.1405 54.2285 -6.2541 0.0000 0.0000 0.0000 81.7615 -7.7632 17.0580 -50.3489 53.1353 -26.4531 0.0000 -0.0000 -7.4122 3.0613 -26.1433 -1.3499 7.1250 -0.0000 -0.0000 33.5717 -52.7966 -7.0822
-30.5345 17.9967 4.1461 -534.2250 -85.3303 537.8870 0.0000 0.0000 0.0000 -23.2457 -4.1934 -0.0818 0.3767 3.9417 10.9128 0.3253 -1.4883 -10.3562 0.0183 0.8746 2.4038 0.0000 0.0000 0.0000 15.5588 8.1688 -36.8002 -8.0493 -16.1554 52.7400 0.7829 -15.4514 -6.3700 -0.3283 -3.6825 10.1851 -2.5262 -2.2614 -0.4133 2.0577 -3.0195 -0.0967 3.5008 -1.5210 0.3740 -4.8836 -2.3821 -15.1730 7.0405 -3.8389 19.0070 2.7254 -1.5140 8.6631 0.0000 0.0000 0.0000 -89.9630 5.9718 27.2298 35.2586 -44.9959 -14.9959 -0.0000 -0.0000 14.3358 4.9147 26.1430 2.1698 -7.1250 0.0000 -0.0000 -26.1405 54.2285 -6.2541 0.0000 0.0000 0.0000 81.7615 -7.7632 17.0580 -50.3489 53.1353 -26.4531 0.0000 -0.0000 -7.4122 3.0613 -26.1433 -1.3499 7.1250 -0.0000 -0.0000 33.5717 -52.7966 -7.0822
-30.5345 17.9967 4.1461 -534.2250 -85.3303 537.8870 0.0000 0.0000 0.0000 -23.2457 -4.1934 -0.0818 0.3767 3.9417 10.9128 0.3253 -1.4883 -10.3562 0.0183 0.8746 2.4038 0.0000 0.0000 0.0000 15.5588 8.1688 -36.8002 -8.0493 -16.1554 52.7400 0.7829 -15.4514 -6.3700 -0.3283 -3.6825 10.1851 -2.5262 -2.2614 -0.4133 2.0577 -3.0195 -0.0967 3.5008 -1.5210 0.3740 -4.8836 -2.3821 -15.1730 7.0405 -3.8389 19.0070 2.7254 -1.5140 8.6631 0.0000 0.0000 0.0000 -89.9630 5.9718 27.2298 35.2586 -44.9959 -14.9959 -0.0000 -0.0000 14.3358 4.9147 26.1430 2.1698 -7.1250 0.0000 -0.0000 -26.1405 54.2285 -6.2541 0.0000 0.0000 0.0000 81.7615 -7.7632 17.0580 -50.3489 53.1353 -26.4531 0.0000 -0.0000 -7.4122 3.0613 -26.1433 -1.3499 7.1250 -0.0000 -0.0000 33.5717 -52.7966 -7.0822
-30.5345 17.9967 4.1461 -534.2250 -85.3303 537.8870 0.0000 0.0000 0.0000 -23.2457 -4.1934 -0.0818 0.3767 3.9417 10.9128 0.3253 -1.4883 -10.3562 0.0183 0.8746 2.4038 0.0000 0.0000 0.0000 15.5588 8.1688 -36.8002 -8.0493 -16.1554 52.7400 0.7829 -15.4514 -6.3700 -0.3283 -3.6825 10.1851 -2.5262 -2.2614 -0.4133 2.0577 -3.0195 -0.0967 3.5008 -1.5210 0.3740 -4.8836 -2.3821 -15.1730 7.0405 -3.8389 19.0070 2.7254 -1.5140 8.6631 0.0000 0.0000 0.0000 -89.9630 5.9718 27.2298 35.2586 -44.9959 -14.9959 -0.0000 -0.0000 14.3358 4.9147 26.1430 2.1698 -7.1250 0.0000 -0.0000 -26.1405 54.2285 -6.2541 0.0000 0.0000 0.0000 81.7615 -7.7632 17.0580 -50.3489 53.1353 -26.4531 0.0000 -0.0000 -7.4122 3.0613 -26.1433 -1.3499 7.1250 -0.0000 -0.0000 33.5717 -52.7966 -7.0822
-30.5345 17.9967 4.1461 -534.2250 -85.3303 537.8870 0.0000 0.0000 0.0000 -23.2457 -4.1934 -0.0818 0.3767 3.9417 10.9128 0.3253 -1.4883 -10.3562 0.0183 0.8746 2.4038 0.0000 0.0000 0.0000 15.5588 8.1688 -36.8002 -8.0493 -16.1554 52.7400 0.7829 -15.4514 -6.3700 -0.3283 -3.6825 10.1851 -2.5262 -2.2614 -0.4133 2.0577 -3.0195 -0.0967 3.5008 -1.5210 0.3740 -4.8836 -2.3821 -15.1730 7.0405 -3.8389 19.0070 2.7254 -1.5140 8.6631 0.0000 0.0000 0.0000 -89.9630 5.9718 27.2298 35.2586 -44.9959 -14.9959 -0.0000 -0.0000 14.3358 4.9147 26.1430 2.1698 -7.1250 0.0000 -0.0000 -26.1405 54.2285 -6.2541 0.0000 0.0000 0.0000 81.7615 -7.7632 17.0580 -50.3489 53.1353 -26.4531 0.0000 -0.0000 -7.4122 3.0613 -26.1433 -1.3499 7.1250 -0.0000 -0.0000 33.5717 -52.7966 -7.0822
-30.5345 17.9967 4.1461 -534.2250 -85.3303 537.8870 0.0000 0.0000 0.0000 -23.2457 -4.1934 -0.0818 0.3767 3.9417 10.9128 0.3253 -1.4883 -10.3562 0.0183 0.8746 2.4038 0.0000 0.0000 0.0000 15.5588 8.1688 -36.8002 -8.0493 -16.1554 52.7400 0.7829 -15.4514 -6.3700 -0.3283 -3.6825 10.1851 -2.5262 -2.2614 -0.4133 2.0577 -3.0195 -0.0967 3.5008 -1.5210 0.3740 -4.8836 -2.3821 -15.1730 7.0405 -3.8389 19.0070 2.7254 -1.5140 8.6631 0.0000 0.0000 0.0000 -89.9630 5.9718 27.2298 35.2586 -44.9959 -14.9959 -0.0000 -0.0000 14.3358 4.9147 26.1430 2.1698 -7.1250 0.0000 -0.0000 -26.1405 54.2285 -6.2541 0.0000 0.0000 0.0000 81.7615 -7.7632 17.0580 -50.3489 53.1353 -26.4531 0.0000 -0.0000 -7.4122 3.0613 -26.1433 -1.3499 7.1250 -0.0000 -0.0000 33.5717 -52.7966 -7.0822
-30.5345 17.9967 4.1461 -534.2250 -85.3303 537.8870 0.0000 0.0000 0.0000 -23.2457 -4.1934 -0.0818 0.3767 3.9417 10.9128 0.3253 -1.4883 -10.3562 0.0183 0.8746 2.4038 0.0000 0.0000 0.0000 15.5588 8.1688 -36.8002 -8.0493 -16.1554 52.7400 0.7829 -15.4514 -6.3700 -0.3283 -3.6825 10.1851 -2.5262 -2.2614 -0.4133 2.0577 -3.0195 -0.0967 3.5008 -1.5210 0.3740 -4.8836 -2.3821 -15.1730 7.0405 -3.8389 19.0070 2.7254 -1.5140 8.6631 0.0000 0.0000 0.0000 -89.9630 5.9718 27.2298 35.2586 -44.9959 -14.9959 -0.0000 -0.0000 14.3358 4.9147 26.1430 2.1698 -7.1250 0.0000 -0.0000 -26.1405 54.2285 -6.2541 0.0000 0.0000 0.0000 81.7615 -7.7632 17.0580 -50.3489 53.1353 -26.4531 0.0000 -0.0000 -7.4122 3.0613 -26.1433 -1.3499 7.1250 -0.0000 -0.0000 33.5717 -52.7966 -7.0822
-30.5345 17.9967 4.1461 -534.2250 -85.3303 537.8870 0.0000 0.0000 0.0000 -23.2457 -4.1934 -0.0818 0.3767 3.9417 10.9128 0.3253 -1.4883 -10.3562 0.0183 0.8746 2.4038 0.0000 0.0000 0.0000 15.5588 8.1688 -36.8002 -8.0493 -16.1554 52.7400 0.7829 -15.4514 -6.3700 -0.3283 -3.6825 10.1851 -2.5262 -2.2614 -0.4133 2.0577 -3.0195 -0.0967 3.5008 -1.5210 0.3740 -4.8836 -2.3821 -15.1730 7.0405 -3.8389 19.0070 2.7254 -1.5140 8.6631 0.0000 0.0000 0.0000 -89.9630 5.9718 27.2298 35.2586 -44.9959 -14.9959 -0.0000 -0.0000 14.3358 4.9147 26.1430 2.1698 -7.1250 0.0000 -0.0000 -26.1405 54.2285 -6.2541 0.0000 0.0000 0.0000 81.7615 -7.7632 17.0580 -50.3489 53.1353 -26.4531 0.0000 -0.0000 -7.4122 3.0613 -26.1433 -1.3499 7.1250 -0.0000 -0.0000 33.5717 -52.7966 -7.0822
-30.5345 17.9967 4.1461 -534.2250 -85.3303 537.8870 0.0000 0.0000 0.0000 -23.2457 -4.1934 -0.0818 0.3767 3.9417 10.9128 0.3253 -1.4883 -10.3562 0.0183 0.8746 2.4038 0.0000 0.0000 0.0000 15.5588 8.1688 -36.8002 -8.0493 -16.1554 52.7400 0.7829 -15.4514 -6.3700 -0.3283 -3.6825 10.1851 -2.5262 -2.2614 -0.4133 2.0577 -3.0195 -0.0967 3.5008 -1.5210 0.3740 -4.8836 -2.3821 -15.1730 7.0405 -3.8389 19.0070 2.7254 -1.5140 8.6631 0.0000 0.0000 0.0000 -89.9630 5.9718 27.2298 35.2586 -44.9959 -14.9959 -0.0000 -0.0000 14.3358 4.9147 26.1430 2.1698 -7.1250 0.0000 -0.0000 -26.1405 54.2285 -6.2541 0.0000 0.0000 0.0000 81.7615 -7.7632 17.0580 -50.3489 53.1353 -26.4531 0.0000 -0.0000 -7.4122 3.0613 -26.1433 -1.3499 7.1250 -0.0000 -0.0000 33.5717 -52.7966 -7.0822
-30.5345 17.9967 4.1461 -534.2250 -85.3303 537.8870 0.0000 0.0000 0.0000 -23.2457 -4.1934 -0.0818 0.3767 3.9417 10.9128 0.3253 -1.4883 -10.3562 0.0183 0.8746 2.4038 0.0000 0.0000 0.0000 15.5588 8.1688 -36.8002 -8.0493 -16.1554 52.7400 0.7829 -15.4514 -6.3700 -0.3283 -3.6825 10.1851 -2.5262 -2.2614 -0.4133 2.0577 -3.0195 -0.0967 3.5008 -1.5210 0.3740 -4.8836 -2.3821 -15.1730 7.0405 -3.8389 19.0070 2.7254 -1.5140 8.6631 0.0000 0.0000 0.0000 -89.9630 5.9718 27.2298 35.2586 -44.9959 -14.9959 -0.0000 -0.0000 14.3358 4.9147 26.1430 2.1698 -7.1250 0.0000 -0.0000 -26.1405 54.2285 -6.2541 0.0000 0.0000 0.0000 81.7615 -7.7632 17.0580 -50.3489 53.1353 -26.4531 0.0000 -0.0000 -7.4122 3.0613 -26.1433 -1.3499 7.1250 -0.0000 -0.0000 33.5717 -52.7966 -7.0822
-30.5345 17.9967 4.1461 -534.2250 -85.3303 537.8870 0.0000 0.0000 0.0000 -23.2457 -4.1934 -0.0818 0.3767 3.9417 10.9128 0.3253 -1.4883 -10.3562 0.0183 0.8746 2.4038 0.0000 0.0000 0.0000 15.5588 8.1688 -36.8002 -8.0493 -16.1554 52.7400 0.7829 -15.4514 -6.3700 -0.3283 -3.6825 10.1851 -2.5262 -2.2614 -0.4133 2.0577 -3.0195 -0.0967 3.5008 -1.5210 0.3740 -4.8836 -2.3821 -15.1730 7.0405 -3.8389 19.0070 2.7254 -1.5140 8.6631 0.0000 0.0000 0.0000 -89.9630 5.9718 27.2298 35.2586 -44.9959 -14.9959 -0.0000 -0.0000 14.3358 4.9147 26.1430 2.1698 -7.1250 0.0000 -0.0000 -26.1405 54.2285 -6.2541 0.0000 0.0000 0.0000 81.7615 -7.7632 17.0580 -50.3489 53.1353 -26.4531 0.0000 -0.0000 -7.4122 3.0613 -26.1433 -1.3499 7.1250 -0.0000 -0.0000 33.5717 -52.7966 -7.0822
-30.5345 17.9967 4.1461 -534.2250 -85.3303 537.8870 0.0000 0.0000 0.0000 -23.2457 -4.1934 -0.0818 0.3767 3.9417 10.9128 0.3253 -1.4883 -10.3562 0.0183 0.8746 2.4038 0.0000 0.0000 0.0000 15.5588 8.1688 -36.8002 -8.0493 -16.1554 52.7400 0.7829 -15.4514 -6.3700 -0.3283 -3.6825 10.1851 -2.5262 -2.2614 -0.4133 2.0577 -3.0195 -0.0967 3.5008 -1.5210 0.3740 -4.8836 -2.3821 -15.1730 7.0405 -3.8389 19.0070 2.7254 -1.5140 8.6631 0.0000 0.0000 0.0000 -89.9630 5.9718 27.2298 35.2586 -44.9959 -14.9959 -0.0000 -0.0000 14.3358 4.9147 26.1430 2.1698 -7.1250 0.0000 -0.0000 -26.1405 54.2285 -6.2541 0.0000 0.0000 0.0000 81.7615 -7.7632 17.0580 -50.3489 53.1353 -26.4531 0.0000 -0.0000 -7.4122 3.0613 -26.1433 -1.3499 7.1250 -0.0000 -0.0000 33.5717 -52.7966 -7.0822
