HIERARCHY
ROOT Hips
{
	OFFSET 0.00000 0.00000 0.00000
	CHANNELS 6 Xposition Yposition Zposition Zrotation Yrotation Xrotation 
	JOINT LHipJoint
	{
		OFFSET 0 0 0
		CHANNELS 3 Zrotation Yrotation Xrotation
		JOINT LeftUpLeg
		{
			OFFSET 1.36337 -1.57426 1.11036
			CHANNELS 3 Zrotation Yrotation Xrotation
			JOINT LeftLeg
			{
				OFFSET 2.38468 -6.55187 0.00000
				CHANNELS 3 Zrotation Yrotation Xrotation
				JOINT LeftFoot
				{
					OFFSET 2.37166 -6.51609 0.00000
					CHANNELS 3 Zrotation Yrotation Xrotation
					JOINT LeftToeBase
					{
						OFFSET 0.29078 -0.79891 2.01393
						CHANNELS 3 Zrotation Yrotation Xrotation
						End Site
						{
							OFFSET 0.00000 -0.00000 1.07924
						}
					}
				}
			}
		}
	}
	JOINT RHipJoint
	{
		OFFSET 0 0 0
		CHANNELS 3 Zrotation Yrotation Xrotation
		JOINT RightUpLeg
		{
			OFFSET -1.36349 -1.57426 1.11036
			CHANNELS 3 Zrotation Yrotation Xrotation
			JOINT RightLeg
			{
				OFFSET -2.29562 -6.30717 0.00000
				CHANNELS 3 Zrotation Yrotation Xrotation
				JOINT RightFoot
				{
					OFFSET -2.40985 -6.62100 0.00000
					CHANNELS 3 Zrotation Yrotation Xrotation
					JOINT RightToeBase
					{
						OFFSET -0.23197 -0.63733 1.92232
						CHANNELS 3 Zrotation Yrotation Xrotation
						End Site
						{
							OFFSET -0.00000 -0.00000 1.01562
						}
					}
				}
			}
		}
	}
	JOINT LowerBack
	{
		OFFSET 0 0 0
		CHANNELS 3 Zrotation Yrotation Xrotation
		JOINT Spine
		{
			OFFSET -0.08565 2.03602 -0.24562
			CHANNELS 3 Zrotation Yrotation Xrotation
			JOINT Spine1
			{
				OFFSET -0.00036 2.05693 0.00216
				CHANNELS 3 Zrotation Yrotation Xrotation
				JOINT Neck
				{
					OFFSET 0 0 0
					CHANNELS 3 Zrotation Yrotation Xrotation
					JOINT Neck1
					{
						OFFSET -0.03664 1.69515 0.31789
						CHANNELS 3 Zrotation Yrotation Xrotation
						JOINT Head
						{
							OFFSET 0.00932 1.70181 -0.46013
							CHANNELS 3 Zrotation Yrotation Xrotation
							End Site
							{
								OFFSET 0.01243 1.77620 -0.19377
							}
						}
					}
				}
				JOINT LeftShoulder
				{
					OFFSET 0 0 0
					CHANNELS 3 Zrotation Yrotation Xrotation
					JOINT LeftArm
					{
						OFFSET 3.74344 0.81315 -0.36647
						CHANNELS 3 Zrotation Yrotation Xrotation
						JOINT LeftForeArm
						{
							OFFSET 4.97185 -0.00000 -0.00000
							CHANNELS 3 Zrotation Yrotation Xrotation
							JOINT LeftHand
							{
								OFFSET 3.35811 -0.00000 0.00000
								CHANNELS 3 Zrotation Yrotation Xrotation
								JOINT LeftFingerBase
								{
									OFFSET 0 0 0
									CHANNELS 3 Zrotation Yrotation Xrotation
									JOINT LeftHandIndex1
									{
										OFFSET 0.62278 -0.00000 0.00000
										CHANNELS 3 Zrotation Yrotation Xrotation
										End Site
										{
											OFFSET 0.50210 -0.00000 0.00000
										}
									}
								}
								JOINT LThumb
								{
									OFFSET 0 0 0
									CHANNELS 3 Zrotation Yrotation Xrotation
									End Site
									{
										OFFSET 0.50976 -0.00000 0.50976
									}
								}
							}
						}
					}
				}
				JOINT RightShoulder
				{
					OFFSET 0 0 0
					CHANNELS 3 Zrotation Yrotation Xrotation
					JOINT RightArm
					{
						OFFSET -3.75385 0.50666 -0.06525
						CHANNELS 3 Zrotation Yrotation Xrotation
						JOINT RightForeArm
						{
							OFFSET -4.96493 -0.00000 -0.00000
							CHANNELS 3 Zrotation Yrotation Xrotation
							JOINT RightHand
							{
								OFFSET -3.34929 -0.00000 0.00000
								CHANNELS 3 Zrotation Yrotation Xrotation
								JOINT RightFingerBase
								{
									OFFSET 0 0 0
									CHANNELS 3 Zrotation Yrotation Xrotation
									JOINT RightHandIndex1
									{
										OFFSET -0.63804 -0.00000 0.00000
										CHANNELS 3 Zrotation Yrotation Xrotation
										End Site
										{
											OFFSET -0.51441 -0.00000 0.00000
										}
									}
								}
								JOINT RThumb
								{
									OFFSET 0 0 0
									CHANNELS 3 Zrotation Yrotation Xrotation
									End Site
									{
										OFFSET -0.52226 -0.00000 0.52226
									}
								}
							}
						}
					}
				}
			}
		}
	}
}
MOTION
Frames: 176
Frame Time: 0.0166667
-8.4463 1.6460 1.0857 0.0000 0.0000 0.0000 0.0000 0.0000 0.0000 -21.0000 0.0000 0.0000 0.0000 0.0000 0.0000 0.0000 0.0000 0.0000 0.0000 0.0000 0.0000 0.0000 0.0000 0.0000 21.0000 0.0000 0.0000 0.0000 0.0000 0.0000 0.0000 0.0000 0.0000 0.0000 0.0000 0.0000 0.0000 0.0000 0.0000 0.0000 0.0000 0.0000 0.0000 0.0000 0.0000 0.0000 0.0000 -16.0000 0.0000 0.0000 21.0000 0.0000 0.0000 11.0000 0.0000 0.0000 0.0000 -8.0000 0.0000 0.0000 0.0000 0.0000 0.0000 0.0000 0.0000 0.0000 0.0000 0.0000 0.0000 0.0000 0.0000 0.0000 0.0000 0.0000 0.0000 0.0000 0.0000 0.0000 8.0000 0.0000 0.0000 0.0000 0.0000 0.0000 0.0000 0.0000 0.0000 0.0000 0.0000 0.0000 0.0000 0.0000 0.0000 0.0000 0.0000 0.0000
-8.3524 1.7202 0.9893 29.8167 86.0360 135.2790 0.0000 0.0000 0.0000 -18.3692 0.4522 -27.2188 3.9618 12.1094 36.1201 1.7754 3.6023 -26.6761 0.4053 -4.0873 -11.3224 0.0000 0.0000 0.0000 16.6692 -4.3465 -21.2003 -1.7033 -8.2187 23.3803 -0.8444 -4.0524 -19.2841 -0.1779 2.7167 -7.4911 5.1430 -0.9029 -18.5111 0.0986 -1.8195 -7.1324 -3.1691 -0.8473 2.5136 -3.4869 4.4136 -25.7576 -7.1905 7.9492 0.0210 -0.8908 3.6461 4.1319 -0.0000 0.0000 0.0000 -64.6193 30.0538 0.0782 146.5946 -43.6393 -106.2989 -0.0000 0.0000 -7.7501 60.4822 -30.5665 -41.9298 -7.1250 0.0000 -0.0000 15.6381 -18.6358 -20.4304 -0.0000 0.0000 0.0000 73.8620 -36.3232 5.8054 -149.8313 41.0376 -108.4798 0.0000 -0.0000 -0.8152 -49.3497 -13.2894 14.9876 7.1250 -0.0000 -0.0000 -21.7658 -48.6322 2.0392
-8.3715 1.7213 0.9967 40.5662 86.8558 145.6220 0.0000 0.0000 0.0000 -17.1938 0.7942 -27.0447 4.0185 12.1849 36.3894 1.8120 3.5667 -26.9143 0.4098 -4.1093 -11.3843 0.0000 0.0000 0.0000 17.8275 -4.2243 -20.4606 -1.6395 -8.0710 22.9298 -0.8474 -3.9159 -19.2335 -0.1560 2.5450 -7.0143 6.1225 -0.7799 -18.2490 0.4119 -1.8451 -6.9144 -3.3919 -0.8716 2.5777 -3.6639 3.9123 -25.8666 -6.5884 7.2793 -0.5545 -0.7541 3.3899 3.9144 0.0000 -0.0000 0.0000 -67.1667 30.8160 1.1562 145.2391 -44.6407 -105.3549 -0.0000 0.0000 -5.8073 63.5484 -31.7468 -46.6025 -7.1250 0.0000 -0.0000 16.7901 -22.4074 -22.6496 0.0000 -0.0000 0.0000 76.0484 -37.9488 7.1794 -148.5192 42.1293 -107.6089 0.0000 0.0000 1.4485 -49.7140 -11.3692 13.0922 7.1250 -0.0000 -0.0000 -21.4831 -46.0726 0.5961
-8.3783 1.7252 0.9962 39.9311 86.7003 144.6380 0.0000 0.0000 0.0000 -17.3565 0.9531 -26.7963 4.0509 12.2278 36.5426 1.8446 3.0371 -26.8959 0.2961 -3.4987 -9.6705 0.0000 0.0000 0.0000 17.7194 -4.5824 -20.0079 -1.5922 -7.9594 22.5907 -0.7856 -4.4243 -18.9190 -0.1438 2.4436 -6.7334 5.7483 -0.9500 -18.0179 0.6420 -2.0513 -6.4044 -2.9797 -0.9595 3.0113 -3.8613 3.6707 -27.4755 -6.7398 7.1954 -0.1517 -0.7527 3.2990 4.2601 -0.0000 -0.0000 0.0000 -69.7474 30.2481 1.1513 143.9782 -45.5281 -104.4620 -0.0000 0.0000 -5.3569 67.6596 -33.7676 -53.5223 -7.1250 0.0000 -0.0000 18.1322 -28.1475 -25.3621 -0.0000 -0.0000 0.0000 76.7953 -38.0428 8.7375 -147.3436 43.0643 -106.8131 0.0000 0.0000 2.3606 -50.6283 -11.6238 13.7954 7.1250 -0.0000 -0.0000 -22.5192 -46.6246 0.9501
-8.3874 1.7324 0.9948 43.4272 86.6276 147.8210 0.0000 0.0000 0.0000 -17.2432 0.9256 -26.4462 4.0443 12.2191 36.5114 1.8709 2.8377 -26.9885 0.3227 -3.6512 -10.0974 0.0000 0.0000 0.0000 17.8147 -4.6391 -19.7154 -1.6104 -8.0025 22.7218 -0.8413 -4.1861 -19.3332 -0.0773 1.7931 -4.9343 5.8217 -0.9853 -17.5695 0.7021 -2.1077 -6.1862 -2.9592 -0.9920 3.0042 -4.4754 3.4211 -27.9610 -6.5416 7.1100 0.1898 -0.5963 3.2424 4.4037 -0.0000 -0.0000 0.0000 -70.9951 30.1266 1.0394 143.2640 -46.0127 -103.9502 -0.0000 0.0000 -6.2223 68.1001 -33.7623 -54.1203 -7.1250 0.0000 -0.0000 18.3674 -28.5434 -25.7570 -0.0000 -0.0000 0.0000 77.0172 -38.5163 11.1976 -146.3062 43.8566 -106.0995 0.0000 0.0000 1.2699 -51.1795 -11.2191 13.5937 7.1250 -0.0000 -0.0000 -22.9357 -46.1765 0.7027
-8.3755 1.7292 0.9955 37.2070 86.5124 141.9710 0.0000 0.0000 0.0000 -17.6146 0.9122 -26.7242 4.0119 12.1763 36.3584 1.9550 2.4678 -27.4007 0.3574 -3.8406 -10.6286 0.0000 0.0000 0.0000 17.4777 -4.1252 -20.1967 -1.6646 -8.1295 23.1082 -0.8877 -3.9572 -19.6531 -0.1013 2.0524 -5.6505 5.4649 -0.9578 -17.8403 0.4920 -1.9971 -6.3861 -2.9634 -0.9337 2.9497 -2.9498 3.9549 -25.8151 -8.6423 7.2554 -1.4241 -1.5164 3.3158 3.7635 -0.0000 0.0000 0.0000 -71.9863 31.0684 0.8766 142.7781 -46.3351 -103.5996 -0.0000 0.0000 -6.8309 71.3331 -34.1511 -58.9605 -7.1250 0.0000 -0.0000 19.9500 -32.0058 -28.4833 -0.0000 0.0000 0.0000 77.1324 -38.5714 13.8714 -145.3052 44.5930 -105.4013 0.0000 0.0000 1.6790 -52.3199 -13.2503 16.5293 7.1250 -0.0000 -0.0000 -25.0318 -49.3141 2.8229
-8.3529 1.7233 0.9951 30.6200 86.5496 136.1430 0.0000 0.0000 0.0000 -17.7690 0.5508 -27.3332 4.0202 12.1872 36.3976 2.0615 1.9871 -27.9128 0.3233 -3.6549 -10.1077 0.0000 0.0000 0.0000 17.3848 -4.0161 -21.2370 -1.6846 -8.1758 23.2492 -0.9391 -2.7564 -19.4977 -0.1846 2.7670 -7.6308 5.2972 -0.7879 -18.4195 0.2414 -1.7334 -6.6468 -3.0941 -0.7937 2.9936 -3.2380 3.9584 -26.0053 -8.2213 7.3762 -0.2727 -1.3123 3.3151 4.1267 -0.0000 -0.0000 0.0000 -73.2439 32.3195 1.0196 141.6965 -47.0321 -102.8126 -0.0000 0.0000 -5.8311 73.1606 -34.9661 -62.1600 -7.1250 0.0000 -0.0000 20.6000 -34.5865 -29.6602 -0.0000 -0.0000 0.0000 77.1111 -38.9118 15.0221 -144.7962 44.9571 -105.0428 0.0000 0.0000 1.2977 -54.1441 -14.6439 19.2804 7.1250 -0.0000 -0.0000 -27.8971 -51.7797 4.9804
-8.3361 1.7216 0.9999 41.1589 87.8524 147.3080 0.0000 0.0000 0.0000 -16.1785 0.9748 -28.2597 4.1039 12.2974 36.7922 2.2281 0.9396 -28.5982 0.3710 -3.9121 -10.8296 0.0000 0.0000 0.0000 18.9900 -3.5268 -21.6265 -1.6502 -8.0960 23.0061 -1.1295 2.3913 -19.4354 -0.3131 3.5973 -9.9463 6.4553 -0.3573 -18.8574 0.4837 -1.3898 -6.7188 -3.4311 -0.6196 3.1389 -2.8160 4.4009 -26.1215 -8.9088 7.9285 0.2064 -1.5223 3.5101 4.3647 -0.0000 -0.0000 0.0000 -74.9400 33.5437 1.2545 140.4304 -47.8128 -101.8803 -0.0000 0.0000 -4.3500 76.6286 -35.6816 -67.8275 -7.1250 0.0000 -0.0000 22.2840 -38.7900 -32.4208 -0.0000 -0.0000 0.0000 76.2443 -40.1189 15.7084 -145.1144 44.7302 -105.2673 0.0000 0.0000 0.9897 -54.6033 -15.2885 20.3588 7.1250 -0.0000 -0.0000 -28.8523 -52.8199 5.9492
-8.3113 1.7262 1.0066 21.5382 87.3991 128.1000 0.0000 0.0000 0.0000 -16.9543 0.9062 -28.7143 4.1494 12.3566 37.0055 2.1694 1.0553 -28.2629 0.5390 -4.7041 -13.0665 0.0000 0.0000 0.0000 18.1136 -3.2659 -21.8255 -1.6324 -8.0544 22.8793 -1.1326 5.2933 -19.0534 -0.3393 3.7431 -10.3550 5.3688 -0.3944 -19.1335 0.2983 -1.2629 -6.5039 -2.9954 -0.5336 3.5588 -2.8224 4.9763 -27.3714 -9.8513 8.9501 1.0951 -1.6664 3.8663 4.9148 0.0000 -0.0000 0.0000 -76.6275 34.0207 1.9891 138.8947 -48.7113 -100.7343 -0.0000 0.0000 -3.2702 79.1375 -35.8790 -71.8707 -7.1250 0.0000 -0.0000 23.7631 -41.6497 -34.7157 0.0000 -0.0000 0.0000 74.4815 -41.1393 17.4811 -145.2005 44.6684 -105.3278 0.0000 0.0000 0.5550 -55.5597 -16.0039 21.9025 7.1250 -0.0000 -0.0000 -30.5693 -54.1188 7.3785
-8.3099 1.7321 1.0141 13.5106 86.7091 120.5520 0.0000 0.0000 0.0000 -17.6384 0.5891 -28.9873 4.1202 12.3186 36.8687 2.2125 -0.1347 -28.1384 0.7066 -5.3725 -14.9742 0.0000 0.0000 0.0000 17.2139 -2.6766 -22.2336 -1.6612 -8.1216 23.0839 -1.0840 8.7215 -18.6861 -0.3093 3.5755 -9.8853 4.3235 -0.5101 -19.7192 0.2393 -1.2522 -6.3439 -2.4764 -0.5064 4.0672 -2.9427 6.0902 -28.4650 -11.0619 10.8109 2.5787 -1.7491 4.5461 5.7029 -0.0000 -0.0000 0.0000 -76.6618 34.2766 4.5757 136.6133 -49.9532 -99.0037 -0.0000 0.0000 -3.2247 79.7001 -36.2412 -72.9126 -7.1250 0.0000 -0.0000 23.9239 -42.5228 -34.9428 -0.0000 -0.0000 0.0000 73.2466 -41.5182 18.7998 -145.3308 44.5745 -105.4193 0.0000 0.0000 0.1844 -55.7859 -16.3886 22.5361 7.1250 -0.0000 -0.0000 -31.1439 -54.7250 8.0207
-8.2786 1.7292 1.0180 12.5698 86.8430 119.8280 0.0000 0.0000 0.0000 -17.3610 0.5751 -29.0442 4.0873 12.2757 36.7144 2.2713 -0.6353 -28.3604 0.7867 -5.6622 -15.8074 0.0000 0.0000 0.0000 17.3401 -2.0047 -22.3029 -1.6742 -8.1516 23.1755 -1.0810 10.6188 -18.9092 -0.4468 4.2887 -11.8902 4.4894 -0.2604 -19.8728 0.1356 -0.9427 -6.3905 -2.6134 -0.3479 4.1121 -2.5368 7.9543 -28.3347 -13.0021 13.5648 4.3378 -1.9969 5.5787 6.5864 -0.0000 -0.0000 0.0000 -74.1627 33.5327 8.4498 134.4493 -51.0354 -97.3339 -0.0000 0.0000 -4.3266 82.6999 -36.7847 -77.9245 -7.1250 0.0000 -0.0000 25.6572 -46.1897 -37.4301 -0.0000 -0.0000 0.0000 72.5899 -41.8396 20.2986 -144.8142 44.9444 -105.0555 0.0000 -0.0000 -0.2884 -57.3461 -17.3161 24.9124 7.1250 -0.0000 -0.0000 -34.1138 -56.5317 10.4903
-8.2727 1.7255 1.0240 3.2098 86.4421 110.5950 0.0000 0.0000 0.0000 -17.8267 0.9162 -29.1431 4.0867 12.2749 36.7116 2.3335 -1.2614 -28.5734 0.9545 -6.2214 -17.4281 0.0000 0.0000 0.0000 16.8204 -1.8395 -22.4754 -1.6667 -8.1342 23.1225 -1.0106 11.4399 -18.4977 -0.5311 4.6699 -12.9694 3.9857 0.0169 -20.0641 -0.2732 -0.4624 -6.2099 -2.6576 -0.0982 4.4457 -1.7834 10.0652 -27.8805 -15.0856 16.5447 5.4253 -2.2735 6.7603 7.3309 -0.0000 -0.0000 0.0000 -70.6244 32.3474 11.8021 133.3146 -51.5679 -96.4483 -0.0000 0.0000 -5.7879 87.5901 -36.1590 -85.9201 -7.1250 0.0000 -0.0000 30.0599 -51.4379 -43.5372 -0.0000 -0.0000 0.0000 71.6406 -41.5292 21.7590 -143.9853 45.5232 -104.4671 0.0000 -0.0000 -1.0694 -60.6348 -20.4239 31.8067 7.1250 -0.0000 -0.0000 -43.0730 -61.8059 19.5566
-8.2628 1.7227 1.0272 8.6136 86.8032 116.1410 0.0000 0.0000 0.0000 -17.2236 0.9561 -29.4253 4.1092 12.3044 36.8174 2.2520 -1.4050 -28.0194 1.0963 -6.6535 -18.6927 0.0000 0.0000 0.0000 17.3180 -1.9525 -22.8728 -1.6983 -8.2072 23.3453 -0.9205 11.5174 -17.7775 -0.4503 4.3054 -11.9374 4.4638 0.2239 -20.4847 -0.4071 -0.3170 -5.7973 -3.0462 -0.0108 5.1123 -1.5409 11.8549 -27.7403 -16.5979 19.2161 6.1298 -2.3006 7.8425 7.9412 0.0000 0.0000 0.0000 -67.5564 31.3930 14.3987 133.6281 -51.4231 -96.6936 -0.0000 0.0000 -8.0084 87.9387 -36.9922 -86.5769 -7.1250 0.0000 -0.0000 29.6931 -52.2018 -42.8357 0.0000 0.0000 0.0000 70.0385 -41.1643 23.3619 -143.3303 45.9683 -103.9979 0.0000 -0.0000 -2.3753 -63.5145 -21.2993 36.0924 7.1250 -0.0000 -0.0000 -50.6889 -63.8636 26.3768
-8.2875 1.7334 1.0413 4.5782 85.7135 111.7730 0.0000 0.0000 0.0000 -18.2634 0.9790 -29.0269 4.0785 12.2641 36.6729 2.2044 -1.6792 -27.6411 1.1177 -6.7161 -18.8771 0.0000 0.0000 0.0000 15.9924 -2.2064 -23.0022 -1.7884 -8.4107 23.9685 -0.9290 10.0144 -17.5432 -0.4022 4.0717 -11.2785 3.1710 0.1842 -20.4388 -0.9048 -0.0916 -5.3397 -2.7908 0.1022 5.6123 -1.5628 13.2260 -27.5733 -17.4031 21.4296 7.5220 -2.1099 8.6634 8.6716 0.0000 0.0000 0.0000 -63.7833 29.9612 17.4986 133.1669 -51.6356 -96.3325 -0.0000 0.0000 -10.1867 89.2560 -36.9938 -88.7637 -7.1250 0.0000 -0.0000 30.8974 -53.6953 -44.3571 0.0000 0.0000 0.0000 68.8509 -41.0447 24.5103 -143.0832 46.1333 -103.8200 0.0000 -0.0000 -3.6850 -65.4535 -22.1194 39.5043 7.1250 -0.0000 -0.0000 -57.1693 -65.3618 32.6690
-8.3147 1.7469 1.0526 7.2534 85.4033 114.1290 0.0000 0.0000 0.0000 -18.3673 0.9703 -28.7909 4.0814 12.2679 36.6864 2.1775 -2.1189 -27.3561 0.9954 -6.3494 -17.8017 0.0000 0.0000 0.0000 15.4221 -1.8487 -22.6084 -1.8214 -8.4838 24.1933 -0.9183 10.1293 -17.4709 -0.3071 3.5628 -9.8497 2.8395 0.2276 -20.5285 -1.3104 0.0439 -4.9132 -3.0085 0.1744 6.1321 -0.7419 14.2360 -25.9368 -19.5636 22.6200 6.3418 -2.7328 9.2870 8.5222 -0.0000 -0.0000 0.0000 -60.0310 27.7868 20.1266 132.0964 -52.1142 -95.4904 -0.0000 0.0000 -12.1073 90.6824 36.7142 91.1413 -7.1250 0.0000 -0.0000 32.5555 -55.2109 -46.4895 -0.0000 -0.0000 0.0000 67.6964 -40.7502 25.7438 -142.7277 46.3682 -103.5632 0.0000 -0.0000 -4.6102 -69.0690 -23.0602 45.6819 7.1250 -0.0000 -0.0000 -70.3224 -66.9432 45.3868
-8.3303 1.7575 1.0743 17.4588 86.0143 123.9290 0.0000 0.0000 0.0000 -17.3489 1.2151 -28.7987 4.1733 12.3875 37.1170 2.1282 -2.3737 -26.9739 1.1123 -6.7002 -18.8302 0.0000 0.0000 0.0000 16.2421 -1.7755 -21.9334 -1.7824 -8.3973 23.9276 -0.9420 9.0134 -17.5034 -0.2785 3.3946 -9.3792 3.7362 0.3936 -20.8535 -1.5578 0.0628 -4.4783 -3.7935 0.2099 6.7730 -0.5610 15.0817 -25.7153 -19.9194 23.9416 7.3145 -2.5884 9.7700 9.0225 0.0000 0.0000 0.0000 -56.9691 25.7886 21.7442 131.0679 -52.5556 -94.6762 -0.0000 0.0000 -13.7070 91.4380 36.4994 92.4166 -7.1250 0.0000 -0.0000 33.5555 -55.9979 -47.7722 0.0000 0.0000 0.0000 67.2031 -39.3931 27.0019 -141.7868 46.9750 -102.8787 0.0000 -0.0000 -5.3264 -70.8711 -24.7908 50.4029 7.1250 -0.0000 -0.0000 -81.1308 -68.2011 57.2302
-8.3598 1.7767 1.1105 20.7113 86.0288 127.0190 0.0000 0.0000 0.0000 -17.1096 1.1129 -28.9978 4.2994 12.5485 37.7011 2.1460 -2.0908 -27.1583 1.1989 -6.9474 -19.5595 0.0000 0.0000 0.0000 16.3565 -1.6423 -21.6274 -1.7577 -8.3421 23.7580 -0.9297 10.4930 -17.6368 -0.3252 3.6653 -10.1368 3.6736 0.3832 -21.4706 -1.7795 0.0589 -4.2648 -4.0100 0.2254 7.3316 -0.6358 15.6374 -25.2600 -20.2450 24.8697 7.9254 -2.4985 10.1188 9.2964 -0.0000 -0.0000 0.0000 -54.9955 24.0961 22.7138 129.6143 -53.1499 -93.5175 -0.0000 0.0000 -14.7039 93.1357 36.4732 95.2653 -7.1250 0.0000 -0.0000 35.4892 -57.9104 -50.0533 -0.0000 -0.0000 0.0000 65.5080 -38.5460 28.9753 -141.1679 47.3625 -102.4249 0.0000 -0.0000 -5.8992 -71.7933 -27.1031 54.1728 7.1250 -0.0000 -0.0000 -90.7671 -69.2955 68.6152
-8.4145 1.8136 1.1226 35.6239 86.2551 140.1260 0.0000 0.0000 0.0000 -16.1818 1.6024 -27.6607 4.4165 12.6949 38.2369 2.1804 -2.7414 -27.2297 1.0365 -6.4752 -18.1696 0.0000 0.0000 0.0000 17.1912 -2.7315 -20.2048 -1.8191 -8.4785 24.1773 -0.9599 10.7235 -17.9363 -0.3630 3.8703 -10.7121 4.7858 0.1082 -20.6442 -2.2215 -0.5264 -3.7380 -5.2890 -0.0369 7.3938 0.8744 16.6181 -24.3505 -20.8432 25.8166 8.0919 -2.7057 10.5596 9.5869 -0.0000 -0.0000 0.0000 -52.2028 23.2239 22.8673 128.5417 -53.5670 -92.6569 -0.0000 0.0000 -16.0982 92.4930 36.4816 94.1881 -7.1250 0.0000 -0.0000 34.7386 -57.1887 -49.1775 -0.0000 -0.0000 0.0000 63.6736 -37.0746 31.9668 -140.6118 47.7032 -102.0146 0.0000 -0.0000 -7.0910 -74.1440 -28.2844 59.0614 7.1250 -0.0000 -0.0000 -80.8501 68.9173 -102.5336
-8.4863 1.8976 1.1457 46.5818 84.9701 148.5610 0.0000 0.0000 0.0000 -16.3719 1.2998 -25.4405 4.4859 12.7803 38.5517 2.1995 -3.1756 -27.2602 1.0731 -6.5851 -18.4919 0.0000 0.0000 0.0000 16.8471 -4.3091 -18.4774 -1.9694 -8.8020 25.1778 -1.1005 10.2740 -19.0112 -0.4300 4.2081 -11.6629 4.2932 -0.4522 -18.8358 -2.3128 -1.1424 -2.9529 -5.2279 -0.3606 7.2138 -0.0961 16.7878 -24.6054 -20.7489 26.6091 9.3062 -2.3544 10.7345 10.0055 -0.0000 0.0000 0.0000 -50.6401 21.3376 23.9243 126.9807 -54.1430 -91.3963 -0.0000 0.0000 -17.0183 91.8775 36.5533 93.1503 -7.1250 0.0000 -0.0000 33.9785 -56.5140 -48.2543 -0.0000 0.0000 0.0000 62.1260 -35.3096 33.1221 -139.6247 48.2907 -101.2811 0.0000 -0.0000 -7.7003 -75.3460 -28.8433 61.5407 7.1250 -0.0000 -0.0000 -86.6463 69.1373 -108.7682
-8.4875 1.9403 1.2018 33.0980 84.9248 136.1960 0.0000 0.0000 0.0000 -17.4869 2.2868 -27.3483 4.5215 12.8238 38.7124 2.1029 -2.7403 -26.7238 1.3507 -7.3573 -20.7784 0.0000 0.0000 0.0000 16.0130 -2.2560 -20.1246 -2.1785 -9.2284 26.5124 -1.1640 9.3934 -19.4077 -0.2777 3.3895 -9.3650 2.9570 -0.2008 -20.9011 -2.5742 -0.5166 -3.1100 -4.6378 -0.0429 8.2427 -0.7551 16.8220 -24.3087 -20.4509 27.0071 10.3739 -2.1062 10.8027 10.2394 0.0000 0.0000 0.0000 -49.4595 19.1410 24.8355 124.8426 -54.8750 -89.6553 -0.0000 0.0000 -16.9957 93.3135 36.4641 95.5640 -7.1250 0.0000 -0.0000 35.7089 -58.1075 -50.3105 0.0000 0.0000 0.0000 61.5251 -34.0589 33.6440 -138.9864 48.6591 -100.8032 0.0000 -0.0000 -7.8013 -77.1891 -29.2617 65.0517 7.1250 -0.0000 -0.0000 -94.2671 68.8950 -117.2002
-8.5190 2.0158 1.2338 34.0309 84.8403 136.3260 0.0000 0.0000 0.0000 -17.5687 2.8991 -27.3050 4.6280 12.9522 39.1897 2.1507 -2.7838 -27.0272 1.4034 -7.4937 -21.1864 0.0000 0.0000 0.0000 16.2109 -2.5127 -20.1171 -2.3267 -9.5159 27.4227 -1.2263 9.1170 -19.8772 -0.2713 3.3504 -9.2558 2.7990 -0.2997 -20.9284 -2.7814 -0.6060 -2.5888 -4.8145 -0.0713 8.8236 -0.9582 16.9678 -24.5533 -20.4186 27.4009 10.9003 -1.9616 10.8876 10.4792 0.0000 -0.0000 0.0000 -48.4524 17.1541 24.8743 123.4327 -55.3236 -88.4990 -0.0000 0.0000 -17.9494 92.8991 36.4821 94.8684 -7.1250 0.0000 -0.0000 35.2037 -57.6468 -49.7190 0.0000 -0.0000 0.0000 61.5013 -32.0086 33.9066 -138.3458 49.0200 -100.3209 0.0000 -0.0000 -8.2415 -77.8934 -30.7100 67.2165 7.1250 -0.0000 -0.0000 -101.3352 69.2058 -123.8988
-8.5728 2.1209 1.2645 43.9865 85.2988 145.1960 0.0000 0.0000 0.0000 -16.4394 3.3942 -27.1211 4.7672 13.1168 39.8072 2.1460 -3.1892 -26.9104 1.1943 -6.9346 -19.5217 0.0000 0.0000 0.0000 17.4345 -2.3545 -19.4521 -2.4143 -9.6804 27.9478 -1.3352 8.3769 -20.6802 -0.2384 3.1423 -8.6752 3.4990 -0.3605 -20.2498 -2.6770 -0.8684 -2.1150 -5.1694 -0.1761 8.9422 -0.9801 17.0876 -24.4677 -20.6032 27.7122 11.3292 -1.9434 10.9510 10.6872 -0.0000 -0.0000 0.0000 -47.4370 15.6335 24.8949 122.3486 -55.6509 -87.6057 -0.0000 0.0000 -18.6273 92.5213 36.4340 94.2403 -7.1250 0.0000 -0.0000 34.8205 -57.2066 -49.2929 -0.0000 -0.0000 0.0000 62.0921 -29.3279 34.0229 -136.5565 49.9828 -98.9602 0.0000 -0.0000 -8.1364 -79.1219 -30.0684 69.0155 7.1250 -0.0000 -0.0000 -103.3434 68.3996 -126.8712
-8.6185 2.2169 1.2854 37.7383 85.0990 137.1340 0.0000 0.0000 0.0000 -17.0175 4.3452 -25.9185 4.8578 13.2219 40.2048 2.1232 -3.2718 -26.7448 1.1043 -6.6769 -18.7616 0.0000 0.0000 0.0000 16.8737 -2.6810 -18.3597 -2.5639 -9.9532 28.8252 -1.3675 8.6552 -20.9408 -0.1739 2.6863 -7.4066 2.7078 -0.4577 -18.6907 -2.9745 -0.7866 -1.5104 -4.9863 -0.1654 8.7708 -0.7641 17.3464 -24.8582 -20.4936 28.4080 12.9344 -1.7214 11.0228 11.4360 0.0000 0.0000 0.0000 -46.6746 14.0132 24.8336 121.0259 -56.0303 -86.5111 -0.0000 0.0000 -18.8146 90.7443 37.1069 91.2336 -7.1250 0.0000 -0.0000 32.2428 -55.4161 -45.9702 0.0000 0.0000 0.0000 61.3722 -28.6290 34.1917 -136.8639 49.8220 -99.1953 0.0000 -0.0000 -9.5978 -79.1043 -29.7940 68.8237 7.1250 -0.0000 -0.0000 -102.4335 68.3217 -126.1010
-8.6692 2.3373 1.2906 42.9443 85.0440 140.3070 0.0000 0.0000 0.0000 -16.6983 4.6838 -24.6571 5.0005 13.3843 40.8247 2.1592 -2.8052 -27.0781 1.2231 -7.0145 -19.7583 0.0000 0.0000 0.0000 17.1511 -3.2021 -17.1621 -2.7290 -10.2428 29.7667 -1.4235 8.7888 -21.3707 -0.1695 2.6521 -7.3117 2.9789 -0.7794 -16.5745 -3.1730 -1.2415 -0.8798 -5.4155 -0.3888 8.2290 -0.3935 17.6907 -25.0014 -20.4393 29.1153 14.3048 -1.5494 11.1383 12.1050 -0.0000 -0.0000 0.0000 -45.4296 13.2768 24.4501 120.1573 -56.2679 -85.7897 -0.0000 0.0000 -19.1380 91.6060 36.9260 92.6719 -7.1250 0.0000 -0.0000 33.3105 -56.3252 -47.3170 -0.0000 -0.0000 0.0000 61.8805 -26.0962 34.8582 -134.5667 50.9790 -97.4251 0.0000 -0.0000 -9.0170 -79.2622 -29.6719 69.0393 7.1250 -0.0000 -0.0000 -102.5800 68.2044 -126.3947
-8.6952 2.4875 1.3090 46.3677 85.0298 143.2180 0.0000 0.0000 0.0000 -16.4566 4.4878 -25.1478 5.1840 13.5880 41.6115 2.2109 -2.6791 -27.4406 1.2343 -7.0453 -19.8498 0.0000 0.0000 0.0000 17.3995 -3.1405 -17.6193 -2.8743 -10.4887 30.5742 -1.4860 8.8870 -21.8382 -0.2115 2.9608 -8.1697 3.0481 -0.9605 -15.4757 -3.3063 -1.4734 -0.5447 -5.6191 -0.5035 7.9478 -0.5160 17.8554 -25.9650 -19.7759 29.8722 16.5246 -1.0471 11.1394 13.0827 -0.0000 0.0000 0.0000 -44.6314 11.6733 24.2764 118.3681 -56.7293 -84.2977 -0.0000 0.0000 -18.8081 92.0184 36.6283 93.3805 -7.1250 0.0000 -0.0000 34.0569 -56.6967 -48.3172 -0.0000 0.0000 0.0000 61.3090 -25.1561 34.8989 -135.2605 50.6402 -97.9628 0.0000 -0.0000 -10.0604 -80.2914 -29.6673 70.9318 7.1250 -0.0000 -0.0000 -105.9661 67.6552 -130.3102
-8.7431 2.6396 1.3209 46.7196 84.5013 142.0820 0.0000 0.0000 0.0000 -16.7049 4.4326 -24.5492 5.3690 13.7876 42.3933 2.1403 -2.6066 -26.9991 1.2298 -7.0330 -19.8131 0.0000 0.0000 0.0000 16.8631 -3.1554 -16.9874 -3.0493 -10.7744 31.5228 -1.5406 8.3951 -22.2211 -0.1777 2.7157 -7.4882 2.6697 -1.4005 -13.6497 -3.7066 -1.9373 0.1794 -5.8742 -0.7346 7.6482 0.1998 18.1397 -26.2994 -19.9694 30.5897 18.1199 -0.9589 11.1819 14.0516 -0.0000 -0.0000 0.0000 -43.5591 10.3393 23.8111 116.9141 -57.0777 -83.0796 -0.0000 0.0000 -18.7990 92.2471 36.5531 93.7695 -7.1250 0.0000 -0.0000 34.3874 -56.9322 -48.7366 -0.0000 -0.0000 0.0000 62.0290 -22.2557 34.8562 -133.9140 51.2895 -96.9169 0.0000 -0.0000 -10.1485 -80.4759 -29.2452 71.0468 7.1250 -0.0000 -0.0000 -105.3244 67.4376 -130.0011
-8.7909 2.7999 1.3381 49.0397 84.0199 143.5410 0.0000 0.0000 0.0000 -16.7230 3.9291 -24.7139 5.6167 14.0464 43.4234 2.1569 -2.6082 -27.1067 1.5597 -7.8814 -22.3544 0.0000 0.0000 0.0000 16.5835 -2.8170 -16.9336 -3.2030 -11.0166 32.3359 -1.5205 7.1546 -22.0746 -0.1354 2.3718 -6.5343 2.1216 -1.8428 -12.2869 -3.7933 -2.4199 0.6475 -5.6889 -0.9917 7.3413 0.1105 18.2419 -26.5226 -19.6338 31.1350 19.6312 -0.6709 11.1969 14.7182 0.0000 0.0000 0.0000 -42.5057 9.1792 23.7278 115.9349 -57.2993 -82.2567 -0.0000 0.0000 -19.0305 93.7678 36.1082 96.3764 -7.1250 0.0000 -0.0000 36.6543 -58.5227 -51.5522 0.0000 0.0000 0.0000 62.0536 -20.1584 34.8286 -132.8191 51.7932 -96.0595 0.0000 -0.0000 -10.4643 -79.8338 -28.8640 69.6216 7.1250 -0.0000 -0.0000 -102.0234 67.6609 -126.5734
-8.8516 2.9887 1.3685 56.7089 84.1900 149.4570 0.0000 0.0000 0.0000 -15.5515 3.7881 -24.1532 5.9040 14.3347 44.5953 2.1074 -2.6236 -26.7796 1.6937 -8.1965 -23.3125 0.0000 0.0000 0.0000 17.1604 -2.9864 -16.2138 -3.3778 -11.2829 33.2400 -1.5012 8.3111 -21.9308 -0.0982 2.0205 -5.5623 2.3274 -2.2181 -9.7965 -3.6826 -2.9368 1.5265 -5.6625 -1.2453 6.8025 -0.1149 18.2692 -27.1497 -19.3209 31.5481 20.7634 -0.3794 11.1627 15.2801 0.0000 0.0000 0.0000 -41.2902 7.8050 23.4036 115.0428 -57.4924 -81.5051 -0.0000 0.0000 -19.6553 94.7965 35.8218 98.1591 -7.1250 0.0000 -0.0000 38.3058 -59.6057 -53.5544 0.0000 0.0000 0.0000 62.3681 -17.4672 34.4563 -131.7732 52.2548 -95.2350 0.0000 -0.0000 -10.6790 -78.9105 -29.1489 68.0801 7.1250 -0.0000 -0.0000 -99.7673 68.1890 -123.6759
-8.9230 3.1864 1.3983 55.6375 83.8379 147.1610 0.0000 0.0000 0.0000 -15.5533 3.3062 -23.9970 6.1298 14.5530 45.5005 2.0979 -3.0258 -26.6290 1.4059 -7.5001 -21.2056 0.0000 0.0000 0.0000 16.5672 -3.5635 -16.5667 -3.6468 -11.6750 34.5916 -1.4492 8.3256 -21.5447 -0.0991 2.0301 -5.5888 1.3905 -2.5756 -7.6639 -3.8939 -3.2633 2.0773 -5.2884 -1.4395 6.1720 -0.0905 18.3585 -27.3784 -19.0585 31.9391 21.8319 -0.1648 11.1657 15.8002 -0.0000 -0.0000 0.0000 -39.8460 6.7164 23.4843 114.1432 -57.6787 -80.7456 -0.0000 0.0000 -20.2732 95.6842 35.9032 99.6331 -7.1250 0.0000 -0.0000 39.4140 -60.6103 -54.7465 -0.0000 -0.0000 0.0000 62.6355 -15.1667 34.3085 -130.3049 52.8718 -94.0691 0.0000 -0.0000 -11.0252 -79.5586 -28.8910 69.1221 7.1250 -0.0000 -0.0000 -101.1701 67.8023 -125.5592
-8.9816 3.4079 1.4296 50.3484 83.2633 140.3910 0.0000 0.0000 0.0000 -16.1886 2.9577 -23.5479 6.3420 14.7517 46.3392 1.9902 -2.9788 -25.9201 1.2505 -7.0899 -19.9820 0.0000 0.0000 0.0000 15.4664 -1.9155 -16.0529 -3.9805 -12.1345 36.2093 -1.4504 7.2804 -21.5460 -0.0395 1.2827 -3.5271 0.0970 -2.8960 -4.9240 -4.3884 -3.5323 2.6110 -4.9529 -1.6083 5.1922 -0.4541 18.4500 -27.6062 -18.4805 32.1616 22.3845 0.1439 11.1975 15.9037 0.0000 0.0000 0.0000 -38.5194 5.4621 23.1202 113.1902 -57.8671 -79.9395 -0.0000 0.0000 -20.5681 95.2465 36.3115 98.8143 -7.1250 0.0000 -0.0000 38.3105 -60.2191 -53.3213 0.0000 0.0000 0.0000 62.9774 -12.7013 34.1656 -128.5913 53.5481 -92.6968 0.0000 -0.0000 -10.6970 -79.7898 -29.9046 70.1369 7.1250 -0.0000 -0.0000 -105.0363 67.9993 -128.9929
-9.0564 3.6154 1.4434 54.7244 83.3278 143.6000 0.0000 0.0000 0.0000 -15.5917 2.4110 -23.6078 6.6189 15.0024 47.4177 1.9082 -2.8451 -25.3877 1.0023 -6.3708 -17.8642 0.0000 0.0000 0.0000 15.6540 -1.5051 -16.2280 -4.2944 -12.5422 37.6781 -1.4218 6.7050 -21.3413 -0.0288 1.0965 -3.0143 0.1854 -3.0740 -2.6976 -4.4841 -3.7842 3.0421 -4.9930 -1.7319 4.3436 -0.2357 18.5573 -27.7439 -18.7319 32.6777 23.2680 0.1999 11.2249 16.5320 0.0000 0.0000 0.0000 -36.9937 3.9719 22.8141 112.0666 -58.0777 -78.9869 -0.0000 0.0000 -20.7114 95.0464 36.5163 98.4410 -7.1250 0.0000 -0.0000 37.7970 -60.0459 -52.6501 0.0000 0.0000 0.0000 62.8781 -10.6676 33.9696 -127.4495 53.9738 -91.7758 0.0000 -0.0000 -11.2453 -79.9277 -30.0911 70.4918 7.1250 -0.0000 -0.0000 -106.0465 67.9735 -129.9679
-9.1287 3.8213 1.4540 52.9456 82.7406 140.1990 0.0000 0.0000 0.0000 -16.1652 1.9472 -23.1433 6.9377 15.2792 48.6384 1.8988 -2.3604 -25.4318 1.0786 -6.6015 -18.5400 0.0000 0.0000 0.0000 14.7679 -1.8197 -15.9698 -4.5424 -12.8492 38.8064 -1.3870 6.6768 -21.0727 -0.0456 1.3776 -3.7885 -0.6685 -3.2975 -0.2324 -4.8496 -4.0205 3.7496 -4.7743 -1.8501 3.6983 0.4689 18.5630 -27.1448 -20.3418 33.0106 23.0503 -0.3771 11.2567 16.9682 -0.0000 0.0000 0.0000 -35.5568 2.2327 22.1972 110.7851 -58.3030 -77.8979 -0.0000 0.0000 -21.4737 93.5209 36.6601 95.8836 -7.1250 0.0000 -0.0000 35.7378 -58.3925 -50.2579 -0.0000 0.0000 0.0000 62.6307 -8.8851 33.6134 -127.2134 54.0594 -91.5848 0.0000 -0.0000 -12.1923 -79.6997 -30.1189 70.0911 7.1250 -0.0000 -0.0000 -105.3916 68.1081 -129.1830
-9.2081 4.0256 1.4554 62.9083 83.2163 148.4640 0.0000 0.0000 0.0000 -14.7632 1.8743 -23.0365 7.3364 15.6088 50.1356 1.8419 -2.1584 -25.0826 1.0587 -6.5420 -18.3653 0.0000 0.0000 0.0000 15.9090 -1.9247 -15.4410 -4.7407 -13.0857 39.6902 -1.3521 6.6415 -20.8003 -0.0142 0.7697 -2.1152 0.4387 -3.4706 2.2071 -4.7834 -4.2660 4.5248 -5.2021 -1.9290 3.0342 0.4209 18.6332 -27.8834 -19.8062 33.4872 24.4067 0.0111 11.2239 17.7116 0.0000 0.0000 0.0000 -34.2246 0.2405 21.2848 109.5592 -58.5040 -76.8537 -0.0000 0.0000 -22.2201 93.6785 36.8374 96.1206 -7.1250 0.0000 -0.0000 35.7258 -58.6149 -50.1658 0.0000 0.0000 0.0000 62.6798 -6.4526 33.0163 -126.0909 54.4554 -90.6737 0.0000 -0.0000 -13.0725 -79.7471 -30.6716 70.4760 7.1250 -0.0000 -0.0000 -107.2128 68.2257 -130.7155
-9.2957 4.2334 1.4631 66.1786 83.1461 150.1200 0.0000 0.0000 0.0000 -14.5126 1.8828 -23.0615 7.7510 15.9330 51.6608 1.8424 -2.1786 -25.0816 0.9614 -6.2432 -17.4917 0.0000 0.0000 0.0000 15.9804 -2.2279 -15.2559 -4.9985 -13.3821 40.8163 -1.3119 6.5733 -20.4833 -0.0185 0.8789 -2.4157 0.4887 -3.6705 4.5073 -4.9364 -4.4916 5.1592 -5.2617 -2.0180 2.3701 0.5142 18.5225 -27.1976 -20.6616 33.4249 23.9048 -0.3776 11.2237 17.5940 0.0000 0.0000 0.0000 -32.8091 -1.6524 20.3406 107.8301 -58.7640 -75.3772 -0.0000 0.0000 -22.8471 92.9908 36.7496 94.9905 -7.1250 0.0000 -0.0000 35.0213 -57.8253 -49.3943 0.0000 0.0000 0.0000 62.2046 -4.2117 32.7437 -124.5368 54.9746 -89.4050 0.0000 -0.0000 -13.9554 -80.7554 -30.7888 72.3606 7.1250 -0.0000 -0.0000 -110.7138 67.6278 -134.6352
-9.4017 4.4653 1.4820 67.3753 83.2913 149.9660 0.0000 0.0000 0.0000 -14.3059 2.1014 -23.5032 8.1936 16.2598 53.2570 1.9344 -1.6552 -25.8523 1.1736 -6.8761 -19.3488 0.0000 0.0000 0.0000 16.0828 -1.7556 -15.5842 -5.4170 -13.8385 42.5943 -1.3157 7.0984 -20.5042 -0.0182 0.8702 -2.3916 0.1917 -3.7065 6.7892 -5.0426 -4.5269 5.5742 -5.0756 -2.0287 1.5463 0.4154 18.9614 -28.6245 -18.2619 34.9095 28.1331 1.0601 11.2868 19.6188 0.0000 0.0000 0.0000 -31.4197 -3.7467 19.5963 105.8197 -59.0329 -73.6557 -0.0000 0.0000 -23.5607 92.1998 36.8083 93.6683 -7.1250 0.0000 -0.0000 34.0711 -56.9559 -48.2620 0.0000 0.0000 0.0000 61.1976 -2.0517 32.4378 -123.0811 55.4314 -88.2096 0.0000 -0.0000 -15.2165 -81.6836 -31.3210 74.2941 7.1250 -0.0000 -0.0000 -114.9772 67.0714 -139.0067
-9.5287 4.7187 1.5269 65.4626 83.5954 147.3880 0.0000 0.0000 0.0000 -14.2184 2.6126 -24.9171 8.6725 16.5923 54.9505 1.9205 -1.3626 -25.8348 1.1618 -6.8427 -19.2500 0.0000 0.0000 0.0000 16.0193 -1.4069 -16.9876 -5.9038 -14.3344 44.5943 -1.3278 7.2631 -20.5991 -0.0493 1.4330 -3.9411 -0.5380 -3.5615 8.8371 -5.1205 -4.4099 5.4894 -4.6310 -1.9891 0.3907 -1.1559 18.5127 -28.2242 -16.8675 33.7423 27.3366 1.2998 11.1154 18.1084 0.0000 0.0000 0.0000 -29.9847 -5.6669 19.1039 103.6406 -59.2851 -71.7847 -0.0000 0.0000 -24.3618 91.5678 36.8953 92.6103 -7.1250 0.0000 -0.0000 33.3007 -56.2724 -47.3170 0.0000 0.0000 0.0000 61.0913 0.1984 32.1824 -120.8912 56.0677 -86.3994 0.0000 -0.0000 -15.5656 -81.5150 -30.0581 73.4142 7.1250 -0.0000 -0.0000 -111.0079 66.9814 -135.7330
-9.6613 4.9654 1.5456 69.1269 83.9827 149.7210 0.0000 0.0000 0.0000 -13.6294 2.9305 -25.6409 9.1763 16.9198 56.6978 1.9131 -1.0531 -25.8703 1.3839 -7.4437 -21.0366 0.0000 0.0000 0.0000 16.5184 -1.2448 -17.6170 -6.3523 -14.7613 46.3798 -1.3096 7.0101 -20.4566 -0.0456 1.3776 -3.7883 -0.4130 -3.5510 11.0923 -5.0902 -4.3991 5.7823 -4.5600 -1.9690 -0.5395 0.3998 18.5770 -27.5028 -19.4185 34.3408 26.9995 0.3569 11.1968 19.0514 -0.0000 -0.0000 0.0000 -28.3210 -7.8592 18.3273 101.0830 -59.5307 -69.5830 -0.0000 0.0000 -25.2514 90.3673 36.7344 90.6140 -7.1250 0.0000 -0.0000 32.2164 -54.8600 -46.0700 -0.0000 -0.0000 0.0000 60.3357 2.5059 31.6671 -119.1597 56.5297 -84.9588 0.0000 -0.0000 -16.6053 -82.2235 -28.4971 74.0272 7.1250 -0.0000 -0.0000 -108.9749 66.1932 -134.9899
-9.8197 5.1994 1.5451 74.2342 84.2503 153.3830 0.0000 0.0000 0.0000 -13.0217 2.9083 -26.1279 9.7162 17.2472 58.5357 1.8494 -1.1041 -25.4119 1.0563 -6.5349 -18.3447 0.0000 0.0000 0.0000 16.9633 -1.5055 -18.0977 -6.8239 -15.1818 48.2052 -1.3188 7.1633 -20.5281 -0.0329 1.1707 -3.2185 -0.2043 -3.5969 13.1283 -5.0120 -4.4302 6.1393 -4.5015 -1.9646 -1.2760 0.4780 18.3824 -27.1554 -19.9582 34.1877 26.7926 0.0721 11.1352 19.0502 -0.0000 0.0000 0.0000 -26.5168 -10.1207 17.3532 98.3953 -59.7320 -67.2640 -0.0000 0.0000 -26.1095 88.2950 -36.6030 -87.1420 -7.1250 0.0000 -0.0000 30.3401 -52.4429 -43.7731 -0.0000 0.0000 0.0000 59.1818 5.0007 30.9138 -117.1068 57.0329 -83.2413 0.0000 -0.0000 -17.6547 -81.7319 -29.3834 73.5023 7.1250 -0.0000 -0.0000 -109.8206 66.7031 -135.0572
-9.9970 5.4532 1.5565 66.4967 84.0139 143.8550 0.0000 0.0000 0.0000 -13.9403 2.9986 -26.1888 10.2329 17.5387 60.2638 1.8897 -0.4235 -25.8957 1.0718 -6.5811 -18.4801 0.0000 0.0000 0.0000 15.9082 -1.3079 -18.2524 -7.3729 -15.6380 50.2708 -1.3558 7.1074 -20.8198 -0.0286 1.0914 -3.0002 -1.5261 -3.4952 15.7289 -5.3401 -4.4571 6.5022 -3.9911 -1.9536 -2.2033 0.2056 18.2873 -27.4646 -18.9556 34.2694 28.0926 0.5091 11.0405 19.4721 -0.0000 -0.0000 0.0000 -25.0007 -12.5476 16.4624 94.8451 -59.9111 -64.1947 -0.0000 0.0000 -26.7413 87.9315 -36.7086 -86.5422 -7.1250 0.0000 -0.0000 29.9219 -52.0720 -43.2082 -0.0000 -0.0000 0.0000 58.5844 7.9430 30.0939 -114.7515 57.5536 -81.2594 0.0000 -0.0000 -18.7600 -81.4859 -30.0605 73.3607 7.1250 -0.0000 -0.0000 -110.9250 67.0013 -135.6347
-10.1723 5.7044 1.5638 69.1182 84.4501 144.6170 0.0000 0.0000 0.0000 -13.2252 4.0572 -26.6258 10.7893 17.8304 62.0954 1.8586 -0.8983 -25.5361 0.9945 -6.3466 -17.7934 0.0000 0.0000 0.0000 16.2206 -0.9497 -18.1954 -7.9044 -16.0485 52.2177 -1.2736 7.3581 -20.1689 -0.0057 -0.4862 1.3359 -1.5582 -3.6345 18.3028 -5.2940 -4.6775 6.7186 -3.7762 -2.0334 -3.3320 0.1794 18.2729 -27.1500 -18.7847 34.4650 28.7324 0.5987 11.0512 19.7439 0.0000 -0.0000 0.0000 -22.3551 -13.2147 15.2241 93.1434 -59.9626 -62.7220 -0.0000 0.0000 -28.8802 87.0760 -36.7345 -85.1188 -7.1250 0.0000 -0.0000 29.1467 -51.1069 -42.1975 0.0000 -0.0000 0.0000 57.4824 11.0572 29.8147 -111.6867 58.1461 -78.6643 0.0000 -0.0000 -20.0620 -80.9943 -29.9851 72.4054 7.1250 -0.0000 -0.0000 -109.1614 67.3079 -133.6744
-10.3608 5.9474 1.5628 72.6652 85.2170 146.3350 0.0000 0.0000 0.0000 -12.3323 4.2975 -26.7384 11.3592 18.1064 63.9427 1.8622 -0.6337 -25.6394 1.1811 -6.8974 -19.4116 0.0000 0.0000 0.0000 16.7356 -0.6638 -18.5302 -8.4798 -16.4610 54.2729 -1.2679 7.1414 -20.1225 -0.0026 -0.3269 0.8982 -1.5819 -3.4230 20.5516 -5.0119 -4.4166 7.0539 -3.4396 -1.8832 -4.0961 0.1562 17.9297 -27.1234 -18.9623 34.1947 28.9721 0.4446 10.8932 19.9199 -0.0000 0.0000 0.0000 -21.2906 -16.0505 14.4276 88.0422 -59.9855 -58.3046 -0.0000 0.0000 -29.0764 87.0232 -36.7523 -85.0330 -7.1250 0.0000 -0.0000 29.0870 -51.0549 -42.1150 -0.0000 0.0000 0.0000 55.5959 13.8804 28.9620 -107.8161 58.7660 -75.3653 0.0000 -0.0000 -21.4863 -80.6046 -30.4302 71.9080 7.1250 -0.0000 -0.0000 -109.2118 67.6504 -133.2724
-10.5562 6.1838 1.5613 59.9180 85.7612 131.9710 0.0000 0.0000 0.0000 -12.5942 5.0855 -26.9823 11.9066 18.3509 65.6926 1.8743 -0.1991 -25.8594 1.2655 -7.1306 -20.1028 0.0000 0.0000 0.0000 16.1496 0.7265 -18.9083 -9.2064 -16.9387 56.8013 -1.2832 7.7253 -20.2515 -0.0010 -0.2047 0.5624 -2.6184 -2.9846 22.5092 -5.0863 -4.0863 7.2908 -2.9568 -1.6968 -4.7482 -0.7207 17.8639 -27.5016 -17.5456 34.1225 29.8515 1.0708 10.8173 19.8051 -0.0000 -0.0000 0.0000 -19.7912 -18.0872 13.0778 83.8143 -59.8549 -54.6456 -0.0000 0.0000 -29.7756 86.3508 -36.7882 -83.9211 -7.1250 0.0000 -0.0000 28.4886 -50.3063 -41.3184 -0.0000 -0.0000 0.0000 54.0789 17.3894 28.2635 -103.6534 59.2838 -71.7957 0.0000 -0.0000 -22.6691 -81.2252 -30.1303 72.9071 7.1250 -0.0000 -0.0000 -110.3035 67.1887 -134.8440
-10.7695 6.4020 1.5529 55.4853 86.6805 126.6640 0.0000 0.0000 0.0000 -11.7305 5.6310 -28.2090 12.5495 18.6134 67.7202 1.8450 -0.6873 -25.5030 1.1854 -6.9095 -19.4474 0.0000 0.0000 0.0000 16.4866 1.5374 -20.4417 -9.9910 -17.4048 59.4583 -1.3585 8.5295 -20.8660 -0.0043 0.4228 -1.1617 -2.6535 -2.7535 23.4042 -4.7615 -3.8168 7.3532 -2.6316 -1.5655 -5.0966 -0.6618 17.7635 -27.5271 -17.4967 34.1102 30.2101 1.0820 10.7624 20.0302 -0.0000 -0.0000 0.0000 -18.5974 -20.0438 11.7351 79.2676 -59.5603 -50.7192 -0.0000 0.0000 -30.4910 85.9181 -36.6125 -83.1766 -7.1250 0.0000 -0.0000 28.2625 -49.7278 -41.0572 -0.0000 -0.0000 0.0000 52.1961 20.8903 27.4593 -99.3505 59.6670 -68.0887 0.0000 -0.0000 -23.9004 -80.9335 -29.9770 72.2881 7.1250 -0.0000 -0.0000 -108.9450 67.3445 -133.4328
-10.9808 6.6104 1.5435 49.0135 87.1711 119.1960 0.0000 0.0000 0.0000 -11.1626 5.7966 -29.1070 13.1670 18.8416 69.6433 1.8540 -0.8622 -25.5143 1.1808 -6.8966 -19.4095 0.0000 0.0000 0.0000 16.5533 2.3771 -21.5097 -10.7620 -17.8167 62.0063 -1.3708 8.6121 -20.9641 -0.0062 0.5067 -1.3925 -2.9201 -2.5582 24.3933 -4.3823 -3.6415 7.3964 -2.0908 -1.4761 -5.4959 -0.4248 17.6418 -27.3871 -17.9146 34.2948 30.6294 0.9429 10.7355 20.5130 -0.0000 -0.0000 0.0000 -17.7739 -21.7789 10.3958 74.8374 -59.1132 -46.9079 -0.0000 0.0000 -30.8503 84.7019 -36.2791 -81.0932 -7.1250 0.0000 -0.0000 27.5190 -48.1649 -40.1164 -0.0000 -0.0000 0.0000 50.0170 24.4194 26.6673 -94.1243 59.9356 -63.5709 0.0000 -0.0000 -24.8157 -80.4538 -30.9659 71.9002 7.1250 -0.0000 -0.0000 -110.2968 67.8586 -133.9695
-11.2060 6.8141 1.5497 32.9758 87.6465 102.2500 0.0000 0.0000 0.0000 -10.4257 6.2137 -30.0206 13.7340 19.0314 71.3904 1.8696 -1.4622 -25.4544 1.2428 -7.0687 -19.9190 0.0000 0.0000 0.0000 16.7348 3.5539 -22.7586 -11.5587 -18.1978 64.5830 -1.3497 8.3431 -20.7906 -0.0051 0.4629 -1.2720 -3.2356 -2.1977 25.3004 -3.9602 -3.2812 7.3664 -1.5322 -1.3023 -5.9277 0.1291 17.4673 -27.0618 -18.8839 34.4565 30.7715 0.5294 10.7197 21.0893 -0.0000 -0.0000 0.0000 -16.8255 -23.6811 8.9321 69.9072 -58.4182 -42.6915 -0.0000 0.0000 -31.2118 83.8200 -36.1864 -79.6074 -7.1250 0.0000 -0.0000 26.8931 -47.1047 -39.2638 -0.0000 -0.0000 0.0000 47.8271 27.7959 25.5801 -89.0489 59.9966 -59.1763 0.0000 -0.0000 -25.7767 -80.1472 -30.7411 71.2336 7.1250 -0.0000 -0.0000 -108.6838 68.0031 -132.3410
-11.4321 7.0050 1.5555 21.7552 87.5505 89.8742 0.0000 0.0000 0.0000 -10.0235 6.1893 -30.4854 14.2630 19.1919 73.0061 1.8015 -1.9722 -24.8432 1.2358 -7.0495 -19.8621 0.0000 0.0000 0.0000 16.5098 4.1503 -23.7475 -12.3320 -18.5275 67.0375 -1.3530 8.3592 -20.8165 -0.0118 0.7009 -1.9262 -3.6967 -2.0778 26.3523 -3.6106 -3.2400 7.5073 -0.8776 -1.2684 -6.2403 -0.1487 17.3579 -27.3272 -18.7372 34.5094 31.0716 0.6523 10.6616 21.2445 0.0000 -0.0000 0.0000 -15.7726 -25.3745 7.1738 64.3664 -57.3655 -37.9970 -0.0000 0.0000 -31.3967 83.1270 -36.2701 -78.4838 -7.1250 0.0000 -0.0000 26.3118 -46.3647 -38.4314 0.0000 -0.0000 0.0000 45.7452 31.7364 24.5208 -83.8621 59.8572 -54.6869 0.0000 -0.0000 -26.1023 -79.2248 -30.9636 69.7005 7.1250 -0.0000 -0.0000 -106.4381 68.5994 -129.5205
-11.6394 7.2021 1.5796 4.2991 87.3551 71.3137 0.0000 0.0000 0.0000 -9.4322 6.5173 -30.8929 14.7389 19.3230 74.4490 1.7515 -2.9187 -24.2690 0.9233 -6.1217 -17.1380 0.0000 0.0000 0.0000 16.5311 5.0858 -24.5740 -13.0133 -18.7870 69.1669 -1.3336 8.5355 -20.6750 -0.0044 0.4304 -1.1825 -4.0775 -1.7098 27.2700 -3.2765 -2.8811 7.6147 -0.3862 -1.0895 -6.5313 -0.2347 17.0886 -27.2009 -18.7212 33.9110 30.7311 0.4720 10.5193 20.8701 0.0000 0.0000 0.0000 -14.5486 -27.2088 5.7081 59.1536 -56.0801 -33.6378 -0.0000 0.0000 -32.3001 82.0685 -36.0941 -76.6944 -7.1250 0.0000 -0.0000 25.6485 -45.0602 -37.5031 0.0000 0.0000 0.0000 42.8271 35.4869 23.3713 -77.5700 59.4081 -49.2567 0.0000 -0.0000 -27.0182 -79.7758 -30.5543 70.4654 7.1250 -0.0000 -0.0000 -106.9503 68.1799 -130.5339
-11.8824 7.3796 1.6049 -7.9166 87.4921 57.7489 0.0000 0.0000 0.0000 -8.3071 6.7773 -31.4207 15.3389 19.4709 76.2556 1.8304 -3.4234 -24.7285 1.1274 -6.7441 -18.9596 0.0000 0.0000 0.0000 17.0148 5.6915 -25.2010 -13.7152 -19.0254 71.3329 -1.3397 7.7669 -20.6968 -0.0021 0.2976 -0.8176 -3.6260 -1.6513 28.1991 -2.8864 -2.6794 7.8015 -0.2616 -0.9896 -6.7811 -0.8537 16.8261 -27.2779 -17.8772 33.3314 30.8591 0.6969 10.3568 20.4131 -0.0000 -0.0000 0.0000 -13.0633 -29.0440 4.3178 53.5207 -54.3204 -29.0106 -0.0000 0.0000 -33.6797 81.7538 -35.5949 -76.0181 -7.1250 0.0000 -0.0000 25.7318 -44.3856 -37.6790 -0.0000 -0.0000 0.0000 40.5326 39.4500 22.0216 -71.1796 58.6184 -43.7767 0.0000 -0.0000 -27.2202 -79.7064 -31.4802 70.8230 7.1250 -0.0000 -0.0000 -109.5101 68.4376 -132.5268
-12.1440 7.5597 1.6527 -7.8478 86.7866 56.4301 0.0000 0.0000 0.0000 -8.1917 7.0277 -32.1020 15.9838 19.6088 78.1835 1.6385 -3.3289 -23.3622 1.2906 -7.1982 -20.3039 0.0000 0.0000 0.0000 16.5550 6.5068 -25.9220 -14.5364 -19.2687 73.8363 -1.3837 7.6530 -21.0354 -0.0010 -0.2011 0.5525 -4.1468 -1.4184 29.0385 -2.6536 -2.5259 7.9218 0.2573 -0.9028 -7.0122 0.0036 16.5041 -26.9907 -19.4512 33.0856 30.2303 -0.1120 10.2679 20.7257 0.0000 0.0000 0.0000 -11.9071 -31.2041 2.5223 47.5287 -51.9488 -24.2141 -0.0000 0.0000 -33.4831 81.4944 -34.6746 -75.2718 -7.1250 0.0000 -0.0000 26.0933 -43.4809 -38.3034 0.0000 0.0000 0.0000 38.6344 43.3966 20.6979 -64.5132 57.3973 -38.1207 0.0000 -0.0000 -26.5260 -78.9537 -32.3393 69.9509 7.1250 -0.0000 -0.0000 -109.8221 69.0843 -131.9894
-12.4094 7.7133 1.7261 -11.5760 86.2598 51.4570 0.0000 0.0000 0.0000 -7.4650 7.4901 -32.7952 16.6729 19.7325 80.2303 1.5480 -4.3244 -22.5181 1.2673 -7.1354 -20.1173 0.0000 0.0000 0.0000 16.6884 7.8409 -26.6672 -15.4170 -19.4888 76.4895 -1.4550 7.6037 -21.5784 -0.0084 -0.5926 1.6285 -4.5944 -1.1275 29.2500 -2.2131 -2.2541 7.9972 0.9154 -0.7763 -6.9936 0.5694 16.2421 -26.7726 -20.3783 32.8501 29.9288 -0.6397 10.1967 20.9469 -0.0000 0.0000 0.0000 -10.9570 -34.0346 0.2544 40.4803 -48.3519 -18.7973 -0.0000 0.0000 -31.8053 79.2948 -33.4309 -71.0609 -7.1250 0.0000 -0.0000 25.1984 -40.0080 -37.0104 -0.0000 0.0000 0.0000 36.7277 47.7624 19.7648 -56.7808 55.3892 -31.6767 0.0000 -0.0000 -26.1147 -77.9738 -31.6722 67.9159 7.1250 -0.0000 -0.0000 -104.6905 69.4723 -126.7747
-12.6636 7.8698 1.8148 -14.8698 86.2024 46.6208 0.0000 0.0000 0.0000 -6.2171 8.3136 -33.4434 17.3531 19.8312 82.2400 1.4248 -4.9659 -21.4882 1.3546 -7.3675 -20.8088 0.0000 0.0000 0.0000 17.3630 8.6626 -27.0831 -16.2456 -19.6586 78.9625 -1.4805 7.4617 -21.7713 -0.0215 -0.9461 2.6004 -4.5968 -0.8359 29.6492 -1.5078 -1.8404 8.1062 1.5689 -0.5860 -7.0512 -0.7558 15.7199 -27.7842 -17.8225 31.6798 30.8645 0.2634 9.7783 20.3403 -0.0000 -0.0000 0.0000 -10.6376 -37.7049 -2.4556 33.8307 -43.9589 -13.9954 -0.0000 0.0000 -29.5422 77.4079 -32.5095 -67.4302 -7.1250 0.0000 -0.0000 24.3652 -37.0518 -35.6709 -0.0000 -0.0000 0.0000 34.2656 52.4062 17.6621 -48.8234 52.5098 -25.2375 0.0000 -0.0000 -25.5531 -75.4943 -31.4120 63.5997 7.1250 -0.0000 -0.0000 -95.7801 70.4670 -116.7853
-12.9350 8.0206 1.9087 -21.5968 86.3675 38.1643 0.0000 0.0000 0.0000 -4.5598 9.0958 -33.8424 18.0520 19.9088 84.2961 1.3071 -5.5739 -20.4954 1.2439 -7.0717 -19.9280 0.0000 0.0000 0.0000 18.5261 9.2648 -27.4678 -17.0785 -19.7941 81.4300 -1.5369 7.2754 -22.1939 -0.0180 -0.8659 2.3800 -4.3869 -0.5173 30.1481 -0.5503 -1.3052 8.2580 2.3417 -0.3407 -7.1249 0.1730 15.2123 -27.6540 -19.4531 30.9144 29.7637 -0.7307 9.5657 20.3063 0.0000 0.0000 0.0000 -9.8594 -40.8119 -5.4245 28.3710 -39.4555 -10.3586 -0.0000 0.0000 -26.8997 73.9133 -30.8370 -60.6383 -7.1250 0.0000 -0.0000 22.8668 -31.4928 -32.9847 0.0000 0.0000 0.0000 30.8915 56.6175 15.2987 -41.8545 49.1310 -19.8304 0.0000 -0.0000 -24.5532 -73.7738 -31.2569 60.7131 7.1250 -0.0000 -0.0000 -89.5662 70.9177 -109.7793
-13.2168 8.1430 1.9937 -36.1928 86.7873 21.8665 0.0000 0.0000 0.0000 -2.4095 9.7506 -34.3681 18.8421 19.9678 86.6128 1.2878 -5.9628 -20.3145 1.4302 -7.5617 -21.3905 0.0000 0.0000 0.0000 20.1972 9.4176 -27.8294 -17.8827 -19.8922 83.7987 -1.5588 5.9864 -22.4181 -0.0153 -0.7995 2.1974 -3.6578 -0.1851 30.5396 0.5692 -0.5686 8.4762 2.9235 -0.0060 -7.1113 -0.2666 14.5427 -28.7765 -17.8619 29.4681 30.1418 -0.3768 9.0731 19.9540 0.0000 0.0000 0.0000 -9.6709 -43.8552 -8.4717 24.6881 -35.8835 -8.1064 -0.0000 0.0000 -23.4000 67.1894 -28.4154 -48.5289 -7.1250 0.0000 -0.0000 19.9235 -21.7822 -27.1464 0.0000 0.0000 0.0000 26.2437 59.3319 12.2103 -36.9022 46.1236 -16.1695 0.0000 -0.0000 -24.7749 -71.7931 -30.0848 56.7290 7.1250 -0.0000 -0.0000 -98.8891 -70.6017 79.0877
-13.5129 8.2421 2.0504 -53.2683 86.6147 3.6184 0.0000 0.0000 0.0000 -0.5466 10.5116 -35.1865 19.6112 19.9964 88.8633 1.2706 -6.3789 -20.1569 1.2188 -7.0025 -19.7229 0.0000 0.0000 0.0000 21.5314 9.2394 -28.7231 -18.7432 -19.9621 86.3232 -1.6214 5.9958 -22.8796 -0.0005 -0.1405 0.3860 -2.7360 0.1942 30.9819 1.5024 0.2420 8.3690 3.1573 0.3682 -7.5097 0.3766 13.7437 -27.1294 -20.6988 27.3845 25.5774 -2.1885 8.7329 17.6484 -0.0000 -0.0000 0.0000 -11.3334 -45.7389 -8.9221 23.4294 -34.5550 -7.3804 -0.0000 0.0000 -22.5352 60.5877 -24.8779 -36.7311 -7.1250 0.0000 -0.0000 17.5650 -11.6343 -21.6765 -0.0000 -0.0000 0.0000 21.9246 60.9228 9.8039 -33.3576 43.6031 -13.6681 0.0000 -0.0000 -24.8771 -71.1631 -30.3994 56.0133 7.1250 -0.0000 -0.0000 -97.5155 -71.0326 78.0406
-13.7657 8.3299 2.0964 -49.7318 85.9488 6.2957 0.0000 0.0000 0.0000 -0.3883 11.7321 -36.1628 20.2565 19.9984 90.7500 1.3539 -6.3623 -20.8248 1.4078 -7.5048 -21.2197 0.0000 0.0000 0.0000 21.2193 9.9292 -30.1228 -19.6058 -19.9963 88.8475 -1.6425 7.1106 -22.9687 -0.0092 -0.6198 1.7033 -2.7846 0.8990 30.8582 2.0194 1.1541 8.4377 3.4401 0.7877 -7.4502 0.1091 13.3114 -28.9447 -19.4567 27.1109 27.2746 -1.6802 8.4175 18.5556 -0.0000 0.0000 0.0000 -15.8442 -46.2548 -4.8773 24.7615 -35.9592 -8.1494 -0.0000 0.0000 -26.1367 57.3120 -23.1108 -31.4533 -7.1250 0.0000 -0.0000 16.3541 -6.9818 -18.9658 -0.0000 0.0000 0.0000 14.7580 61.9228 5.2186 -30.2253 41.0857 -11.5574 0.0000 -0.0000 -25.8888 -71.5553 -32.1259 57.9049 7.1250 -0.0000 -0.0000 -85.3521 71.9475 -104.0630
-14.0360 8.3891 2.1243 -44.5903 85.4494 11.2279 0.0000 0.0000 0.0000 -0.5335 12.5772 -38.0876 21.0352 19.9743 93.0281 1.4249 -6.0971 -21.3934 1.1417 -6.7853 -19.0808 0.0000 0.0000 0.0000 20.5967 11.1511 -31.8187 -20.4684 -19.9947 91.3696 -1.6429 8.4304 -22.9560 -0.0197 -0.9070 2.4931 -2.2554 1.3892 29.8272 1.9616 1.9266 8.7500 2.8020 1.1319 -6.6617 0.3181 12.5996 -29.6510 -19.0851 25.6583 26.8462 -1.9208 7.9319 18.2016 -0.0000 -0.0000 0.0000 -22.5786 -46.0038 2.4869 27.3543 -38.5150 -9.7190 -0.0000 0.0000 -25.6868 60.8271 -25.8958 -38.0366 -7.1250 0.0000 -0.0000 17.3742 -13.1472 -21.7637 -0.0000 -0.0000 0.0000 12.9802 62.8985 1.1685 -27.8202 38.9502 -10.0104 0.0000 -0.0000 -23.0796 -70.1577 -33.3502 56.7194 7.1250 -0.0000 -0.0000 -85.2191 73.0190 -102.7127
-14.2570 8.4511 2.1495 -43.1751 85.5499 12.3297 0.0000 0.0000 0.0000 -0.4247 13.0150 -39.9523 21.7874 19.9232 95.2324 1.4686 -5.2159 -21.8024 1.2500 -7.0885 -19.9778 0.0000 0.0000 0.0000 20.0717 11.6858 -33.2155 -21.1257 -19.9696 93.2930 -1.6325 8.6969 -22.8877 -0.0001 -0.0595 0.1635 -1.9553 2.0754 29.1851 2.4960 2.9326 9.0271 2.8947 1.5974 -6.1303 0.6098 11.7534 -29.8464 -19.4888 24.1578 25.9332 -2.5120 7.4339 17.6954 0.0000 -0.0000 0.0000 -32.4016 -46.3163 11.3754 29.4459 -40.4137 -11.0486 -0.0000 0.0000 -25.0725 61.8222 -26.7467 -40.0341 -7.1250 0.0000 -0.0000 17.6267 -15.0138 -22.5148 0.0000 -0.0000 0.0000 7.2771 62.6803 -4.8082 -25.4803 36.6909 -8.5752 0.0000 -0.0000 -22.0814 -68.7503 -33.4893 54.8254 7.1250 -0.0000 -0.0000 -97.9338 -73.4186 81.1361
-14.4546 8.5297 2.1667 -46.7648 86.0722 7.7156 0.0000 0.0000 0.0000 0.2280 12.9760 -40.8726 22.4130 19.8598 97.0711 1.4783 -4.7777 -21.9256 1.4521 -7.6170 -21.5565 0.0000 0.0000 0.0000 20.1725 11.4679 -33.4673 -21.5341 -19.9435 94.4894 -1.6528 9.6935 -23.0699 -0.0108 0.6717 -1.8460 -1.3896 2.3902 29.7619 3.1011 3.5666 9.2598 3.0145 1.9026 -6.1927 0.7008 11.2197 -29.7829 -19.9071 23.1692 24.8933 -2.9306 7.1323 17.1160 0.0000 0.0000 0.0000 -41.0772 -45.1961 20.0684 30.4153 -41.2467 -11.6825 -0.0000 0.0000 -25.9635 59.9887 -25.6921 -36.8905 -7.1250 0.0000 -0.0000 16.9962 -12.2540 -21.0533 0.0000 0.0000 0.0000 2.3650 62.6031 -9.9155 -23.3145 34.4309 -7.3153 0.0000 -0.0000 -20.7730 -66.4489 -33.9866 52.0551 7.1250 -0.0000 -0.0000 -91.0358 -74.5805 75.0669
-14.6656 8.5993 2.1622 -49.0074 86.4460 4.5882 0.0000 0.0000 0.0000 0.7324 12.8858 -41.8123 23.0781 19.7713 99.0329 1.5264 -4.8102 -22.2899 1.8807 -8.6130 -24.5919 0.0000 0.0000 0.0000 20.0731 11.6600 -33.9889 -22.0007 -19.9038 95.8587 -1.6669 10.4571 -23.2208 -0.0471 1.4002 -3.8507 -0.9418 2.7037 30.2952 3.4058 4.1283 9.3108 2.8845 2.1715 -6.4180 0.5397 10.9073 -30.0016 -19.4126 22.6134 24.9586 -2.8440 6.9440 16.9793 -0.0000 -0.0000 0.0000 -49.4300 -44.0884 27.7340 30.4848 -41.3053 -11.7283 -0.0000 0.0000 -25.4660 58.5528 -25.0029 -34.6504 -7.1250 0.0000 -0.0000 16.4501 -10.3277 -19.8926 -0.0000 -0.0000 0.0000 -0.3976 62.5086 -13.9806 -21.3794 32.2685 -6.2513 0.0000 -0.0000 -18.7098 -65.2327 -34.4577 50.8049 7.1250 -0.0000 -0.0000 -87.9366 -75.2241 72.5836
-14.9264 8.6631 2.1367 -46.7767 86.9250 5.9359 0.0000 0.0000 0.0000 0.9403 12.0214 -42.8881 23.7948 19.6512 101.1575 1.5328 -4.7362 -22.3474 1.8685 -8.5865 -24.5102 0.0000 0.0000 0.0000 19.3319 11.1913 -35.2088 -22.6679 -19.8285 97.8220 -1.6014 12.4497 -23.0110 -0.0443 1.3592 -3.7376 -0.7237 2.9458 30.9534 3.4296 4.5203 9.4990 2.6269 2.3624 -6.5208 0.3974 10.6174 -30.7335 -19.1390 22.1406 24.7908 -2.8041 6.7476 16.9088 0.0000 0.0000 0.0000 -55.2537 -44.0897 34.2709 29.0893 -40.0999 -10.8182 -0.0000 0.0000 -23.9355 55.5679 -23.2301 -29.9141 -7.1250 0.0000 -0.0000 15.3800 -6.0551 -17.5299 0.0000 0.0000 0.0000 -4.0580 61.9689 -18.4687 -19.5925 30.1483 -5.3252 0.0000 -0.0000 -17.2421 -63.9746 -34.2807 49.0778 7.1250 -0.0000 -0.0000 -82.4654 -75.4551 67.3230
-15.1782 8.7314 2.1048 -44.1254 87.1260 8.0817 0.0000 0.0000 0.0000 1.1495 11.5441 -44.2448 24.4489 19.5187 103.1086 1.4902 -5.0999 -21.9804 1.9204 -8.6982 -24.8558 0.0000 0.0000 0.0000 18.5566 11.1552 -36.8329 -23.3744 -19.7248 99.9096 -1.4876 13.5176 -22.4315 -0.0149 0.7878 -2.1651 -0.7603 3.3785 31.5537 3.2641 5.0312 9.4549 2.2503 2.6005 -6.8629 0.6170 10.5199 -31.1325 -19.0374 21.7483 24.3773 -2.8710 6.6409 16.7374 -0.0000 -0.0000 0.0000 -59.9487 -45.0968 39.4717 27.1637 -38.3349 -9.6005 -0.0000 0.0000 -21.2828 53.2188 -22.8635 -27.4619 -7.1250 0.0000 -0.0000 14.2040 -4.2308 -15.6882 -0.0000 -0.0000 0.0000 -7.3912 60.8994 -22.2500 -17.9428 28.0839 -4.5223 0.0000 -0.0000 -16.3896 -62.2296 -35.2397 47.6158 7.1250 -0.0000 -0.0000 -78.7077 -76.4152 64.6994
-15.4460 8.7821 2.0642 -39.5596 87.2608 12.1024 0.0000 0.0000 0.0000 1.5079 11.0637 -45.3912 25.1273 19.3577 105.1470 1.4317 -6.1552 -21.4430 1.7163 -8.2484 -23.4712 0.0000 0.0000 0.0000 17.6102 11.1526 -38.5214 -24.1081 -19.5905 102.0905 -1.4075 14.4430 -22.0926 -0.0308 1.1329 -3.1145 -1.0040 3.8619 32.1548 3.1003 5.5512 9.6255 1.9903 2.8451 -6.9711 1.0133 10.4888 -30.9101 -20.1695 21.4896 22.7220 -3.4028 6.6282 16.1428 0.0000 0.0000 0.0000 -63.2006 -47.8472 40.5233 25.6124 -36.8234 -8.6543 -0.0000 0.0000 -17.6018 53.5021 -23.1598 -27.9929 -7.1250 0.0000 -0.0000 14.2762 -4.7742 -15.8988 0.0000 0.0000 0.0000 -9.2103 60.1336 -27.8706 -16.5500 26.2607 -3.8861 0.0000 -0.0000 -11.9071 -59.3835 -35.9451 44.7679 7.1250 -0.0000 -0.0000 -69.4839 -77.2628 56.8273
-15.7098 8.8160 2.0103 -42.3829 87.5395 8.5615 0.0000 0.0000 0.0000 2.2951 10.4324 -46.1963 25.8037 19.1725 107.1970 1.4621 -7.1208 -21.6375 1.9595 -8.7812 -25.1133 0.0000 0.0000 0.0000 16.9903 11.0410 -39.7203 -24.7546 -19.4491 104.0253 -1.2739 15.5779 -21.4877 -0.0228 0.9746 -2.6790 -0.9722 4.3167 33.3182 3.1308 6.1253 9.3901 1.5989 3.0994 -7.0643 1.0509 10.2329 -30.2825 -21.0190 20.9243 21.0389 -3.8419 6.5298 15.3278 0.0000 0.0000 0.0000 -64.7943 -51.3431 41.1569 24.8136 -36.0129 -8.1801 -0.0000 0.0000 -17.5388 55.3076 -26.0399 -32.3817 -7.1250 0.0000 -0.0000 14.4103 -9.5443 -17.1043 0.0000 0.0000 0.0000 -13.1284 57.8120 -31.1418 -15.3014 24.5642 -3.3502 0.0000 -0.0000 -11.9808 -58.3104 -35.0484 42.9288 7.1250 -0.0000 -0.0000 -62.6087 -76.5582 49.7762
-15.9984 8.8510 1.9304 -41.4218 87.8226 8.6990 0.0000 0.0000 0.0000 2.7082 9.5942 -47.2625 26.5235 18.9475 109.4007 1.4905 -7.9499 -21.8456 2.0418 -8.9525 -25.6470 0.0000 0.0000 0.0000 15.8102 10.2139 -40.2800 -25.3906 -19.2886 105.9427 -0.9872 18.6202 -20.6231 -0.0000 0.0349 -0.0960 -0.8907 4.7785 34.2732 3.1575 6.7478 9.6701 1.3156 3.3926 -7.1304 0.5279 9.9246 -29.9047 -21.4285 20.5582 19.9342 -3.9733 6.4525 14.7293 0.0000 0.0000 0.0000 -65.6488 -54.8743 43.1776 24.0454 -35.2123 -7.7327 -0.0000 0.0000 -17.3359 55.3703 -26.3469 -32.7255 -7.1250 0.0000 -0.0000 14.3504 -9.9711 -17.1160 0.0000 0.0000 0.0000 -16.0899 54.7306 -32.9861 -14.5133 23.4638 -3.0295 0.0000 -0.0000 -11.3518 -55.8745 -35.9212 40.8821 7.1250 -0.0000 -0.0000 -55.5694 -77.1904 44.1731
-16.2797 8.8962 1.8440 -29.5026 88.1135 20.1499 0.0000 0.0000 0.0000 2.4790 8.5331 -48.8059 27.1592 18.7239 111.3698 1.4989 -8.3888 -21.9157 2.3319 -9.5256 -27.4536 0.0000 0.0000 0.0000 14.1854 9.1477 -42.1119 -26.1300 -19.0741 108.1928 -0.8258 19.8124 -20.0695 -0.0097 0.6370 -1.7505 -0.8654 5.0568 34.8566 2.9633 7.0922 9.8785 0.9496 3.5591 -7.0942 -0.3556 9.5518 -30.0846 -21.2541 20.2313 19.3656 -3.8166 6.3350 14.3475 -0.0000 -0.0000 0.0000 -65.0796 -57.9799 44.8858 23.4986 -34.6296 -7.4197 -0.0000 0.0000 -18.9034 55.2206 -26.4117 -32.6395 -7.1250 0.0000 -0.0000 14.2511 -9.9606 -16.9882 -0.0000 -0.0000 0.0000 -18.3210 53.1089 -39.1373 -13.3141 21.7457 -2.5685 0.0000 -0.0000 -5.9434 -54.4349 -35.9451 39.3854 7.1250 -0.0000 -0.0000 -50.3028 -77.0495 39.4936
-16.4965 8.9666 1.7479 0.4007 88.0993 48.8341 0.0000 0.0000 0.0000 1.6419 7.3833 -48.7453 27.5295 18.5825 112.5276 1.5164 -9.1103 -22.0708 2.3709 -9.5994 -27.6888 0.0000 0.0000 0.0000 11.9836 7.5878 -44.4151 -26.8426 -18.8382 110.3865 -0.8211 19.0051 -19.6669 -0.3405 3.7500 -10.3742 -0.8716 5.2232 36.0505 2.4787 7.2939 10.4016 0.3563 3.6824 -6.7489 -0.7552 9.1591 -30.9357 -21.2230 19.7615 18.7388 -3.8145 6.1336 14.1388 -0.0000 0.0000 0.0000 -65.7859 -62.2099 46.3297 22.1346 -33.1289 -6.6593 -0.0000 0.0000 -18.7613 54.7653 -26.2278 -32.0337 -7.1250 0.0000 -0.0000 14.0644 -9.4515 -16.6506 -0.0000 0.0000 0.0000 -18.1129 53.1928 -49.2448 -11.7058 19.3619 -2.0037 0.0000 0.0000 5.9179 -52.8281 -34.8236 36.9835 7.1250 -0.0000 -0.0000 -42.8670 -75.6549 32.1174
-16.7412 9.0335 1.6516 31.2553 87.8298 78.2777 0.0000 0.0000 0.0000 1.1016 6.7924 -48.9929 27.9334 18.4187 113.8003 1.4406 -10.1160 -21.5926 2.4652 -9.7743 -28.2489 0.0000 0.0000 0.0000 9.7053 5.4612 -45.8985 -27.4785 -18.6025 112.3675 -0.5300 20.0261 -18.1426 -0.5772 4.8652 -13.5245 -1.0510 5.0714 37.4522 2.1634 7.0981 11.0596 0.1433 3.6308 -6.4678 -0.8555 9.2083 -32.5757 -21.7383 20.1450 18.3833 -3.8578 6.1719 14.4440 -0.0000 -0.0000 0.0000 -66.8864 -66.6023 47.0065 19.9952 -30.6366 -5.5289 -0.0000 0.0000 -17.3606 56.7268 -27.2749 -34.9283 -7.1250 0.0000 -0.0000 14.7807 -11.9995 -18.0733 -0.0000 -0.0000 0.0000 -24.1630 49.8781 -51.2657 -10.9641 18.2332 -1.7647 0.0000 0.0000 4.3493 -52.1797 -36.6302 37.5470 7.1250 -0.0000 -0.0000 -43.6075 -77.3519 34.1173
-17.0151 9.0676 1.5704 47.1585 86.7926 93.4435 0.0000 0.0000 0.0000 0.5331 7.1842 -50.2951 28.4495 18.1941 115.4433 1.2788 -12.2055 -20.7087 2.3445 -9.5495 -27.5299 0.0000 0.0000 0.0000 6.9622 3.4340 -47.2522 -28.1049 -18.3460 114.3439 -0.1764 22.0179 -16.8086 -0.5657 4.8174 -13.3884 -1.4652 5.1653 38.1330 1.5585 6.9830 10.7342 -0.2973 3.5801 -7.0044 -0.4677 9.0323 -31.3678 -21.7243 19.4120 17.6768 -4.0898 6.0500 13.8445 -0.0000 0.0000 0.0000 -70.7125 -69.0492 50.9329 17.8046 -27.9062 -4.4574 -0.0000 0.0000 -13.6011 60.0391 -27.8581 -39.0295 -7.1250 0.0000 -0.0000 16.3296 -15.0393 -20.7350 -0.0000 0.0000 0.0000 -23.4486 49.0034 -52.4612 -10.7596 17.9189 -1.7012 0.0000 0.0000 6.2314 -51.6695 -37.6083 37.6638 7.1250 -0.0000 -0.0000 -43.4805 -78.2339 34.7261
-17.2717 9.1128 1.5210 57.6772 85.3469 103.4660 0.0000 0.0000 0.0000 -0.1595 8.5790 -52.2170 28.9356 17.9665 117.0094 1.0078 -14.3367 -19.2258 2.1905 -9.2521 -26.5872 0.0000 0.0000 0.0000 4.2839 1.1664 -49.1393 -28.6828 -18.0868 116.1926 0.0497 23.2132 -16.0117 -0.6428 5.1290 -14.2768 -2.0648 4.7678 38.7474 0.6936 6.2371 10.8967 -0.6378 3.2756 -6.9527 -1.0292 9.0172 -32.1116 -21.5525 19.4619 16.9532 -3.8828 6.0898 13.6026 -0.0000 -0.0000 0.0000 -66.7519 -71.7322 49.5991 17.0326 -26.9007 -4.1021 -0.0000 0.0000 -14.5545 60.5029 -26.8852 -38.6376 -7.1250 0.0000 -0.0000 16.8887 -14.1675 -21.3213 -0.0000 -0.0000 0.0000 -23.5587 48.4500 -51.5459 -11.4369 18.9549 -1.9154 0.0000 -0.0000 -0.0626 -51.2446 -37.5975 37.2361 7.1250 -0.0000 -0.0000 -41.9240 -78.1438 33.3445
-17.4874 9.1705 1.5092 67.6184 83.5034 112.5440 0.0000 0.0000 0.0000 -0.7591 10.5122 -53.7031 29.3246 17.7726 118.2771 0.5087 -17.3282 -16.5822 2.0180 -8.9035 -25.4938 0.0000 0.0000 0.0000 1.6641 -1.8861 -50.3444 -29.1434 -17.8642 117.6851 0.2382 24.2499 -15.4428 -0.5646 4.8126 -13.3750 -2.6847 4.2363 40.2501 -0.4419 5.2440 10.6005 -1.2283 2.8619 -7.6653 -1.0290 8.7329 -31.4841 -20.9271 18.4458 15.6967 -3.8645 5.8902 12.7354 0.0000 0.0000 0.0000 -65.6499 -74.6054 48.5304 16.5527 -26.2643 -3.8873 -0.0000 0.0000 -17.0071 54.3472 -25.9927 -31.4233 -7.1250 0.0000 -0.0000 13.9116 -8.9050 -16.3495 0.0000 0.0000 0.0000 -18.8494 47.9656 -44.9091 -13.9434 22.6538 -2.8063 0.0000 -0.0000 -10.6086 -52.8896 -36.7964 38.3682 7.1250 -0.0000 -0.0000 -46.4200 -77.6414 36.7193
-17.6933 9.2452 1.5194 77.8293 81.3641 121.2060 0.0000 0.0000 0.0000 -1.0519 12.9440 -55.0149 29.7014 17.5744 119.5181 -0.1015 -20.0301 -13.2428 1.7962 -8.4280 -24.0219 0.0000 0.0000 0.0000 -0.7628 -6.0259 -50.3435 -29.4848 -17.6895 118.8032 0.4028 25.3449 -15.1592 -0.7734 5.6152 -15.6719 -3.1400 3.1691 43.1669 -1.6524 3.6621 10.3663 -1.7850 2.2254 -8.7138 -1.8271 8.4532 -31.8673 -19.3377 17.7607 15.1221 -3.2982 5.7446 12.1748 0.0000 0.0000 0.0000 -63.2696 -76.2063 46.5863 15.8514 -25.3187 -3.5822 -0.0000 0.0000 -15.7219 55.1127 -26.3069 -32.4393 -7.1250 0.0000 -0.0000 14.2256 -9.7623 -16.9160 0.0000 0.0000 0.0000 -10.1202 47.5122 -35.1022 -19.4343 29.9548 -5.2459 0.0000 -0.0000 -17.5962 -53.9013 -35.3916 38.4590 7.1250 -0.0000 -0.0000 -47.3408 -76.4293 36.4420
-17.9001 9.2981 1.5593 88.2029 79.0398 131.2240 0.0000 0.0000 0.0000 -0.8906 15.7952 -58.5304 30.2279 17.2797 121.2762 -0.5396 -22.0775 -11.1443 1.2632 -7.1245 -20.0846 0.0000 0.0000 0.0000 -2.5593 -10.4749 -51.7086 -29.8946 -17.4687 120.1599 0.6430 26.3842 -14.3590 -0.3639 3.8751 -10.7255 -3.6248 1.5171 44.4266 -2.8238 1.4483 10.3248 -1.9046 1.3306 -9.0878 -2.0528 8.4304 -32.8721 -18.1509 17.3294 14.2904 -2.9082 5.6910 11.7808 0.0000 -0.0000 0.0000 -54.3989 -77.0745 38.5806 15.6045 -24.9815 -3.4773 -0.0000 0.0000 -14.0470 56.4174 -25.9237 -33.3623 -7.1250 0.0000 -0.0000 15.0359 -10.0937 -18.0131 0.0000 -0.0000 0.0000 1.4292 46.6297 -22.5741 -28.7235 39.7738 -10.5834 0.0000 -0.0000 -21.5198 -53.4806 -35.7427 38.2688 7.1250 -0.0000 -0.0000 -46.5420 -76.7036 36.0160
-18.1095 9.3517 1.6203 96.5055 76.7380 138.9820 0.0000 0.0000 0.0000 -0.3644 19.1679 -62.2664 30.7097 16.9909 122.9113 -0.5659 -24.2466 -12.9696 2.2915 -9.4485 -27.2086 0.0000 0.0000 0.0000 -3.6348 -14.7300 -52.8230 -30.2723 -17.2539 121.4256 0.6226 26.6733 -14.7664 -0.5180 4.6127 -12.8070 -4.3585 0.2325 45.8949 -3.3785 -0.3698 10.2949 -1.3823 0.6159 -9.5063 -3.1893 8.0681 -34.6994 -16.0243 16.9568 14.7891 -2.0412 5.5501 11.8520 0.0000 0.0000 0.0000 -46.9121 -78.1128 30.4590 15.6508 -25.0448 -3.4968 -0.0000 0.0000 -13.7566 53.5898 -25.3307 -30.1178 -7.1250 0.0000 -0.0000 13.7007 -7.6260 -15.8283 0.0000 0.0000 0.0000 13.0511 44.2689 -9.3368 -40.9371 48.6154 -19.1394 0.0000 -0.0000 -23.8364 -50.5191 -43.3438 39.8012 7.1250 -0.0000 -0.0000 -53.2115 -83.5395 47.8452
-18.3314 9.3910 1.6590 101.6130 73.8371 144.1720 0.0000 0.0000 0.0000 -1.0081 20.6686 -66.9540 31.1142 16.7337 124.3057 -1.0868 -26.4389 -11.0383 2.3918 -9.6384 -27.8136 0.0000 0.0000 0.0000 -5.7217 -19.4362 -54.5507 -30.6752 -17.0123 122.7931 1.0553 28.4839 -13.4777 -0.6514 5.1627 -14.3732 -4.4846 -1.1980 46.1717 -4.4066 -2.1391 10.2611 -1.6642 -0.0777 -9.6595 -2.7450 6.9752 -33.5993 -15.2648 14.4683 12.0567 -2.3752 4.8792 10.3865 0.0000 0.0000 0.0000 -42.6187 -79.2793 27.0164 15.4136 -24.7191 -3.3970 -0.0000 0.0000 -12.1312 52.3396 -24.6795 -28.4138 -7.1250 0.0000 -0.0000 13.2107 -6.1047 -14.9239 0.0000 0.0000 0.0000 25.1797 40.3997 3.4129 -54.1432 54.5357 -29.5169 0.0000 -0.0000 -23.6789 -47.5474 -44.4028 37.4108 7.1250 -0.0000 -0.0000 -38.3128 -84.2179 34.5828
-18.5347 9.4222 1.6978 105.0150 71.2968 147.4890 0.0000 0.0000 0.0000 -1.8615 22.4985 -71.1828 31.4038 16.5408 125.3170 -1.8427 -29.5507 -8.7920 2.5051 -9.8471 -28.4830 0.0000 0.0000 0.0000 -7.3376 -23.5545 -55.7869 -31.0072 -16.8031 123.9346 1.3492 29.6287 -12.6371 -0.1036 2.0751 -5.7133 -4.6082 -2.1738 46.2793 -5.3344 -3.3672 10.2476 -2.0718 -0.5408 -9.7757 -2.7588 5.3397 -33.2208 -13.2482 11.5562 10.8185 -2.2405 3.8916 9.4714 0.0000 0.0000 0.0000 -40.0055 -81.3352 25.1793 14.9583 -24.0880 -3.2089 -0.0000 0.0000 -10.1499 49.8801 -22.7222 -24.6258 -7.1250 0.0000 -0.0000 12.3885 -2.3627 -13.1960 0.0000 0.0000 0.0000 36.8785 35.8134 14.4693 -66.5067 57.8082 -39.8039 0.0000 -0.0000 -24.5451 -49.7476 -39.6427 37.0006 7.1250 -0.0000 -0.0000 -39.6649 -79.9050 32.7618
-18.7216 9.4626 1.7174 107.9900 68.5272 150.1050 0.0000 0.0000 0.0000 -3.6959 22.1100 -74.6095 31.4384 16.5172 125.4387 -2.4592 -31.8657 -7.2305 2.8833 -10.5037 -30.6237 0.0000 0.0000 0.0000 -9.2269 -28.0649 -56.2423 -31.2647 -16.6343 124.8300 1.7533 31.0004 -11.3893 -0.0419 1.3205 -3.6311 -4.5800 -3.1583 46.3878 -5.8024 -4.3537 10.7202 -2.1681 -0.8935 -9.3256 -3.1228 3.1881 -33.9198 -11.4664 8.3340 8.8341 -2.1386 2.7268 8.5301 0.0000 0.0000 0.0000 -41.9408 -84.1825 25.7017 14.3502 -23.2332 -2.9649 -0.0000 0.0000 -7.6107 47.6795 -21.8537 -22.2342 -7.1250 0.0000 -0.0000 11.3643 -0.2738 -11.6496 0.0000 0.0000 0.0000 46.0887 31.8206 22.9368 -74.1945 59.0347 -46.3564 0.0000 -0.0000 -25.9312 -43.5082 -47.7472 35.0923 7.1250 -0.0000 -0.0000 -11.4905 -86.5328 10.7797
-18.9421 9.4549 1.7162 111.4790 66.4359 153.5790 0.0000 0.0000 0.0000 -4.9564 21.5585 -78.4526 31.5942 16.4098 125.9884 -3.0167 -33.6267 -5.6696 2.9883 -10.6761 -31.1950 0.0000 0.0000 0.0000 -10.2417 -32.4307 -57.3714 -31.6541 -16.3679 126.2007 2.0671 32.2276 -10.7389 -0.0471 1.4011 -3.8532 -6.9096 -2.6092 46.6899 -3.4918 -4.5947 9.9479 1.6042 -1.0504 -9.8365 -5.3297 1.2880 -34.1327 -9.8688 6.4491 8.1192 -1.5658 1.9941 8.0659 -0.0000 -0.0000 0.0000 -61.3620 -85.3084 39.1364 13.3015 -21.7273 -2.5638 -0.0000 0.0000 -3.8739 46.3360 -21.3926 -20.9156 -7.1250 0.0000 -0.0000 10.7028 0.8576 -10.7312 -0.0000 -0.0000 0.0000 50.9464 29.1302 31.5163 -75.0920 59.1433 -47.1265 0.0000 -0.0000 -26.0245 -48.6631 -39.1751 35.6823 7.1250 -0.0000 -0.0000 -34.8916 -79.1987 28.2228
-19.2149 9.3607 1.6964 114.5890 65.1854 157.8900 0.0000 0.0000 0.0000 -5.9061 21.3874 -84.4842 32.0905 16.0523 127.7641 -3.0526 -33.7571 -5.6119 2.9759 -10.6560 -31.1283 0.0000 0.0000 0.0000 -10.2667 -35.4556 -60.6124 -32.3232 -15.8763 128.6099 2.3135 33.4728 -10.7023 -0.0101 0.6498 -1.7856 -6.8892 -3.3505 43.5931 -3.3910 -5.3267 10.0335 1.9830 -1.4830 -8.8578 -5.2232 0.0839 -33.8067 -8.2835 4.3718 6.8095 -1.3636 1.2762 7.4288 0.0000 0.0000 0.0000 -65.4304 -85.8666 41.8331 12.8732 -21.1012 -2.4075 -0.0000 0.0000 -1.2457 44.9152 -20.2114 -19.0070 -7.1250 0.0000 -0.0000 10.1485 2.8807 -9.7826 0.0000 0.0000 0.0000 58.9256 28.6579 38.1650 -70.0445 58.4405 -42.8086 0.0000 -0.0000 -23.4331 -46.7770 -40.8505 34.8368 7.1250 -0.0000 -0.0000 -29.6104 -80.4635 24.5578
-19.4439 9.3326 1.6658 117.2970 63.9267 160.5030 0.0000 0.0000 0.0000 -7.3933 20.1632 -88.1298 32.3581 15.8494 128.7378 -3.5841 -35.1772 -3.9339 3.2496 -11.0886 -32.5792 0.0000 0.0000 0.0000 -11.5006 -39.3405 -62.0328 -32.7183 -15.5646 130.0682 3.1818 35.7006 -8.0077 -0.1119 2.1569 -5.9394 -4.8572 -4.7221 41.6135 -5.0870 -5.9986 11.0598 -0.6369 -1.7590 -7.5173 -3.5391 -1.2806 -37.2147 -6.4362 1.8541 7.5818 -1.4249 0.2404 8.0293 0.0000 0.0000 0.0000 -73.7978 -88.0542 53.0066 12.7655 -20.9426 -2.3688 -0.0000 0.0000 -0.1442 43.2194 -18.4658 -16.5750 -7.1250 0.0000 -0.0000 9.5173 5.6456 -8.6580 0.0000 0.0000 0.0000 68.3446 30.1452 42.1073 -58.4966 55.8958 -33.0932 0.0000 -0.0000 -18.7511 -49.8121 -36.8530 35.3758 7.1250 -0.0000 -0.0000 -36.0532 -77.0707 27.7221
-19.6917 9.2756 1.6284 120.3310 63.2231 162.5360 0.0000 0.0000 0.0000 -8.1095 18.7823 -90.4930 32.5320 15.7136 129.3771 -4.3831 -36.5979 -0.0420 2.9308 -10.5822 -30.8834 0.0000 0.0000 0.0000 -13.0991 -41.8110 -61.5750 -33.0750 -15.2684 131.4100 4.1797 38.0302 -5.0629 -0.1620 2.5935 -7.1490 -5.2245 -5.2972 40.8656 -4.8269 -6.7155 11.2814 0.0718 -2.1121 -6.9563 -3.8316 -1.6605 -37.9390 -4.7264 1.2060 7.9827 -0.8866 0.0875 8.2121 -0.0000 0.0000 0.0000 -61.8742 -89.0372 38.6541 11.8529 -19.5837 -2.0527 -0.0000 -0.0000 3.5200 41.2014 -16.7162 -14.1341 -7.1250 0.0000 -0.0000 8.6274 8.4199 -7.3573 -0.0000 0.0000 0.0000 74.2441 33.5289 46.5513 -47.7432 52.0437 -24.3831 0.0000 -0.0000 -16.3789 -49.3368 -36.6624 34.8029 7.1250 -0.0000 -0.0000 -34.3622 -76.7548 26.1525
-19.9563 9.1933 1.5732 123.8630 62.9363 164.9690 0.0000 0.0000 0.0000 -8.9449 17.1213 -92.7319 32.7034 15.5767 130.0125 -4.4508 -36.6982 0.3495 3.0023 -10.6988 -31.2707 0.0000 0.0000 0.0000 -14.1010 -44.1075 -61.7393 -33.4930 -14.9023 133.0157 4.9114 39.7399 -3.3101 -0.3762 3.9391 -10.9054 -5.0581 -5.8480 39.8288 -4.8480 -7.2705 11.4290 0.1368 -2.3999 -6.4845 -3.4056 -1.7262 -38.1754 -3.4693 0.6415 8.7234 -0.6015 -0.0622 8.4841 0.0000 0.0000 0.0000 -48.4976 -89.4062 23.5901 11.0279 -18.3310 -1.7847 -0.0000 -0.0000 5.8366 39.8684 -15.5903 -12.6511 -7.1250 0.0000 -0.0000 7.9952 10.1546 -6.5259 0.0000 0.0000 0.0000 80.1410 38.3679 49.2721 -36.8184 46.0678 -16.1091 0.0000 -0.0000 -12.7279 -49.4963 -36.3012 34.7254 7.1250 -0.0000 -0.0000 -34.4781 -76.4156 26.0137
-20.2251 9.0886 1.5186 127.4270 63.5831 167.4200 0.0000 0.0000 0.0000 -9.2282 17.3287 -94.4793 33.0732 15.2700 131.4030 -3.9262 -35.5135 -1.6320 2.7585 -10.2934 -29.9322 0.0000 0.0000 0.0000 -14.5043 -45.5118 -62.0685 -33.9409 -14.4854 134.7814 5.5530 41.3202 -2.2950 -0.5891 4.9143 -13.6643 -5.7198 -5.7653 38.9176 -4.2749 -7.4566 11.1290 1.1149 -2.5723 -6.3524 -2.8644 -1.0785 -37.1231 -3.7475 1.1749 8.4968 -0.6883 0.1755 8.2777 0.0000 0.0000 0.0000 -15.6037 -88.7846 -11.5212 10.3762 -17.3258 -1.5851 -0.0000 -0.0000 8.9445 37.6866 -13.0729 -9.9115 -7.1250 0.0000 -0.0000 6.9999 13.7146 -5.1804 0.0000 0.0000 0.0000 85.0461 43.1685 51.3868 -28.8825 39.9161 -10.6853 0.0000 -0.0000 -12.1886 -51.8836 -35.4279 36.4590 7.1250 -0.0000 -0.0000 -40.7737 -76.0713 30.7705
-20.5078 8.9624 1.4508 130.8130 64.6536 169.3560 0.0000 0.0000 0.0000 -8.9286 19.4393 -95.5710 33.7118 14.7019 133.8723 -3.2604 -34.4359 -5.1681 2.6475 -10.1012 -29.3052 0.0000 0.0000 0.0000 -15.5878 -46.3165 -61.8595 -34.3926 -14.0368 136.6151 6.3069 42.8101 -0.5942 -0.6369 5.1060 -14.2112 -5.9329 -6.6111 38.3812 -4.0649 -8.7721 10.4145 1.9386 -3.2390 -6.8527 -5.5631 -0.4687 -37.4704 -2.1481 2.9569 9.7791 0.5902 1.0355 8.7278 -0.0000 0.0000 0.0000 -16.9403 -85.5483 -11.1008 9.7584 -16.3608 -1.4061 -0.0000 -0.0000 6.7638 37.5701 -13.4149 -10.1192 -7.1250 0.0000 -0.0000 6.8691 13.3203 -5.1396 -0.0000 0.0000 0.0000 90.0500 45.7335 57.1290 -23.7184 34.8650 -7.5450 0.0000 -0.0000 -10.6701 -55.8674 -33.2278 38.9505 7.1250 -0.0000 -0.0000 -49.8523 -74.6312 36.8817
-20.7962 8.8404 1.3637 134.4770 65.4908 171.4300 0.0000 0.0000 0.0000 -8.8589 20.9506 -96.9122 34.2727 14.1588 136.1226 -2.6670 -33.8034 -8.6826 2.5393 -9.9091 -28.6827 0.0000 0.0000 0.0000 -17.2435 -47.7021 -61.2411 -34.7881 -13.6186 138.2695 7.2938 44.3323 2.3746 -0.6465 5.1436 -14.3187 -6.3959 -6.3047 38.1744 -3.5406 -8.6017 10.1780 2.6571 -3.2084 -6.9027 -5.0634 0.6536 -37.5370 -2.6204 4.2837 11.2972 0.5764 1.5254 9.2973 0.0000 -0.0000 0.0000 -17.6616 -86.3972 -15.6764 8.5174 -14.3881 -1.0771 -0.0000 -0.0000 12.3632 36.4905 -12.5446 -9.1273 -7.1250 0.0000 -0.0000 6.2817 14.5745 -4.5267 0.0000 -0.0000 0.0000 91.1121 47.3128 57.7879 -20.8332 31.6331 -5.9622 0.0000 -0.0000 -10.0367 -53.3753 -31.9135 35.4194 7.1250 -0.0000 -0.0000 -40.4830 -72.7469 27.8691
-21.0978 8.7085 1.2434 137.8870 65.7450 173.8630 0.0000 0.0000 0.0000 -9.3129 20.9972 -99.4188 34.8140 13.5902 138.3799 -1.8402 -31.9721 -11.9880 2.6405 -10.0890 -29.2655 0.0000 0.0000 0.0000 -19.1361 -50.0634 -61.3557 -35.1842 -13.1733 139.9795 8.1522 45.8225 4.0451 -0.8899 6.0130 -16.8220 -6.3287 -6.4864 37.0625 -2.9946 -8.7778 10.1035 3.1975 -3.3732 -6.5205 -4.3952 2.0883 -37.1356 -4.5590 6.2670 12.1490 0.1355 2.1703 9.6553 -0.0000 -0.0000 0.0000 -10.1614 -87.0063 -30.3136 7.3300 -12.4610 -0.8013 -0.0000 -0.0000 19.5959 35.4396 -13.8599 -9.6752 -7.1250 0.0000 -0.0000 5.3899 13.1862 -4.0366 -0.0000 -0.0000 0.0000 92.2021 50.8501 60.3812 -16.6177 26.3511 -3.9162 0.0000 -0.0000 -9.7135 -52.4267 -29.2846 32.4475 7.1250 -0.0000 -0.0000 -35.3454 -69.6080 21.7390
-21.3745 8.6021 1.1326 140.8290 66.1700 175.4110 0.0000 0.0000 0.0000 -9.6850 21.9400 -100.7151 35.2327 13.1168 140.1925 -1.5994 -31.4883 -13.0349 2.1507 -9.1731 -26.3385 0.0000 0.0000 0.0000 -20.3704 -51.7087 -61.1644 -35.4731 -12.8304 141.2633 8.3632 46.2970 4.0069 -0.9323 6.1506 -17.2221 -6.1964 -6.4036 36.7703 -2.7060 -8.6203 10.1086 3.3617 -3.3324 -6.4014 -3.7414 3.2852 -36.4367 -6.0718 7.8450 12.5458 -0.2273 2.7141 9.8228 -0.0000 0.0000 0.0000 -5.7855 -86.8950 -37.0428 7.0262 -11.9623 -0.7371 -0.0000 -0.0000 22.1545 32.7750 -14.1952 -8.9722 -7.1250 0.0000 -0.0000 3.5694 13.2600 -2.6608 -0.0000 0.0000 0.0000 93.8111 53.4190 59.7826 -13.7103 22.3191 -2.7171 0.0000 -0.0000 -7.7770 -51.3521 -30.3709 32.3037 7.1250 -0.0000 -0.0000 -33.8648 -70.5089 21.4107
-21.6242 8.5608 1.0333 141.9320 66.3919 175.1220 0.0000 0.0000 0.0000 -11.2617 21.3825 -100.7034 35.4350 12.8765 141.0922 -0.6469 -29.4590 -17.0851 2.2394 -9.3479 -26.8899 0.0000 0.0000 0.0000 -22.9382 -53.8558 -59.5207 -35.6742 -12.5818 142.1777 8.4280 47.0555 2.0086 -0.8284 5.8066 -16.2244 -6.4214 -5.9904 37.5536 -2.5392 -8.2228 9.9805 3.5634 -3.1213 -6.7860 -2.8346 3.8164 -36.0523 -7.4172 8.4305 12.8643 -0.7410 2.8404 10.0181 0.0000 0.0000 0.0000 -7.1855 -85.9490 -30.4510 7.6924 -13.0530 -0.8814 -0.0000 -0.0000 17.6288 28.5879 -13.2269 -7.1074 -7.1250 0.0000 -0.0000 0.8468 14.9954 -0.5989 0.0000 0.0000 0.0000 92.9932 55.2346 57.9971 -12.1841 20.0801 -2.1651 0.0000 -0.0000 -7.6839 -50.7633 -30.2616 31.6785 7.1250 -0.0000 -0.0000 -32.4499 -70.2125 20.2474
-21.8470 8.6254 0.9368 142.7790 66.9957 174.8120 0.0000 0.0000 0.0000 -11.9268 20.3522 -100.3917 35.4573 12.8496 141.1921 -0.0778 -27.5175 -18.9907 2.0243 -8.9166 -25.5347 0.0000 0.0000 0.0000 -22.8604 -54.4342 -59.7931 -35.7094 -12.5374 142.3394 7.8290 46.3725 0.1051 -0.6976 5.3388 -14.8775 -6.5428 -5.1790 39.0776 -2.3156 -7.3638 9.6501 3.6469 -2.6637 -7.6866 -2.3992 3.7495 -35.7038 -7.8736 8.2189 12.7677 -1.0122 2.7226 9.9725 -0.0000 -0.0000 0.0000 -9.7399 -84.7708 -20.4159 9.4086 -15.8092 -1.3092 -0.0000 -0.0000 8.5123 26.2127 -13.3224 -6.4725 -7.1250 0.0000 -0.0000 -0.7849 15.1949 0.5518 -0.0000 -0.0000 0.0000 90.1497 56.0609 54.8660 -11.5900 19.1870 -1.9655 0.0000 -0.0000 -8.2342 -49.0975 -28.9017 29.1570 7.1250 -0.0000 -0.0000 -28.0927 -68.1589 16.1072
-22.0623 8.7638 0.8301 143.7710 67.8204 175.2620 0.0000 0.0000 0.0000 -12.5138 18.3070 -99.8965 35.2858 13.0545 140.4273 0.3415 -26.0479 -20.4924 1.8833 -8.6187 -24.6098 0.0000 0.0000 0.0000 -20.5040 -53.7491 -62.7632 -35.6417 -12.6225 142.0287 7.1152 45.2016 -1.3288 -0.5776 4.8667 -13.5288 -6.2838 -4.4245 40.4212 -2.0390 -6.4234 9.3494 3.5256 -2.1867 -8.5327 -2.4630 3.2734 -35.4005 -8.3888 7.6733 11.8836 -1.2880 2.4751 9.6183 0.0000 -0.0000 0.0000 -6.4886 -83.1213 -15.7951 11.2837 -18.7218 -1.8660 -0.0000 -0.0000 2.0896 26.0819 -13.7124 -6.6188 -7.1250 0.0000 -0.0000 -0.9039 14.7824 0.6435 0.0000 -0.0000 0.0000 86.4824 56.8478 51.2347 -11.5156 19.0742 -1.9411 0.0000 -0.0000 -8.6585 -47.9883 -28.7412 28.0943 7.1250 -0.0000 -0.0000 -25.8963 -67.6282 14.4728
-22.2696 8.9920 0.7206 144.9510 68.9992 176.2260 0.0000 0.0000 0.0000 -13.2956 15.9171 -99.6226 34.9640 13.4242 139.0220 0.9118 -23.5373 -22.4248 1.9985 -8.8630 -25.3676 0.0000 0.0000 0.0000 -17.2745 -52.1089 -66.6225 -35.3849 -12.9368 140.8677 7.1110 44.1087 1.6743 -0.5514 4.7570 -13.2167 -5.6563 -3.7662 41.2931 -1.9623 -5.3600 9.5185 2.8914 -1.6822 -8.7533 -2.7352 2.4343 -35.2718 -8.3014 6.6020 10.7484 -1.4042 2.0622 9.1382 -0.0000 -0.0000 0.0000 0.4584 -81.3475 -17.1932 12.9250 -21.1772 -2.4261 -0.0000 -0.0000 1.2730 27.5220 -14.1579 -7.2630 -7.1250 0.0000 -0.0000 0.0379 14.1015 -0.0275 -0.0000 -0.0000 0.0000 83.0493 59.2062 45.2680 -11.7004 19.3537 -2.0019 0.0000 -0.0000 -9.8320 -43.4382 -35.3461 28.7141 7.1250 -0.0000 -0.0000 -18.5333 -73.6056 12.6603
-22.4552 9.3231 0.6156 147.8960 70.7651 177.4310 0.0000 0.0000 0.0000 -13.2817 15.1958 -96.8899 34.4373 13.9907 136.7998 1.4078 -21.5915 -24.4203 1.9842 -8.8331 -25.2747 0.0000 0.0000 0.0000 -14.4055 -48.1945 -68.0881 -34.8653 -13.5339 138.5987 6.8914 42.7472 4.3478 -0.7391 5.4920 -15.3174 -4.5228 -3.2018 44.7401 -2.2438 -4.2654 9.5646 1.6228 -1.0784 -9.8928 -3.2722 1.1596 -35.2886 -6.9569 4.8233 9.5164 -1.1483 1.4508 8.5661 -0.0000 0.0000 0.0000 5.5934 -78.8988 -16.0116 14.8642 -23.9566 -3.1706 -0.0000 0.0000 -2.5581 28.0987 -14.7453 -7.7388 -7.1250 0.0000 -0.0000 0.3727 13.3673 -0.2764 -0.0000 0.0000 0.0000 80.6298 60.7619 40.5874 -11.3207 18.7782 -1.8779 0.0000 -0.0000 -8.6266 -42.6740 -34.6829 27.6820 7.1250 -0.0000 -0.0000 -16.9275 -72.6352 11.1931
-22.6354 9.6692 0.5274 152.0910 73.0141 180.5540 0.0000 0.0000 0.0000 -12.8385 14.5488 -95.2929 33.8286 14.5924 134.3341 1.9691 -18.2936 -26.5211 2.3519 -9.5635 -27.5744 0.0000 0.0000 0.0000 -10.8312 -44.3059 -70.9026 -34.4016 -14.0276 136.6521 6.6509 42.2769 3.8139 -1.2423 7.0673 -19.9150 -3.3999 -1.9892 47.2669 -2.5755 -2.3498 9.6991 -0.1454 -0.1712 -10.5475 -2.4656 -0.3507 -34.6480 -6.1301 2.2097 7.6180 -1.4064 0.4591 7.7148 0.0000 0.0000 0.0000 12.2465 -77.2866 -15.9107 16.9498 -26.7915 -4.0647 -0.0000 0.0000 -5.9905 28.1979 -14.7363 -7.7661 -7.1250 0.0000 -0.0000 0.4402 13.3628 -0.3265 0.0000 0.0000 0.0000 76.5393 62.5642 32.1198 -10.6415 17.7367 -1.6651 0.0000 -0.0000 -6.1585 -40.5787 -32.7104 24.8359 7.1250 -0.0000 -0.0000 -13.1717 -69.7894 7.8573
-22.8158 9.9994 0.4248 156.9590 75.0642 183.8260 0.0000 0.0000 0.0000 -11.8167 14.6488 -92.5843 33.2377 15.1284 132.0306 2.0793 -18.2906 -27.1381 1.8697 -8.5893 -24.5188 0.0000 0.0000 0.0000 -8.7714 -41.0867 -72.0375 -33.8604 -14.5623 134.4605 5.7429 40.2854 2.0696 -0.9266 6.1324 -17.1690 -2.0040 -1.2855 51.2871 -3.2182 -0.9404 8.7827 -2.3394 0.5414 -10.9778 -1.9141 -1.9233 -34.3707 -4.5672 -0.3973 5.6995 -1.3201 -0.5080 6.9287 0.0000 0.0000 0.0000 16.5688 -75.2580 -14.5944 18.8789 -29.2679 -4.9715 -0.0000 0.0000 -7.0694 28.9075 -14.9112 -8.0872 -7.1250 0.0000 -0.0000 0.8990 13.0620 -0.6726 0.0000 0.0000 0.0000 72.6056 64.6870 23.2731 -9.7501 16.3477 -1.4038 0.0000 -0.0000 -3.2231 -38.1881 -32.7054 23.0259 7.1250 -0.0000 -0.0000 -9.1533 -69.0259 5.2866
-22.9940 10.2415 0.3312 161.7090 77.0322 187.3500 0.0000 0.0000 0.0000 -11.3491 14.4474 -90.8541 32.7555 15.5344 130.2069 2.4447 -16.1850 -28.7059 1.9397 -8.7394 -24.9835 0.0000 0.0000 0.0000 -7.3454 -38.7300 -74.1167 -33.3966 -14.9886 132.6423 4.2704 36.8926 -1.8448 -0.3697 3.9053 -10.8103 -1.3911 -0.8354 53.4419 -3.5396 -0.1577 8.5617 -3.3790 0.9076 -11.4811 -2.7056 -3.1613 -34.0783 -2.6422 -1.9921 4.4773 -0.7488 -1.0475 6.4546 0.0000 -0.0000 0.0000 14.4461 -71.9931 -8.5399 20.7387 -31.5220 -5.9127 -0.0000 0.0000 -8.5402 29.8488 -15.0328 -8.4656 -7.1250 0.0000 -0.0000 1.5158 12.7797 -1.1433 0.0000 -0.0000 0.0000 70.0004 66.3402 19.4389 -8.9330 15.0536 -1.1827 0.0000 -0.0000 -3.5021 -37.3456 -33.5605 22.8715 7.1250 -0.0000 -0.0000 -7.4925 -69.6924 4.4351
-23.1728 10.3792 0.2564 167.3780 79.2993 192.3280 0.0000 0.0000 0.0000 -11.1160 15.7089 -90.6978 32.5441 15.7041 129.4218 2.6305 -15.1336 -29.5558 1.8726 -8.5956 -24.5383 0.0000 0.0000 0.0000 -6.5802 -35.9760 -77.1108 -33.0668 -15.2754 131.3787 3.6714 35.1864 -3.1976 -0.2184 3.0085 -8.3023 -1.0261 0.2936 53.9765 -3.7337 1.3279 8.7691 -4.4427 1.5573 -11.2196 -3.0269 -4.3293 -34.3386 -1.1834 -3.5715 4.0174 -0.4222 -1.6508 6.3473 0.0000 0.0000 0.0000 14.7887 -70.0131 -5.2244 22.4215 -33.4501 -6.8167 -0.0000 0.0000 -10.9654 30.8852 -15.3339 -8.9882 -7.1250 0.0000 -0.0000 2.1715 12.2700 -1.6616 0.0000 0.0000 0.0000 65.4803 67.8709 10.7108 -8.0414 13.6200 -0.9619 0.0000 -0.0000 -0.4292 -36.4362 -32.6674 21.7259 7.1250 -0.0000 -0.0000 -6.3890 -68.4343 3.5989
-23.3565 10.4061 0.1949 173.4520 80.7791 197.8520 0.0000 0.0000 0.0000 -10.9137 16.8115 -90.6173 32.5400 15.7073 129.4065 2.7262 -15.0133 -30.0548 1.3947 -7.4714 -21.1196 0.0000 0.0000 0.0000 -6.7465 -34.3510 -80.2137 -32.8975 -15.4176 130.7391 3.2637 34.0564 -4.3972 -0.3505 3.8039 -10.5255 -0.0937 0.9493 53.7693 -4.1782 2.5175 8.9800 -5.8876 2.0803 -10.8585 -2.5938 -5.0673 -34.1063 -0.1842 -4.8807 3.6253 -0.3238 -2.1718 6.2038 -0.0000 0.0000 0.0000 13.2337 -68.1464 -0.7712 24.4278 -35.6134 -7.9543 -0.0000 0.0000 -11.9851 30.4680 -15.8191 -9.1109 -7.1250 0.0000 -0.0000 1.8377 11.7900 -1.4242 -0.0000 0.0000 0.0000 61.7460 68.6432 0.3663 -7.2606 12.3473 -0.7864 0.0000 0.0000 4.9442 -34.9398 -32.9316 20.7972 7.1250 -0.0000 -0.0000 -3.9941 -68.2542 2.2315
-23.5387 10.3432 0.1597 179.8390 81.4952 204.5330 0.0000 0.0000 0.0000 -10.8121 17.0312 -92.4853 32.7352 15.5509 130.1310 2.8678 -14.0090 -30.7022 1.1430 -6.7892 -19.0922 0.0000 0.0000 0.0000 -6.6332 -34.1586 -84.4921 -32.8902 -15.4236 130.7118 3.2052 33.4456 -3.6704 -0.3176 3.6226 -10.0174 0.2070 1.3864 51.6308 -3.6670 3.2208 9.4519 -5.6816 2.3495 -10.0256 -3.6825 -5.6706 -34.6013 0.7519 -5.3270 3.9546 0.0827 -2.3122 6.4331 -0.0000 0.0000 0.0000 11.7226 -65.3418 2.8450 25.9440 -37.1534 -8.8538 -0.0000 0.0000 -13.6853 30.5680 -16.1219 -9.3142 -7.1250 0.0000 -0.0000 1.8677 11.4303 -1.4613 -0.0000 0.0000 0.0000 59.2094 69.8392 -6.3185 -6.5218 11.1295 -0.6361 0.0000 0.0000 9.9704 -33.5276 -32.6694 19.6798 7.1250 -0.0000 -0.0000 -2.0424 -67.5375 1.1073
-23.7124 10.1821 0.1555 183.3160 81.8069 209.2490 0.0000 0.0000 0.0000 -10.8848 16.3780 -96.5576 33.1406 15.2124 131.6594 2.9723 -14.3656 -31.2855 1.4712 -7.6648 -21.7005 0.0000 0.0000 0.0000 -5.8871 -34.1257 -91.1209 -33.0886 -15.2568 131.4615 2.8186 32.1833 -4.6833 -0.4939 4.5059 -12.5046 0.2115 1.8314 46.9127 -2.9953 3.7626 10.9194 -5.1208 2.5131 -8.8980 -4.6158 -5.9447 -34.1951 1.4908 -5.4245 3.6787 0.4704 -2.3021 6.3367 -0.0000 -0.0000 0.0000 10.0076 -62.8003 6.0557 27.1074 -38.2814 -9.5656 -0.0000 0.0000 -14.3523 31.4142 -16.4295 -9.8005 -7.1250 0.0000 -0.0000 2.3857 10.9316 -1.8917 -0.0000 -0.0000 0.0000 57.2785 70.0896 -9.4368 -6.2352 10.6539 -0.5819 0.0000 0.0000 12.0490 -32.9794 -32.5428 19.2421 7.1250 -0.0000 -0.0000 -1.3224 -67.2358 0.7078
-23.8732 9.9673 0.1932 186.7730 82.1445 213.8890 0.0000 0.0000 0.0000 -11.6122 17.3697 -100.3576 33.5853 14.8185 133.3758 2.9851 -13.6704 -31.2935 1.0774 -6.5979 -18.5294 0.0000 0.0000 0.0000 -5.1894 -32.9528 -96.9652 -33.1971 -15.1636 131.8753 2.8054 31.5313 -3.5076 -0.3666 3.8894 -10.7659 -0.0852 2.3882 43.1045 -2.4798 4.2803 11.1999 -4.4546 2.7096 -7.5799 -5.5341 -6.2888 -34.1661 2.2041 -5.6100 3.8486 0.8223 -2.3414 6.4425 0.0000 0.0000 0.0000 8.4681 -60.5326 7.8990 28.0153 -39.1304 -10.1334 -0.0000 0.0000 -14.7075 31.1998 -16.6137 -9.8237 -7.1250 0.0000 -0.0000 2.2218 10.7610 -1.7693 0.0000 0.0000 0.0000 56.2372 69.8945 -9.4786 -6.4596 11.0265 -0.6241 0.0000 0.0000 11.4287 -32.9544 -32.3482 19.1300 7.1250 -0.0000 -0.0000 -1.3878 -67.0205 0.7359
-24.0189 9.7227 0.2626 188.2000 82.4276 215.9040 0.0000 0.0000 0.0000 -12.2551 18.0374 -104.5052 34.1058 14.3250 135.4445 3.1307 -12.1085 -31.9744 1.7892 -8.4124 -23.9739 0.0000 0.0000 0.0000 -4.4092 -30.9951 -101.1231 -33.1580 -15.1974 131.7260 3.0151 32.0733 -2.5535 -0.3254 3.6662 -10.1394 -0.6294 2.8041 40.0135 -2.1706 4.5782 11.4751 -3.8027 2.8268 -6.3883 -5.7602 -6.3620 -34.2642 2.2547 -5.6218 4.0695 0.8673 -2.3502 6.5378 0.0000 -0.0000 0.0000 7.5926 -58.6499 8.4092 28.4889 -39.5624 -10.4336 -0.0000 0.0000 -15.4402 31.4998 -16.5113 -9.8795 -7.1250 0.0000 -0.0000 2.4313 10.8229 -1.9333 0.0000 -0.0000 0.0000 55.7799 70.2426 -9.5210 -6.3216 10.7975 -0.5980 0.0000 0.0000 11.3267 -33.0751 -32.3904 19.2327 7.1250 -0.0000 -0.0000 -1.5371 -67.1017 0.8180
-24.1444 9.3774 0.3719 187.2580 82.2669 214.7170 0.0000 0.0000 0.0000 -12.5409 19.7589 -107.7596 34.7369 13.6741 138.0526 3.0558 -12.5667 -31.5984 1.5505 -7.8593 -22.2874 0.0000 0.0000 0.0000 -4.4948 -31.2555 -104.7483 -33.6246 -14.7825 133.5297 3.2053 32.4552 -1.4406 -0.2687 3.3347 -9.2121 -0.9003 3.0171 38.2249 -1.8984 4.7612 11.5580 -3.3495 2.8964 -5.7546 -5.6849 -6.3944 -34.1400 2.0189 -5.7007 4.4430 0.7593 -2.4258 6.6429 0.0000 0.0000 0.0000 7.4099 -57.3019 8.4416 28.5789 -39.6438 -10.4910 -0.0000 0.0000 -16.4301 32.1319 -16.0007 -9.8221 -7.1250 0.0000 -0.0000 2.9118 11.2909 -2.2884 0.0000 0.0000 0.0000 57.0190 69.9101 -7.7542 -6.3986 10.9253 -0.6125 0.0000 0.0000 10.0930 -34.1447 -31.8322 19.6821 7.1250 -0.0000 -0.0000 -3.3262 -66.8260 1.7497
-24.2778 9.0819 0.4731 183.8430 80.9009 212.0400 0.0000 0.0000 0.0000 -12.4525 18.6863 -111.9323 35.1937 13.1622 140.0211 2.9237 -12.2089 -30.8800 1.4128 -7.5175 -21.2579 0.0000 0.0000 0.0000 -2.7970 -34.6928 -109.8524 -34.3740 -14.0559 136.5382 3.1840 32.1038 -0.7977 -0.2601 3.2814 -9.0632 -0.0535 2.3540 35.3181 -1.7649 4.2014 11.4722 -3.3182 2.6178 -4.9971 -5.9511 -6.3681 -33.7304 2.1922 -5.6442 4.6811 0.8687 -2.4031 6.6848 0.0000 -0.0000 0.0000 6.7521 -56.5723 7.7957 27.8954 -39.0197 -10.0578 -0.0000 0.0000 -16.8420 32.3687 -16.3000 -10.0875 -7.1250 0.0000 -0.0000 3.0277 10.9041 -2.4037 0.0000 -0.0000 0.0000 57.8865 69.7578 -6.9835 -6.4921 11.0804 -0.6304 0.0000 0.0000 10.7736 -33.6864 -33.3565 20.1285 7.1250 -0.0000 -0.0000 -1.9113 -68.3194 1.0701
-24.4027 8.8039 0.5723 173.6510 79.6347 201.6920 0.0000 0.0000 0.0000 -13.3060 16.2615 -113.8140 35.4957 12.8029 141.3651 3.0111 -10.4773 -31.3189 1.6537 -8.1042 -23.0310 0.0000 0.0000 0.0000 -2.4265 -39.7804 -113.5662 -35.0693 -13.3053 139.4777 3.3348 32.3882 0.2136 -0.2765 3.3824 -9.3451 -0.0039 1.6635 34.0235 -2.0159 3.3364 11.3289 -3.2669 2.2134 -4.7210 -5.7512 -6.2776 -33.7641 1.9200 -5.6028 5.2973 0.7421 -2.4244 6.8854 0.0000 -0.0000 0.0000 5.5447 -55.9492 7.2192 27.9261 -39.0481 -10.0771 -0.0000 0.0000 -17.4417 33.8143 -15.8194 -10.3478 -7.1250 0.0000 -0.0000 4.0396 11.1855 -3.1874 0.0000 -0.0000 0.0000 59.8383 69.2276 -4.7693 -6.6084 11.2730 -0.6529 0.0000 0.0000 9.4380 -35.1860 -30.2051 19.5301 7.1250 -0.0000 -0.0000 -5.4158 -65.3644 2.6689
-24.5345 8.6099 0.6696 165.8370 76.6877 192.9440 0.0000 0.0000 0.0000 -13.1668 11.8484 -113.8747 35.6281 12.6395 141.9665 3.0558 -8.7171 -31.6142 1.6117 -8.0057 -22.7313 0.0000 0.0000 0.0000 -2.4471 -46.4617 -114.9143 -35.4810 -12.8208 141.2988 3.5388 32.3504 3.0827 -0.0287 -1.0945 3.0088 1.2808 0.2420 34.0852 -2.3756 1.9843 11.0910 -3.8884 1.6143 -5.0339 -5.8619 -6.3700 -32.8824 2.0255 -5.8193 5.6594 0.7686 -2.5507 6.9112 0.0000 -0.0000 0.0000 4.6928 -56.0801 6.9738 27.8763 -39.0021 -10.0457 -0.0000 0.0000 -18.8051 34.7098 -15.0431 -10.1920 -7.1250 0.0000 -0.0000 4.7376 11.9226 -3.6695 0.0000 -0.0000 0.0000 60.7452 68.4687 -6.5838 -6.9886 11.9005 -0.7293 0.0000 0.0000 14.2046 -30.5159 -35.2203 18.7745 7.1250 -0.0000 -0.0000 3.9719 -69.2757 -2.3107
-24.6606 8.4685 0.7990 163.1260 74.8968 189.2580 0.0000 0.0000 0.0000 -12.4614 10.4000 -114.0278 35.6693 12.5880 142.1550 2.8727 -10.0092 -30.5686 1.1425 -6.7875 -19.0874 0.0000 0.0000 0.0000 -2.5642 -50.1865 -115.7992 -35.7449 -12.4924 142.5031 3.9246 33.4362 4.8877 -0.1771 -2.7107 7.4744 1.9195 -0.3293 33.9299 -2.5252 1.5135 11.1744 -4.2238 1.4302 -4.9086 -5.6433 -6.5676 -33.6965 1.7412 -6.0869 6.5885 0.5709 -2.7079 7.3296 -0.0000 -0.0000 0.0000 4.4744 -56.7495 5.6331 27.5780 -38.7248 -9.8585 -0.0000 0.0000 -19.4018 33.3948 -14.5670 -9.4145 -7.1250 0.0000 -0.0000 3.9342 12.7212 -2.9785 -0.0000 -0.0000 0.0000 58.7037 68.7554 -7.9196 -6.2054 10.6043 -0.5764 0.0000 0.0000 11.5499 -34.2671 -31.7749 19.7363 7.1250 -0.0000 -0.0000 -3.5261 -66.8005 1.8529
-24.7748 8.4025 0.9513 161.8920 73.7066 187.0590 0.0000 0.0000 0.0000 -12.1515 9.4399 -113.6353 35.5622 12.7212 141.6664 2.9105 -9.3658 -30.7914 1.3501 -7.3557 -20.7735 0.0000 0.0000 0.0000 -2.8698 -51.9371 -116.1383 -35.9157 -12.2717 143.2999 3.9003 33.0486 6.3277 -0.4714 -4.4036 12.2151 2.1695 -0.3975 33.8382 -2.5250 1.5319 11.1824 -4.3619 1.4570 -4.8616 -5.6830 -6.5368 -33.1446 1.5360 -6.0490 6.5977 0.5205 -2.7227 7.2536 -0.0000 -0.0000 0.0000 3.4351 -57.8921 4.9511 27.3757 -38.5351 -9.7323 -0.0000 0.0000 -18.4951 33.5590 -13.7944 -8.9881 -7.1250 0.0000 -0.0000 4.1450 13.5946 -3.0628 -0.0000 -0.0000 0.0000 57.5101 68.6735 -13.4828 -5.5925 9.5809 -0.4690 0.0000 0.0000 16.3725 -32.0477 -34.2095 19.3903 7.1250 -0.0000 -0.0000 1.0091 -68.7092 -0.5738
-24.8831 8.4229 1.1007 161.4330 72.4128 185.6250 0.0000 0.0000 0.0000 -11.6337 7.7928 -112.4894 35.2814 13.0597 140.4075 2.9555 -8.4432 -31.0815 1.3510 -7.3582 -20.7811 0.0000 0.0000 0.0000 -1.4947 -52.6614 -116.0475 -35.9650 -12.2069 143.5321 4.0316 34.3251 2.9826 -0.0742 -1.7575 4.8359 2.6535 -0.4574 34.1204 -2.4994 1.6396 11.0797 -4.6391 1.5222 -5.0583 -5.3219 -6.6939 -32.4458 1.3466 -6.4504 6.6035 0.3518 -2.9396 7.1577 -0.0000 0.0000 0.0000 2.6904 -58.9939 5.4103 27.7014 -38.8399 -9.9358 -0.0000 0.0000 -19.1215 36.0274 -15.7260 -11.1510 -7.1250 0.0000 -0.0000 5.4967 10.8522 -4.3842 -0.0000 0.0000 0.0000 59.9662 67.0681 -18.4617 -5.6808 9.7287 -0.4838 0.0000 0.0000 23.4443 -25.3334 -40.9695 17.2442 7.1250 -0.0000 -0.0000 18.4151 -73.1265 -12.3893
-24.9885 8.5395 1.2604 161.1900 71.9979 184.6390 0.0000 0.0000 0.0000 -10.8507 7.6076 -111.1562 34.8990 13.4966 138.7428 2.8659 -9.4661 -30.5423 1.1221 -6.7289 -18.9146 0.0000 0.0000 0.0000 -0.4652 -49.7872 -114.4112 -35.7664 -12.4650 142.6026 3.1117 33.6762 -4.9611 -0.3180 3.6250 -10.0240 2.6187 -0.3104 34.6847 -2.5108 1.8488 11.0283 -4.7187 1.6281 -5.2991 -5.1199 -6.6229 -33.0118 0.9130 -6.3208 7.0042 0.1756 -2.9135 7.3454 -0.0000 -0.0000 0.0000 1.8744 -59.3225 6.1197 28.4031 -39.4847 -10.3790 -0.0000 0.0000 -19.3839 36.3510 -15.8023 -11.3326 -7.1250 0.0000 -0.0000 5.6947 10.6933 -4.5623 -0.0000 -0.0000 0.0000 57.6276 66.9955 -24.5107 -5.5533 9.5151 -0.4625 0.0000 0.0000 27.5467 -28.9281 -34.6878 17.4598 7.1250 -0.0000 -0.0000 5.7683 -68.2349 -3.2223
-25.0832 8.7123 1.4281 160.6600 72.0138 184.4100 0.0000 0.0000 0.0000 -9.7385 7.2759 -110.3576 34.3502 14.0802 136.4404 2.6896 -10.4049 -29.5452 1.0458 -6.5033 -18.2519 0.0000 0.0000 0.0000 0.6349 -46.4690 -113.7201 -35.6082 -12.6643 141.8757 1.6826 31.4851 -12.4715 -1.7829 8.3984 -23.9309 2.2469 0.0732 34.3612 -2.5044 2.1602 10.8805 -4.6165 1.7523 -5.3250 -4.3797 -5.8484 -33.9700 -0.6629 -5.2676 7.9961 -0.3531 -2.5686 7.7292 0.0000 -0.0000 0.0000 1.2616 -58.5287 7.2948 29.9881 -40.8832 -11.4018 -0.0000 0.0000 -19.7015 36.2655 -15.9488 -11.3975 -7.1250 0.0000 -0.0000 5.6161 10.5371 -4.5167 0.0000 -0.0000 0.0000 54.8722 66.4387 -25.6365 -6.1397 10.4949 -0.5644 0.0000 0.0000 27.3383 -18.8864 -36.8529 11.5953 7.1250 -0.0000 -0.0000 20.7414 -67.2796 -11.3178
-25.1750 8.9659 1.5633 160.2530 70.8579 183.7920 0.0000 0.0000 0.0000 -8.7553 4.6447 -108.1103 33.5513 14.8495 133.2431 2.6091 -9.7445 -29.0867 0.9728 -6.2790 -17.5962 0.0000 0.0000 0.0000 1.2816 -43.9315 -111.5509 -35.2147 -13.1379 140.1133 1.2301 28.7526 -12.5161 -0.5412 4.7134 -13.0930 3.2340 -0.4245 35.0413 -2.7604 1.8672 10.6409 -5.3393 1.6233 -5.8282 -2.5542 -3.6983 -34.0900 -4.0574 -2.5752 8.8880 -1.4177 -1.6318 7.9712 -0.0000 0.0000 0.0000 -1.1630 -58.0319 9.8788 31.3889 -42.0545 -12.3295 -0.0000 0.0000 -18.0081 36.9127 -16.3934 -11.9696 -7.1250 0.0000 -0.0000 5.9618 9.8659 -4.8793 -0.0000 0.0000 0.0000 52.7180 64.7313 -21.2457 -6.7217 11.4604 -0.6753 0.0000 0.0000 18.4751 -16.4115 -35.2663 9.6513 7.1250 -0.0000 -0.0000 21.8047 -65.1200 -10.8442
-25.2390 9.3333 1.7109 160.3660 70.1126 182.0080 0.0000 0.0000 0.0000 -8.2413 3.3073 -103.2310 32.5232 15.7206 129.3447 2.5851 -9.4984 -28.9510 0.9705 -6.2719 -17.5753 0.0000 0.0000 0.0000 1.2027 -40.6710 -106.2395 -34.5834 -13.8381 137.4072 0.1048 25.8544 -17.5867 -0.9680 6.2640 -17.5524 3.8721 -1.1163 38.1003 -2.7770 1.4932 10.6119 -5.6231 1.4985 -6.8087 -1.6673 -1.1746 -35.1455 -7.5768 1.2175 10.2430 -2.2224 -0.2613 8.7338 0.0000 -0.0000 0.0000 -3.3304 -56.5601 11.9618 32.9078 -43.2591 -13.3589 -0.0000 0.0000 -16.7704 37.0079 -16.2619 -11.9189 -7.1250 0.0000 -0.0000 6.0446 10.0018 -4.9312 0.0000 -0.0000 0.0000 50.9891 63.2184 -16.1243 -7.9744 13.5114 -0.9461 0.0000 0.0000 12.8375 -3.5848 -37.1985 2.1691 7.1250 -0.0000 -0.0000 37.6330 -63.2719 -17.9579
-25.2761 9.7661 1.8632 159.4450 69.8586 178.5540 0.0000 0.0000 0.0000 -8.3621 2.8314 -96.8095 31.2055 16.6737 124.6232 2.5576 -9.7732 -28.7891 0.9502 -6.2077 -17.3882 0.0000 0.0000 0.0000 0.5629 -37.2840 -98.7820 -33.6336 -14.7743 133.5648 -0.7331 23.8427 -21.5251 -0.8650 5.9304 -16.5826 3.8900 -1.7358 42.1316 -3.1010 1.0530 10.4862 -5.8905 1.3474 -8.2603 0.0957 1.8960 -34.8110 -11.5145 5.3883 10.6938 -3.1980 1.3012 9.2422 -0.0000 -0.0000 0.0000 -4.2162 -54.8543 13.9476 33.6570 -43.8290 -13.8750 -0.0000 0.0000 -15.8830 34.7248 -15.9846 -10.8054 -7.1250 0.0000 -0.0000 4.6102 10.8135 -3.6756 -0.0000 -0.0000 0.0000 51.8094 61.0382 -6.1590 -10.0381 16.7991 -1.4859 0.0000 0.0000 3.3252 0.4390 -39.7774 -0.2809 7.1250 -0.0000 -0.0000 45.0330 -64.1025 -23.0460
-25.2948 10.2807 2.0249 158.5070 69.8669 175.3540 0.0000 0.0000 0.0000 -8.7381 2.9731 -90.1808 29.5750 17.6420 119.1003 2.4656 -10.1630 -28.2536 1.0187 -6.4211 -18.0114 0.0000 0.0000 0.0000 0.2954 -32.7790 -91.5983 -32.4080 -15.8108 128.9206 -1.4463 20.5652 -24.2439 -0.6645 5.2134 -14.5182 3.7170 -2.1290 45.7821 -3.4273 0.7683 10.2565 -6.1081 1.2648 -9.5710 1.2827 4.3291 -33.9954 -14.3985 8.7484 10.5945 -3.8008 2.6319 9.5766 0.0000 0.0000 0.0000 -5.5766 -53.0246 16.3968 34.4401 -44.4082 -14.4202 -0.0000 0.0000 -15.0091 30.9235 -16.6462 -9.7373 -7.1250 0.0000 -0.0000 2.0368 10.7741 -1.6212 0.0000 0.0000 0.0000 51.0163 58.1355 2.3102 -12.7616 20.9370 -2.3674 0.0000 -0.0000 -2.7197 -7.3371 -36.6954 4.3998 7.1250 -0.0000 -0.0000 33.2196 -63.8711 -16.0578
-25.2858 10.6908 2.1763 158.6580 69.4774 174.0590 0.0000 0.0000 0.0000 -8.5780 2.8071 -85.6496 28.1780 18.3144 114.5765 2.2798 -10.2000 -27.1467 0.9236 -6.1228 -17.1411 0.0000 0.0000 0.0000 1.0262 -30.2570 -86.5542 -31.3010 -16.6100 124.9569 -2.2717 17.5224 -28.0197 -1.5008 7.7381 -21.9215 4.1067 -2.7631 48.8059 -3.8635 0.3852 9.1008 -6.4956 1.1542 -10.2353 2.4167 5.8777 -32.8671 -16.2354 10.6642 10.0483 -4.2627 3.4566 9.5989 -0.0000 0.0000 0.0000 -6.9627 -51.2354 19.1530 35.1349 -44.9082 -14.9085 -0.0000 0.0000 -13.8621 26.7803 -16.4809 -8.1484 -7.1250 0.0000 -0.0000 -0.6741 11.6457 0.5242 -0.0000 0.0000 0.0000 51.9374 54.2016 10.4969 -15.7345 25.1593 -3.5323 0.0000 -0.0000 -8.0580 -11.5924 -34.5358 6.6333 7.1250 -0.0000 -0.0000 26.3132 -63.1668 -12.0264
-25.2396 11.0341 2.3536 158.0340 69.9706 172.7660 0.0000 0.0000 0.0000 -8.8485 3.8960 -82.3704 26.8508 18.8354 110.4116 2.2001 -10.5764 -26.6734 0.9636 -6.2503 -17.5125 0.0000 0.0000 0.0000 2.0221 -27.2689 -82.9092 -30.3489 -17.2090 121.6841 -2.3360 18.0837 -28.4940 -0.6962 5.3336 -14.8626 3.1482 -2.2890 49.6047 -3.7329 0.5259 8.8785 -5.9742 1.2135 -10.6036 2.2814 6.5352 -32.0481 -16.5928 11.6726 10.1023 -4.1732 3.9096 9.6235 0.0000 0.0000 0.0000 -9.2639 -48.8940 22.3168 35.6843 -45.2947 -15.2977 -0.0000 0.0000 -13.1619 24.1515 -17.6022 -7.7222 -7.1250 0.0000 -0.0000 -2.5099 10.8219 1.9960 0.0000 0.0000 0.0000 53.9046 50.0076 16.8964 -19.2832 29.7691 -5.1707 0.0000 -0.0000 -10.6237 -14.7652 -30.4131 7.5997 7.1250 -0.0000 -0.0000 19.2321 -60.2010 -7.2914
-25.1961 11.4063 2.4842 156.9830 69.9044 171.8250 0.0000 0.0000 0.0000 -9.4513 3.7315 -79.5222 25.4373 19.2759 106.0840 2.1392 -10.6359 -26.3014 0.8997 -6.0453 -16.9158 0.0000 0.0000 0.0000 2.7559 -24.5806 -80.2910 -29.1905 -17.8406 117.8386 -2.4974 15.9856 -28.9597 -0.7073 5.3750 -14.9814 2.6522 -2.3172 49.0916 -3.5222 0.2202 8.8608 -5.3654 1.0587 -10.5758 1.8006 6.9219 -31.8666 -16.8893 12.4826 10.1643 -4.0429 4.2407 9.7055 -0.0000 -0.0000 0.0000 -12.1987 -45.8678 25.0455 36.5512 -45.8885 -15.9170 -0.0000 0.0000 -12.0074 21.7120 -18.9755 -7.3774 -7.1250 0.0000 -0.0000 -4.2139 9.7139 3.4520 -0.0000 -0.0000 0.0000 54.5915 46.0714 21.8218 -22.9867 34.0742 -7.1308 0.0000 -0.0000 -13.6004 -15.0878 -29.1986 7.4924 7.1250 -0.0000 -0.0000 18.0081 -59.1275 -6.3442
-25.1434 11.7078 2.5857 156.0780 69.8722 171.6830 0.0000 0.0000 0.0000 -9.7494 3.2285 -77.7305 24.1400 19.5840 102.1858 2.0257 -10.5013 -25.5839 0.8975 -6.0380 -16.8947 0.0000 0.0000 0.0000 2.8885 -22.6130 -78.6112 -28.2987 -18.2615 114.9611 -2.3560 17.1670 -28.4060 -0.2485 3.2074 -8.8567 2.8820 -2.3421 46.5765 -3.5266 0.0816 9.6952 -5.5098 0.9137 -10.4957 2.0063 6.7254 -30.9827 -17.0244 12.1106 10.0760 -4.2000 4.1056 9.5225 -0.0000 -0.0000 0.0000 -15.4304 -43.2273 28.4403 37.3677 -46.4307 -16.5059 -0.0000 0.0000 -11.3097 21.5624 -19.6497 -7.5693 -7.1250 0.0000 -0.0000 -4.3625 9.0258 3.6349 -0.0000 -0.0000 0.0000 56.3532 41.4220 25.2710 -26.6456 37.8391 -9.2809 0.0000 -0.0000 -15.9144 -13.0503 -30.7727 6.7633 7.1250 -0.0000 -0.0000 21.3260 -60.1327 -8.0920
-25.0912 11.9814 2.6835 154.6470 70.2174 171.1920 0.0000 0.0000 0.0000 -10.3522 3.1394 -76.8313 23.1097 19.7665 99.1263 1.9441 -9.1782 -25.0151 1.1122 -6.6999 -18.8293 0.0000 0.0000 0.0000 3.5018 -19.9235 -77.4806 -27.2140 -18.7035 111.5406 -2.5567 15.2069 -29.1647 -0.3520 3.8116 -10.5473 2.8993 -2.4045 44.7945 -3.7024 -0.1837 9.6402 -5.5684 0.7498 -10.1201 1.4297 6.2382 -31.1492 -16.5874 11.5967 10.0930 -4.0523 3.8793 9.4292 0.0000 -0.0000 0.0000 -18.7174 -39.6689 30.7951 38.7491 -47.3111 -17.5141 -0.0000 0.0000 -11.6135 22.4734 -19.6879 -7.9339 -7.1250 0.0000 -0.0000 -3.7780 8.8497 3.1589 0.0000 -0.0000 0.0000 58.3857 37.4661 28.2530 -30.0048 40.8975 -11.4128 0.0000 -0.0000 -17.5341 -11.2789 -31.0696 5.8765 7.1250 -0.0000 -0.0000 23.4187 -59.9917 -8.8574
-25.0060 12.2593 2.7399 151.8660 71.0407 168.8500 0.0000 0.0000 0.0000 -11.5136 3.6403 -75.6296 22.3127 19.8713 96.7758 1.7832 -7.0686 -23.9650 1.1515 -6.8133 -19.1634 0.0000 0.0000 0.0000 3.3744 -17.5230 -75.5993 -26.1705 -19.0615 108.3170 -2.5445 14.1624 -28.9636 -0.3040 3.5451 -9.8002 2.7225 -2.2237 43.2122 -3.9656 -0.2294 9.5848 -5.7251 0.6927 -9.7511 0.6715 5.3870 -30.6817 -15.8075 10.5686 10.2350 -3.8532 3.4542 9.1991 0.0000 0.0000 0.0000 -22.2072 -35.8230 32.7139 40.3043 -48.2492 -18.6660 -0.0000 0.0000 -11.8850 21.4338 -19.1092 -7.3234 -7.1250 0.0000 -0.0000 -4.4045 9.6126 3.6182 0.0000 0.0000 0.0000 59.6272 33.8392 30.4129 -32.3408 42.8172 -12.9719 0.0000 -0.0000 -18.3206 -10.4934 -31.3470 5.5037 7.1250 -0.0000 -0.0000 24.4643 -60.0585 -9.3207
-24.9247 12.5470 2.7862 149.1530 71.5705 166.0020 0.0000 0.0000 0.0000 -12.2902 3.7710 -74.3022 21.7106 19.9297 95.0072 1.4082 -4.5049 -21.4115 1.2478 -7.0823 -19.9595 0.0000 0.0000 0.0000 3.2796 -15.3888 -72.7572 -24.9595 -19.3998 104.6412 -2.6872 13.1508 -29.6521 -0.1800 2.7328 -7.5357 2.4929 -2.4367 42.5126 -4.1416 -0.6705 9.5845 -5.5984 0.4809 -9.5964 -1.0799 4.1869 -30.5801 -14.0686 9.2409 10.1306 -3.2061 2.9485 8.8178 0.0000 -0.0000 0.0000 -26.1387 -31.6596 34.2568 40.8139 -48.5448 -19.0470 -0.0000 0.0000 -12.9350 22.8876 -19.0402 -7.8416 -7.1250 0.0000 -0.0000 -3.4559 9.4735 2.8453 0.0000 -0.0000 0.0000 60.5662 31.5802 32.7239 -33.6172 43.7991 -13.8475 0.0000 -0.0000 -18.9443 -10.4866 -31.0787 5.4580 7.1250 -0.0000 -0.0000 24.2460 -59.8156 -9.0898
-24.8416 12.8490 2.8218 145.9080 71.9660 162.4910 0.0000 0.0000 0.0000 -12.6158 3.8027 -73.1468 21.2528 19.9623 93.6653 0.8787 -2.2751 -17.0909 1.2764 -7.1601 -20.1906 0.0000 0.0000 0.0000 3.1411 -13.8569 -69.7273 -23.6507 -19.6774 100.7293 -2.8957 11.7419 -30.7112 -0.2388 3.1448 -8.6820 2.1875 -2.5656 42.1133 -4.3800 -1.0574 9.4021 -5.5320 0.2821 -9.7288 -2.4682 2.7199 -29.7013 -12.0976 7.2935 9.9801 -2.6341 2.2084 8.3185 -0.0000 -0.0000 0.0000 -29.8808 -27.6545 35.6988 40.9120 -48.6010 -19.1206 -0.0000 0.0000 -12.7740 23.9421 -19.5370 -8.4460 -7.1250 0.0000 -0.0000 -2.8179 8.7819 2.3576 -0.0000 -0.0000 0.0000 61.9714 29.0633 34.6224 -34.4145 44.3895 -14.4022 0.0000 -0.0000 -19.7092 -13.9986 -28.9837 6.8881 7.1250 -0.0000 -0.0000 19.0013 -58.6792 -6.5040
-24.7594 13.1406 2.8452 143.6400 72.5856 160.3180 0.0000 0.0000 0.0000 -12.3000 3.9324 -73.0260 20.8444 19.9829 92.4696 0.4440 0.1311 -12.6374 1.3766 -7.4247 -20.9798 0.0000 0.0000 0.0000 3.3792 -12.1343 -67.2254 -22.3935 -19.8621 97.0136 -3.0054 10.2223 -31.2903 -0.2871 3.4460 -9.5230 2.3350 -2.6403 41.2917 -4.6789 -1.2493 9.1257 -5.8517 0.1464 -9.8309 -3.3560 1.0634 -27.9411 -10.3589 4.7869 8.7638 -2.2735 1.2786 7.3980 0.0000 0.0000 0.0000 -32.5232 -23.9914 36.8098 40.8458 -48.5631 -19.0709 -0.0000 0.0000 -12.3484 22.7949 -19.7751 -8.0924 -7.1250 0.0000 -0.0000 -3.5784 8.7082 3.0014 0.0000 0.0000 0.0000 63.6584 26.9178 35.9476 -34.4793 44.4367 -14.4476 0.0000 -0.0000 -19.3710 -14.1212 -29.9611 7.1612 7.1250 -0.0000 -0.0000 19.5751 -59.6267 -7.1575
-24.6751 13.3847 2.8566 142.4210 72.8575 159.5170 0.0000 0.0000 0.0000 -12.0754 3.4351 -73.2026 20.0638 19.9999 90.1867 0.3245 2.6089 -12.0409 1.5805 -7.9314 -22.5058 0.0000 0.0000 0.0000 3.6806 -10.7957 -65.4507 -21.2803 -19.9607 93.7458 -3.0454 9.1053 -31.5386 -0.2948 3.4914 -9.6500 1.9258 -2.9546 40.2156 -4.2559 -1.8075 9.2340 -4.9327 -0.1263 -9.3894 -6.4208 -0.5613 -29.1168 -7.5981 3.3590 8.2832 -1.0783 0.7686 7.2179 -0.0000 -0.0000 0.0000 -36.1208 -20.4595 35.7732 40.4298 -48.3225 -18.7596 -0.0000 0.0000 -11.0965 22.6883 -19.9050 -8.1009 -7.1250 0.0000 -0.0000 -3.6583 8.5872 3.0775 -0.0000 -0.0000 0.0000 64.0390 25.8287 37.1114 -35.3123 45.0339 -15.0339 0.0000 -0.0000 -19.7082 -13.6110 -32.5346 7.4193 7.1250 -0.0000 -0.0000 22.2166 -61.8885 -9.3801
-24.6048 13.5814 2.8455 142.4780 72.1424 160.2100 0.0000 0.0000 0.0000 -11.8241 1.1576 -72.9621 18.4342 19.9411 85.4176 0.3968 3.4543 -13.6737 1.4973 -7.7295 -21.8953 0.0000 0.0000 0.0000 3.7946 -10.9595 -64.3727 -20.2931 -19.9979 90.8570 -3.0273 8.2316 -31.4887 -0.3478 3.7891 -10.4842 2.2725 -3.4503 39.2528 -4.0918 -2.3494 9.0759 -4.7146 -0.4132 -9.3077 -7.3586 -1.9273 -29.0147 -5.8235 1.5338 7.6490 -0.5903 0.0729 6.9202 -0.0000 -0.0000 0.0000 -39.0193 -18.1624 36.0179 40.1735 -48.1724 -18.5684 -0.0000 0.0000 -11.8719 22.7091 -19.5737 -7.9811 -7.1250 0.0000 -0.0000 -3.6164 8.9348 3.0170 -0.0000 -0.0000 0.0000 65.0888 24.2822 36.6416 -35.7331 45.3286 -15.3324 0.0000 -0.0000 -20.2014 -15.0057 -30.3428 7.7118 7.1250 -0.0000 -0.0000 18.9226 -60.1910 -7.1645
-24.4740 13.8600 2.8063 141.6850 73.1627 159.4200 0.0000 0.0000 0.0000 -11.3198 1.0269 -71.3211 15.9410 19.6003 78.0560 0.5282 2.3580 -14.7885 1.6151 -8.0136 -22.7554 0.0000 0.0000 0.0000 4.4177 -9.7946 -61.7239 -19.0088 -19.9764 87.1007 -3.0137 7.8818 -31.4395 -0.3240 3.6589 -10.1189 1.8004 -3.1794 38.9182 -3.7128 -2.2174 8.9519 -4.1128 -0.3808 -9.2812 -8.0134 -2.6434 -28.9440 -4.5777 0.5752 6.9427 -0.1993 -0.2496 6.6522 0.0000 -0.0000 0.0000 -42.2512 -15.8772 35.6779 39.8025 -47.9525 -18.2924 -0.0000 0.0000 -12.2303 24.1251 -19.4570 -8.4847 -7.1250 0.0000 -0.0000 -2.6924 8.8382 2.2493 0.0000 -0.0000 0.0000 65.5717 22.7939 36.7861 -36.3404 45.7459 -15.7658 0.0000 -0.0000 -20.5961 -14.5187 -32.0374 7.8220 7.1250 -0.0000 -0.0000 20.8057 -61.6566 -8.6404
-24.3941 14.0853 2.7572 143.1650 72.3480 161.2360 0.0000 0.0000 0.0000 -10.5037 -1.5037 -69.9676 13.1249 18.8268 69.5128 0.5193 2.2135 -14.5970 1.3478 -7.3499 -20.7563 0.0000 0.0000 0.0000 4.6626 -9.8634 -59.8954 -17.8494 -19.8887 83.7008 -2.9501 6.5218 -31.2175 -0.3557 3.8314 -10.6029 2.3083 -3.6969 38.4766 -3.4772 -2.7068 8.6649 -3.9273 -0.6449 -9.4992 -8.5158 -3.1639 -28.7663 -3.1192 -0.2128 6.8218 0.2493 -0.5063 6.5721 0.0000 0.0000 0.0000 -45.1309 -14.5437 35.3950 39.6419 -47.8563 -18.1732 -0.0000 0.0000 -12.0402 27.1317 -21.2707 -10.5308 -7.1250 0.0000 -0.0000 -0.9732 6.3566 0.8596 0.0000 0.0000 0.0000 66.3030 21.1518 36.3318 -36.6781 45.9739 -16.0082 0.0000 -0.0000 -21.2325 -15.6710 -31.1367 8.2539 7.1250 -0.0000 -0.0000 18.8210 -61.0985 -7.5322
-24.2598 14.3118 2.6518 142.6520 73.0726 160.5510 0.0000 0.0000 0.0000 -9.5524 -2.4058 -67.5338 10.4609 17.6610 61.0181 0.4741 3.6287 -14.8433 1.3070 -7.2420 -20.4344 0.0000 0.0000 0.0000 4.8513 -8.9818 -57.3402 -16.8118 -19.7545 80.6415 -2.8891 5.5021 -31.0057 -0.3592 3.8503 -10.6560 2.3587 -3.4577 38.0851 -3.4819 -2.4188 8.7317 -4.0803 -0.5202 -9.2712 -8.8513 -3.6834 -29.2380 -1.9487 -0.9093 7.1043 0.5953 -0.7608 6.7471 0.0000 0.0000 0.0000 -47.3313 -13.9359 35.2100 40.4027 -48.3067 -18.7394 -0.0000 0.0000 -12.6767 29.5528 -21.6092 -11.7943 -7.1250 0.0000 -0.0000 0.5003 5.4981 -0.4500 0.0000 0.0000 0.0000 67.2911 19.9561 35.4413 -36.7893 46.0484 -16.0882 0.0000 -0.0000 -21.5199 -15.9999 -29.9732 8.1525 7.1250 -0.0000 -0.0000 17.5870 -60.0748 -6.5903
-24.2690 14.4093 2.5381 143.6970 70.4409 163.8810 0.0000 0.0000 0.0000 -8.8088 -7.3930 -68.3542 8.2583 16.3060 53.4876 0.3568 4.6410 -13.9543 1.2034 -6.9600 -19.5969 0.0000 0.0000 0.0000 4.1017 -11.0726 -59.1899 -16.2678 -19.6627 79.0286 -2.7426 4.4378 -30.3352 -0.4791 4.4388 -12.3146 3.1377 -4.4965 35.4680 -3.4108 -3.6673 8.1694 -3.9548 -1.1916 -9.1148 -8.9508 -3.9134 -29.0260 -1.1792 -1.3461 7.0849 0.8133 -0.9051 6.7250 0.0000 -0.0000 0.0000 -49.0761 -13.3899 35.4579 41.7094 -49.0507 -19.7208 -0.0000 0.0000 -14.2930 33.2467 -24.6570 -15.2955 -7.1250 0.0000 -0.0000 2.2670 1.2379 -2.2192 0.0000 -0.0000 0.0000 68.4973 19.1698 34.7107 -36.5883 45.9135 -15.9436 0.0000 -0.0000 -22.0774 -15.8670 -28.9005 7.8216 7.1250 -0.0000 -0.0000 16.9805 -59.0184 -5.9240
-24.1231 14.5826 2.3495 142.5250 72.0462 162.5500 0.0000 0.0000 0.0000 -7.7085 -7.3806 -66.0443 6.5830 14.9704 47.2789 0.1945 6.1588 -12.7909 1.3167 -7.2678 -20.5111 0.0000 0.0000 0.0000 3.9563 -9.7448 -56.8686 -15.4283 -19.4913 76.5236 -2.6675 4.0332 -29.9689 -0.5162 4.6049 -12.7849 2.7506 -3.8696 34.9095 -3.3748 -3.0917 8.1449 -3.9362 -0.9496 -8.9901 -9.2730 -4.1155 -28.8563 -0.4136 -1.6540 7.1345 1.0806 -0.9969 6.7344 0.0000 -0.0000 0.0000 -50.6579 -12.6420 35.6399 43.8925 -50.2142 -21.3843 -0.0000 0.0000 -14.7032 34.0525 -24.8207 -15.8389 -7.1250 0.0000 -0.0000 2.7178 0.8373 -2.6808 0.0000 -0.0000 0.0000 69.3701 18.8013 34.3530 -36.5513 45.8886 -15.9171 0.0000 -0.0000 -22.7642 -14.5028 -28.8664 7.1181 7.1250 -0.0000 -0.0000 18.3934 -58.6803 -6.2872
-23.9221 14.7546 2.2900 137.0440 75.5487 157.5370 0.0000 0.0000 0.0000 -7.2649 -3.9436 -64.3952 5.3177 13.7329 42.1778 0.0115 7.1057 -10.3981 1.5447 -7.8454 -22.2454 0.0000 0.0000 0.0000 4.2618 -5.9943 -54.9150 -14.5396 -19.2696 73.8457 -2.5961 2.7960 -29.7979 -0.6609 5.1994 -14.4782 -0.9095 -1.3295 33.3575 -2.8693 -1.2210 7.9635 -2.1612 -0.1008 -8.3250 -9.2308 -3.9564 -28.5152 -0.1107 -1.5708 7.3122 1.1900 -0.9425 6.7446 0.0000 -0.0000 0.0000 -51.9106 -11.8186 35.7823 47.2431 -51.8212 -23.9894 -0.0000 0.0000 -15.9844 34.9456 -24.4249 -16.1167 -7.1250 0.0000 -0.0000 3.3245 1.0345 -3.2695 0.0000 -0.0000 0.0000 70.3087 18.8997 34.6634 -36.3599 45.7591 -15.7798 0.0000 -0.0000 -23.4109 -15.8835 -25.9982 7.1097 7.1250 -0.0000 -0.0000 15.1979 -56.2149 -4.2494
-23.7981 14.8779 1.9907 136.3190 76.4775 156.7920 0.0000 0.0000 0.0000 -6.2861 -5.0233 -62.2339 4.4764 12.7687 38.5086 0.0611 6.8095 -11.0691 1.3216 -7.2808 -20.5498 0.0000 0.0000 0.0000 4.0734 -6.7004 -53.3650 -13.7305 -19.0302 71.3796 -2.4453 2.9871 -28.8443 -0.7626 5.5767 -15.5611 -0.2777 -1.4445 32.6333 -3.0717 -1.2168 7.9053 -2.7134 -0.1237 -8.1367 -9.1797 -3.9301 -28.3716 0.1500 -1.6258 7.3487 1.2639 -0.9483 6.7399 0.0000 0.0000 0.0000 -52.9874 -11.6162 36.0606 50.4286 -53.1669 -26.5168 -0.0000 0.0000 -17.8431 34.8864 -25.4061 -16.6543 -7.1250 0.0000 -0.0000 3.1002 -0.0531 -3.1076 0.0000 0.0000 0.0000 71.3812 19.5126 34.2055 -36.6359 45.9456 -15.9778 0.0000 -0.0000 -22.7728 -15.3901 -24.2307 6.4454 7.1250 -0.0000 -0.0000 14.7777 -54.3910 -3.4674
-23.6418 14.9818 1.6683 134.3000 78.2668 154.8150 0.0000 0.0000 0.0000 -5.3078 -5.2239 -60.4783 4.0799 12.2660 36.6794 0.0764 7.2812 -11.9564 1.0580 -6.5400 -18.3595 0.0000 0.0000 0.0000 3.7982 -6.1498 -51.6633 -12.9531 -18.7651 68.9797 -2.2490 2.7641 -27.6655 -0.9265 6.1319 -17.1677 -0.4874 -1.0899 31.6103 -2.8970 -0.8925 8.0984 -2.7171 -0.0243 -8.1556 -8.9316 -3.6989 -28.8824 0.2177 -1.3717 8.0276 1.2779 -0.8423 7.0308 -0.0000 -0.0000 0.0000 -54.3239 -11.2077 35.9054 53.9040 -54.4536 -29.3221 -0.0000 0.0000 -18.6345 33.3302 -23.9619 -14.9537 -7.1250 0.0000 -0.0000 2.4419 1.9924 -2.3577 -0.0000 -0.0000 0.0000 72.0177 20.4876 34.1206 -37.3275 46.4044 -16.4768 0.0000 -0.0000 -22.6196 -13.4385 -24.2201 5.5985 7.1250 -0.0000 -0.0000 16.7179 -54.0153 -3.7860
-23.4710 15.0340 1.3081 130.4490 80.4984 151.0260 0.0000 0.0000 0.0000 -4.6519 -4.8760 -59.0256 3.9907 12.1480 36.2576 0.1729 6.7015 -12.9948 1.1983 -6.9456 -19.5544 0.0000 0.0000 0.0000 3.3538 -5.4025 -50.1236 -12.2894 -18.5103 66.9033 -2.0961 3.7540 -26.4731 -0.9102 6.0793 -17.0146 -1.2529 -0.5723 30.8896 -2.6147 -0.5109 7.8669 -2.0836 0.1300 -8.0514 -9.0234 -3.3683 -29.0607 0.4259 -0.9192 8.0230 1.4249 -0.6090 7.0363 0.0000 0.0000 0.0000 -55.5704 -11.0373 35.5961 56.7540 -55.3810 -31.6546 -0.0000 0.0000 -19.0682 33.8178 -23.7561 -15.1022 -7.1250 0.0000 -0.0000 2.7724 2.0951 -2.6724 0.0000 0.0000 0.0000 72.4379 21.7179 34.9441 -37.8153 46.7209 -16.8310 0.0000 -0.0000 -22.0122 -13.5114 -24.0445 5.5917 7.1250 -0.0000 -0.0000 16.5558 -53.8590 -3.6837
-23.2922 15.0770 0.9028 128.2790 82.6054 148.9290 0.0000 0.0000 0.0000 -4.0013 -4.6748 -57.9620 4.0972 12.2887 36.7609 0.2537 5.4097 -13.0392 1.4070 -7.5028 -21.2136 0.0000 0.0000 0.0000 3.0942 -4.8071 -48.6558 -11.6547 -18.2408 64.8900 -1.9128 4.0956 -25.1809 -1.0857 6.6222 -18.6008 -1.1674 -0.2931 30.1235 -2.5666 -0.1877 7.6116 -2.1847 0.2499 -7.9704 -8.4165 -2.9075 -29.4206 0.6283 -0.5446 8.3462 1.4522 -0.4048 7.1789 0.0000 0.0000 0.0000 -56.2714 -11.6402 35.5351 58.7217 -55.9596 -33.2797 -0.0000 0.0000 -18.9081 34.6855 -23.7840 -15.5944 -7.1250 0.0000 -0.0000 3.2893 1.8307 -3.1879 0.0000 0.0000 0.0000 73.4927 22.5041 34.8411 -38.7470 47.3098 -17.5126 0.0000 -0.0000 -20.9167 -13.3102 -22.9598 5.2727 7.1250 -0.0000 -0.0000 16.2209 -52.7735 -3.1697
-23.1251 15.1032 0.4641 123.7360 84.6357 144.7000 0.0000 0.0000 0.0000 -3.3855 -4.2754 -58.4674 4.4382 12.7217 38.3355 0.0082 6.3840 -9.3160 1.1700 -6.8661 -19.3193 0.0000 0.0000 0.0000 2.5123 -3.9501 -47.5429 -11.0435 -17.9563 62.9226 -1.7276 4.1204 -23.8750 -1.2969 7.2152 -20.3545 -1.4643 -0.0176 28.8948 -2.3572 0.0659 7.5248 -1.8434 0.3473 -7.4712 -7.7054 -2.5094 -30.1470 0.7878 -0.2524 8.8647 1.4386 -0.2431 7.4457 -0.0000 -0.0000 0.0000 -57.2932 -12.4142 35.0141 60.8350 -56.5284 -35.0368 -0.0000 0.0000 -18.7592 35.8745 -24.3637 -16.6120 -7.1250 0.0000 -0.0000 3.8892 0.8393 -3.8408 -0.0000 -0.0000 0.0000 73.7791 23.6919 34.7886 -40.0285 48.0868 -18.4604 0.0000 -0.0000 -19.8692 -14.3444 -21.4842 5.3505 7.1250 -0.0000 -0.0000 14.5520 -51.5106 -2.3756
-22.9190 15.1232 0.0222 118.5450 85.7914 139.0480 0.0000 0.0000 0.0000 -4.1844 -3.4423 -58.8682 5.0215 13.4079 40.9153 -0.0411 5.9237 -7.1685 1.0769 -6.5964 -18.5250 0.0000 0.0000 0.0000 1.3941 -3.6905 -45.3167 -10.5047 -17.6841 61.1624 -1.5480 3.8934 -22.5837 -1.4267 7.5528 -21.3639 -2.0592 0.0767 29.0181 -2.1495 0.0129 7.4365 -1.2524 0.3207 -7.6279 -7.3364 -2.2294 -30.8683 1.4482 -0.0879 9.4300 1.6400 -0.0986 7.7439 0.0000 0.0000 0.0000 -58.1481 -13.9578 34.7438 61.5613 -56.7118 -35.6433 -0.0000 0.0000 -18.9284 36.4997 -24.0164 -16.7602 -7.1250 0.0000 -0.0000 4.3294 1.0533 -4.2613 0.0000 0.0000 0.0000 73.8657 24.1941 34.5233 -41.7410 49.0682 -19.7446 0.0000 -0.0000 -19.2892 -17.1964 -19.1116 5.7859 7.1250 -0.0000 -0.0000 10.9065 -49.6027 -1.2510
-22.7185 15.1439 -0.4355 102.5350 86.8480 122.4480 0.0000 0.0000 0.0000 -5.1776 -2.5091 -59.1681 5.7549 14.1866 43.9901 0.0142 5.0611 -7.6700 0.8810 -5.9836 -16.7369 0.0000 0.0000 0.0000 0.0394 -3.4895 -43.8597 -10.2622 -17.5547 60.3613 -1.2294 3.5251 -20.0899 -1.5098 7.7601 -21.9879 -2.7009 0.4268 29.2626 -2.1280 0.2510 7.3605 -0.9454 0.4358 -7.8278 -6.6382 -1.9886 -31.2947 1.7568 -0.0883 10.0573 1.6422 -0.0560 8.0218 -0.0000 -0.0000 0.0000 -58.6979 -16.4097 34.8998 61.1393 -56.6060 -35.2907 -0.0000 0.0000 -19.2030 36.2993 -22.5267 -15.7176 -7.1250 0.0000 -0.0000 4.4974 2.8209 -4.2841 -0.0000 -0.0000 0.0000 74.1150 24.4070 33.3572 -43.6227 50.0756 -21.1771 0.0000 -0.0000 -18.9738 -17.9863 -20.3550 6.4429 7.1250 -0.0000 -0.0000 10.5726 -50.9874 -1.5746
-22.5278 15.1515 -0.9101 75.7296 87.5046 95.0519 0.0000 0.0000 0.0000 -6.3132 -1.6379 -59.4266 6.5214 14.9152 47.0399 0.0941 3.8867 -8.5191 0.5232 -4.6357 -12.8723 0.0000 0.0000 0.0000 -1.3647 -3.7668 -43.9641 -10.5596 -17.7127 61.3429 -0.7803 2.9670 -15.9489 -1.1540 6.8204 -19.1844 -3.1318 0.6074 29.6640 -1.9822 0.2957 6.9770 -0.5614 0.4517 -8.4566 -5.8816 -1.3476 -31.1266 1.4972 0.4643 10.7890 1.5205 0.1812 8.2316 -0.0000 -0.0000 0.0000 -59.9886 -18.6062 34.3121 59.3335 -56.1297 -33.7871 -0.0000 0.0000 -18.1112 36.2966 -22.8987 -15.9494 -7.1250 0.0000 -0.0000 4.4251 2.3934 -4.2493 -0.0000 -0.0000 0.0000 74.3332 23.9693 32.5383 -45.6659 51.0906 -22.7558 0.0000 -0.0000 -18.4312 -18.6321 -21.2341 6.9621 7.1250 -0.0000 -0.0000 10.2571 -51.9887 -1.7804
-22.3634 15.1572 -1.3651 45.9358 87.4416 64.6305 0.0000 0.0000 0.0000 -7.5416 -0.9967 -59.5339 7.2227 15.5166 49.7117 0.1695 3.1168 -9.5714 0.3532 -3.8183 -10.5660 0.0000 0.0000 0.0000 -2.7118 -4.1111 -45.2374 -11.2311 -18.0463 63.5299 -0.3676 1.1259 -11.1138 -0.8350 5.8292 -16.2897 -3.5732 0.8957 29.5305 -1.6662 0.5773 7.1562 -0.0466 0.5875 -8.1951 -5.7725 -1.0634 -31.1299 1.6118 0.7712 10.9063 1.5909 0.3399 8.2611 0.0000 -0.0000 0.0000 -61.7398 -21.6167 33.2929 58.0476 -55.7668 -32.7216 -0.0000 0.0000 -18.1746 36.5295 -21.9935 -15.5048 -7.1250 0.0000 -0.0000 4.7374 3.3729 -4.4660 0.0000 -0.0000 0.0000 74.0627 24.1900 31.1195 -47.5594 51.9624 -24.2382 0.0000 -0.0000 -17.9033 -20.0949 -21.0494 7.4859 7.1250 -0.0000 -0.0000 8.7394 -52.0553 -1.5277
-22.2092 15.1732 -1.7663 30.9235 86.6006 49.1795 0.0000 0.0000 0.0000 -8.7514 -0.9472 -59.3111 7.8116 15.9790 51.8814 0.2798 2.4306 -11.1882 0.2622 -3.2944 -9.0994 0.0000 0.0000 0.0000 -4.1416 -4.4133 -47.1793 -11.9453 -18.3675 65.8155 -0.1199 -1.2863 -7.1449 -0.6141 5.0155 -13.9528 -4.5218 1.2808 29.5566 -1.4534 0.8080 7.2139 0.6571 0.7072 -8.1532 -5.2344 -0.7757 -31.2892 1.1624 1.0280 11.1429 1.3911 0.4266 8.3629 0.0000 0.0000 0.0000 -63.5099 -24.3316 32.3584 57.7775 -55.6880 -32.4985 -0.0000 0.0000 -19.8826 37.2921 -21.3646 -15.5064 -7.1250 0.0000 -0.0000 5.3202 3.8931 -4.9685 0.0000 0.0000 0.0000 74.0998 24.1566 29.6607 -49.9084 52.9585 -26.1010 0.0000 -0.0000 -17.6265 -20.8469 -21.0375 7.7841 7.1250 -0.0000 -0.0000 7.9853 -52.1763 -1.4182
-22.0590 15.1870 -2.1218 18.4433 85.6905 36.3007 0.0000 0.0000 0.0000 -9.6304 -0.6880 -58.9861 8.2688 16.3134 53.5252 0.4031 2.1954 -12.9978 0.2144 -2.9811 -8.2262 0.0000 0.0000 0.0000 -4.5856 -4.5302 -49.1211 -12.3935 -18.5521 67.2309 -0.0319 -3.1582 -5.9058 -0.4781 4.4341 -12.3011 -5.1288 1.5099 29.4725 -1.3272 0.9474 7.3593 1.1026 0.7761 -7.9572 -4.8048 -0.3788 -31.4039 0.8662 1.4429 11.2869 1.2856 0.6029 8.4219 -0.0000 -0.0000 0.0000 -64.7320 -26.7736 31.1705 58.4790 -55.8908 -33.0786 -0.0000 0.0000 -22.3228 37.7835 -20.5771 -15.2411 -7.1250 0.0000 -0.0000 5.7695 4.6814 -5.3069 -0.0000 -0.0000 0.0000 74.4230 24.2364 28.7999 -52.6530 54.0110 -28.3071 0.0000 -0.0000 -17.2498 -22.4503 -21.3091 8.5395 7.1250 -0.0000 -0.0000 6.4611 -52.7478 -1.2360
-21.9265 15.1838 -2.4253 9.7693 84.8370 27.2872 0.0000 0.0000 0.0000 -10.1863 -0.4959 -58.6830 8.6586 16.5829 54.9017 0.5133 2.1804 -14.5016 0.1916 -2.8193 -7.7759 0.0000 0.0000 0.0000 -4.3141 -4.6021 -50.7865 -12.2987 -18.5141 66.9324 -0.1110 -2.1895 -7.4988 -0.4481 4.2946 -11.9070 -5.4440 1.6196 29.8400 -1.2709 0.9691 7.3344 1.3322 0.7924 -8.1651 -4.4574 0.0239 -31.4877 0.7304 1.8650 11.4375 1.2504 0.7973 8.4790 0.0000 -0.0000 0.0000 -65.4203 -28.4113 29.9815 59.8348 -56.2657 -34.2037 -0.0000 0.0000 -23.5687 37.9135 -20.2071 -15.0577 -7.1250 0.0000 -0.0000 5.9190 5.0825 -5.4009 0.0000 -0.0000 0.0000 75.1698 24.1123 28.1805 -55.3847 54.9491 -30.5307 0.0000 -0.0000 -16.9076 -22.9623 -20.6474 8.4973 7.1250 -0.0000 -0.0000 5.7373 -52.1469 -1.0122
-21.7994 15.1856 -2.6857 2.3015 83.9453 19.6093 0.0000 0.0000 0.0000 -10.3118 -0.3475 -58.3928 9.0242 16.8233 56.1738 0.6673 1.8656 -16.2166 0.0526 -1.4805 -4.0719 0.0000 0.0000 0.0000 -3.4656 -4.2846 -52.1404 -11.5508 -18.1943 64.5578 -0.1827 -0.9582 -8.4827 -0.5210 4.6261 -12.8451 -5.8018 1.6232 30.0718 -1.1042 0.8616 7.3339 1.7609 0.7463 -8.2724 -4.0363 0.6373 -31.5548 0.3810 2.5795 11.5729 1.1741 1.1073 8.5275 -0.0000 -0.0000 0.0000 -65.7597 -29.5897 28.4876 60.7726 -56.5123 -34.9847 -0.0000 0.0000 -24.0517 38.4473 -20.0875 -15.2527 -7.1250 0.0000 -0.0000 6.2698 5.0773 -5.7254 -0.0000 -0.0000 0.0000 75.8569 24.3550 28.1747 -57.4194 55.5821 -32.2028 0.0000 -0.0000 -15.9338 -25.3386 -22.2943 10.1838 7.1250 -0.0000 -0.0000 3.7946 -54.3422 -0.8721
-21.6719 15.1927 -2.9074 -0.3490 82.8444 17.1149 0.0000 0.0000 0.0000 -10.9143 0.0260 -58.5103 9.3486 17.0269 57.2880 0.7988 1.6806 -17.5712 0.0164 -0.8265 -2.2717 0.0000 0.0000 0.0000 -3.0026 -3.4731 -53.3723 -10.2667 -17.5571 60.3762 -0.2163 -1.4147 -9.4203 -0.6493 5.1546 -14.3501 -6.1508 1.6984 29.9309 -1.1856 0.8308 7.2286 1.8826 0.7316 -8.3222 -3.5049 1.0819 -31.7597 -0.0394 3.0446 11.8857 1.0210 1.2914 8.6727 0.0000 -0.0000 0.0000 -65.6408 -30.3384 27.7733 61.6776 -56.7406 -35.7405 -0.0000 0.0000 -24.6271 38.7134 -19.7964 -15.1877 -7.1250 0.0000 -0.0000 6.4890 5.3500 -5.8944 0.0000 -0.0000 0.0000 76.5851 24.0709 28.2039 -59.8400 56.2671 -34.2080 0.0000 -0.0000 -15.2437 -26.6480 -21.4297 10.3893 7.1250 -0.0000 -0.0000 2.1770 -53.6748 -0.4645
-21.5432 15.2017 -3.0804 -5.8702 82.1948 11.5749 0.0000 0.0000 0.0000 -10.8658 0.5905 -58.4517 9.6006 17.1790 58.1449 0.8940 1.3164 -18.3851 0.0041 0.4151 1.1404 0.0000 0.0000 0.0000 -2.2193 -2.3029 -53.2328 -8.6789 -16.5966 54.9730 -0.2422 -2.3960 -10.4964 -0.6349 5.0982 -14.1889 -5.7304 1.4567 29.9502 -1.1001 0.6467 7.2284 1.8040 0.6349 -8.3206 -2.9574 1.6585 -31.7881 -0.8286 3.7469 12.0629 0.7709 1.5459 8.7553 0.0000 -0.0000 0.0000 -65.3685 -30.9789 27.1257 62.0125 -56.8228 -36.0206 -0.0000 0.0000 -24.7604 38.8306 -19.1721 -14.8066 -7.1250 0.0000 -0.0000 6.6800 6.0646 -5.9786 0.0000 -0.0000 0.0000 77.1822 24.0402 28.6400 -62.1428 56.8544 -36.1297 0.0000 -0.0000 -14.4283 -26.1469 -21.3374 10.1275 7.1250 -0.0000 -0.0000 2.6750 -53.4773 -0.5580
-21.4207 15.2023 -3.2081 -4.9739 81.7870 12.3442 0.0000 0.0000 0.0000 -11.6371 0.8607 -58.0897 9.7375 17.2596 58.6074 1.0241 0.9629 -19.4933 0.0222 0.9619 2.6439 0.0000 0.0000 0.0000 -2.9409 -1.0303 -52.4451 -7.1048 -15.4195 49.2697 -0.2549 -2.7811 -10.9783 -0.7108 5.3883 -15.0196 -5.8931 1.3586 30.1403 -1.1618 0.4290 7.0244 1.9030 0.5402 -8.6286 -2.2234 2.1590 -31.2692 -1.7365 4.2717 12.2309 0.4177 1.7136 8.7725 -0.0000 -0.0000 0.0000 -64.9451 -31.4460 27.2641 61.3192 -56.6513 -35.4409 -0.0000 0.0000 -24.8444 38.5852 -18.7659 -14.3956 -7.1250 0.0000 -0.0000 6.6038 6.6175 -5.8387 -0.0000 -0.0000 0.0000 77.2645 22.9283 28.8909 -65.3704 57.5790 -38.8435 0.0000 -0.0000 -14.1100 -26.6156 -21.8809 10.5782 7.1250 -0.0000 -0.0000 2.3325 -54.1547 -0.5250
-21.2957 15.2084 -3.2887 -6.4196 81.7142 10.8442 0.0000 0.0000 0.0000 -11.9631 1.2972 -57.7708 9.7575 17.2712 58.6748 1.0875 0.6720 -19.9647 0.0059 0.4959 1.3627 0.0000 0.0000 0.0000 -3.4767 0.4573 -51.2484 -5.6795 -14.1104 43.6814 -0.2577 -2.7025 -10.9744 -0.9902 6.3334 -17.7548 -5.8519 1.2630 30.1138 -0.9097 0.3350 6.9556 2.1987 0.4948 -8.6891 -1.8647 2.6041 -31.0181 -2.3740 4.8420 12.3087 0.2272 1.9205 8.7899 -0.0000 -0.0000 0.0000 -65.3586 -31.7154 27.6867 61.0360 -56.5797 -35.2045 -0.0000 0.0000 -24.5537 38.4825 -18.8745 -14.4216 -7.1250 0.0000 -0.0000 6.5198 6.5146 -5.7764 -0.0000 -0.0000 0.0000 77.1071 22.0966 28.7497 -67.8593 58.0642 -40.9502 0.0000 -0.0000 -13.4056 -26.7306 -21.5313 10.4719 7.1250 -0.0000 -0.0000 2.1174 -53.8010 -0.4583
-21.1694 15.2202 -3.3068 -5.6531 81.7099 11.5571 0.0000 0.0000 0.0000 -12.4040 1.5966 -57.2838 9.7331 17.2570 58.5927 1.1152 0.4505 -20.1320 0.0001 0.0584 0.1604 0.0000 0.0000 0.0000 -4.2335 1.7127 -49.9738 -4.4814 -12.7748 38.5314 -0.2034 -2.2680 -9.6656 -1.3836 7.4427 -21.0337 -6.4650 1.2178 30.1044 -0.6107 0.0850 6.6441 2.9815 0.3960 -9.0144 -1.4109 3.2818 -30.2008 -3.2733 5.7230 12.4018 -0.0259 2.2516 8.7485 0.0000 0.0000 0.0000 -66.0469 -31.0361 27.9877 61.2792 -56.6413 -35.4075 -0.0000 0.0000 -24.3816 39.1220 -18.5342 -14.4953 -7.1250 0.0000 -0.0000 6.9811 6.7529 -6.1588 0.0000 0.0000 0.0000 76.7899 20.7401 28.9698 -70.4694 58.5085 -43.1707 0.0000 -0.0000 -12.9188 -26.8423 -21.4188 10.4705 7.1250 -0.0000 -0.0000 1.9708 -53.7017 -0.4218
-21.0444 15.2316 -3.2829 -6.2176 81.8719 11.2075 0.0000 0.0000 0.0000 -12.3911 1.7114 -57.0221 9.6933 17.2338 58.4584 1.1561 0.1467 -20.3873 0.0000 0.0271 0.0744 0.0000 0.0000 0.0000 -4.6111 2.8711 -49.0907 -3.5867 -11.5891 34.2935 -0.1127 -2.3320 -7.6480 -1.7067 8.2264 -23.4039 -6.3960 1.1023 29.4673 -0.4648 0.0220 6.7290 3.1304 0.3493 -8.6025 -1.2866 3.6876 -30.5340 -3.7909 6.3434 12.5309 -0.1210 2.4791 8.8767 -0.0000 -0.0000 0.0000 -66.5997 -31.1696 28.4138 61.2718 -56.6394 -35.4013 -0.0000 0.0000 -24.4192 38.7499 -18.7282 -14.4503 -7.1250 0.0000 -0.0000 6.7133 6.6189 -5.9366 -0.0000 -0.0000 0.0000 76.6638 19.9587 28.5373 -73.1595 58.9008 -45.4695 0.0000 -0.0000 -12.4085 -27.6758 -22.0252 11.1272 7.1250 -0.0000 -0.0000 1.2489 -54.5262 -0.2923
-20.9252 15.2602 -3.2135 -4.9482 82.2062 12.4869 0.0000 0.0000 0.0000 -12.5242 1.8681 -56.3659 9.5840 17.1692 58.0887 1.2097 -0.3075 -20.7017 0.0020 0.2898 0.7962 0.0000 0.0000 0.0000 -5.0361 3.6767 -48.2527 -2.9985 -10.6927 31.2503 -0.0158 -3.0582 -5.1381 -1.6843 8.1750 -23.2469 -6.4339 1.0088 29.4873 -0.4242 -0.1307 6.5007 3.2532 0.2859 -8.8581 -0.9327 4.1501 -30.1893 -4.4966 6.9556 12.4376 -0.3279 2.7081 8.8444 -0.0000 -0.0000 0.0000 -67.3309 -30.7695 28.8736 61.2954 -56.6454 -35.4210 -0.0000 0.0000 -24.2188 39.3149 -18.8479 -14.8186 -7.1250 0.0000 -0.0000 7.0414 6.3222 -6.2719 -0.0000 -0.0000 0.0000 77.0178 18.6700 28.2676 -75.5827 59.1998 -47.5478 0.0000 -0.0000 -12.2020 -27.7295 -22.0913 11.1829 7.1250 -0.0000 -0.0000 1.2090 -54.6093 -0.2854
-20.8124 15.2965 -3.0914 -0.6881 82.6708 16.9746 0.0000 0.0000 0.0000 -12.9152 1.9144 -55.9037 9.4081 17.0633 57.4910 1.2013 -0.4367 -20.5879 0.0006 -0.1598 -0.4391 0.0000 0.0000 0.0000 -5.7006 4.2469 -47.9050 -2.6950 -10.1841 29.5750 0.0429 -3.9320 -2.9306 -1.7111 8.2364 -23.4344 -6.7817 0.9566 29.1618 -0.5039 -0.2994 6.3603 3.4228 0.2123 -8.8368 -0.4745 4.4451 -30.0764 -5.2004 7.3073 12.2785 -0.5883 2.8215 8.8291 -0.0000 0.0000 0.0000 -67.8025 -30.2010 29.1082 61.3846 -56.6677 -35.4956 -0.0000 0.0000 -23.5586 39.7631 -19.2267 -15.3234 -7.1250 0.0000 -0.0000 7.2451 5.7402 -6.5379 -0.0000 0.0000 0.0000 77.4812 17.9936 27.8438 -77.3570 59.3873 -49.0734 0.0000 -0.0000 -12.0444 -27.5631 -20.9735 10.5826 7.1250 -0.0000 -0.0000 1.1057 -53.3607 -0.2274
-20.7090 15.3291 -2.9127 2.8025 83.3346 20.8534 0.0000 0.0000 0.0000 -12.8064 1.8066 -55.5803 9.2218 16.9484 56.8542 1.1786 -0.6894 -20.3120 0.0048 -0.4454 -1.2238 0.0000 0.0000 0.0000 -5.7995 4.5956 -48.1888 -2.6985 -10.1902 29.5950 0.0724 -4.8097 -1.0824 -1.2316 7.0379 -19.8277 -6.9251 0.8379 28.5427 -0.3615 -0.4309 6.3797 3.7083 0.1399 -8.4918 -0.9268 4.3792 -29.9381 -5.4008 7.4192 11.8460 -0.5750 2.8513 8.6545 0.0000 0.0000 0.0000 -69.0113 -29.6532 28.8838 61.6155 -56.7253 -35.6885 -0.0000 0.0000 -22.6884 40.1808 -19.7514 -15.9281 -7.1250 0.0000 -0.0000 7.3976 4.9856 -6.7848 0.0000 0.0000 0.0000 77.5743 17.3418 27.4173 -79.6724 59.5931 -51.0682 0.0000 -0.0000 -12.0154 -27.2448 -20.9162 10.4162 7.1250 -0.0000 -0.0000 1.4241 -53.2359 -0.2885
-20.6026 15.3459 -2.6915 8.3431 84.2498 26.6024 0.0000 0.0000 0.0000 -12.6186 1.6569 -54.9873 9.0124 16.8157 56.1330 1.1406 -1.0274 -19.8761 0.0121 -0.7117 -1.9558 0.0000 0.0000 0.0000 -5.4001 4.2112 -48.6241 -2.9875 -10.6748 31.1907 0.0820 -5.0912 -1.3893 -0.7861 5.6601 -15.8013 -6.7629 0.6527 28.5015 -0.4080 -0.6395 6.1832 3.6353 0.0469 -8.6771 -0.8592 4.2167 -29.5849 -5.7163 7.2188 11.6313 -0.7312 2.7405 8.5401 0.0000 0.0000 0.0000 -69.5863 -28.9378 28.7271 61.7235 -56.7520 -35.7789 -0.0000 0.0000 -22.9584 40.3635 -20.0502 -16.2465 -7.1250 0.0000 -0.0000 7.4490 4.5704 -6.8914 0.0000 0.0000 0.0000 78.1706 16.5413 27.0914 -81.5374 59.7277 -52.6779 0.0000 -0.0000 -11.6721 -27.1745 -20.8887 10.3728 7.1250 -0.0000 -0.0000 1.4907 -53.1927 -0.3005
-20.5060 15.3659 -2.4237 16.9606 85.0626 35.2624 0.0000 0.0000 0.0000 -12.2886 1.5136 -54.1635 8.7433 16.6397 55.1980 1.0750 -1.2167 -19.2309 0.0324 -1.1620 -3.1947 0.0000 0.0000 0.0000 -5.0718 3.7978 -49.0693 -3.4231 -11.3504 33.4708 0.0437 -4.0365 -3.1744 -0.6872 5.2998 -14.7657 -6.7266 0.5759 28.6823 -0.4233 -0.7402 6.1104 3.6340 0.0091 -8.8395 -0.7191 4.1366 -29.5365 -6.1639 7.1362 11.3615 -0.9211 2.6722 8.4647 0.0000 0.0000 0.0000 -69.8383 -28.2890 28.5821 62.1049 -56.8452 -36.0980 -0.0000 0.0000 -23.4524 41.4189 -19.9945 -16.7861 -7.1250 0.0000 -0.0000 8.1013 4.3170 -7.5458 0.0000 0.0000 0.0000 78.3844 15.8476 26.6778 -83.6157 59.8454 -54.4739 0.0000 -0.0000 -11.2542 -29.0072 -21.7391 11.6052 7.1250 -0.0000 -0.0000 -0.2426 -54.4889 0.0566
-20.4024 15.3769 -2.1250 27.6010 86.0762 46.0258 0.0000 0.0000 0.0000 -11.5049 1.2628 -53.4311 8.4449 16.4370 54.1499 0.9763 -1.3549 -18.2691 0.0780 -1.8014 -4.9571 0.0000 0.0000 0.0000 -4.3833 3.0221 -50.0497 -3.9407 -12.0810 36.0192 0.0219 -3.5498 -3.8346 -0.5147 4.5986 -12.7670 -6.4030 0.4230 28.8282 -0.2409 -0.8452 5.9377 3.6937 -0.0342 -9.1029 -0.5223 4.1300 -29.2482 -6.8742 7.1674 10.9545 -1.1940 2.6433 8.3247 -0.0000 -0.0000 0.0000 -70.6249 -27.3015 28.2562 62.5105 -56.9426 -36.4377 -0.0000 0.0000 -23.6137 41.1003 -19.5689 -16.2879 -7.1250 0.0000 -0.0000 7.9958 4.9339 -7.3519 -0.0000 -0.0000 0.0000 78.3957 15.4312 26.5598 -84.9373 59.9029 -55.6170 0.0000 -0.0000 -10.9440 -28.1239 -19.7854 10.2552 7.1250 -0.0000 -0.0000 0.2608 -52.1699 -0.0460
-20.3012 15.3718 -1.7896 45.6596 86.9640 64.1832 0.0000 0.0000 0.0000 -10.6271 1.1054 -52.8278 8.1922 16.2588 53.2519 0.9069 -1.5522 -17.5404 0.2071 -2.9299 -8.0835 0.0000 0.0000 0.0000 -3.0603 1.5198 -51.4961 -4.5652 -12.8767 38.9087 -0.0353 -2.2068 -5.0566 -0.5362 4.6919 -13.0318 -5.9132 0.1638 29.0623 -0.1075 -1.0483 5.7212 3.6399 -0.1248 -9.4564 -0.6235 4.1342 -29.1591 -7.2359 7.2814 10.8581 -1.2845 2.6616 8.2983 -0.0000 0.0000 0.0000 -70.9858 -26.5279 27.7637 62.2004 -56.8683 -36.1779 -0.0000 0.0000 -23.8035 41.9084 -20.1311 -17.1657 -7.1250 0.0000 -0.0000 8.3686 3.9962 -7.8507 -0.0000 0.0000 0.0000 78.3121 15.4460 26.5496 -85.1994 59.9127 -55.8438 0.0000 -0.0000 -10.6809 -29.1689 -19.4127 10.5100 7.1250 -0.0000 -0.0000 -0.8880 -51.9563 0.1521
-20.2030 15.3425 -1.4328 77.2370 87.0271 95.5705 0.0000 0.0000 0.0000 -10.0643 0.9997 -52.1081 7.9880 16.1104 52.5196 0.8473 -2.1411 -16.8014 0.2658 -3.3166 -9.1613 0.0000 0.0000 0.0000 -2.3088 0.1186 -52.6386 -5.2746 -13.6865 41.9958 -0.1061 -0.6539 -6.4273 -0.5751 4.8564 -13.4993 -5.6897 -0.0206 29.0825 -0.0555 -1.1930 5.7860 3.6200 -0.1941 -9.3823 -0.6178 3.9750 -28.9893 -7.6698 7.1401 10.6414 -1.4566 2.5651 8.2168 -0.0000 -0.0000 0.0000 -71.1093 -26.0191 27.7103 61.4945 -56.6952 -35.5874 -0.0000 0.0000 -23.8365 41.6953 -20.4755 -17.3078 -7.1250 0.0000 -0.0000 8.1671 3.6431 -7.7118 -0.0000 -0.0000 0.0000 78.2731 15.8945 26.0916 -84.7818 59.8969 -55.4825 0.0000 -0.0000 -10.6606 -29.6167 -18.6839 10.3208 7.1250 -0.0000 -0.0000 -1.4717 -51.2292 0.2259
-20.1060 15.3044 -1.0660 110.3550 86.3125 128.3770 0.0000 0.0000 0.0000 -9.1596 0.7290 -51.4253 7.7919 15.9641 51.8097 0.7364 -2.8983 -15.4885 0.3131 -3.5970 -9.9455 0.0000 0.0000 0.0000 -1.4436 -1.2233 -53.4760 -6.0338 -14.4610 45.1171 -0.1830 0.1184 -8.0383 -0.5385 4.7019 -13.0603 -5.1120 -0.4456 28.9564 0.0435 -1.5057 6.0185 3.5011 -0.3561 -9.0394 -0.7168 3.8415 -29.2134 -7.8447 7.0532 10.6839 -1.5118 2.4969 8.2692 0.0000 0.0000 0.0000 -70.7300 -26.0200 27.8423 59.9724 -56.3026 -34.3181 -0.0000 0.0000 -23.9458 42.2450 -20.5635 -17.6923 -7.1250 0.0000 -0.0000 8.4785 3.3581 -8.0574 0.0000 0.0000 0.0000 77.9880 16.8055 25.8051 -83.0689 59.8177 -54.0011 0.0000 -0.0000 -11.4736 -30.3758 -18.4942 10.5325 7.1250 -0.0000 -0.0000 -2.2774 -51.1577 0.3456
-20.0158 15.2597 -0.7057 127.4760 85.2367 145.1450 0.0000 0.0000 0.0000 -8.0402 0.7400 -50.7168 7.5932 15.8118 51.0840 0.6321 -3.6292 -14.2239 0.3811 -3.9648 -10.9775 0.0000 0.0000 0.0000 -0.5554 -1.9017 -54.1799 -6.7963 -15.1579 48.0997 -0.2869 0.5971 -9.9232 -0.4171 4.1453 -11.4858 -4.9395 -0.6642 28.9799 0.3492 -1.6844 6.0657 3.8083 -0.4377 -8.9754 -0.9902 3.6637 -28.8212 -7.8062 6.8866 10.4871 -1.4848 2.4307 8.1253 -0.0000 -0.0000 0.0000 -70.4939 -25.7534 28.1085 57.6161 -55.6405 -32.3652 -0.0000 0.0000 -23.6294 42.5506 -20.7660 -18.0282 -7.1250 0.0000 -0.0000 8.6173 3.0091 -8.2482 -0.0000 -0.0000 0.0000 77.2684 17.6816 25.7379 -79.7854 59.6021 -51.1657 0.0000 -0.0000 -12.6623 -31.1379 -19.7162 11.5199 7.1250 -0.0000 -0.0000 -2.8888 -52.6757 0.5460
-19.9323 15.2173 -0.3763 135.7150 83.8376 153.0980 0.0000 0.0000 0.0000 -7.3203 0.6628 -50.0396 7.3542 15.6230 50.2014 0.5465 -4.2540 -13.1649 0.4806 -4.4457 -12.3341 0.0000 0.0000 0.0000 0.0497 -2.5369 -54.6810 -7.4413 -15.6925 50.5242 -0.3938 0.8457 -11.5882 -0.3654 3.8832 -10.7482 -4.2925 -1.0730 28.4417 0.0958 -1.9604 6.5210 3.2184 -0.5958 -8.2044 -1.1309 3.4065 -29.7470 -7.1967 6.5411 10.8727 -1.3015 2.2902 8.3513 -0.0000 -0.0000 0.0000 -69.5963 -27.0679 28.1510 54.0451 -54.5022 -29.4370 -0.0000 0.0000 -23.9495 41.3703 -20.9466 -17.4765 -7.1250 0.0000 -0.0000 7.8717 3.1742 -7.4959 -0.0000 -0.0000 0.0000 77.7152 19.9437 24.5411 -72.8419 58.8578 -45.1976 0.0000 -0.0000 -12.3356 -30.0851 -21.5118 11.9935 7.1250 -0.0000 -0.0000 -1.4496 -54.4635 0.3371
-19.8598 15.1892 -0.1074 139.5560 82.8062 156.9390 0.0000 0.0000 0.0000 -6.7631 0.6274 -49.6672 7.1015 15.4167 49.2571 0.4632 -4.1458 -12.1086 0.6429 -5.1294 -14.2779 0.0000 0.0000 0.0000 0.5560 -2.7751 -55.2394 -7.9119 -16.0541 52.2447 -0.4952 0.9019 -13.0114 -0.2902 3.4645 -9.5747 -3.8057 -1.1823 28.2307 0.0168 -1.9852 6.3008 2.8566 -0.6153 -8.3730 -1.1553 3.1590 -29.0181 -6.8229 6.0989 10.6839 -1.2437 2.1429 8.1423 0.0000 -0.0000 0.0000 -69.7342 -26.9483 28.8413 52.0029 -53.7721 -27.7819 -0.0000 0.0000 -24.8316 40.4322 -19.8857 -16.1625 -7.1250 0.0000 -0.0000 7.5241 4.7489 -6.9367 0.0000 -0.0000 0.0000 77.1358 20.1484 24.0005 -69.2730 58.3128 -42.1516 0.0000 -0.0000 -13.0954 -28.1896 -22.1142 11.4071 7.1250 -0.0000 -0.0000 0.7235 -54.7294 -0.1729
-19.7760 15.1801 0.1199 140.3620 82.4098 157.5080 0.0000 0.0000 0.0000 -6.2283 1.0156 -48.9499 6.9013 15.2482 48.4999 0.4339 -4.2072 -11.7157 0.7530 -5.5423 -15.4620 0.0000 0.0000 0.0000 1.0753 -2.4968 -55.1553 -8.2341 -16.2888 53.4015 -0.6268 1.0920 -14.6224 -0.1867 2.7832 -7.6757 -3.5586 -1.0701 27.5463 -0.1230 -1.7354 6.6007 2.4517 -0.5161 -7.7298 -1.1804 2.9092 -29.1545 -6.5073 5.7124 10.5558 -1.1904 1.9972 8.0920 0.0000 0.0000 0.0000 -69.8532 -27.2555 29.3710 50.9624 -53.3763 -26.9446 -0.0000 0.0000 -26.1289 40.0730 -18.6072 -15.0258 -7.1250 0.0000 -0.0000 7.5571 6.4041 -6.7273 0.0000 0.0000 0.0000 76.3387 21.0587 23.5859 -66.2946 57.7664 -39.6245 0.0000 -0.0000 -13.5600 -27.6999 -23.7359 11.9326 7.1250 -0.0000 -0.0000 1.7041 -56.3821 -0.4757
-19.7172 15.1635 0.2717 140.6290 81.9670 157.5750 0.0000 0.0000 0.0000 -5.9991 1.1602 -48.3393 6.7515 15.1191 47.9283 0.4155 -4.2470 -11.4639 0.7691 -5.5999 -15.6278 0.0000 0.0000 0.0000 1.4222 -2.7949 -55.1949 -8.5036 -16.4774 54.3569 -0.7003 1.4424 -15.3843 -0.1815 2.7441 -7.5672 -3.0609 -1.2301 27.1184 -0.3715 -1.8107 6.6689 1.9035 -0.5650 -7.4664 -0.7673 2.8785 -29.3536 -6.4930 5.5235 10.7138 -1.2778 1.9161 8.1800 0.0000 -0.0000 0.0000 -70.0518 -26.7438 29.5435 51.0549 -53.4122 -27.0189 -0.0000 0.0000 -26.1825 39.3098 -18.1273 -14.2918 -7.1250 0.0000 -0.0000 7.1746 7.1946 -6.2702 0.0000 -0.0000 0.0000 75.5353 21.1037 23.9350 -65.7338 57.6537 -39.1504 0.0000 -0.0000 -12.9686 -27.6579 -22.6932 11.4304 7.1250 -0.0000 -0.0000 1.4475 -55.2464 -0.3642
-19.6708 15.1447 0.3720 140.8320 81.6350 157.6110 0.0000 0.0000 0.0000 -5.7821 1.1176 -47.8639 6.6430 15.0238 47.5110 0.3951 -4.0845 -11.1785 0.7292 -5.4561 -15.2140 0.0000 0.0000 0.0000 1.6815 -3.1429 -55.2717 -8.7519 -16.6454 55.2281 -0.7856 1.8485 -16.2216 -0.2067 2.9275 -8.0769 -2.8334 -1.3064 27.1747 -0.2716 -1.8809 6.3053 1.9142 -0.6017 -7.9041 -0.7845 2.8157 -29.1825 -6.6274 5.4915 11.1924 -1.3265 1.8671 8.3246 0.0000 0.0000 0.0000 -70.9967 -25.5427 30.0394 51.5148 -53.5885 -27.3886 -0.0000 0.0000 -25.3634 39.5337 -18.8686 -14.9444 -7.1250 0.0000 -0.0000 7.1729 6.2370 -6.4028 0.0000 0.0000 0.0000 74.5128 20.8409 24.1701 -65.4490 57.5953 -38.9099 0.0000 -0.0000 -11.7884 -28.1162 -22.1147 11.3732 7.1250 -0.0000 -0.0000 0.8021 -54.7142 -0.1914
-19.6286 15.1256 0.4504 139.9520 81.4135 156.5110 0.0000 0.0000 0.0000 -5.8019 1.2182 -47.3902 6.5584 14.9485 47.1837 0.3782 -4.0078 -10.9353 0.7766 -5.6267 -15.7051 0.0000 0.0000 0.0000 1.7025 -3.2809 -55.2533 -8.9595 -16.7816 55.9500 -0.8522 2.1784 -16.8435 -0.2175 3.0023 -8.2851 -2.9955 -1.3275 26.6358 -0.2157 -1.9274 6.4086 2.0691 -0.6311 -7.5091 -0.8549 2.7714 -29.0381 -6.5320 5.4236 10.9941 -1.2939 1.8534 8.2260 0.0000 0.0000 0.0000 -71.5116 -25.2889 30.2204 51.6614 -53.6440 -27.5066 -0.0000 0.0000 -24.6137 40.1375 -19.5677 -15.7699 -7.1250 0.0000 -0.0000 7.4079 5.2205 -6.7611 0.0000 0.0000 0.0000 73.8394 21.4371 24.3117 -64.8670 57.4732 -38.4188 0.0000 -0.0000 -11.6216 -28.1759 -20.6451 10.6949 7.1250 -0.0000 -0.0000 0.3898 -53.1218 -0.0779
-19.5971 15.1055 0.4986 139.8430 81.1504 156.1510 0.0000 0.0000 0.0000 -5.8816 1.3567 -47.0171 6.5058 14.9012 46.9793 0.3886 -4.1031 -11.0861 0.7941 -5.6883 -15.8825 0.0000 0.0000 0.0000 1.6452 -3.3540 -55.0928 -9.0953 -16.8686 56.4190 -0.9249 2.1453 -17.5778 -0.2223 3.0352 -8.3767 -2.8918 -1.4043 26.0662 -0.2627 -1.9776 6.5602 1.9563 -0.6661 -7.0597 -0.7032 2.6775 -28.9162 -6.6779 5.2549 10.8048 -1.3938 1.7750 8.1463 0.0000 0.0000 0.0000 -71.6206 -25.2501 30.6796 51.6920 -53.6555 -27.5313 -0.0000 0.0000 -24.1659 40.1877 -19.4834 -15.7344 -7.1250 0.0000 -0.0000 7.4554 5.3080 -6.7928 0.0000 0.0000 0.0000 73.4390 21.7403 24.2381 -64.8900 57.4781 -38.4382 0.0000 -0.0000 -12.1963 -28.7225 -21.6330 11.4214 7.1250 -0.0000 -0.0000 0.0370 -54.3140 -0.0085
-19.5727 15.0870 0.5222 139.0690 81.1716 155.2020 0.0000 0.0000 0.0000 -5.9842 1.6949 -46.7358 6.4918 14.8885 46.9248 0.3715 -4.0965 -10.8392 0.8069 -5.7326 -16.0105 0.0000 0.0000 0.0000 1.6052 -3.1999 -54.9811 -9.1808 -16.9227 56.7134 -0.9588 1.9232 -17.9590 -0.2877 3.4493 -9.5322 -2.8013 -1.4000 25.8367 -0.1917 -1.9548 6.4530 1.9720 -0.6619 -7.0667 -1.3176 2.4545 -28.6043 -6.4065 5.1120 10.5234 -1.2274 1.7283 7.9735 0.0000 0.0000 0.0000 -72.0142 -24.7539 31.0776 51.7195 -53.6659 -27.5534 -0.0000 0.0000 -23.7885 39.8179 -19.5456 -15.5849 -7.1250 0.0000 -0.0000 7.2163 5.3394 -6.5670 0.0000 0.0000 0.0000 73.2442 21.8269 23.9915 -64.8416 57.4678 -38.3974 0.0000 -0.0000 -12.6742 -27.7544 -21.5887 10.9580 7.1250 -0.0000 -0.0000 1.0545 -54.0677 -0.2351
-19.5566 15.0820 0.5309 138.3180 80.9855 154.3420 0.0000 0.0000 0.0000 -6.2190 1.7974 -46.5536 6.4805 14.8783 46.8808 0.3753 -4.3039 -10.8982 0.6968 -5.3361 -14.8698 0.0000 0.0000 0.0000 1.3779 -3.2696 -54.8253 -9.2256 -16.9508 56.8673 -0.9722 1.9045 -18.0919 -0.2781 3.3922 -9.3725 -2.7887 -1.4045 25.5691 -0.2846 -1.9666 6.4157 1.8603 -0.6725 -6.9779 -1.4366 2.3738 -28.5186 -6.1459 4.9954 10.5735 -1.1379 1.6943 7.9616 -0.0000 0.0000 0.0000 -71.9292 -24.8773 31.4277 51.0403 -53.4065 -27.0072 -0.0000 0.0000 -23.6052 40.0460 -19.8903 -15.9576 -7.1250 0.0000 -0.0000 7.2875 4.8574 -6.6998 -0.0000 0.0000 0.0000 73.3997 21.7142 23.6263 -65.1123 57.5251 -38.6257 0.0000 -0.0000 -12.7518 -27.1933 -22.1785 10.9762 7.1250 -0.0000 -0.0000 1.8030 -54.5931 -0.4250
-19.5472 15.0860 0.5203 137.4150 80.8371 153.5540 0.0000 0.0000 0.0000 -6.5760 1.9882 -46.6768 6.4718 14.8704 46.8469 0.3744 -4.6396 -10.8995 0.6055 -4.9809 -13.8542 0.0000 0.0000 0.0000 1.1433 -3.4332 -54.8883 -9.2125 -16.9426 56.8223 -1.0028 2.1668 -18.3233 -0.2139 2.9778 -8.2169 -2.8589 -1.3988 25.4954 -0.2839 -2.0049 6.1678 1.9159 -0.6926 -7.2114 -1.5067 2.3083 -28.4079 -6.2019 4.9438 10.6348 -1.1538 1.6601 7.9654 0.0000 -0.0000 0.0000 -72.0092 -24.8073 31.6972 50.3934 -53.1529 -26.4886 -0.0000 0.0000 -23.3297 40.1705 -20.1066 -16.1829 -7.1250 0.0000 -0.0000 7.3202 4.5596 -6.7717 0.0000 -0.0000 0.0000 73.4563 21.5330 23.3290 -64.2199 57.3334 -37.8737 0.0000 -0.0000 -12.5518 -27.3916 -22.1526 11.0556 7.1250 -0.0000 -0.0000 1.5850 -54.6060 -0.3741
-19.5423 15.0914 0.4979 137.1580 81.0855 153.3410 0.0000 0.0000 0.0000 -6.5962 2.2994 -46.7028 6.4707 14.8695 46.8429 0.3773 -4.6877 -10.9442 0.5656 -4.8167 -13.3864 0.0000 0.0000 0.0000 1.2048 -3.2848 -54.8435 -9.1616 -16.9106 56.6472 -0.9570 2.1360 -17.8931 -0.2056 2.9192 -8.0540 -2.9486 -1.2591 25.3577 -0.1596 -1.8392 6.1582 2.0504 -0.6162 -7.1532 -1.5784 2.3199 -28.2432 -6.1590 4.9510 10.2317 -1.1279 1.6858 7.7992 -0.0000 -0.0000 0.0000 -71.9197 -24.8682 31.9505 50.3914 -53.1522 -26.4871 -0.0000 0.0000 -23.3571 40.4992 -19.9036 -16.2120 -7.1250 0.0000 -0.0000 7.5613 4.7073 -6.9776 -0.0000 -0.0000 0.0000 73.3546 21.4421 23.1560 -64.2012 57.3293 -37.8579 0.0000 -0.0000 -12.7968 -26.5396 -21.9085 10.5563 7.1250 -0.0000 -0.0000 2.4201 -54.1693 -0.5456
-19.5529 15.1048 0.4631 136.6430 81.2162 153.0330 0.0000 0.0000 0.0000 -6.8008 2.5097 -46.9235 6.4489 14.8497 46.7578 0.3825 -4.8723 -11.0293 0.5736 -4.8501 -13.4815 0.0000 0.0000 0.0000 1.1223 -3.2210 -54.9286 -9.0818 -16.8601 56.3725 -0.9243 2.0683 -17.5893 -0.2146 2.9825 -8.2299 -2.9388 -1.1129 24.9596 -0.1299 -1.6231 6.3396 2.0003 -0.5204 -6.7626 -1.5453 2.1689 -28.3631 -6.2650 4.7495 9.8838 -1.1979 1.5953 7.6981 0.0000 0.0000 0.0000 -71.8317 -25.5251 32.1884 50.4262 -53.1660 -26.5149 -0.0000 0.0000 -23.5358 40.4344 -19.9378 -16.2021 -7.1250 0.0000 -0.0000 7.5150 4.6852 -6.9372 0.0000 0.0000 0.0000 73.2369 21.5710 22.6198 -64.7507 57.4484 -38.3208 0.0000 -0.0000 -12.6891 -27.1776 -23.1179 11.3974 7.1250 -0.0000 -0.0000 2.0865 -55.6034 -0.5431
-19.5556 15.1302 0.4148 135.4880 81.3595 152.0630 0.0000 0.0000 0.0000 -7.0772 2.5895 -47.0141 6.4132 14.8172 46.6184 0.3878 -4.7995 -11.0989 0.6176 -5.0295 -13.9928 0.0000 0.0000 0.0000 0.9041 -3.0975 -54.8544 -8.9446 -16.7719 55.8984 -0.8989 1.9469 -17.3657 -0.2309 3.0925 -8.5364 -3.0917 -1.2180 25.4368 -0.1941 -1.8354 6.1000 2.0965 -0.6121 -7.2534 -1.2913 2.3677 -28.7851 -6.2859 4.9532 10.1555 -1.2136 1.6807 7.8657 -0.0000 0.0000 0.0000 -71.3110 -25.0619 31.6087 50.7056 -53.2761 -26.7387 -0.0000 0.0000 -23.4356 40.0707 -19.9893 -16.0432 -7.1250 0.0000 -0.0000 7.2829 4.7306 -6.7130 -0.0000 0.0000 0.0000 73.5729 21.6380 23.1942 -64.2120 57.3317 -37.8670 0.0000 -0.0000 -12.2783 -27.7115 -24.2139 12.1577 7.1250 -0.0000 -0.0000 1.8396 -56.8993 -0.5365
-19.5590 15.1478 0.3608 134.2680 81.3781 151.0300 0.0000 0.0000 0.0000 -7.3972 2.4467 -47.1085 6.4038 14.8086 46.5817 0.3771 -4.6551 -10.9388 0.5431 -4.7214 -13.1155 0.0000 0.0000 0.0000 0.6074 -3.0652 -54.7280 -8.7683 -16.6563 55.2852 -0.8719 1.9077 -17.1034 -0.2298 3.0852 -8.5161 -3.4586 -1.1517 25.1872 -0.0480 -1.8115 6.2312 2.4511 -0.6018 -6.9635 -1.3656 2.3523 -28.6887 -6.3741 4.9641 9.9364 -1.2306 1.6854 7.7785 0.0000 0.0000 0.0000 -71.1662 -25.3012 31.5821 50.6176 -53.2416 -26.6681 -0.0000 0.0000 -22.9802 40.5523 -19.9090 -16.2448 -7.1250 0.0000 -0.0000 7.5926 4.6849 -7.0102 0.0000 0.0000 0.0000 73.4357 21.3414 23.1500 -65.5666 57.6195 -39.0092 0.0000 -0.0000 -12.3724 -28.3410 -24.6620 12.6836 7.1250 -0.0000 -0.0000 1.2816 -57.5246 -0.3931
-19.5591 15.1693 0.2991 132.5830 81.7582 149.5900 0.0000 0.0000 0.0000 -7.6187 2.6703 -47.3212 6.4245 14.8275 46.6627 0.4118 -4.5996 -11.4208 0.5895 -4.9159 -13.6689 0.0000 0.0000 0.0000 0.4969 -2.8046 -54.6731 -8.5758 -16.5269 54.6112 -0.8275 1.9557 -16.6375 -0.1821 2.7483 -7.5788 -3.2765 -1.0420 24.9705 -0.1889 -1.6338 6.2613 2.1340 -0.5242 -6.8440 -1.5708 2.1717 -28.7154 -5.8932 4.7172 10.1485 -1.0717 1.5993 7.8259 -0.0000 0.0000 0.0000 -70.6843 -25.6252 31.7744 50.0715 -53.0243 -26.2313 -0.0000 0.0000 -22.9037 40.5449 -20.1030 -16.3845 -7.1250 0.0000 -0.0000 7.5487 4.4521 -7.0022 -0.0000 0.0000 0.0000 73.9077 21.4824 22.8986 -65.5431 57.6147 -38.9893 0.0000 -0.0000 -12.4446 -28.3594 -25.0119 12.8561 7.1250 -0.0000 -0.0000 1.3736 -57.9062 -0.4339
-19.5560 15.1861 0.2349 131.8010 82.0888 148.9300 0.0000 0.0000 0.0000 -7.7285 2.7713 -47.4036 6.4425 14.8439 46.7328 0.4277 -4.5012 -11.6348 0.5206 -4.6244 -12.8404 0.0000 0.0000 0.0000 0.4463 -2.6358 -54.5233 -8.4144 -16.4157 54.0420 -0.7966 2.0154 -16.3005 -0.1649 2.6161 -7.2117 -3.3567 -0.9749 25.0775 -0.0173 -1.5701 6.1516 2.3536 -0.4922 -7.0149 -1.4720 2.2967 -28.6510 -6.3337 4.9460 10.4857 -1.2029 1.6518 7.9571 0.0000 0.0000 0.0000 -70.5663 -25.2496 31.8698 50.1843 -53.0695 -26.3214 -0.0000 0.0000 -22.8546 40.4142 -19.5553 -15.9080 -7.1250 0.0000 -0.0000 7.5797 5.1547 -6.9303 0.0000 0.0000 0.0000 74.1075 21.3247 22.9083 -65.1244 57.5276 -38.6359 0.0000 -0.0000 -12.4488 -28.1388 -24.4200 12.4679 7.1250 -0.0000 -0.0000 1.4309 -57.2181 -0.4283
-19.5501 15.2063 0.1743 129.9020 82.3781 147.1150 0.0000 0.0000 0.0000 -7.9174 2.7580 -47.3467 6.4605 14.8602 46.8031 0.4477 -4.3814 -11.9027 0.4374 -4.2439 -11.7638 0.0000 0.0000 0.0000 0.2367 -2.3486 -54.3153 -8.2742 -16.3173 53.5445 -0.7710 1.9030 -16.0526 -0.1868 2.7838 -7.6774 -3.4735 -0.8261 24.9556 0.0216 -1.4011 6.1893 2.4097 -0.4136 -6.9173 -1.2948 2.4090 -28.2403 -6.6909 5.0733 10.3526 -1.3345 1.6948 7.8708 -0.0000 -0.0000 0.0000 -70.4715 -25.2537 31.9609 49.9964 -52.9940 -26.1713 -0.0000 0.0000 -22.5606 39.7457 -19.5501 -15.5501 -7.1250 0.0000 -0.0000 7.1711 5.3547 -6.5230 -0.0000 -0.0000 0.0000 74.3064 20.9923 22.7617 -65.5070 57.6072 -38.9588 0.0000 -0.0000 -12.3434 -28.1924 -24.2817 12.4307 7.1250 -0.0000 -0.0000 1.3282 -57.0805 -0.3932
