HIERARCHY
ROOT Hips
{
	OFFSET 0.00000 0.00000 0.00000
	CHANNELS 6 Xposition Yposition Zposition Zrotation Yrotation Xrotation 
	JOINT LHipJoint
	{
		OFFSET 0 0 0
		CHANNELS 3 Zrotation Yrotation Xrotation
		JOINT LeftUpLeg
		{
			OFFSET 1.36337 -1.57426 1.11036
			CHANNELS 3 Zrotation Yrotation Xrotation
			JOINT LeftLeg
			{
				OFFSET 2.38468 -6.55187 0.00000
				CHANNELS 3 Zrotation Yrotation Xrotation
				JOINT LeftFoot
				{
					OFFSET 2.37166 -6.51609 0.00000
					CHANNELS 3 Zrotation Yrotation Xrotation
					JOINT LeftToeBase
					{
						OFFSET 0.29078 -0.79891 2.01393
						CHANNELS 3 Zrotation Yrotation Xrotation
						End Site
						{
							OFFSET 0.00000 -0.00000 1.07924
						}
					}
				}
			}
		}
	}
	JOINT RHipJoint
	{
		OFFSET 0 0 0
		CHANNELS 3 Zrotation Yrotation Xrotation
		JOINT RightUpLeg
		{
			OFFSET -1.36349 -1.57426 1.11036
			CHANNELS 3 Zrotation Yrotation Xrotation
			JOINT RightLeg
			{
				OFFSET -2.29562 -6.30717 0.00000
				CHANNELS 3 Zrotation Yrotation Xrotation
				JOINT RightFoot
				{
					OFFSET -2.40985 -6.62100 0.00000
					CHANNELS 3 Zrotation Yrotation Xrotation
					JOINT RightToeBase
					{
						OFFSET -0.23197 -0.63733 1.92232
						CHANNELS 3 Zrotation Yrotation Xrotation
						End Site
						{
							OFFSET -0.00000 -0.00000 1.01562
						}
					}
				}
			}
		}
	}
	JOINT LowerBack
	{
		OFFSET 0 0 0
		CHANNELS 3 Zrotation Yrotation Xrotation
		JOINT Spine
		{
			OFFSET -0.08565 2.03602 -0.24562
			CHANNELS 3 Zrotation Yrotation Xrotation
			JOINT Spine1
			{
				OFFSET -0.00036 2.05693 0.00216
				CHANNELS 3 Zrotation Yrotation Xrotation
				JOINT Neck
				{
					OFFSET 0 0 0
					CHANNELS 3 Zrotation Yrotation Xrotation
					JOINT Neck1
					{
						OFFSET -0.03664 1.69515 0.31789
						CHANNELS 3 Zrotation Yrotation Xrotation
						JOINT Head
						{
							OFFSET 0.00932 1.70181 -0.46013
							CHANNELS 3 Zrotation Yrotation Xrotation
							End Site
							{
								OFFSET 0.01243 1.77620 -0.19377
							}
						}
					}
				}
				JOINT LeftShoulder
				{
					OFFSET 0 0 0
					CHANNELS 3 Zrotation Yrotation Xrotation
					JOINT LeftArm
					{
						OFFSET 3.74344 0.81315 -0.36647
						CHANNELS 3 Zrotation Yrotation Xrotation
						JOINT LeftForeArm
						{
							OFFSET 4.97185 -0.00000 -0.00000
							CHANNELS 3 Zrotation Yrotation Xrotation
							JOINT LeftHand
							{
								OFFSET 3.35811 -0.00000 0.00000
								CHANNELS 3 Zrotation Yrotation Xrotation
								JOINT LeftFingerBase
								{
									OFFSET 0 0 0
									CHANNELS 3 Zrotation Yrotation Xrotation
									JOINT LeftHandIndex1
									{
										OFFSET 0.62278 -0.00000 0.00000
										CHANNELS 3 Zrotation Yrotation Xrotation
										End Site
										{
											OFFSET 0.50210 -0.00000 0.00000
										}
									}
								}
								JOINT LThumb
								{
									OFFSET 0 0 0
									CHANNELS 3 Zrotation Yrotation Xrotation
									End Site
									{
										OFFSET 0.50976 -0.00000 0.50976
									}
								}
							}
						}
					}
				}
				JOINT RightShoulder
				{
					OFFSET 0 0 0
					CHANNELS 3 Zrotation Yrotation Xrotation
					JOINT RightArm
					{
						OFFSET -3.75385 0.50666 -0.06525
						CHANNELS 3 Zrotation Yrotation Xrotation
						JOINT RightForeArm
						{
							OFFSET -4.96493 -0.00000 -0.00000
							CHANNELS 3 Zrotation Yrotation Xrotation
							JOINT RightHand
							{
								OFFSET -3.34929 -0.00000 0.00000
								CHANNELS 3 Zrotation Yrotation Xrotation
								JOINT RightFingerBase
								{
									OFFSET 0 0 0
									CHANNELS 3 Zrotation Yrotation Xrotation
									JOINT RightHandIndex1
									{
										OFFSET -0.63804 -0.00000 0.00000
										CHANNELS 3 Zrotation Yrotation Xrotation
										End Site
										{
											OFFSET -0.51441 -0.00000 0.00000
										}
									}
								}
								JOINT RThumb
								{
									OFFSET 0 0 0
									CHANNELS 3 Zrotation Yrotation Xrotation
									End Site
									{
										OFFSET -0.52226 -0.00000 0.52226
									}
								}
							}
						}
					}
				}
			}
		}
	}
}
MOTION
Frames: 242
Frame Time: 0.0166667
-22.5364 16.6239 4.2377 0.0000 0.0000 0.0000 0.0000 0.0000 0.0000 -21.0000 0.0000 0.0000 0.0000 0.0000 0.0000 0.0000 0.0000 0.0000 0.0000 0.0000 0.0000 0.0000 0.0000 0.0000 21.0000 0.0000 0.0000 0.0000 0.0000 0.0000 0.0000 0.0000 0.0000 0.0000 0.0000 0.0000 0.0000 0.0000 0.0000 0.0000 0.0000 0.0000 0.0000 0.0000 0.0000 0.0000 0.0000 -16.0000 0.0000 0.0000 21.0000 0.0000 0.0000 11.0000 0.0000 0.0000 0.0000 -8.0000 0.0000 0.0000 0.0000 0.0000 0.0000 0.0000 0.0000 0.0000 0.0000 0.0000 0.0000 0.0000 0.0000 0.0000 0.0000 0.0000 0.0000 0.0000 0.0000 0.0000 8.0000 0.0000 0.0000 0.0000 0.0000 0.0000 0.0000 0.0000 0.0000 0.0000 0.0000 0.0000 0.0000 0.0000 0.0000 0.0000 0.0000 0.0000
-20.3536 15.6156 3.4662 57.9278 78.9352 -286.0920 0.0000 0.0000 0.0000 -14.2041 -0.6158 -48.9761 3.5727 11.5689 34.2235 0.0068 9.4348 -13.5605 0.1078 -2.1166 -5.8281 0.0000 0.0000 0.0000 0.6884 2.4441 -39.8677 -7.8188 -15.9843 51.9073 -2.2166 6.4852 -26.8771 -0.0444 1.3594 -3.7384 -4.8993 2.1334 14.8059 -1.3948 2.5453 7.5196 0.9177 1.3356 -0.4603 -0.3373 3.6732 -28.3402 -8.9575 8.3987 24.1419 -1.8017 2.4304 13.2938 0.0000 0.0000 0.0000 -78.0170 10.1958 51.7570 62.6196 -56.9685 -36.5292 -0.0000 0.0000 -0.2107 28.6186 -15.9915 -8.5487 -7.1250 0.0000 -0.0000 0.5936 11.9002 -0.4585 0.0000 0.0000 0.0000 76.5677 -4.7268 48.4072 -45.5720 51.0456 -22.6827 0.0000 -0.0000 -21.8685 -14.3234 -30.7987 7.4484 7.1250 -0.0000 -0.0000 19.9999 -60.4576 -7.7192
-20.1734 15.5131 3.3315 55.0859 79.2955 -288.7990 0.0000 0.0000 0.0000 -13.5173 -0.1037 -50.6078 4.0078 12.1708 36.3387 -0.0182 9.1978 -12.7767 0.0244 -1.0081 -2.7712 0.0000 0.0000 0.0000 0.6559 2.1331 -39.9405 -8.1234 -16.2093 53.0061 -2.3505 7.1672 -27.6552 -0.0713 1.7229 -4.7404 -5.0831 2.3073 15.0881 -1.6034 2.7875 7.9918 0.7658 1.4596 -0.1133 -0.9598 3.0308 -28.5672 -8.5319 7.4189 22.6856 -1.7079 2.0484 12.6426 -0.0000 -0.0000 0.0000 -76.3956 8.0544 53.5142 62.7040 -56.9884 -36.5999 -0.0000 -0.0000 2.1035 30.7545 -20.5410 -11.7932 -7.1250 0.0000 -0.0000 1.4054 6.4276 -1.2397 -0.0000 -0.0000 0.0000 76.8948 -3.3865 48.4526 -45.3313 50.9298 -22.4957 0.0000 -0.0000 -18.3789 -12.3199 -31.2072 6.4561 7.1250 -0.0000 -0.0000 22.4457 -60.3607 -8.6651
-19.9620 15.3790 3.1658 52.8340 79.7887 -290.9610 0.0000 0.0000 0.0000 -13.5036 0.9024 -52.4271 4.7876 13.1406 39.8969 -0.0308 8.5253 -11.5369 0.0200 -0.9129 -2.5091 0.0000 0.0000 0.0000 0.5903 1.5118 -39.9281 -8.4497 -16.4403 54.1668 -2.5032 7.7925 -28.5347 -0.1205 2.2380 -6.1640 -5.1505 2.4078 15.8812 -1.9379 2.8757 8.0744 0.4074 1.5234 -0.4292 -1.3746 2.7702 -29.0813 -7.6300 6.8528 21.8990 -1.3952 1.8938 12.3315 -0.0000 -0.0000 0.0000 -73.6829 5.8465 56.1794 61.5554 -56.7103 -35.6383 -0.0000 -0.0000 3.3242 31.7790 -21.6209 -12.8586 -7.1250 0.0000 -0.0000 1.8840 4.9942 -1.7138 -0.0000 -0.0000 0.0000 77.1570 -2.6859 48.7026 -45.1310 50.8325 -22.3403 0.0000 -0.0000 -15.6427 -13.2090 -29.6917 6.6315 7.1250 -0.0000 -0.0000 20.3320 -59.1659 -7.2225
-19.7358 15.2839 2.9618 54.4361 79.4265 -289.1490 0.0000 0.0000 0.0000 -14.7699 1.3708 -54.2113 5.6422 14.0724 43.5281 0.0474 7.3440 -11.4746 0.1090 -2.1286 -5.8611 0.0000 0.0000 0.0000 -0.8771 0.2580 -39.9770 -8.6933 -16.6062 55.0232 -2.6009 8.6930 -29.0643 -0.2095 2.9466 -8.1302 -7.0318 2.5720 17.6290 -1.9563 2.6057 7.3256 1.3927 1.3896 -2.1813 -1.8459 2.5242 -29.1590 -7.3885 6.6150 21.6371 -1.2697 1.7893 12.2067 -0.0000 -0.0000 0.0000 -72.1942 5.2256 58.4487 61.5809 -56.7167 -35.6596 -0.0000 -0.0000 3.9860 32.3102 -22.9914 -13.8754 -7.1250 0.0000 -0.0000 1.9902 3.3358 -1.8722 -0.0000 -0.0000 0.0000 75.9505 -3.0664 49.9295 -44.6108 50.5764 -21.9377 0.0000 -0.0000 -13.6099 -13.5490 -27.7949 6.4116 7.1250 -0.0000 -0.0000 18.6695 -57.4568 -5.8313
-19.4983 15.1931 2.7701 53.9745 80.6318 -289.5090 0.0000 0.0000 0.0000 -13.9076 1.2854 -55.7613 6.5171 14.9114 47.0234 0.1205 6.1392 -11.4537 0.2220 -3.0330 -8.3707 0.0000 0.0000 0.0000 -0.5183 -0.3212 -39.3514 -8.9364 -16.7666 55.8698 -2.7156 8.8996 -29.7161 -0.2941 3.4874 -9.6387 -7.2264 2.5067 18.4340 -1.9426 2.4116 7.1971 1.5210 1.3096 -2.7274 -2.0672 2.3935 -29.3721 -6.3751 6.1556 21.1115 -0.9349 1.7130 11.9626 -0.0000 -0.0000 0.0000 -69.4633 3.5753 61.0998 62.0243 -56.8257 -36.0305 -0.0000 -0.0000 4.0776 32.1698 -23.3964 -14.0237 -7.1250 0.0000 -0.0000 1.8371 2.9186 -1.7421 -0.0000 -0.0000 0.0000 75.5129 -2.5414 50.7026 -43.6443 50.0868 -21.1937 0.0000 -0.0000 -12.7591 -12.0852 -29.1234 5.9491 7.1250 -0.0000 -0.0000 21.0819 -58.3868 -7.1058
-19.2461 15.0967 2.5728 53.1484 82.0546 -290.1970 0.0000 0.0000 0.0000 -12.9049 0.8677 -57.0062 7.3803 15.6439 50.2983 0.1862 5.2493 -11.7525 0.1872 -2.7866 -7.6851 0.0000 0.0000 0.0000 -0.1370 -0.7121 -38.8904 -9.3172 -17.0076 57.1808 -2.7226 9.1699 -29.7467 -0.3979 4.0500 -11.2175 -7.2627 2.4332 18.0360 -1.8824 2.4070 7.6429 1.6323 1.2906 -2.0429 -2.0070 2.2265 -29.6593 -5.6886 5.6239 20.3934 -0.7832 1.5887 11.6882 -0.0000 0.0000 0.0000 -65.9901 0.4853 63.8512 63.2023 -57.1046 -37.0181 -0.0000 -0.0000 2.5934 30.9573 -24.0713 -13.7480 -7.1250 0.0000 -0.0000 0.9895 2.4672 -0.9461 -0.0000 0.0000 0.0000 75.2272 -1.3594 50.9331 -42.3454 49.3997 -20.2024 0.0000 -0.0000 -11.5138 -11.2266 -29.1124 5.5159 7.1250 -0.0000 -0.0000 21.9542 -58.1889 -7.3125
-18.9508 15.0457 2.3288 48.9938 82.2205 -294.9430 0.0000 0.0000 0.0000 -12.9236 0.8198 -56.5916 8.1359 16.2183 53.0507 0.3478 4.5327 -13.7409 0.1230 -2.2610 -6.2276 0.0000 0.0000 0.0000 -1.2032 -0.9964 -38.4890 -10.0995 -17.4654 59.8205 -2.2754 10.4365 -27.1266 -0.4136 4.1280 -11.4371 -8.2666 2.9054 18.8366 -1.9521 2.7679 7.5292 2.0080 1.4753 -2.6307 -2.2231 1.8622 -29.1072 -4.7971 4.9012 20.1088 -0.5504 1.3859 11.4226 0.0000 0.0000 0.0000 -62.6852 -2.1568 67.3104 64.0951 -57.3059 -37.7686 -0.0000 -0.0000 0.8491 28.2593 -23.1072 -11.9121 -7.1250 0.0000 -0.0000 -0.5131 4.1341 0.4748 0.0000 0.0000 0.0000 74.6665 -1.5855 51.4004 -41.5226 48.9466 -19.5798 0.0000 -0.0000 -10.6400 -11.8499 -28.1541 5.6540 7.1250 -0.0000 -0.0000 20.6451 -57.4343 -6.4714
-18.7095 15.0078 2.0955 47.7724 82.4742 -296.1310 0.0000 0.0000 0.0000 -13.0444 0.1878 -56.7829 8.7942 16.6734 55.3756 0.5249 3.8725 -15.6496 0.0527 -1.4811 -4.0738 0.0000 0.0000 0.0000 -2.5594 -1.7855 -40.8246 -11.5447 -18.1915 64.5380 -1.4461 10.3702 -21.6579 -0.4779 4.4335 -12.2994 -9.0507 3.2085 19.0075 -2.0164 3.0008 7.4591 2.3151 1.5886 -2.8354 -2.5964 1.4252 -29.1759 -3.9061 4.2136 20.2958 -0.2829 1.1583 11.4563 -0.0000 -0.0000 0.0000 -59.2724 -5.8169 70.7710 63.7971 -57.2397 -37.5179 -0.0000 -0.0000 0.5319 25.7842 -22.7221 -10.5696 -7.1250 0.0000 -0.0000 -1.9949 5.0511 1.8127 -0.0000 -0.0000 0.0000 74.0895 -1.6111 51.4640 -42.3213 49.3866 -20.1841 0.0000 -0.0000 -10.5126 -12.4889 -29.5834 6.2404 7.1250 -0.0000 -0.0000 21.0007 -58.9031 -7.3397
-18.4310 14.9825 1.8649 43.5761 82.3269 -300.9050 0.0000 0.0000 0.0000 -13.4825 0.3771 -55.8610 9.3404 17.0219 57.2601 0.7257 3.1216 -17.5199 0.0618 -1.6044 -4.4137 0.0000 0.0000 0.0000 -3.8497 -2.7930 -43.4892 -13.3037 -18.8891 70.0662 -0.7497 8.9722 -15.7383 -0.6488 5.1527 -14.3446 -10.1207 3.4726 19.4342 -2.0367 3.1209 7.5347 2.8435 1.6442 -3.0137 -2.5157 1.4237 -29.2373 -3.5068 4.0610 20.3110 -0.1749 1.1472 11.4586 0.0000 0.0000 0.0000 -56.5622 -8.8375 73.5845 63.3275 -57.1333 -37.1232 -0.0000 0.0000 -0.4944 25.3805 -21.8784 -10.0255 -7.1250 0.0000 -0.0000 -2.1469 6.0308 1.9109 0.0000 0.0000 0.0000 73.4342 -1.0551 52.1669 -42.6806 49.5803 -20.4573 0.0000 -0.0000 -9.6616 -15.5273 -29.7983 7.8612 7.1250 -0.0000 -0.0000 17.9660 -59.7980 -6.6186
-18.1705 14.9668 1.6708 42.1422 82.2009 -302.8710 0.0000 0.0000 0.0000 -14.2352 0.6939 -54.9857 9.7628 17.2743 58.6926 0.9247 2.3562 -19.1608 0.1383 -2.3965 -6.6029 0.0000 0.0000 0.0000 -4.7195 -4.1446 -46.6403 -14.9443 -19.3758 75.0690 -0.4221 5.8194 -11.6531 -0.7047 5.3656 -14.9543 -11.1597 3.4962 19.4490 -2.1016 3.0216 7.8623 3.3831 1.5708 -2.6693 -2.1454 1.5607 -29.4425 -3.4689 4.0796 20.2531 -0.2166 1.1872 11.4771 -0.0000 -0.0000 0.0000 -53.7483 -11.6677 75.6576 63.0888 -57.0784 -36.9228 -0.0000 0.0000 -0.6203 24.0879 -22.5050 -9.7105 -7.1250 0.0000 -0.0000 -3.0271 5.5983 2.7212 -0.0000 -0.0000 0.0000 73.0007 -0.2687 51.9902 -44.7239 50.6325 -22.0251 0.0000 -0.0000 -8.9429 -17.3311 -30.8936 9.1029 7.1250 -0.0000 -0.0000 16.8261 -61.2737 -6.7764
-17.9268 14.9452 1.5195 41.8705 82.4444 -303.3040 0.0000 0.0000 0.0000 -14.6428 0.7974 -54.4683 10.1359 17.4856 59.9416 1.0950 1.5886 -20.4024 0.1911 -2.8154 -7.7654 0.0000 0.0000 0.0000 -4.6737 -5.2426 -49.8778 -15.9354 -19.5992 78.0392 -0.3605 1.2782 -10.9661 -0.5678 4.8259 -13.4126 -12.2228 3.2357 19.5369 -1.8383 2.5079 7.9330 4.3749 1.2940 -2.5876 -2.1151 2.1211 -29.2863 -3.3204 4.7732 19.9908 -0.0444 1.5298 11.3498 -0.0000 -0.0000 0.0000 -51.5859 -13.7093 77.4416 62.9459 -57.0452 -36.8029 -0.0000 0.0000 -0.6546 22.7425 -21.6416 -8.7880 -7.1250 0.0000 -0.0000 -3.7830 6.7440 3.3200 -0.0000 -0.0000 0.0000 72.1567 0.1668 52.5706 -47.5876 51.9750 -24.2604 0.0000 -0.0000 -9.7310 -19.4200 -30.2096 10.0591 7.1250 -0.0000 -0.0000 14.0246 -61.1249 -5.5708
-17.6628 14.9587 1.3902 38.6356 82.4096 -306.7470 0.0000 0.0000 0.0000 -14.8918 1.2630 -53.6029 10.4033 17.6305 60.8280 1.2662 0.9180 -21.6188 0.2070 -2.9292 -8.0817 0.0000 0.0000 0.0000 -4.1551 -4.9570 -52.1677 -15.7378 -19.5588 77.4494 -0.4726 2.7468 -12.3327 -0.9997 6.3629 -17.8410 -12.5863 3.2063 20.1232 -1.9330 2.2538 7.5365 4.5051 1.2089 -3.2849 -1.6937 2.5026 -28.5816 -3.3088 5.0888 19.9209 -0.0586 1.7187 11.2107 0.0000 0.0000 0.0000 -49.1968 -15.0083 79.7616 63.2879 -57.1243 -37.0900 -0.0000 0.0000 -0.8444 22.5657 -21.1632 -8.5323 -7.1250 0.0000 -0.0000 -3.8497 7.2774 3.3388 0.0000 0.0000 0.0000 72.1121 -0.4717 52.7866 -50.6085 53.2380 -26.6609 0.0000 -0.0000 -9.7646 -20.1290 -29.7538 10.3091 7.1250 -0.0000 -0.0000 12.9278 -60.8505 -5.0421
-17.4221 14.9599 1.2889 36.5350 82.4599 -308.8320 0.0000 0.0000 0.0000 -15.0150 1.3076 -52.8014 10.5771 17.7218 61.4003 1.4264 0.7213 -22.8530 0.2284 -3.0762 -8.4911 0.0000 0.0000 0.0000 -3.5998 -3.9457 -54.1294 -14.5413 -19.2701 73.8509 -0.4685 4.9027 -12.1863 -1.5300 7.8096 -22.1374 -12.5080 2.9188 20.3703 -2.0409 1.8822 7.6668 4.4294 1.0266 -3.2001 -1.2764 3.0792 -29.2163 -3.6315 5.8128 19.9147 -0.1097 2.0224 11.3510 0.0000 0.0000 0.0000 -47.2981 -16.8121 80.9592 63.1979 -57.1036 -37.0144 -0.0000 0.0000 -0.7146 24.0660 -20.0911 -8.7221 -7.1250 0.0000 -0.0000 -2.7910 8.1703 2.3689 0.0000 0.0000 0.0000 72.0107 -0.2223 52.7154 -53.8779 54.4446 -29.3010 0.0000 -0.0000 -10.2053 -19.5004 -31.3352 10.4347 7.1250 -0.0000 -0.0000 14.7502 -62.2420 -6.2563
-17.1797 14.9752 1.2236 35.4850 82.2639 -309.7040 0.0000 0.0000 0.0000 -15.4425 1.7445 -52.1283 10.6478 17.7584 61.6325 1.6038 -0.0644 -23.9482 0.2054 -2.9181 -8.0510 0.0000 0.0000 0.0000 -3.5117 -2.1585 -55.4684 -12.6418 -18.6490 68.0093 -0.5138 5.7102 -12.7970 -1.4651 7.6495 -21.6545 -12.8311 2.7601 20.8565 -2.0333 1.4582 7.1467 4.7003 0.8642 -3.9559 -0.3808 4.0684 -27.9494 -4.6463 7.0255 19.3971 -0.4291 2.5427 11.0311 -0.0000 -0.0000 0.0000 -46.7384 -17.1491 82.1938 62.7469 -56.9986 -36.6360 -0.0000 0.0000 -0.6852 20.0682 -19.5271 -6.9618 -7.1250 0.0000 -0.0000 -5.3188 9.3661 4.4018 -0.0000 -0.0000 0.0000 71.6140 -1.3089 53.4965 -56.7645 55.3843 -31.6633 0.0000 -0.0000 -9.3816 -18.8369 -31.2043 10.0233 7.1250 -0.0000 -0.0000 15.3954 -61.9471 -6.4296
-16.9491 15.0102 1.1997 37.9251 82.3873 -307.0770 0.0000 0.0000 0.0000 -15.9386 1.8620 -51.4076 10.6269 17.7476 61.5640 1.6619 -0.1455 -24.3541 0.2932 -3.4819 -9.6234 0.0000 0.0000 0.0000 -4.0392 -0.4238 -55.8431 -10.4813 -17.6718 61.0853 -0.5800 5.1623 -13.5592 -1.2642 7.1270 -20.0923 -12.6755 2.4501 21.5597 -2.0342 0.9515 6.9089 4.7248 0.6557 -4.4947 0.5236 5.2400 -28.0234 -5.9705 8.6602 19.5511 -0.7614 3.1682 11.2608 0.0000 0.0000 0.0000 -46.6726 -17.4456 82.3958 62.9104 -57.0369 -36.7731 -0.0000 0.0000 -0.7952 11.9150 -19.4010 -4.0094 -7.1250 0.0000 -0.0000 -10.5833 10.4458 8.6418 0.0000 0.0000 0.0000 71.3907 -1.7540 54.5342 -58.0071 55.7551 -32.6882 0.0000 -0.0000 -8.2198 -19.8684 -28.8654 9.8958 7.1250 -0.0000 -0.0000 12.6471 -59.9095 -4.6466
-16.7187 15.0396 1.2184 42.2331 82.5110 -302.3420 0.0000 0.0000 0.0000 -16.4595 1.9004 -50.8789 10.5811 17.7239 61.4136 1.7420 -0.4944 -24.8286 0.2562 -3.2567 -8.9942 0.0000 0.0000 0.0000 -5.2289 1.3071 -56.0602 -8.6101 -16.5501 54.7316 -0.5076 5.4513 -12.7044 -0.9851 6.3176 -17.7088 -12.3465 2.1142 21.6439 -2.0599 0.5459 6.7275 4.6141 0.4732 -4.6758 1.3281 6.7012 -27.6899 -7.4630 10.7660 19.3656 -1.0518 3.9988 11.3644 -0.0000 -0.0000 0.0000 -47.2109 -17.6594 82.6345 62.5443 -56.9507 -36.4660 -0.0000 0.0000 -0.9001 8.3077 -18.1086 -2.5986 -7.1250 0.0000 -0.0000 -12.9178 12.0340 10.2099 -0.0000 -0.0000 0.0000 71.3700 -2.1891 55.1721 -59.8012 56.2567 -34.1758 0.0000 -0.0000 -8.0343 -18.9587 -29.4378 9.5831 7.1250 -0.0000 -0.0000 14.0109 -60.2576 -5.2757
-16.4730 15.0651 1.2868 46.8557 82.7470 -297.5800 0.0000 0.0000 0.0000 -16.7188 2.1854 -50.0026 10.4914 17.6771 61.1186 1.8039 -0.8305 -25.1705 0.3072 -3.5636 -9.8521 0.0000 0.0000 0.0000 -5.9667 2.3917 -56.1963 -7.5918 -15.8106 51.0786 -0.2907 5.8779 -9.8260 -0.9173 6.1024 -17.0818 -11.6936 1.9384 21.6242 -2.0578 0.4687 6.7928 4.2715 0.4319 -4.5912 2.1287 8.1742 -27.1581 -8.7767 12.8689 19.2780 -1.2674 4.8552 11.5099 -0.0000 -0.0000 0.0000 -48.5295 -17.4822 82.2215 61.9117 -56.7982 -35.9363 -0.0000 -0.0000 0.0471 9.5610 -15.8623 -2.6359 -7.1250 0.0000 -0.0000 -12.1393 14.1551 9.0105 -0.0000 -0.0000 0.0000 71.7990 -2.5859 55.1278 -60.4524 56.4293 -34.7178 0.0000 -0.0000 -7.0126 -19.1941 -28.9487 9.5645 7.1250 -0.0000 -0.0000 13.4371 -59.8329 -4.9184
-16.2133 15.0605 1.4198 56.7526 82.9401 -287.8900 0.0000 0.0000 0.0000 -16.9321 2.1189 -48.6910 10.4053 17.6315 60.8346 1.8366 -0.9088 -25.3782 0.5774 -4.8659 -13.5264 0.0000 0.0000 0.0000 -6.2819 2.0601 -56.2862 -7.7557 -15.9366 51.6778 -0.2015 4.5858 -8.1217 -0.3993 4.0569 -11.2369 -11.1526 1.8123 21.8750 -2.0882 0.3844 6.7474 3.9539 0.4056 -4.7656 3.4576 10.0027 -25.6594 -10.7584 15.4584 18.8579 -1.7227 5.9460 11.5568 -0.0000 0.0000 0.0000 -50.1464 -16.7725 82.1622 61.1835 -56.6171 -35.3276 -0.0000 -0.0000 1.0265 7.5250 -14.0165 -1.8325 -7.1250 0.0000 -0.0000 -13.5637 16.0952 9.5461 -0.0000 0.0000 0.0000 72.7076 -3.3236 54.9034 -60.6507 56.4808 -34.8830 0.0000 -0.0000 -6.3745 -21.7702 -27.8861 10.5804 7.1250 -0.0000 -0.0000 9.9822 -59.3763 -3.5268
-15.9621 15.0406 1.6139 69.0357 82.7052 -275.7280 0.0000 0.0000 0.0000 -17.0773 1.7096 -47.4709 10.3766 17.6163 60.7398 1.8836 -1.2491 -25.6106 0.6298 -5.0780 -14.1313 0.0000 0.0000 0.0000 -6.5160 1.0167 -56.3043 -8.5675 -16.5212 54.5820 -0.2553 4.2578 -9.0263 -0.1051 2.0900 -5.7544 -10.6942 1.9124 22.2309 -2.2637 0.5316 6.5168 3.4602 0.5078 -5.2297 4.9066 11.7939 -24.1031 -12.7538 18.1167 18.8998 -2.1612 7.0683 11.8890 -0.0000 0.0000 0.0000 -51.9731 -15.7784 82.1748 60.4337 -56.4244 -34.7022 -0.0000 -0.0000 1.5109 9.4602 -11.8371 -1.9576 -7.1250 0.0000 -0.0000 -12.3455 18.1398 8.0782 -0.0000 0.0000 0.0000 74.0709 -4.4778 53.5802 -61.5348 56.7052 -35.6211 0.0000 -0.0000 -5.2242 -23.7644 -27.9072 11.6447 7.1250 -0.0000 -0.0000 7.7707 -59.8701 -2.8305
-15.6966 15.0093 1.8513 79.7980 82.5351 -265.1740 0.0000 0.0000 0.0000 -16.5401 1.5649 -46.4720 10.5505 17.7080 61.3130 1.8552 -1.7315 -25.2830 0.6708 -5.2376 -14.5874 0.0000 0.0000 0.0000 -6.2333 0.5344 -55.4139 -9.0962 -16.8692 56.4221 -0.4057 3.0118 -11.3740 -0.1749 2.6943 -7.4288 -9.9633 2.0959 22.1482 -2.2913 0.9495 6.5871 2.9108 0.7080 -5.1686 6.4022 13.3335 -22.0154 -15.2193 20.5404 18.2789 -2.8192 8.1272 12.0261 -0.0000 -0.0000 0.0000 -53.8419 -14.2866 81.3113 60.7864 -56.5159 -34.9962 -0.0000 -0.0000 1.0368 8.6008 -10.3847 -1.5617 -7.1250 0.0000 -0.0000 -13.0214 19.6104 8.1061 -0.0000 -0.0000 0.0000 75.4580 -4.8611 51.5965 -62.5409 56.9499 -36.4632 0.0000 -0.0000 -4.9159 -22.3567 -30.6934 11.8564 7.1250 -0.0000 -0.0000 11.0316 -62.3419 -4.6808
-15.4781 14.9747 2.1255 90.6297 83.1422 -253.9490 0.0000 0.0000 0.0000 -14.3967 1.5430 -47.5974 11.2263 18.0440 63.5142 1.5151 -1.8368 -22.7560 0.7553 -5.5508 -15.4865 0.0000 0.0000 0.0000 -4.7841 1.0104 -54.9477 -9.4373 -17.0811 57.5907 -0.6352 2.5695 -14.3983 -0.2675 3.3272 -9.1912 -7.9598 2.2699 21.7847 -2.4277 1.6217 6.5646 1.4686 1.0249 -5.0675 8.0154 14.6667 -20.1310 -17.3510 22.5149 17.3234 -3.4406 9.0658 12.0851 0.0000 0.0000 0.0000 -54.7811 -12.7861 80.5812 62.1159 -56.8479 -36.1072 -0.0000 0.0000 -1.5748 14.4238 -8.6256 -2.2090 -7.1250 0.0000 -0.0000 -8.9786 21.1228 5.2028 0.0000 0.0000 0.0000 76.9336 -5.0749 50.0206 -63.1315 57.0882 -36.9586 0.0000 -0.0000 -6.5482 -22.1860 -30.8145 11.7996 7.1250 -0.0000 -0.0000 11.3113 -62.4187 -4.8215
-15.2935 14.9439 2.4067 101.5400 82.7814 -243.1020 0.0000 0.0000 0.0000 -12.7357 1.8140 -49.6499 12.3668 18.5415 67.1469 0.9524 -1.7428 -17.9398 0.9705 -6.2720 -17.5757 0.0000 0.0000 0.0000 -4.0126 0.9599 -54.5744 -9.9928 -17.4058 59.4645 -0.8542 2.1248 -16.8750 -0.2392 3.1476 -8.6900 -6.6431 2.4535 22.1942 -2.7719 2.1231 6.7608 0.2137 1.2803 -5.0612 8.8567 16.0915 -18.3790 -18.7804 24.5693 16.0221 -3.6617 10.1007 11.9111 -0.0000 0.0000 0.0000 -55.0298 -11.4219 79.4078 64.2419 -57.3382 -37.8922 -0.0000 0.0000 -4.3910 19.9550 -8.6839 -3.1378 -7.1250 0.0000 -0.0000 -4.9964 20.7662 2.9112 -0.0000 0.0000 0.0000 77.5926 -4.6939 49.6129 -62.2496 56.8802 -36.2192 0.0000 -0.0000 -5.7175 -22.2754 -31.1894 11.9768 7.1250 -0.0000 -0.0000 11.4689 -62.8150 -4.9966
-15.1745 14.8858 2.6974 118.8590 80.2940 -224.9000 0.0000 0.0000 0.0000 -11.8319 -0.1480 -53.5114 13.3731 18.9127 70.2803 0.4245 -1.1660 -11.9570 0.9165 -6.0998 -17.0741 0.0000 0.0000 0.0000 -4.2709 -1.2428 -55.3257 -10.5539 -17.7098 61.3241 -1.0315 1.6292 -18.7205 -0.2264 3.0624 -8.4526 -5.8726 2.0096 21.9674 -3.1613 1.7551 6.8689 -0.5327 1.1154 -4.7820 10.1771 17.1895 -17.0465 -20.4615 26.2047 15.0980 -4.0820 10.9104 12.0657 -0.0000 0.0000 0.0000 -55.3095 -10.6915 78.1863 66.5909 -57.8246 -39.8752 -0.0000 0.0000 -5.8993 23.0514 -10.7513 -4.5387 -7.1250 0.0000 -0.0000 -2.8342 18.3284 1.8014 -0.0000 0.0000 0.0000 77.5647 -4.0943 49.7102 -61.4671 56.6884 -35.5645 0.0000 -0.0000 -5.3954 -22.0904 -31.7009 12.0394 7.1250 -0.0000 -0.0000 12.0543 -63.2736 -5.3853
-14.9611 14.8998 2.9136 122.3740 79.8714 -222.2250 0.0000 0.0000 0.0000 -10.9256 1.2457 -53.9667 13.1935 18.8509 69.7255 0.2822 -0.5281 -9.8617 0.6723 -5.2431 -14.6032 0.0000 0.0000 0.0000 -3.4186 -1.2384 -53.5414 -10.8564 -17.8641 62.3144 -1.2982 2.0493 -20.9641 -0.1492 2.4890 -6.8592 -4.7699 2.5457 23.0513 -3.5919 2.6593 7.2267 -1.8996 1.5876 -4.9078 11.6366 18.2188 -14.4889 -22.4631 27.7827 13.5705 -4.7079 11.8337 11.9005 0.0000 0.0000 0.0000 -55.6008 -9.5177 77.1319 69.8913 -58.4156 -42.6780 -0.0000 0.0000 -5.6522 25.6856 -11.5588 -5.5047 -7.1250 0.0000 -0.0000 -1.0273 17.1945 0.6778 0.0000 0.0000 0.0000 77.2241 -4.3188 50.1570 -61.4212 56.6769 -35.5262 0.0000 -0.0000 -6.3193 -21.4990 -31.8222 11.7331 7.1250 -0.0000 -0.0000 12.8335 -63.2367 -5.7280
-14.8008 14.9169 3.1436 132.5300 77.5869 -211.9280 0.0000 0.0000 0.0000 -10.3614 -0.3394 -54.3630 11.5681 18.2020 64.6130 0.3508 -3.1142 -10.5498 0.8270 -5.8020 -16.2109 0.0000 0.0000 0.0000 -2.5817 -3.2983 -52.9522 -11.1327 -17.9994 63.2119 -1.5450 1.5781 -23.0527 -0.1681 2.6410 -7.2809 -3.9855 2.4235 23.9376 -3.7078 2.6709 7.3627 -2.5180 1.6198 -5.1688 12.4856 19.1566 -12.8076 -23.7419 29.1221 12.1938 -4.9956 12.6191 11.7252 0.0000 -0.0000 0.0000 -55.8979 -8.9684 76.7146 72.6743 -58.8348 -45.0542 -0.0000 0.0000 -4.7199 27.6439 -11.6964 -6.0609 -7.1250 0.0000 -0.0000 0.3264 16.8259 -0.2179 0.0000 -0.0000 0.0000 76.6556 -4.5602 50.3062 -59.8735 56.2761 -34.2359 0.0000 -0.0000 -5.5290 -20.3410 -31.3799 10.9260 7.1250 -0.0000 -0.0000 13.8317 -62.5009 -5.9428
-14.6756 14.8902 3.2750 132.4600 77.5749 -211.1600 0.0000 0.0000 0.0000 -10.2564 -0.1082 -55.1529 9.4889 17.1122 57.7659 0.4094 -3.8335 -11.3816 0.9827 -6.3101 -17.6869 0.0000 0.0000 0.0000 -2.1001 -3.3022 -54.0329 -11.4240 -18.1364 64.1510 -1.6552 1.7587 -23.8354 -0.1610 2.5853 -7.1263 -3.7582 3.3850 23.5104 -4.0975 4.0337 7.7534 -3.3974 2.3070 -4.4588 13.2400 19.9809 -12.3181 -25.2952 30.4003 11.0762 -5.2524 13.2509 11.9430 0.0000 -0.0000 0.0000 -56.2321 -9.9895 76.7063 73.2405 -58.9116 -45.5389 -0.0000 0.0000 -4.1997 28.4204 -12.3307 -6.5922 -7.1250 0.0000 -0.0000 0.8117 16.0225 -0.5562 0.0000 -0.0000 0.0000 75.9235 -5.1782 50.2014 -59.8411 56.2674 -34.2089 0.0000 -0.0000 -5.9660 -21.4583 -31.1405 11.4901 7.1250 -0.0000 -0.0000 12.3784 -62.5541 -5.3231
-14.5626 14.8483 3.3891 135.0600 76.5962 -207.9070 0.0000 0.0000 0.0000 -10.1319 -0.8357 -55.7431 7.9915 16.1130 52.5322 0.4437 -3.4404 -11.8746 1.2494 -7.0868 -19.9728 0.0000 0.0000 0.0000 -1.8159 -3.9954 -54.8150 -11.7830 -18.2974 65.2994 -1.7971 1.4940 -24.9348 -0.1782 2.7191 -7.4975 -3.5149 4.1006 23.3436 -4.4888 5.0491 7.9043 -4.2072 2.8296 -4.1185 14.5347 20.5501 -10.3009 -26.9417 31.3785 9.8771 -5.8127 13.9122 11.9391 0.0000 -0.0000 0.0000 -56.2584 -11.4081 77.4711 73.0716 -58.8890 -45.3943 -0.0000 0.0000 -4.5420 29.5047 -12.9379 -7.2208 -7.1250 0.0000 -0.0000 1.5000 15.1969 -1.0547 0.0000 -0.0000 0.0000 75.2035 -6.6586 50.0867 -60.4699 56.4338 -34.7323 0.0000 -0.0000 -6.4113 -22.3162 -30.9290 11.9128 7.1250 -0.0000 -0.0000 11.2396 -62.5664 -4.8297
-14.4326 14.7870 3.4414 137.3890 75.3227 -205.6520 0.0000 0.0000 0.0000 -10.0887 -1.6668 -55.4692 7.5669 15.7913 50.9874 0.3129 -1.9349 -10.0706 1.4016 -7.4890 -21.1723 0.0000 0.0000 0.0000 -1.9626 -5.0461 -54.6547 -12.2070 -18.4768 66.6433 -2.0423 1.3358 -26.6688 -0.2516 3.2273 -8.9123 -3.4477 4.4662 23.4906 -4.8489 5.6067 8.2649 -4.7733 3.1476 -3.7202 15.1374 21.2647 -8.8140 -27.9396 32.5846 9.1069 -5.9626 14.6126 11.9991 -0.0000 0.0000 0.0000 -56.7315 -12.8196 77.2595 72.5776 -58.8214 -44.9715 -0.0000 0.0000 -4.5822 30.8879 -14.0032 -8.2364 -7.1250 0.0000 -0.0000 2.3267 13.7855 -1.7067 -0.0000 0.0000 0.0000 74.4175 -7.4562 50.5916 -60.5196 56.4468 -34.7738 0.0000 -0.0000 -7.0456 -25.2794 -30.0273 13.2964 7.1250 -0.0000 -0.0000 7.1906 -62.4258 -3.0537
-14.3303 14.6905 3.4423 138.0880 74.9806 -204.9600 0.0000 0.0000 0.0000 -9.7630 -1.8322 -55.5170 7.7991 15.9695 51.8359 0.2185 -2.5758 -8.3140 1.2785 -7.1658 -20.2074 0.0000 0.0000 0.0000 -2.2521 -5.1325 -54.8805 -12.7339 -18.6840 68.2971 -2.2243 1.5691 -27.7978 -0.2094 2.9459 -8.1282 -3.6134 5.0166 23.6837 -5.2045 6.3050 8.3960 -5.2618 3.5175 -3.5985 15.0364 21.8272 -8.0725 -28.1534 33.5713 9.0101 -5.7869 15.1116 12.0847 -0.0000 -0.0000 0.0000 -57.6075 -14.0313 76.2638 73.0784 -58.8899 -45.4001 -0.0000 0.0000 -4.0379 31.4536 -13.6896 -8.2371 -7.1250 0.0000 -0.0000 2.7434 14.0569 -1.9972 -0.0000 -0.0000 0.0000 73.4301 -7.3411 51.8326 -59.0828 56.0605 -33.5791 0.0000 -0.0000 -7.2257 -26.3514 -30.1830 13.9846 7.1250 -0.0000 -0.0000 5.9998 -62.8685 -2.6084
-14.1972 14.6136 3.4211 139.0860 73.4211 -204.1940 0.0000 0.0000 0.0000 -10.6254 -2.5179 -55.7765 8.1354 16.2180 53.0490 0.1865 -2.7872 -7.6703 1.0547 -6.5300 -18.3303 0.0000 0.0000 0.0000 -3.0661 -6.6536 -54.3886 -13.2244 -18.8617 69.8210 -2.3637 1.9162 -28.5899 -0.2227 3.0380 -8.3846 -4.0381 5.3196 23.9236 -5.6829 6.6400 8.4920 -5.6578 3.7187 -3.5631 15.2979 21.9801 -7.5859 -28.0814 33.8884 9.1880 -5.7465 15.2856 12.1634 0.0000 -0.0000 0.0000 -58.1391 -15.0445 75.9221 74.4393 -59.0650 -46.5663 -0.0000 0.0000 -4.0231 30.2165 -13.1424 -7.5433 -7.1250 0.0000 -0.0000 1.9648 14.8658 -1.3958 0.0000 -0.0000 0.0000 73.3339 -7.7176 52.0372 -58.0005 55.7532 -32.6827 0.0000 -0.0000 -7.1666 -25.8021 -30.9587 13.9663 7.1250 -0.0000 -0.0000 7.1304 -63.5192 -3.2111
-14.0818 14.5449 3.3752 141.5400 72.4267 -201.5780 0.0000 0.0000 0.0000 -10.7638 -3.3525 -56.5689 8.5163 16.4862 54.4017 0.2109 -2.6540 -8.1629 0.7276 -5.4503 -15.1975 0.0000 0.0000 0.0000 -3.1765 -7.6973 -54.2713 -13.5993 -18.9880 70.9769 -2.4685 1.9258 -29.2339 -0.2708 3.3477 -9.2483 -3.9040 5.5331 23.8883 -5.9442 6.9572 8.4199 -6.1045 3.8929 -3.5512 15.1856 22.0347 -7.7799 -28.1837 34.1334 9.3762 -5.6714 15.3537 12.3326 0.0000 0.0000 0.0000 -58.9524 -15.4231 75.5505 74.1190 -59.0252 -46.2916 -0.0000 0.0000 -2.3685 30.1939 -13.5946 -7.7880 -7.1250 0.0000 -0.0000 1.9024 14.3551 -1.3721 0.0000 0.0000 0.0000 73.3218 -8.3408 52.0013 -57.2487 55.5311 -32.0621 0.0000 -0.0000 -7.0159 -26.6015 -31.3445 14.6013 7.1250 -0.0000 -0.0000 6.3957 -64.1330 -2.9705
-13.9843 14.4894 3.3249 145.8540 71.3282 -197.2720 0.0000 0.0000 0.0000 -9.4896 -5.3747 -56.8617 8.8749 16.7265 55.6565 0.2486 -2.8620 -8.8659 0.6201 -5.0393 -14.0208 0.0000 0.0000 0.0000 -2.6449 -8.6688 -53.8916 -13.8941 -19.0816 71.8807 -2.6497 1.5142 -30.4274 -0.3661 3.8866 -10.7578 -3.2842 5.7027 24.2212 -5.8421 7.2836 8.2744 -6.4783 4.0537 -3.7959 14.7649 22.0574 -8.0633 -28.0181 34.2252 9.4736 -5.5209 15.3652 12.3174 -0.0000 -0.0000 0.0000 -59.8634 -15.2648 75.0956 75.0409 -59.1373 -47.0826 -0.0000 0.0000 -2.0949 28.5600 -13.9792 -7.4908 -7.1250 0.0000 -0.0000 0.7573 14.1563 -0.5491 -0.0000 -0.0000 0.0000 73.1620 -9.2129 52.3146 -56.2173 55.2147 -31.2134 0.0000 -0.0000 -6.5880 -28.0899 -31.0579 15.3949 7.1250 -0.0000 -0.0000 4.3674 -64.2484 -2.0381
-13.9168 14.4374 3.2414 146.9210 69.8133 -195.3040 0.0000 0.0000 0.0000 -9.5861 -7.5971 -57.9279 9.1595 16.9093 56.6400 0.3004 -2.7640 -9.7688 0.6041 -4.9750 -13.8373 0.0000 0.0000 0.0000 -3.2601 -10.2168 -54.5772 -14.1413 -19.1563 72.6355 -2.7182 1.1448 -30.9283 -0.5029 4.5461 -12.6184 -2.8362 5.9799 24.2649 -6.3670 7.6931 7.8808 -7.4599 4.2644 -4.0801 15.5519 21.8752 -8.0328 -28.7778 34.1541 9.2987 -5.8563 15.3466 12.5865 0.0000 0.0000 0.0000 -60.5098 -14.9276 74.9790 76.4290 -59.2925 -48.2751 -0.0000 0.0000 -0.7475 27.0171 -15.7821 -7.8956 -7.1250 0.0000 -0.0000 -0.4502 12.3782 0.3433 0.0000 0.0000 0.0000 73.5577 -10.0816 52.1019 -55.0754 54.8481 -30.2777 0.0000 -0.0000 -7.0403 -27.1132 -31.6650 15.0446 7.1250 -0.0000 -0.0000 5.9638 -64.6045 -2.8347
-13.8408 14.4192 3.1872 147.8190 68.2763 -193.6730 0.0000 0.0000 0.0000 -9.9631 -8.9778 -58.6889 9.3276 17.0140 57.2164 0.3147 -3.3212 -9.9748 0.6014 -4.9644 -13.8071 0.0000 0.0000 0.0000 -3.7773 -11.5203 -54.9210 -14.3783 -19.2248 73.3567 -2.7880 0.7086 -31.4549 -0.5673 4.8239 -13.4069 -3.0250 6.2868 24.2149 -6.5114 8.0491 7.7514 -7.6151 4.4430 -4.1604 14.9939 22.2113 -8.1046 -28.6353 34.7040 9.2550 -5.5670 15.5878 12.5611 -0.0000 0.0000 0.0000 -61.8744 -14.1010 73.9572 78.4821 -59.4927 -50.0422 -0.0000 -0.0000 2.3586 26.8206 -16.0774 -7.9705 -7.1250 0.0000 -0.0000 -0.6089 12.0827 0.4680 -0.0000 0.0000 0.0000 73.1626 -11.3196 52.6209 -54.7034 54.7249 -29.9737 0.0000 -0.0000 -6.9502 -31.1531 -31.5475 17.5511 7.1250 -0.0000 -0.0000 0.6716 -65.6342 -0.3347
-13.7559 14.3939 3.1271 149.4470 66.2084 -191.6360 0.0000 0.0000 0.0000 -10.2624 -10.6168 -59.1732 9.4599 17.0947 57.6675 0.3209 -4.0296 -10.0759 0.7948 -5.6906 -15.8894 0.0000 0.0000 0.0000 -4.0464 -13.5955 -54.7021 -14.5812 -19.2809 73.9719 -2.9029 0.7712 -32.0909 -0.6304 5.0802 -14.1375 -2.8217 6.3370 24.3581 -6.4257 8.1890 7.8107 -7.6846 4.5250 -4.1373 14.2809 22.4031 -7.9681 -29.0719 35.2590 8.9750 -5.4665 15.8605 12.5372 0.0000 0.0000 0.0000 -63.6140 -12.0583 71.3696 82.5779 -59.7908 -53.5768 -0.0000 -0.0000 6.8743 27.6431 -18.8269 -9.5933 -7.1250 0.0000 -0.0000 -0.3568 8.9292 0.2971 0.0000 0.0000 0.0000 72.3847 -11.9799 53.2292 -53.8153 54.4230 -29.2500 0.0000 -0.0000 -7.8040 -29.6216 -32.4030 16.9451 7.1250 -0.0000 -0.0000 3.2023 -66.0870 -1.6301
-13.6730 14.3489 3.0492 149.7220 63.9671 -190.7290 0.0000 0.0000 0.0000 -10.8644 -12.8114 -59.6376 9.6576 17.2127 58.3376 0.3432 -4.6799 -10.4489 0.7483 -5.5254 -15.4133 0.0000 0.0000 0.0000 -4.9340 -15.9378 -54.7557 -14.8017 -19.3394 74.6386 -2.9902 0.7324 -32.5909 -0.7673 5.5936 -15.6097 -2.7083 6.6659 24.4534 -6.6230 8.6577 7.7386 -8.1124 4.7757 -4.1600 14.4265 22.4610 -7.6470 -29.0640 35.6233 9.3812 -5.3991 16.0362 12.7470 -0.0000 0.0000 0.0000 -64.8903 -7.8393 67.6015 90.5608 -59.9988 -60.4857 -0.0000 -0.0000 12.1063 31.1169 -21.7725 -12.6206 -7.1250 0.0000 -0.0000 1.4498 4.9755 -1.3190 -0.0000 0.0000 0.0000 72.4404 -13.9506 52.9021 -53.7651 54.4056 -29.2092 0.0000 -0.0000 -8.6946 -30.7908 -32.6610 17.8272 7.1250 -0.0000 -0.0000 1.7899 -66.7023 -0.9362
-13.6273 14.2876 2.9666 149.4540 63.2530 -189.4110 0.0000 0.0000 0.0000 -10.9279 -13.9718 -61.6244 9.9290 17.3698 59.2510 0.3681 -4.8377 -10.8231 0.7251 -5.4410 -15.1707 0.0000 0.0000 0.0000 -5.4411 -16.6029 -56.4500 -15.0769 -19.4087 75.4683 -2.8674 0.2727 -32.0363 -0.9178 6.1039 -17.0863 -2.9421 7.4943 23.6284 -6.9202 9.6703 7.3850 -8.4769 5.2659 -4.0056 14.8045 22.3179 -7.2007 -29.8122 35.7853 9.2409 -5.6584 16.1719 12.9423 0.0000 -0.0000 0.0000 -66.6989 -2.0468 61.8536 101.3121 -59.5109 -69.7805 -0.0000 -0.0000 17.3287 36.3017 -23.4131 -16.2729 -7.1250 0.0000 -0.0000 4.3293 1.8015 -4.2032 0.0000 -0.0000 0.0000 72.5392 -15.5977 52.5639 -52.7740 54.0548 -28.4050 0.0000 -0.0000 -8.3258 -30.0358 -32.5007 17.2581 7.1250 -0.0000 -0.0000 2.7115 -66.3107 -1.3940
-13.5696 14.2423 2.8737 149.5010 61.5130 -188.3540 0.0000 0.0000 0.0000 -11.2345 -16.0937 -62.6948 10.1991 17.5203 60.1518 0.4033 -4.9868 -11.3252 0.7224 -5.4311 -15.1424 0.0000 0.0000 0.0000 -6.0765 -18.7137 -57.2380 -15.3394 -19.4711 76.2571 -2.8431 -0.0098 -31.9842 -0.9809 6.3045 -17.6706 -2.8921 7.9986 23.3919 -6.9717 10.3666 7.3600 -8.6936 5.6235 -3.8116 13.8226 22.2113 -7.6384 -29.1929 35.7363 9.6777 -5.3515 16.1099 12.8079 0.0000 -0.0000 0.0000 -69.6975 4.4222 53.5181 112.1934 -58.0545 -79.0945 -0.0000 -0.0000 21.3389 41.4651 -25.4562 -20.7971 -7.1250 0.0000 -0.0000 6.9198 -2.2366 -7.2367 0.0000 -0.0000 0.0000 72.5752 -17.5740 51.3687 -52.1962 53.8438 -27.9379 0.0000 -0.0000 -8.5588 -31.0292 -31.6738 17.5295 7.1250 -0.0000 -0.0000 0.9045 -65.7319 -0.4528
-13.4639 14.2143 2.7901 149.7020 59.9239 -188.1420 0.0000 0.0000 0.0000 -11.5849 -17.8611 -62.3631 10.4975 17.6803 61.1387 0.4693 -5.3435 -12.2194 0.6976 -5.3391 -14.8783 0.0000 0.0000 0.0000 -6.8613 -20.7402 -56.5310 -15.6700 -19.5444 77.2468 -2.8918 0.8903 -31.9947 -0.8619 5.9201 -16.5527 -3.1542 8.5101 23.7046 -6.7688 11.0265 7.6331 -8.5141 5.9705 -3.6666 13.4727 22.2660 -7.8145 -28.9361 36.1037 10.2621 -5.1059 16.2303 13.0133 0.0000 -0.0000 0.0000 -73.0264 10.5642 41.9243 121.3327 -55.9442 -86.7654 -0.0000 -0.0000 22.8543 48.3924 -24.1796 -24.7600 -7.1250 0.0000 -0.0000 11.1681 -3.5150 -12.0575 0.0000 -0.0000 0.0000 71.4542 -19.1313 51.8978 -51.8106 53.7001 -27.6268 0.0000 -0.0000 -9.3049 -34.0224 -31.1807 19.2652 7.1250 -0.0000 -0.0000 -3.4292 -66.0845 1.7455
-13.4335 14.1231 2.7107 149.2960 58.3406 -186.7050 0.0000 0.0000 0.0000 -11.4731 -20.1799 -64.6285 10.8104 17.8411 62.1645 0.5133 -5.2605 -12.7635 0.7809 -5.6418 -15.7485 0.0000 0.0000 0.0000 -7.7281 -22.5808 -58.4830 -16.0707 -19.6257 78.4422 -2.7762 1.0479 -31.2909 -1.0296 6.4545 -18.1090 -3.0513 9.1014 22.8562 -7.0154 11.8250 7.3119 -8.9066 6.3650 -3.4331 13.1946 21.8547 -7.8745 -28.9389 35.8309 10.5904 -5.1683 16.1235 13.0420 -0.0000 -0.0000 0.0000 -75.4067 14.2477 28.6291 125.3225 -54.7162 -90.0475 -0.0000 -0.0000 19.6118 51.2042 -22.4014 -25.3636 -7.1250 0.0000 -0.0000 13.2155 -2.5859 -14.1740 -0.0000 -0.0000 0.0000 71.9777 -21.1675 50.8002 -50.9427 53.3687 -26.9288 0.0000 -0.0000 -9.2214 -34.8274 -30.2527 19.3165 7.1250 -0.0000 -0.0000 -4.9001 -65.3116 2.4082
-13.3697 14.0740 2.6441 149.4770 57.0474 -185.5580 0.0000 0.0000 0.0000 -11.6543 -21.2744 -65.8511 11.0435 17.9563 62.9229 0.5110 -5.8241 -12.7718 0.6925 -5.3198 -14.8229 0.0000 0.0000 0.0000 -8.1784 -23.8820 -58.8702 -16.2601 -19.6613 79.0057 -2.8227 1.2719 -31.4969 -1.1798 6.8936 -19.4006 -2.7571 9.6414 22.3786 -7.0766 12.6615 7.4302 -9.1984 6.8164 -2.8826 13.1253 21.5605 -8.2252 -28.8809 35.6496 11.0282 -5.1648 16.0104 13.2151 0.0000 0.0000 0.0000 -75.6642 14.8774 15.9815 121.4028 -55.9244 -86.8235 -0.0000 -0.0000 13.2031 55.4849 -20.8126 -27.3250 -7.1250 0.0000 -0.0000 16.0216 -2.7317 -17.4505 0.0000 0.0000 0.0000 73.0858 -22.1965 49.7852 -49.5089 52.7955 -25.7825 0.0000 -0.0000 -8.9299 -35.6044 -29.2267 19.2707 7.1250 -0.0000 -0.0000 -6.2850 -64.4084 2.9592
-13.2859 14.0456 2.6104 150.0370 55.5971 -184.5270 0.0000 0.0000 0.0000 -11.8837 -22.0695 -66.3098 11.1820 18.0230 63.3712 0.4855 -6.6314 -12.5534 0.5596 -4.7917 -13.3155 0.0000 0.0000 0.0000 -8.3315 -25.0539 -58.5620 -16.3918 -19.6849 79.3968 -2.9007 1.0643 -31.9968 -1.3859 7.4487 -21.0517 -2.4280 9.9493 22.5119 -6.9744 13.1542 7.5328 -9.3772 7.0798 -2.7228 13.2293 21.1552 -8.3605 -29.2022 35.5882 11.5679 -5.2887 15.9580 13.5684 0.0000 0.0000 0.0000 -73.6212 13.9164 6.5440 108.1821 -58.7133 -75.6781 -0.0000 -0.0000 7.5029 58.3685 -19.0098 -27.8705 -7.1250 0.0000 -0.0000 18.1018 -1.9051 -19.6903 0.0000 0.0000 0.0000 73.6023 -22.4331 49.5516 -47.7033 52.0261 -24.3516 0.0000 -0.0000 -9.0583 -35.9934 -29.1694 19.4953 7.1250 -0.0000 -0.0000 -6.8358 -64.4576 3.2275
-13.2056 14.0217 2.5923 150.6140 54.1834 -183.5960 0.0000 0.0000 0.0000 -12.0477 -22.7521 -66.6171 11.2655 18.0626 63.6407 0.4439 -7.4897 -12.1993 0.5249 -4.6431 -12.8933 0.0000 0.0000 0.0000 -8.4222 -26.0310 -58.2481 -16.5382 -19.7102 79.8311 -2.9489 0.7534 -32.3543 -1.3571 7.3741 -20.8285 -2.0874 9.8961 22.9217 -6.9041 13.1510 7.5628 -9.5610 7.0859 -2.8357 13.2283 20.8428 -8.3545 -29.6649 35.5073 11.6403 -5.4667 15.9358 13.7211 0.0000 -0.0000 0.0000 -69.9239 11.2579 0.1483 82.4290 -59.7823 -53.4481 -0.0000 -0.0000 6.3139 58.4059 -19.9210 -28.9850 -7.1250 0.0000 -0.0000 17.8632 -3.2493 -19.8129 0.0000 -0.0000 0.0000 71.8977 -22.6550 51.5992 -47.8654 52.0975 -24.4795 0.0000 -0.0000 -11.3488 -37.6969 -28.9264 20.4954 7.1250 -0.0000 -0.0000 -9.2756 -64.6840 4.4365
-13.0943 14.0250 2.5942 151.4540 52.9063 -183.0180 0.0000 0.0000 0.0000 -12.2503 -23.0937 -66.0268 11.2609 18.0604 63.6258 0.4073 -8.1387 -11.9069 0.3967 -4.0439 -11.2002 0.0000 0.0000 0.0000 -8.4667 -26.5461 -56.6809 -16.5365 -19.7099 79.8263 -2.9548 0.5036 -32.4593 -1.5696 7.9052 -22.4265 -2.0917 9.8554 23.6419 -6.7251 13.1094 7.7423 -9.4858 7.0727 -3.0387 13.5277 20.7716 -8.8526 -29.2408 35.3852 12.2871 -5.3573 15.7881 13.9916 0.0000 -0.0000 0.0000 -65.1873 8.3608 -3.1562 57.9923 -55.7508 -32.6760 -0.0000 -0.0000 4.5798 58.1037 -19.6780 -28.4162 -7.1250 0.0000 -0.0000 17.7689 -2.7071 -19.5344 0.0000 -0.0000 0.0000 70.8322 -22.2231 52.9716 -47.5708 51.9675 -24.2473 0.0000 -0.0000 -11.9068 -37.4333 -27.5791 19.5141 7.1250 -0.0000 -0.0000 -9.1286 -63.0910 4.0262
-12.9671 14.0685 2.6092 151.8440 51.3773 -183.8170 0.0000 0.0000 0.0000 -13.1751 -23.5053 -63.8346 11.2004 18.0318 63.4307 0.4084 -8.7370 -12.0826 0.4841 -4.4615 -12.3789 0.0000 0.0000 0.0000 -9.0206 -27.3898 -53.6805 -16.3832 -19.6834 79.3715 -3.0546 0.3889 -33.0457 -1.6026 7.9841 -22.6658 -2.2439 9.5524 25.6413 -6.6586 12.6791 8.0247 -9.6204 6.8814 -3.7872 13.1230 20.9292 -9.3078 -28.0830 35.1229 12.6368 -4.9888 15.5969 13.7293 0.0000 -0.0000 0.0000 -60.3078 4.4434 -6.5659 39.0260 -47.4822 -17.7180 -0.0000 -0.0000 7.5554 60.9221 -21.4025 -33.2738 -7.1250 0.0000 -0.0000 18.7826 -7.1140 -22.1164 0.0000 -0.0000 0.0000 70.3363 -21.7505 54.6813 -47.1298 51.7702 -23.9003 0.0000 -0.0000 -10.8759 -39.6098 -27.6622 21.0168 7.1250 -0.0000 -0.0000 -12.1488 -63.8149 5.5820
-12.9026 14.0440 2.6066 152.5810 50.6676 -182.9760 0.0000 0.0000 0.0000 -12.8662 -23.8013 -64.1969 11.3436 18.0992 63.8924 0.3885 -9.0133 -11.9296 0.4600 -4.3504 -12.0647 0.0000 0.0000 0.0000 -8.6664 -27.7149 -53.4399 -16.5306 -19.7089 79.8088 -3.1518 0.5655 -33.5248 -1.6065 7.9932 -22.6934 -1.9272 9.2609 26.2880 -6.8669 12.3286 7.8353 -10.0938 6.7021 -4.2419 13.3319 20.8771 -9.1679 -28.2566 34.8742 12.2132 -5.1566 15.5241 13.5604 0.0000 -0.0000 0.0000 -56.4285 0.7827 -11.0490 27.6001 -38.7455 -9.8724 -0.0000 -0.0000 10.3462 59.0330 -21.8669 -31.8267 -7.1250 0.0000 -0.0000 17.6398 -6.4218 -20.4453 0.0000 -0.0000 0.0000 70.6601 -21.1599 54.6082 -45.9150 51.2089 -22.9497 0.0000 -0.0000 -11.5194 -37.5242 -25.3178 18.1815 7.1250 -0.0000 -0.0000 -9.5244 -60.5444 3.6289
-12.8918 13.9731 2.5788 152.7940 50.8157 -180.8990 0.0000 0.0000 0.0000 -11.7094 -24.1488 -67.1299 11.5771 18.2061 64.6419 0.3807 -8.9197 -11.8073 0.4146 -4.1332 -11.4517 0.0000 0.0000 0.0000 -7.9049 -27.5430 -56.2704 -16.8360 -19.7583 80.7130 -3.0729 -0.1264 -33.3013 -1.7988 8.4338 -24.0396 -2.1914 9.2609 24.4303 -7.2519 12.3048 7.5679 -10.0224 6.6939 -3.6147 13.4173 20.9787 -9.4604 -28.2223 34.8799 12.1463 -5.1185 15.4837 13.5963 -0.0000 0.0000 0.0000 -54.0314 -2.6044 -17.0456 21.3835 -32.2732 -6.2534 -0.0000 -0.0000 11.8964 56.4765 -19.9663 -27.2684 -7.1250 0.0000 -0.0000 16.8018 -2.1266 -18.2032 -0.0000 0.0000 0.0000 70.2032 -20.3310 55.3127 -45.4648 50.9942 -22.5994 0.0000 -0.0000 -12.9342 -36.4629 -24.4164 16.9858 7.1250 -0.0000 -0.0000 -8.2858 -59.2316 2.8931
-12.7530 14.0319 2.5698 153.3970 49.6725 -182.8530 0.0000 0.0000 0.0000 -13.0194 -23.9231 -63.2459 11.6384 18.2336 64.8378 0.4097 -9.9909 -12.4895 0.3883 -4.0012 -11.0801 0.0000 0.0000 0.0000 -8.5808 -28.8257 -51.7918 -16.6895 -19.7352 80.2796 -3.2251 0.2816 -34.0019 -1.9634 8.7893 -25.1386 -2.6570 8.8229 27.1450 -6.8245 11.6651 8.2334 -9.5994 6.4116 -4.4409 12.7135 21.1643 -9.9341 -28.0058 35.0968 12.0894 -4.8594 15.5077 13.5083 0.0000 -0.0000 0.0000 -53.6122 -3.2939 -20.7488 20.2311 -30.9198 -5.6496 -0.0000 -0.0000 12.5898 55.0698 -18.6968 -24.6550 -7.1250 0.0000 -0.0000 16.3774 0.4575 -16.9557 0.0000 -0.0000 0.0000 70.3038 -19.4302 55.5696 -44.5822 50.5621 -21.9156 0.0000 -0.0000 -13.0995 -35.3592 -24.2470 16.2466 7.1250 -0.0000 -0.0000 -6.9617 -58.7555 2.3482
-12.7851 13.9525 2.5199 153.7990 50.3394 -180.8360 0.0000 0.0000 0.0000 -11.5649 -24.2467 -66.2171 11.8792 18.3391 65.6053 0.4303 -9.2990 -12.5005 0.3723 -3.9190 -10.8488 0.0000 0.0000 0.0000 -7.7753 -28.5237 -54.6901 -16.8513 -19.7606 80.7584 -3.0282 0.1782 -32.9632 -2.0119 8.8909 -25.4546 -2.7537 8.8456 25.4143 -7.1057 11.6653 7.8682 -9.5646 6.3872 -3.9864 12.4953 20.9724 -10.2108 -28.4291 35.0029 11.9473 -4.9724 15.4315 13.5636 0.0000 0.0000 0.0000 -55.5554 -0.5478 -18.8206 24.6365 -35.8302 -8.0762 -0.0000 -0.0000 9.2044 56.4133 -19.5643 -26.7603 -7.1250 0.0000 -0.0000 16.8797 -1.5211 -18.1186 0.0000 0.0000 0.0000 70.6113 -19.2615 55.0948 -44.1899 50.3654 -21.6130 0.0000 -0.0000 -12.6126 -35.3560 -24.0708 16.1395 7.1250 -0.0000 -0.0000 -6.9822 -58.5543 2.3214
-12.7183 13.9778 2.4712 154.0760 50.2321 -181.9340 0.0000 0.0000 0.0000 -12.1170 -24.0571 -64.3305 12.0622 18.4168 66.1859 0.4986 -9.6996 -13.3698 0.3197 -3.6345 -10.0506 0.0000 0.0000 0.0000 -8.3699 -29.0165 -52.3247 -16.7395 -19.7432 80.4277 -3.1114 0.9321 -33.2020 -2.0614 8.9929 -25.7730 -3.4009 8.8455 26.7106 -6.7533 11.5178 8.2306 -8.9973 6.3175 -4.4121 12.5195 20.7993 -10.3627 -28.7491 34.8096 11.8204 -5.1229 15.3297 13.5968 -0.0000 0.0000 0.0000 -58.5535 3.0733 -15.7963 32.8684 -43.2287 -13.3319 -0.0000 -0.0000 6.2224 57.2070 -20.6728 -28.7203 -7.1250 0.0000 -0.0000 17.0002 -3.5616 -18.8516 -0.0000 0.0000 0.0000 70.1774 -19.7168 54.6665 -45.1835 50.8581 -22.3810 0.0000 -0.0000 -12.6961 -34.2813 -23.9656 15.4768 7.1250 -0.0000 -0.0000 -5.7169 -58.1671 1.8456
-12.7279 13.9453 2.3989 154.3190 50.8280 -181.2450 0.0000 0.0000 0.0000 -11.6186 -24.0318 -65.2912 12.2606 18.4986 66.8124 0.5453 -9.4175 -13.7885 0.3247 -3.6623 -10.1286 0.0000 0.0000 0.0000 -8.1988 -29.0286 -53.1688 -16.7234 -19.7406 80.3800 -3.0235 1.2104 -32.6432 -2.1760 9.2234 -26.4966 -3.2453 8.9179 26.3024 -6.9241 11.6392 8.1088 -9.2393 6.3753 -4.2729 12.9280 20.5187 -10.4246 -28.8864 34.4138 11.9617 -5.3383 15.1406 13.6984 -0.0000 0.0000 0.0000 -60.3944 5.9988 -13.3708 41.6391 -49.0115 -19.6677 -0.0000 -0.0000 6.7382 58.9339 -21.2104 -30.9872 -7.1250 0.0000 -0.0000 17.7772 -5.4340 -20.3439 -0.0000 0.0000 0.0000 70.5418 -20.1608 53.8104 -45.4281 50.9765 -22.5708 0.0000 -0.0000 -12.8232 -34.5561 -24.2805 15.8124 7.1250 -0.0000 -0.0000 -5.9920 -58.5911 1.9959
-12.7079 13.9445 2.3477 154.1760 50.9751 -181.5260 0.0000 0.0000 0.0000 -11.9682 -23.8751 -65.0087 12.3699 18.5427 67.1567 0.5749 -9.5812 -14.1370 0.3087 -3.5720 -9.8755 0.0000 0.0000 0.0000 -8.5597 -29.3195 -52.7374 -16.6728 -19.7325 80.2301 -2.9688 1.7043 -32.2091 -2.1742 9.2199 -26.4856 -3.5219 9.0093 26.7373 -6.8921 11.6519 8.0842 -9.1517 6.3682 -4.5614 12.8129 20.4745 -10.2581 -28.8062 34.4704 12.1812 -5.3082 15.1627 13.7244 0.0000 -0.0000 0.0000 -60.2856 6.3274 -12.2834 44.2373 -50.3893 -21.6496 -0.0000 -0.0000 8.9813 61.4746 -21.4557 -33.9396 -7.1250 0.0000 -0.0000 19.0606 -7.6055 -22.6239 0.0000 -0.0000 0.0000 71.8003 -20.5203 52.4960 -44.9272 50.7328 -22.1824 0.0000 -0.0000 -11.8917 -34.7970 -24.7323 16.2117 7.1250 -0.0000 -0.0000 -6.2069 -59.1623 2.1529
-12.6863 13.9294 2.3203 154.2310 50.6252 -181.7760 0.0000 0.0000 0.0000 -12.3320 -23.8472 -64.6204 12.4745 18.5841 67.4850 0.5733 -10.0992 -14.2583 0.2800 -3.4036 -9.4045 0.0000 0.0000 0.0000 -9.0102 -29.7065 -51.9447 -16.7239 -19.7407 80.3814 -3.0161 2.3183 -32.3214 -1.8818 8.6154 -24.5995 -3.3309 8.8068 27.4536 -6.8988 11.4287 8.1839 -9.3256 6.2718 -4.7767 12.4159 20.5124 -10.6694 -28.3829 34.5847 12.6393 -5.0591 15.1308 13.8184 0.0000 -0.0000 0.0000 -58.2444 4.5889 -12.5576 40.4249 -48.3196 -18.7560 -0.0000 -0.0000 8.9025 60.9262 -22.4228 -34.4520 -7.1250 0.0000 -0.0000 18.4850 -8.5555 -22.1266 0.0000 -0.0000 0.0000 71.5535 -20.7729 52.9615 -45.8811 51.1929 -22.9233 0.0000 -0.0000 -12.7866 -33.8585 -24.4632 15.5271 7.1250 -0.0000 -0.0000 -5.1285 -58.6230 1.7112
-12.7049 13.8705 2.3052 154.1370 50.7022 -180.9040 0.0000 0.0000 0.0000 -11.9704 -23.8322 -66.3764 12.7105 18.6751 68.2239 0.5598 -10.3883 -14.2037 0.2732 -3.3620 -9.2884 0.0000 0.0000 0.0000 -8.9087 -29.4891 -53.3791 -17.0200 -19.7857 81.2572 -3.0089 2.1086 -32.3318 -1.9795 8.8233 -25.2440 -3.3967 8.6786 26.6419 -7.0239 11.2679 8.0929 -9.2373 6.1896 -4.5029 12.2195 20.5379 -10.6524 -28.8940 34.7328 12.2167 -5.1490 15.2123 13.7859 -0.0000 -0.0000 0.0000 -55.7459 1.8327 -14.8284 33.9359 -44.0372 -14.0685 -0.0000 -0.0000 9.2116 58.4383 -21.2032 -30.4887 -7.1250 0.0000 -0.0000 17.5133 -5.0929 -19.9161 -0.0000 -0.0000 0.0000 71.4007 -20.3351 53.2998 -45.9814 51.2403 -23.0015 0.0000 -0.0000 -12.9305 -35.2960 -24.8877 16.5903 7.1250 -0.0000 -0.0000 -6.7896 -59.4659 2.4054
-12.7571 13.8148 2.2814 153.9900 51.0168 -179.7630 0.0000 0.0000 0.0000 -11.3252 -24.1097 -68.5932 12.9132 18.7506 68.8558 0.5661 -10.1386 -14.1961 0.2886 -3.4547 -9.5474 0.0000 0.0000 0.0000 -8.7867 -28.7863 -55.4274 -17.3140 -19.8261 82.1249 -2.9914 1.6706 -32.3438 -2.1091 9.0897 -26.0762 -3.2571 8.5750 25.7506 -7.3042 11.1468 7.7988 -9.4583 6.1154 -4.3399 12.5039 20.4258 -10.8905 -29.2948 34.5906 12.0403 -5.3246 15.1361 13.9034 -0.0000 0.0000 0.0000 -52.8907 -1.0279 -17.9535 27.6358 -38.7788 -9.8948 -0.0000 -0.0000 10.8231 58.1804 -21.1013 -30.1225 -7.1250 0.0000 -0.0000 17.4039 -4.7807 -19.6919 -0.0000 0.0000 0.0000 71.0302 -19.8489 53.8397 -46.1665 51.3273 -23.1459 0.0000 -0.0000 -13.0309 -35.5531 -24.5556 16.5419 7.1250 -0.0000 -0.0000 -7.1532 -59.1554 2.4819
-12.7172 13.8275 2.2708 153.7500 50.4381 -181.4870 0.0000 0.0000 0.0000 -12.4475 -24.1820 -66.2744 12.9193 18.7528 68.8747 0.6141 -10.4278 -14.7530 0.4201 -4.1599 -11.5271 0.0000 0.0000 0.0000 -9.8464 -29.0489 -52.7131 -17.2313 -19.8152 81.8808 -3.0820 1.5599 -32.8728 -2.2662 9.3998 -27.0543 -3.5437 8.3586 27.7298 -7.1600 10.7749 8.1397 -9.3748 5.9558 -5.0178 12.3088 20.5793 -11.3579 -28.6694 34.5188 12.2371 -5.0771 15.0398 13.8331 0.0000 -0.0000 0.0000 -49.9181 -3.8413 -21.8267 22.4352 -33.4653 -6.8243 -0.0000 -0.0000 14.5151 57.6276 -21.4026 -29.9261 -7.1250 0.0000 -0.0000 17.0193 -4.8456 -19.2334 0.0000 -0.0000 0.0000 71.1773 -19.4928 54.0819 -46.3702 51.4224 -23.3051 0.0000 -0.0000 -12.5691 -35.6417 -24.2213 16.3923 7.1250 -0.0000 -0.0000 -7.3066 -58.7980 2.4728
-12.7384 13.8079 2.2272 153.2880 50.6596 -182.1170 0.0000 0.0000 0.0000 -12.8483 -24.1722 -66.0889 13.0246 18.7910 69.2020 0.6387 -10.5234 -15.0178 0.4049 -4.0852 -11.3166 0.0000 0.0000 0.0000 -10.3767 -29.0122 -52.4494 -17.1829 -19.8087 81.7381 -3.0661 1.4904 -32.8038 -2.3915 9.6380 -27.8122 -3.5095 8.2891 28.4141 -7.3263 10.6579 8.1445 -9.6776 5.9071 -5.3028 12.8626 20.3885 -11.2917 -29.2701 34.3053 11.9925 -5.4039 14.9714 13.9585 0.0000 0.0000 0.0000 -47.8586 -4.9203 -23.2769 19.9366 -30.5659 -5.4991 -0.0000 -0.0000 16.4233 57.2905 -21.1966 -29.3794 -7.1250 0.0000 -0.0000 16.8962 -4.3459 -18.9443 0.0000 0.0000 0.0000 70.7342 -20.0266 54.9023 -47.5894 51.9758 -24.2619 0.0000 -0.0000 -11.7741 -37.9022 -25.5958 18.5901 7.1250 -0.0000 -0.0000 -9.9864 -60.9658 3.9070
-12.8103 13.7414 2.1629 152.8530 51.6632 -181.2850 0.0000 0.0000 0.0000 -12.1922 -24.1239 -68.3387 13.2594 18.8738 69.9294 0.6588 -10.3338 -15.1611 0.3471 -3.7854 -10.4736 0.0000 0.0000 0.0000 -10.3122 -28.4733 -54.8301 -17.2948 -19.8236 82.0681 -2.9846 1.4865 -32.3539 -2.2806 9.4276 -27.1423 -3.2980 8.3374 27.3078 -7.7519 10.7759 7.9087 -10.1298 5.9681 -4.9067 12.8508 20.3876 -11.4112 -29.1420 34.3158 12.2090 -5.3517 14.9406 14.0349 -0.0000 0.0000 0.0000 -46.6016 -5.5975 -24.5691 18.5606 -28.8690 -4.8169 -0.0000 -0.0000 18.5313 57.4812 -21.3658 -29.7461 -7.1250 0.0000 -0.0000 16.9509 -4.7015 -19.1094 -0.0000 0.0000 0.0000 70.9271 -19.9592 54.3649 -47.7504 52.0469 -24.3888 0.0000 -0.0000 -13.6200 -36.1017 -23.9513 16.4913 7.1250 -0.0000 -0.0000 -7.8971 -58.6069 2.6379
-12.7816 13.7777 2.1119 152.6640 51.9611 -182.7690 0.0000 0.0000 0.0000 -13.0720 -23.5865 -66.3615 13.4026 18.9227 70.3715 0.7436 -10.8670 -16.0869 0.3318 -3.7019 -10.2394 0.0000 0.0000 0.0000 -11.0365 -28.4631 -52.7484 -17.2580 -19.8188 81.9597 -3.0703 2.0158 -32.6937 -2.2496 9.3678 -26.9526 -3.5012 8.3741 28.7053 -7.5857 10.7564 8.2151 -10.0537 5.9753 -5.2819 13.0831 20.2961 -10.9865 -29.5817 34.3411 12.0839 -5.5597 14.9962 14.0853 0.0000 -0.0000 0.0000 -46.3352 -5.7658 -25.4790 17.8708 -27.9915 -4.4885 -0.0000 -0.0000 19.8429 57.7213 -21.8681 -30.5268 -7.1250 0.0000 -0.0000 16.9357 -5.5511 -19.3217 0.0000 -0.0000 0.0000 71.0789 -20.2340 54.3080 -47.8747 52.1015 -24.4868 0.0000 -0.0000 -13.6319 -37.8166 -24.4116 17.7848 7.1250 -0.0000 -0.0000 -9.9703 -59.5814 3.5715
-12.8859 13.6790 2.0341 152.3810 53.2550 -180.6130 0.0000 0.0000 0.0000 -11.7038 -23.7450 -70.5226 13.7032 19.0216 71.2961 0.7640 -10.1028 -16.0932 0.3008 -3.5265 -9.7481 0.0000 0.0000 0.0000 -10.4391 -27.8899 -57.1713 -17.5776 -19.8587 82.9013 -2.8583 1.8821 -31.5411 -2.3367 9.5348 -27.4830 -3.3689 8.3648 26.0858 -7.9076 10.8067 7.7839 -10.0534 5.9715 -4.4434 12.3545 20.4624 -11.0007 -29.1699 34.5047 12.1393 -5.2930 15.0461 13.8801 -0.0000 -0.0000 0.0000 -46.6189 -5.7242 -27.4790 17.1220 -27.0183 -4.1426 -0.0000 -0.0000 21.3665 57.6951 -21.7437 -30.3657 -7.1250 0.0000 -0.0000 16.9575 -5.3623 -19.2979 -0.0000 -0.0000 0.0000 70.5567 -20.1207 54.4609 -48.4101 52.3338 -24.9100 0.0000 -0.0000 -14.5581 -37.1440 -24.2805 17.3012 7.1250 -0.0000 -0.0000 -9.1410 -59.2533 3.1994
-12.8981 13.6786 1.9814 152.3780 53.5451 -180.6840 0.0000 0.0000 0.0000 -11.8126 -23.6661 -70.5647 13.8736 19.0752 71.8180 0.8139 -10.1936 -16.5654 0.2659 -3.3172 -9.1632 0.0000 0.0000 0.0000 -10.6755 -27.9358 -57.0937 -17.6054 -19.8620 82.9832 -2.8661 2.3718 -31.4662 -2.3137 9.4910 -27.3437 -3.5609 8.2948 25.9654 -7.6886 10.7019 7.9671 -9.6241 5.9183 -4.2765 12.7486 20.4991 -10.9066 -29.6825 34.6103 11.9374 -5.4720 15.1060 14.0371 0.0000 -0.0000 0.0000 -47.0219 -5.5440 -28.7146 16.6401 -26.3809 -3.9261 -0.0000 -0.0000 21.6373 57.2570 -21.7552 -29.9584 -7.1250 0.0000 -0.0000 16.7179 -5.0989 -18.9302 0.0000 -0.0000 0.0000 71.8983 -19.7124 52.9145 -47.4938 51.9333 -24.1866 0.0000 -0.0000 -13.4608 -36.2729 -23.8256 16.5119 7.1250 -0.0000 -0.0000 -8.1183 -58.5065 2.6928
-12.9128 13.6681 1.9329 152.0880 54.0699 -180.7090 0.0000 0.0000 0.0000 -11.8524 -23.5118 -71.0058 13.9890 19.1107 72.1709 0.8425 -10.1000 -16.8021 0.2565 -3.2585 -8.9994 0.0000 0.0000 0.0000 -10.8969 -27.6457 -57.4371 -17.5825 -19.8593 82.9158 -2.8111 2.5694 -31.1063 -2.2939 9.4531 -27.2232 -3.8621 8.2957 25.7996 -7.6471 10.6065 7.8912 -9.3676 5.8496 -4.3558 12.3136 20.5801 -10.8172 -29.5665 34.6373 11.7465 -5.3842 15.1339 13.8230 0.0000 -0.0000 0.0000 -47.3688 -4.9393 -29.6096 16.3789 -26.0317 -3.8107 -0.0000 -0.0000 22.1785 57.2287 -21.4848 -29.6373 -7.1250 0.0000 -0.0000 16.7803 -4.7074 -18.9012 0.0000 -0.0000 0.0000 71.5309 -19.8482 52.9995 -47.9605 52.1391 -24.5546 0.0000 -0.0000 -14.0807 -36.9709 -23.5879 16.7633 7.1250 -0.0000 -0.0000 -8.9874 -58.4114 2.9634
-12.9230 13.6586 1.8917 152.0030 54.3150 -180.6990 0.0000 0.0000 0.0000 -11.8624 -23.5788 -71.1569 14.0597 19.1320 72.3866 0.8833 -9.8617 -17.1180 0.2905 -3.4660 -9.5790 0.0000 0.0000 0.0000 -11.0244 -27.6382 -57.5057 -17.5346 -19.8536 82.7749 -2.7703 2.7629 -30.8271 -2.2948 9.4549 -27.2289 -3.6820 8.2601 25.8563 -7.8142 10.6087 7.9067 -9.6623 5.8666 -4.2976 12.3434 20.6721 -11.0469 -29.0456 34.4608 11.8523 -5.2521 15.0290 13.7193 -0.0000 -0.0000 0.0000 -46.8713 -5.0455 -30.0845 15.9841 -25.4990 -3.6391 -0.0000 -0.0000 22.5957 56.8842 -21.7132 -29.5609 -7.1250 0.0000 -0.0000 16.5285 -4.8078 -18.6194 -0.0000 -0.0000 0.0000 71.8356 -19.9458 52.5410 -48.4803 52.3639 -24.9656 0.0000 -0.0000 -13.9710 -36.7399 -24.3337 17.0968 7.1250 -0.0000 -0.0000 -8.6360 -59.2089 3.0118
-12.9351 13.6711 1.8589 152.0370 54.5786 -180.5250 0.0000 0.0000 0.0000 -11.7895 -23.6059 -71.2930 14.0597 19.1320 72.3866 0.9005 -9.6483 -17.2327 0.2876 -3.4487 -9.5305 0.0000 0.0000 0.0000 -10.9805 -27.3345 -57.6252 -17.4563 -19.8442 82.5443 -2.7632 2.7383 -30.7918 -2.2178 9.3057 -26.7562 -3.3812 8.2729 25.9514 -8.0030 10.6826 7.8484 -10.0852 5.9135 -4.3055 12.8716 20.5553 -11.1422 -29.2530 34.3164 11.9534 -5.4157 14.9508 13.9137 0.0000 0.0000 0.0000 -46.5338 -5.2232 -30.6174 15.7904 -25.2356 -3.5561 -0.0000 -0.0000 23.2639 57.1820 -22.3782 -30.5556 -7.1250 0.0000 -0.0000 16.4977 -5.9057 -18.8707 0.0000 0.0000 0.0000 72.1518 -20.2137 52.4425 -48.9841 52.5775 -25.3651 0.0000 -0.0000 -14.1426 -33.5056 -23.3338 14.6933 7.1250 -0.0000 -0.0000 -4.9160 -57.2662 1.4794
-12.9390 13.6724 1.8342 151.9050 54.8013 -180.5620 0.0000 0.0000 0.0000 -11.8200 -23.6064 -71.3500 14.0624 19.1328 72.3948 0.9191 -9.4894 -17.3704 0.3102 -3.5807 -9.9000 0.0000 0.0000 0.0000 -11.1200 -27.0857 -57.6668 -17.3915 -19.8361 82.3531 -2.7774 2.7150 -30.8787 -2.2600 9.3878 -27.0162 -3.3279 8.3658 25.9668 -8.0593 10.8187 7.8717 -10.2143 5.9880 -4.2441 12.9975 20.4859 -11.1502 -29.2333 34.2289 12.0802 -5.4550 14.9057 13.9675 0.0000 0.0000 0.0000 -46.2184 -5.5177 -30.9619 15.4798 -24.8103 -3.4248 -0.0000 -0.0000 23.9745 57.2377 -23.2655 -31.5414 -7.1250 0.0000 -0.0000 16.2689 -7.1419 -18.8986 0.0000 0.0000 0.0000 72.0336 -20.3018 52.4852 -49.2269 52.6789 -25.5580 0.0000 -0.0000 -13.6060 -37.1609 -24.2602 17.2984 7.1250 -0.0000 -0.0000 -9.1638 -59.2343 3.2033
-12.9312 13.6865 1.8135 152.1690 54.9981 -180.4110 0.0000 0.0000 0.0000 -11.7316 -23.4385 -71.2083 14.0771 19.1373 72.4398 0.9472 -9.5304 -17.6213 0.3410 -3.7522 -10.3805 0.0000 0.0000 0.0000 -10.9637 -26.7586 -57.3978 -17.3046 -19.8249 82.0970 -2.8338 2.4793 -31.2570 -2.3132 9.4901 -27.3408 -3.2452 8.3959 26.1135 -7.9662 10.8629 7.8936 -10.1909 6.0029 -4.2901 12.6602 20.5454 -11.1929 -28.8589 34.1839 12.1262 -5.3070 14.8794 13.8057 0.0000 -0.0000 0.0000 -46.2901 -5.5479 -31.2619 15.4399 -24.7553 -3.4080 -0.0000 -0.0000 24.1121 56.9600 -22.9232 -30.9156 -7.1250 0.0000 -0.0000 16.2199 -6.5036 -18.6777 0.0000 -0.0000 0.0000 71.8208 -20.3445 52.4827 -49.4058 52.7530 -25.7004 0.0000 -0.0000 -13.5630 -36.9386 -24.0414 17.0304 7.1250 -0.0000 -0.0000 -8.9088 -58.9250 3.0472
-12.9343 13.6868 1.7898 152.2660 55.0266 -180.0900 0.0000 0.0000 0.0000 -11.6834 -23.4700 -71.5344 14.1011 19.1444 72.5129 0.9477 -9.5365 -17.6264 0.3215 -3.6444 -10.0783 0.0000 0.0000 0.0000 -10.9405 -26.6221 -57.5135 -17.2359 -19.8158 81.8943 -2.8341 2.3037 -31.3001 -2.3519 9.5635 -27.5743 -3.0147 8.3531 26.0216 -8.0476 10.8551 7.8271 -10.3973 6.0004 -4.2648 12.6223 20.6237 -11.4393 -28.3706 34.1162 12.3586 -5.1433 14.8149 13.7831 -0.0000 0.0000 0.0000 -46.1092 -5.7011 -31.1842 15.3459 -24.6257 -3.3687 -0.0000 -0.0000 24.0078 56.9958 -23.0561 -31.0884 -7.1250 0.0000 -0.0000 16.2004 -6.7053 -18.7040 -0.0000 0.0000 0.0000 71.8719 -20.1523 52.5496 -49.2947 52.7070 -25.6120 0.0000 -0.0000 -14.1106 -36.3399 -23.6632 16.4496 7.1250 -0.0000 -0.0000 -8.2162 -58.3374 2.6922
-12.9250 13.6901 1.7721 152.1370 54.9654 -180.1050 0.0000 0.0000 0.0000 -11.8969 -23.4471 -71.5576 14.1135 19.1481 72.5509 0.9495 -9.6440 -17.6583 0.3433 -3.7647 -10.4157 0.0000 0.0000 0.0000 -11.0826 -26.5681 -57.3606 -17.1736 -19.8074 81.7107 -2.7732 2.1554 -30.9859 -2.3115 9.4868 -27.3304 -3.0748 8.2001 26.0294 -8.0732 10.6357 7.7982 -10.3408 5.8879 -4.3394 12.7153 20.6357 -11.4539 -28.7885 34.1641 12.0232 -5.2636 14.8507 13.7985 -0.0000 0.0000 0.0000 -46.1431 -5.3829 -31.1709 15.2294 -24.4647 -3.3203 -0.0000 -0.0000 23.8714 56.5966 -23.0959 -30.7456 -7.1250 0.0000 -0.0000 15.9740 -6.5067 -18.3726 -0.0000 0.0000 0.0000 71.8633 -19.9063 52.6542 -49.3188 52.7170 -25.6311 0.0000 -0.0000 -14.6400 -34.7563 -23.3702 15.3893 7.1250 -0.0000 -0.0000 -6.3669 -57.6091 1.9709
-12.9204 13.6934 1.7488 152.2230 55.1115 -179.9820 0.0000 0.0000 0.0000 -11.9071 -23.3891 -71.5886 14.1463 19.1578 72.6507 0.9653 -9.5434 -17.7791 0.3652 -3.8818 -10.7442 0.0000 0.0000 0.0000 -11.0122 -26.4019 -57.3415 -17.1281 -19.8011 81.5763 -2.8022 2.0487 -31.1789 -2.3234 9.5094 -27.4022 -2.9070 8.1909 25.9595 -8.0226 10.6710 7.8386 -10.3644 5.9075 -4.2385 12.6915 20.5574 -11.6655 -29.1211 34.1013 11.8024 -5.3615 14.8184 13.8279 -0.0000 0.0000 0.0000 -46.4250 -5.3405 -30.6997 15.3292 -24.6028 -3.3618 -0.0000 -0.0000 23.3512 56.2808 -21.7651 -29.0562 -7.1250 0.0000 -0.0000 16.1867 -4.5093 -18.1235 -0.0000 0.0000 0.0000 72.1441 -19.7106 52.2554 -48.9504 52.5633 -25.3383 0.0000 -0.0000 -14.1443 -29.9954 -22.5171 12.4653 7.1250 -0.0000 -0.0000 -1.1343 -55.5554 0.2939
-12.9081 13.6908 1.7217 151.7990 55.2311 -180.5230 0.0000 0.0000 0.0000 -12.1785 -23.5612 -71.2374 14.1898 19.1706 72.7834 0.9878 -9.2547 -17.9316 0.3388 -3.7403 -10.3472 0.0000 0.0000 0.0000 -11.4151 -26.3675 -56.9244 -17.0835 -19.7948 81.4446 -2.8413 2.1496 -31.3780 -2.2963 9.4577 -27.2377 -3.1272 8.1968 26.0474 -7.9598 10.6327 7.9165 -10.1694 5.8885 -4.2492 12.8011 20.4893 -11.5482 -29.5842 34.0013 11.3596 -5.5582 14.8211 13.7571 -0.0000 -0.0000 0.0000 -46.8693 -5.3278 -30.7683 15.3379 -24.6148 -3.3654 -0.0000 -0.0000 23.3280 56.0627 -20.9374 -27.9702 -7.1250 0.0000 -0.0000 16.3025 -3.2400 -17.9224 -0.0000 -0.0000 0.0000 72.1026 -19.7440 52.0507 -49.3034 52.7107 -25.6189 0.0000 -0.0000 -14.5275 -32.5845 -23.2453 14.1575 7.1250 -0.0000 -0.0000 -3.8745 -56.9493 1.1357
-12.8993 13.6929 1.6983 151.6310 55.3843 -180.6330 0.0000 0.0000 0.0000 -12.2848 -23.5729 -71.2690 14.2389 19.1849 72.9328 1.0168 -9.0050 -18.1481 0.3761 -3.9390 -10.9052 0.0000 0.0000 0.0000 -11.4975 -26.1981 -56.8003 -16.9942 -19.7820 81.1809 -2.8390 1.8919 -31.4286 -2.3901 9.6352 -27.8033 -3.1833 8.1717 25.9296 -7.8454 10.5839 7.9267 -9.9717 5.8537 -4.2246 11.9429 20.6546 -11.8241 -28.7665 34.0838 11.5979 -5.1490 14.8159 13.5197 0.0000 -0.0000 0.0000 -47.4364 -5.2689 -31.2729 15.3165 -24.5852 -3.3565 -0.0000 -0.0000 23.8373 56.1919 -21.2419 -28.4152 -7.1250 0.0000 -0.0000 16.2870 -3.7372 -18.0388 0.0000 -0.0000 0.0000 72.1039 -19.6593 51.6825 -49.0893 52.6215 -25.4486 0.0000 -0.0000 -14.3664 -33.0954 -23.7443 14.7052 7.1250 -0.0000 -0.0000 -4.3676 -57.6295 1.3522
-12.8941 13.6872 1.6676 151.6960 55.7454 -180.6790 0.0000 0.0000 0.0000 -12.2753 -23.3676 -71.2461 14.3213 19.2086 73.1833 1.0585 -8.8630 -18.4859 0.4422 -4.2670 -11.8290 0.0000 0.0000 0.0000 -11.4495 -25.9831 -56.6473 -16.9352 -19.7733 81.0066 -2.8603 2.0507 -31.5106 -2.3225 9.5078 -27.3972 -2.9321 8.2468 25.9508 -7.8500 10.7264 7.8951 -10.1596 5.9226 -4.2061 12.5871 20.5109 -11.6981 -29.1982 33.9555 11.5844 -5.4121 14.7772 13.7131 0.0000 0.0000 0.0000 -47.5894 -5.3730 -31.4807 15.2184 -24.4495 -3.3158 -0.0000 -0.0000 24.1489 56.2147 -22.1712 -29.4243 -7.1250 0.0000 -0.0000 16.0347 -5.0229 -18.0725 0.0000 0.0000 0.0000 72.3534 -19.6410 51.3953 -48.8109 52.5045 -25.2276 0.0000 -0.0000 -14.0558 -31.7849 -22.9947 13.6077 7.1250 -0.0000 -0.0000 -3.0178 -56.4843 0.8503
-12.8893 13.6763 1.6374 151.5480 55.9644 -180.5940 0.0000 0.0000 0.0000 -12.2828 -23.3368 -71.5558 14.3841 19.2264 73.3742 1.0845 -8.8054 -18.6976 0.4253 -4.1857 -11.5996 0.0000 0.0000 0.0000 -11.5405 -25.8769 -56.9280 -16.8921 -19.7668 80.8792 -2.8595 1.9530 -31.5302 -2.3472 9.5547 -27.5464 -2.6435 8.1763 25.6175 -8.0491 10.7091 7.7986 -10.4861 5.9244 -4.0644 12.6463 20.4974 -11.9151 -28.5690 33.7020 11.9094 -5.2804 14.6322 13.6583 0.0000 -0.0000 0.0000 -47.4833 -5.3190 -31.2736 15.2028 -24.4278 -3.3093 -0.0000 -0.0000 24.0565 55.8825 -21.4728 -28.3829 -7.1250 0.0000 -0.0000 16.0531 -3.8710 -17.7936 0.0000 -0.0000 0.0000 73.3647 -19.5175 50.8476 -48.3085 52.2901 -24.8296 0.0000 -0.0000 -13.2313 -35.5726 -24.0290 16.2372 7.1250 -0.0000 -0.0000 -7.2485 -58.5615 2.4118
-12.8673 13.6912 1.6138 151.3120 56.0641 -181.2960 0.0000 0.0000 0.0000 -12.7914 -23.1001 -70.7424 14.3800 19.2253 73.3618 1.1067 -8.8553 -18.8867 0.4446 -4.2781 -11.8604 0.0000 0.0000 0.0000 -11.8982 -25.7823 -56.0331 -16.7673 -19.7476 80.5098 -2.8502 1.8942 -31.4916 -2.3547 9.5688 -27.5912 -2.8535 8.1251 25.7587 -7.7902 10.6260 8.0382 -10.0509 5.8868 -3.9688 11.0392 20.0574 -12.3732 -28.0999 32.9968 11.6052 -5.1290 14.3139 13.0323 0.0000 -0.0000 0.0000 -48.0367 -5.1236 -31.1595 15.2122 -24.4409 -3.3133 -0.0000 -0.0000 24.0136 55.5205 -21.0087 -27.5662 -7.1250 0.0000 -0.0000 15.9861 -3.0225 -17.4871 0.0000 -0.0000 0.0000 71.9939 -19.2294 51.7575 -48.8466 52.5196 -25.2559 0.0000 -0.0000 -13.7896 -30.5426 -22.5669 12.7587 7.1250 -0.0000 -0.0000 -1.7245 -55.7303 0.4542
-12.8545 13.7036 1.5977 151.7300 56.2229 -181.4080 0.0000 0.0000 0.0000 -12.8022 -22.8405 -70.1361 14.3788 19.2249 73.3582 1.1332 -8.7438 -19.0949 0.5218 -4.6295 -12.8547 0.0000 0.0000 0.0000 -11.7847 -25.4753 -55.2231 -16.6448 -19.7279 80.1472 -2.8548 1.6698 -31.5751 -2.4222 9.6951 -27.9948 -2.9032 7.9081 26.0271 -7.6098 10.3237 8.1056 -9.7815 5.7263 -4.1140 11.5376 18.9785 -14.7636 -27.1119 30.9307 12.5194 -5.2885 13.1592 13.2474 0.0000 0.0000 0.0000 -48.4727 -4.4149 -31.0227 15.3494 -24.6307 -3.3702 -0.0000 -0.0000 23.8839 55.3773 -20.4273 -26.8167 -7.1250 0.0000 -0.0000 16.0700 -2.1377 -17.3450 0.0000 0.0000 0.0000 71.8615 -18.5635 51.7945 -48.5333 52.3865 -25.0075 0.0000 -0.0000 -13.4751 -31.4459 -23.1612 13.5237 7.1250 -0.0000 -0.0000 -2.6017 -56.5922 0.7397
-12.8405 13.7131 1.5766 151.7870 56.3133 -181.6910 0.0000 0.0000 0.0000 -12.9055 -22.8597 -69.6053 14.3840 19.2264 73.3739 1.1615 -8.5859 -19.3143 0.4614 -4.3574 -12.0844 0.0000 0.0000 0.0000 -11.9013 -25.3582 -54.5644 -16.5536 -19.7128 79.8768 -2.8689 1.7497 -31.6347 -2.3957 9.6458 -27.8372 -3.3588 7.6575 25.8454 -7.2499 9.9309 8.3069 -8.9623 5.5193 -4.0047 7.8766 16.0889 -19.6749 -23.1047 26.2916 14.2510 -4.4317 10.6872 12.4719 0.0000 -0.0000 0.0000 -49.3781 -3.7387 -31.0912 15.5021 -24.8409 -3.4341 -0.0000 -0.0000 23.6777 55.4675 -20.7933 -27.2891 -7.1250 0.0000 -0.0000 16.0174 -2.6952 -17.4357 0.0000 -0.0000 0.0000 72.1193 -17.6869 51.0563 -47.9960 52.1546 -24.5826 0.0000 -0.0000 -13.1586 -30.8565 -23.0584 13.1705 7.1250 -0.0000 -0.0000 -1.9637 -56.3442 0.5464
-12.8324 13.7374 1.5537 152.1660 56.3274 -181.6760 0.0000 0.0000 0.0000 -12.8598 -22.9936 -68.9877 14.3465 19.2158 73.2600 1.1911 -8.5266 -19.5501 0.3797 -3.9574 -10.9569 0.0000 0.0000 0.0000 -11.8210 -25.1867 -53.8704 -16.4183 -19.6896 79.4757 -2.8546 1.6356 -31.5829 -2.3623 9.5831 -27.6370 -3.6348 7.4500 25.7197 -6.7072 9.6195 8.4794 -8.0774 5.3384 -3.9427 2.4040 10.8392 -25.0756 -17.3109 18.8999 15.8806 -3.1386 7.1219 11.4117 -0.0000 -0.0000 0.0000 -50.6411 -3.1718 -30.5904 15.8011 -25.2502 -3.5607 -0.0000 -0.0000 23.1951 55.3592 -20.5475 -26.9308 -7.1250 0.0000 -0.0000 16.0265 -2.2939 -17.3370 -0.0000 -0.0000 0.0000 70.2743 -16.9193 51.9327 -48.5995 52.4148 -25.0600 0.0000 -0.0000 -14.7320 -35.1028 -24.0593 15.9898 7.1250 -0.0000 -0.0000 -6.6799 -58.4776 2.2081
-12.8321 13.7648 1.5402 152.8030 56.5396 -181.4640 0.0000 0.0000 0.0000 -12.5900 -22.8832 -68.4631 14.2864 19.1986 73.0773 1.2089 -8.4748 -19.6901 0.3980 -4.0504 -11.2185 0.0000 0.0000 0.0000 -11.4938 -24.6601 -53.2413 -16.2378 -19.6572 78.9394 -2.8358 1.2493 -31.5777 -2.3816 9.6194 -27.7527 -3.8265 7.1561 25.7026 -6.2723 9.2059 8.6049 -7.3591 5.1119 -3.9511 -3.0894 4.2705 -28.0565 -10.9626 10.0843 15.8490 -1.6987 3.3004 10.1734 -0.0000 -0.0000 0.0000 -51.6315 -2.5177 -31.0278 15.8692 -25.3430 -3.5898 -0.0000 -0.0000 23.2366 55.4079 -20.9012 -27.3527 -7.1250 0.0000 -0.0000 15.9545 -2.8099 -17.3926 -0.0000 -0.0000 0.0000 70.3743 -15.8725 51.5126 -47.6432 51.9996 -24.3043 0.0000 -0.0000 -13.4001 -35.7699 -24.2395 16.4767 7.1250 -0.0000 -0.0000 -7.4598 -58.8513 2.5346
-12.8260 13.7914 1.5123 152.9900 56.9022 -181.8390 0.0000 0.0000 0.0000 -12.7925 -22.4958 -67.6379 14.2578 19.1904 72.9902 1.2187 -8.6482 -19.7801 0.3071 -3.5627 -9.8495 0.0000 0.0000 0.0000 -11.4232 -24.3756 -52.3579 -16.0136 -19.6146 78.2721 -2.8667 1.3477 -31.7273 -2.3142 9.4920 -27.3468 -3.8954 6.9801 26.0810 -6.1342 8.9185 8.5462 -7.1553 4.9534 -4.2607 -7.5013 -2.2279 -27.6606 -4.7899 1.2337 14.6230 -0.2847 -0.3199 9.1166 0.0000 -0.0000 0.0000 -51.9838 -1.8285 -30.6253 15.8188 -25.2744 -3.5683 -0.0000 -0.0000 22.1489 55.5869 -21.2440 -27.8756 -7.1250 0.0000 -0.0000 15.9563 -3.3842 -17.5486 0.0000 -0.0000 0.0000 72.6247 -15.2885 49.9311 -45.7556 51.1333 -22.8256 0.0000 -0.0000 -10.5543 -36.3692 -24.2090 16.8036 7.1250 -0.0000 -0.0000 -8.1938 -58.9702 2.8094
-12.8437 13.8128 1.4706 153.0040 57.6972 -181.8670 0.0000 0.0000 0.0000 -12.6285 -22.3054 -67.5384 14.2607 19.1912 72.9990 1.2856 -8.1230 -20.2825 0.3000 -3.5215 -9.7342 0.0000 0.0000 0.0000 -11.2240 -23.8775 -52.4846 -15.8062 -19.5730 77.6538 -2.8436 1.3772 -31.5880 -2.1733 9.2180 -26.4796 -4.2662 6.8136 25.6426 -5.7976 8.6315 8.6018 -6.4260 4.7853 -4.1252 -11.0424 -7.4983 -25.9888 0.1609 -5.9386 12.5770 0.9200 -3.2562 8.4327 0.0000 -0.0000 0.0000 -53.1492 -1.0544 -31.6073 15.7736 -25.2126 -3.5489 -0.0000 -0.0000 23.2821 55.5195 -21.9383 -28.5462 -7.1250 0.0000 -0.0000 15.7234 -4.2919 -17.5075 0.0000 -0.0000 0.0000 71.7102 -14.5948 50.4784 -46.0079 51.2528 -23.0222 0.0000 -0.0000 -11.5911 -36.5366 -24.1766 16.8807 7.1250 -0.0000 -0.0000 -8.4022 -58.9762 2.8827
-12.8669 13.8444 1.4187 153.2540 58.5697 -181.8310 0.0000 0.0000 0.0000 -12.3919 -22.0781 -67.2878 14.2787 19.1964 73.0539 1.3524 -7.6039 -20.7927 0.2771 -3.3856 -9.3542 0.0000 0.0000 0.0000 -10.9317 -23.4330 -52.4870 -15.5866 -19.5264 76.9974 -2.7988 1.3276 -31.3447 -2.2185 9.3072 -26.7610 -4.1266 6.7114 25.6401 -5.5547 8.4902 8.5112 -6.2041 4.6887 -4.2625 -14.3693 -11.5036 -22.8415 5.8218 -11.8414 9.9293 2.5225 -5.6244 7.8931 0.0000 -0.0000 0.0000 -53.8510 -0.3890 -31.2297 15.7621 -25.1970 -3.5441 -0.0000 -0.0000 22.1446 54.9911 -20.4716 -26.5338 -7.1250 0.0000 -0.0000 15.8451 -1.9825 -17.0400 0.0000 -0.0000 0.0000 71.4821 -14.6194 50.1820 -46.6878 51.5691 -23.5536 0.0000 -0.0000 -12.6772 -35.2831 -23.7406 15.9010 7.1250 -0.0000 -0.0000 -6.9395 -58.1604 2.2415
-12.8806 13.8580 1.3715 153.2010 59.7171 -182.1830 0.0000 0.0000 0.0000 -12.2862 -21.4077 -66.9831 14.3192 19.2080 73.1771 1.4195 -7.4710 -21.3094 0.2325 -3.1036 -8.5673 0.0000 0.0000 0.0000 -10.7560 -22.8323 -52.4526 -15.3872 -19.4820 76.4002 -2.7949 1.6441 -31.2393 -2.1582 9.1882 -26.3857 -4.2940 6.6959 25.7245 -5.2905 8.3977 8.4929 -5.8102 4.6180 -4.3977 -16.2542 -14.0091 -20.5846 9.9829 -15.7273 7.6501 3.6203 -7.2142 7.6742 -0.0000 -0.0000 0.0000 -54.6675 0.2259 -31.2611 15.7541 -25.1861 -3.5407 -0.0000 -0.0000 21.1976 54.2527 -20.0661 -25.4847 -7.1250 0.0000 -0.0000 15.5481 -1.0212 -16.4358 -0.0000 -0.0000 0.0000 70.8301 -14.6246 50.5070 -47.1906 51.7976 -23.9481 0.0000 -0.0000 -12.4097 -37.3704 -23.8280 17.1473 7.1250 -0.0000 -0.0000 -9.4574 -58.7911 3.2065
-12.8858 13.8810 1.3337 154.0770 61.1146 -182.1950 0.0000 0.0000 0.0000 -11.8541 -20.2509 -66.2093 14.3803 19.2253 73.3626 1.5013 -7.3785 -21.9272 0.2599 -3.2797 -9.0584 0.0000 0.0000 0.0000 -10.1293 -21.8168 -51.8460 -15.2019 -19.4389 75.8442 -2.8440 2.0709 -31.4129 -1.9951 8.8558 -25.3454 -4.2264 6.8235 25.9864 -4.8010 8.5549 8.5774 -5.3850 4.6694 -4.4952 -16.6385 -15.1039 -18.7883 12.3920 -17.7082 5.7994 4.2061 -8.0543 7.3257 0.0000 -0.0000 0.0000 -55.2735 0.5223 -32.1141 15.3879 -24.6837 -3.3863 -0.0000 -0.0000 21.5780 54.1555 -22.3665 -27.7783 -7.1250 0.0000 -0.0000 14.8572 -4.0876 -16.4240 0.0000 -0.0000 0.0000 70.1957 -14.8831 50.5877 -48.1359 52.2154 -24.6931 0.0000 -0.0000 -12.7395 -39.3758 -23.8200 18.3379 7.1250 -0.0000 -0.0000 -11.9629 -59.3109 4.2192
-12.9420 13.8580 1.2669 152.9970 61.3518 -182.8790 0.0000 0.0000 0.0000 -12.2930 -20.8793 -66.6504 14.4987 19.2584 73.7219 1.5554 -6.8081 -22.3455 0.2478 -3.2032 -8.8449 0.0000 0.0000 0.0000 -10.7555 -22.6791 -52.5677 -15.1016 -19.4147 75.5426 -2.7740 2.4930 -30.9102 -2.1446 9.1610 -26.3002 -4.0057 6.4159 26.0224 -4.8613 7.9803 8.1283 -5.4544 4.3548 -5.0139 -16.9964 -15.5930 -18.4074 13.8161 -18.6108 5.7947 4.5507 -8.4123 7.5918 0.0000 -0.0000 0.0000 -55.4213 1.4488 -31.6622 15.2083 -24.4355 -3.3116 -0.0000 -0.0000 22.0761 53.2673 -20.6566 -25.3005 -7.1250 0.0000 -0.0000 14.8387 -1.3113 -15.7060 0.0000 -0.0000 0.0000 69.6777 -15.6682 51.2554 -49.3058 52.7117 -25.6208 0.0000 -0.0000 -13.8940 -40.0315 -23.4876 18.5104 7.1250 -0.0000 -0.0000 -12.7942 -59.0977 4.4527
-12.9804 13.8418 1.2062 151.2790 62.5499 -184.3450 0.0000 0.0000 0.0000 -12.9234 -20.2938 -66.9775 14.6152 19.2901 74.0749 1.6351 -6.3775 -22.9525 0.2728 -3.3596 -9.2815 0.0000 0.0000 0.0000 -11.4290 -22.1195 -53.1493 -14.9820 -19.3853 75.1826 -2.6570 2.7594 -30.1668 -2.0576 8.9850 -25.7483 -4.5828 6.3529 25.3019 -4.7795 7.7990 8.1926 -4.8918 4.2554 -4.6864 -17.1722 -15.6276 -18.6372 14.4415 -18.6454 5.5062 4.7611 -8.3762 7.6301 0.0000 0.0000 0.0000 -56.2344 1.6574 -32.7406 15.1044 -24.2914 -3.2688 -0.0000 -0.0000 22.9940 53.7043 -21.1083 -26.1204 -7.1250 0.0000 -0.0000 14.9581 -2.1521 -16.0584 0.0000 0.0000 0.0000 69.0356 -15.1107 51.3045 -49.7661 52.9007 -25.9875 0.0000 -0.0000 -14.2976 -29.4935 -23.8711 12.8927 7.1250 -0.0000 -0.0000 -0.2405 -56.9293 0.0703
-13.0093 13.8420 1.1490 150.0150 63.5263 -185.9650 0.0000 0.0000 0.0000 -13.5589 -19.7746 -66.4769 14.6932 19.3110 74.3109 1.7039 -5.9588 -23.4796 0.2536 -3.2404 -8.9489 0.0000 0.0000 0.0000 -12.0187 -21.6737 -53.0010 -14.8465 -19.3509 74.7738 -2.6560 2.9450 -30.1200 -2.1168 9.1053 -26.1251 -4.7700 6.1740 25.3233 -4.6878 7.5216 8.2453 -4.6065 4.1141 -4.6863 -17.5827 -15.4735 -18.8828 15.1215 -18.3823 5.3597 5.0794 -8.1976 7.7016 0.0000 -0.0000 0.0000 -56.7752 1.7720 -33.9019 14.8103 -23.8812 -3.1488 -0.0000 -0.0000 24.3528 53.9932 -20.9751 -26.2235 -7.1250 0.0000 -0.0000 15.1547 -2.1262 -16.2784 0.0000 -0.0000 0.0000 69.0192 -14.8256 50.7446 -50.3830 53.1488 -26.4803 0.0000 -0.0000 -14.2613 -30.1758 -24.2916 13.4522 7.1250 -0.0000 -0.0000 -0.8945 -57.5461 0.2748
-13.0342 13.8445 1.1001 149.4540 64.6758 -186.8850 0.0000 0.0000 0.0000 -13.6607 -19.1197 -66.1506 14.7641 19.3296 74.5251 1.7758 -5.4353 -24.0416 0.3325 -3.7056 -10.2499 0.0000 0.0000 0.0000 -12.0530 -20.9247 -52.9973 -14.7168 -19.3172 74.3821 -2.6315 3.0696 -29.9481 -1.9888 8.8427 -25.3045 -4.9302 6.1376 24.9934 -4.3662 7.4574 8.3170 -4.1010 4.0648 -4.5160 -17.8901 -15.3672 -19.5554 14.9104 -18.0663 5.9533 5.0760 -8.0313 7.9541 -0.0000 0.0000 0.0000 -57.4161 1.7959 -34.7323 14.7917 -23.8551 -3.1412 -0.0000 -0.0000 25.3472 54.4215 -20.6740 -26.2676 -7.1250 0.0000 -0.0000 15.4746 -1.9474 -16.6009 -0.0000 0.0000 0.0000 68.6897 -14.5137 50.8820 -50.6444 53.2521 -26.6896 0.0000 -0.0000 -14.2636 -42.2441 -22.6812 19.2995 7.1250 -0.0000 -0.0000 -15.5780 -58.7431 5.3156
-13.0573 13.8586 1.0464 148.3920 65.7493 -188.4360 0.0000 0.0000 0.0000 -14.0606 -18.4680 -65.5579 14.8179 19.3436 74.6874 1.8466 -5.0371 -24.5844 0.3399 -3.7464 -10.3641 0.0000 0.0000 0.0000 -12.4005 -20.1734 -52.7048 -14.5339 -19.2680 73.8284 -2.6142 2.9772 -29.8654 -1.7245 8.2671 -23.5282 -4.4583 6.3404 25.2005 -4.7211 7.7633 8.1258 -4.8781 4.2168 -4.7098 -16.5872 -15.0737 -18.7887 14.5310 -18.0324 5.5663 4.8232 -8.0645 7.5454 0.0000 -0.0000 0.0000 -56.3065 1.2620 -34.0450 14.6302 -23.6285 -3.0762 -0.0000 -0.0000 25.7911 53.4734 -21.0562 -25.8767 -7.1250 0.0000 -0.0000 14.8444 -1.9593 -15.8786 0.0000 -0.0000 0.0000 70.3243 -15.0014 49.6021 -50.7537 53.2950 -26.7773 0.0000 -0.0000 -13.0000 -39.0019 -23.6759 18.0146 7.1250 -0.0000 -0.0000 -11.4926 -59.0428 3.9766
-13.0785 13.8691 0.9970 147.1070 66.6940 -190.3760 0.0000 0.0000 0.0000 -14.5824 -17.9321 -64.6860 14.8466 19.3510 74.7741 1.9295 -4.5486 -25.2233 0.3933 -4.0267 -11.1518 0.0000 0.0000 0.0000 -12.8202 -19.5387 -52.2385 -14.3398 -19.2139 73.2395 -2.5473 2.3241 -29.6140 -1.8415 8.5278 -24.3292 -4.4996 6.2336 25.4360 -4.6978 7.6013 8.1773 -4.8091 4.1373 -4.7826 -16.4815 -14.8502 -19.2561 14.2551 -17.6561 5.8343 4.7668 -7.8777 7.6096 -0.0000 0.0000 0.0000 -56.2682 1.4775 -33.7104 14.5991 -23.5847 -3.0638 -0.0000 -0.0000 25.5335 53.4688 -21.5851 -26.4089 -7.1250 0.0000 -0.0000 14.6965 -2.6684 -15.8869 -0.0000 0.0000 0.0000 70.6049 -14.7864 49.5572 -51.0088 53.3943 -26.9819 0.0000 -0.0000 -12.7849 -40.0401 -23.1259 18.2644 7.1250 -0.0000 -0.0000 -12.7973 -58.6744 4.3235
-13.1046 13.8659 0.9503 146.1350 67.7718 -191.6120 0.0000 0.0000 0.0000 -14.6230 -17.4806 -64.4549 14.9142 19.3682 74.9783 1.9762 -4.2526 -25.5871 0.3582 -3.8451 -10.6413 0.0000 0.0000 0.0000 -12.9721 -18.7879 -52.2551 -14.1991 -19.1733 72.8116 -2.4385 2.4333 -28.9273 -1.8443 8.5340 -24.3482 -4.2663 6.2171 25.3592 -4.6916 7.6066 8.0826 -4.9305 4.1290 -4.8259 -16.6249 -14.7308 -19.9298 14.0131 -17.3774 6.5240 4.7205 -7.7291 7.8860 0.0000 -0.0000 0.0000 -55.8149 1.6103 -32.0560 14.3135 -23.1812 -2.9504 -0.0000 -0.0000 24.8723 54.0772 -20.7440 -26.0535 -7.1250 0.0000 -0.0000 15.2648 -1.8569 -16.3349 0.0000 -0.0000 0.0000 70.2147 -14.6917 49.8639 -51.7305 53.6700 -27.5622 0.0000 -0.0000 -12.9895 -39.3476 -23.3684 18.0144 7.1250 -0.0000 -0.0000 -11.9298 -58.7751 4.0538
-13.1101 13.8858 0.9175 144.5460 69.0747 -193.8010 0.0000 0.0000 0.0000 -14.9654 -16.2974 -63.6753 14.9010 19.3649 74.9383 2.0492 -4.1408 -26.0947 0.4010 -4.0655 -11.2609 0.0000 0.0000 0.0000 -13.1736 -17.5353 -51.8449 -14.0408 -19.1264 72.3291 -2.4641 2.7600 -29.0095 -1.6172 8.0186 -22.7706 -4.6056 6.5204 25.4608 -4.5336 7.8947 8.0877 -4.6686 4.2548 -4.9199 -16.3813 -14.5130 -19.9760 13.4599 -17.0452 6.5874 4.5682 -7.6078 7.7826 -0.0000 -0.0000 0.0000 -55.8313 1.6782 -31.2274 14.2778 -23.1305 -2.9364 -0.0000 -0.0000 24.8314 54.0368 -20.0019 -25.2406 -7.1250 0.0000 -0.0000 15.4456 -0.8185 -16.2640 -0.0000 -0.0000 0.0000 70.2527 -14.9375 49.5926 -52.3648 53.9059 -28.0741 0.0000 -0.0000 -13.0316 -38.8300 -23.8260 18.0115 7.1250 -0.0000 -0.0000 -11.2730 -59.1721 3.9344
-13.1383 13.9024 0.8690 143.2980 69.6204 -195.3390 0.0000 0.0000 0.0000 -15.4393 -16.1375 -63.1703 14.8756 19.3584 74.8618 2.1026 -3.5150 -26.5609 0.4588 -4.3449 -12.0490 0.0000 0.0000 0.0000 -13.6035 -17.3256 -51.6066 -13.8313 -19.0621 71.6887 -2.4057 2.9635 -28.6055 -1.5786 7.9268 -22.4921 -4.7056 6.2325 25.4551 -4.2763 7.5295 8.2694 -4.2085 4.0746 -4.7805 -16.6119 -14.2930 -21.0548 13.0812 -16.4533 6.9343 4.5398 -7.3074 7.9567 -0.0000 0.0000 0.0000 -56.5411 1.6558 -31.9148 14.2392 -23.0757 -2.9212 -0.0000 -0.0000 25.2685 53.6313 -19.6323 -24.5242 -7.1250 0.0000 -0.0000 15.3197 -0.0986 -15.9257 -0.0000 0.0000 0.0000 69.5128 -14.3815 50.0283 -53.1245 54.1805 -28.6890 0.0000 -0.0000 -13.1721 -39.1285 -23.7667 18.1519 7.1250 -0.0000 -0.0000 -11.6505 -59.1824 4.0712
-13.1621 13.9026 0.8360 142.4060 70.6174 -196.3460 0.0000 0.0000 0.0000 -15.3269 -15.6109 -63.1943 14.8967 19.3638 74.9254 2.1194 -3.0589 -26.7637 0.4404 -4.2583 -11.8044 0.0000 0.0000 0.0000 -13.4840 -16.5347 -51.7796 -13.6912 -19.0177 71.2591 -2.3085 2.9597 -28.0000 -1.5906 7.9555 -22.5791 -4.5087 6.2665 25.3667 -4.2338 7.5907 8.1576 -4.2867 4.0913 -4.8453 -16.0783 -14.0662 -21.4444 12.4531 -16.1394 7.1729 4.2988 -7.1791 7.9435 -0.0000 0.0000 0.0000 -56.5423 1.8149 -30.8557 14.2943 -23.1538 -2.9428 -0.0000 -0.0000 24.9373 53.7089 -18.3409 -23.1956 -7.1250 0.0000 -0.0000 15.7108 1.6584 -15.8633 -0.0000 0.0000 0.0000 69.5749 -14.2954 50.0907 -53.3686 54.2670 -28.8871 0.0000 -0.0000 -13.2059 -39.5384 -23.4953 18.2159 7.1250 -0.0000 -0.0000 -12.1697 -58.9745 4.1952
-13.1901 13.9150 0.8130 141.2290 71.2199 -197.5230 0.0000 0.0000 0.0000 -15.4809 -15.2500 -63.2016 14.8867 19.3612 74.8952 2.1396 -2.8207 -26.9467 0.4656 -4.3767 -12.1389 0.0000 0.0000 0.0000 -13.6128 -16.0607 -51.9843 -13.5628 -18.9760 70.8648 -2.2852 3.0425 -27.8355 -1.5649 7.8940 -22.3926 -4.4122 6.1219 25.2161 -4.2456 7.4202 8.1128 -4.2879 4.0030 -4.8167 -15.9295 -13.7806 -21.6008 12.3874 -15.7444 7.0943 4.3268 -6.9870 7.8700 0.0000 -0.0000 0.0000 -56.6151 1.9165 -30.2098 14.3606 -23.2479 -2.9690 -0.0000 -0.0000 24.0876 53.0131 -17.7649 -22.0523 -7.1250 0.0000 -0.0000 15.4695 2.8019 -15.2700 0.0000 -0.0000 0.0000 69.4938 -14.1301 50.3345 -53.8593 54.4382 -29.2858 0.0000 -0.0000 -13.4532 -40.0180 -23.6963 18.6464 7.1250 -0.0000 -0.0000 -12.7805 -59.3391 4.5219
-13.2118 13.9338 0.7798 139.8700 72.0510 -199.0190 0.0000 0.0000 0.0000 -15.7033 -14.6539 -63.0035 14.8659 19.3559 74.8324 2.1978 -2.6582 -27.3609 0.4312 -4.2140 -11.6795 0.0000 0.0000 0.0000 -13.7295 -15.4936 -51.9843 -13.4393 -18.9351 70.4845 -2.2735 3.7665 -27.6165 -1.4328 7.5684 -21.4106 -4.2015 6.1307 25.2462 -4.2564 7.4746 8.1563 -4.4306 4.0297 -4.7559 -15.4762 -13.5707 -22.0480 11.8215 -15.4330 7.3019 4.1138 -6.8553 7.8746 -0.0000 0.0000 0.0000 -56.7100 1.6539 -30.0667 14.4421 -23.3631 -3.0012 -0.0000 -0.0000 25.2048 52.7243 -18.4483 -22.5758 -7.1250 0.0000 -0.0000 15.1245 1.9855 -15.1340 -0.0000 0.0000 0.0000 69.4653 -13.9809 50.2926 -54.4568 54.6422 -29.7725 0.0000 -0.0000 -13.5519 -40.2633 -23.6683 18.7783 7.1250 -0.0000 -0.0000 -13.0941 -59.3728 4.6458
-13.2321 13.9463 0.7706 139.2070 72.4108 -199.6970 0.0000 0.0000 0.0000 -15.7508 -14.3897 -63.0079 14.8168 19.3433 74.6844 2.1805 -2.4145 -27.3052 0.4595 -4.3485 -12.0592 0.0000 0.0000 0.0000 -13.7052 -15.1716 -52.0877 -13.3388 -18.9011 70.1745 -2.2400 3.7733 -27.4021 -1.3407 7.3311 -20.7000 -4.2669 6.0993 25.1173 -3.9954 7.4295 8.1931 -4.0782 3.9964 -4.7009 -15.6737 -13.4220 -22.6023 11.4540 -15.0702 7.9278 4.0570 -6.6985 8.1006 0.0000 0.0000 0.0000 -57.2877 1.7423 -27.8035 14.8389 -23.9212 -3.1603 -0.0000 -0.0000 23.5247 51.7765 -17.3560 -20.7448 -7.1250 0.0000 -0.0000 14.8662 3.9331 -14.3107 0.0000 0.0000 0.0000 69.1814 -13.9431 50.0946 -55.1459 54.8712 -30.3353 0.0000 -0.0000 -13.1196 -39.4270 -24.4241 18.7764 7.1250 -0.0000 -0.0000 -12.0215 -60.0293 4.4470
-13.2397 13.9555 0.7495 138.1110 72.7589 -200.7550 0.0000 0.0000 0.0000 -15.9490 -14.2479 -62.9311 14.7831 19.3346 74.5825 2.2142 -2.2830 -27.5535 0.4102 -4.1115 -11.3907 0.0000 0.0000 0.0000 -13.8267 -15.0986 -52.2199 -13.2700 -18.8775 69.9621 -2.2206 4.0723 -27.2243 -1.4213 7.5392 -21.3231 -4.1796 6.0330 24.8881 -3.9991 7.3710 8.1872 -4.0857 3.9658 -4.5885 -15.4562 -13.2506 -23.0014 11.0580 -14.7957 8.2898 3.9253 -6.5821 8.1948 0.0000 -0.0000 0.0000 -57.5517 1.8177 -26.0257 15.2317 -24.4678 -3.3213 -0.0000 -0.0000 22.7436 51.8778 -17.3930 -20.8532 -7.1250 0.0000 -0.0000 14.9152 3.8373 -14.3888 0.0000 -0.0000 0.0000 69.3245 -14.0470 49.7768 -55.6568 55.0369 -30.7535 0.0000 -0.0000 -12.9096 -39.2711 -24.3592 18.6364 7.1250 -0.0000 -0.0000 -11.8218 -59.9114 4.3386
-13.2465 13.9691 0.7341 137.1540 73.0788 -201.7450 0.0000 0.0000 0.0000 -16.1014 -14.0367 -62.7925 14.7469 19.3251 74.4732 2.2225 -2.1700 -27.6343 0.3854 -3.9869 -11.0398 0.0000 0.0000 0.0000 -13.9207 -14.9483 -52.2577 -13.1851 -18.8480 69.6996 -2.2237 4.4684 -27.1773 -1.4221 7.5413 -21.3293 -4.1132 5.9678 24.9235 -4.0238 7.2749 8.0680 -4.1364 3.9115 -4.7310 -15.0643 -12.9062 -23.0271 10.4647 -14.3517 8.4815 3.7499 -6.4152 8.1248 0.0000 0.0000 0.0000 -57.6974 2.4051 -23.1931 15.9380 -25.4365 -3.6193 -0.0000 -0.0000 21.4993 51.9597 -16.8967 -20.3787 -7.1250 0.0000 -0.0000 15.0907 4.4934 -14.3802 0.0000 0.0000 0.0000 69.2862 -14.1525 49.9075 -55.8697 55.1049 -30.9281 0.0000 -0.0000 -12.7947 -38.9678 -24.3936 18.4723 7.1250 -0.0000 -0.0000 -11.4317 -59.8690 4.1815
-13.2464 13.9845 0.7222 136.5240 73.2462 -202.3410 0.0000 0.0000 0.0000 -16.2515 -13.9404 -62.6711 14.6801 19.3075 74.2710 2.2276 -1.9745 -27.7152 0.4037 -4.0792 -11.2995 0.0000 0.0000 0.0000 -13.9565 -14.9495 -52.2664 -13.0710 -18.8077 69.3460 -2.2150 4.6859 -27.0874 -1.4454 7.6003 -21.5063 -4.1074 5.9368 24.8035 -4.0213 7.2266 7.9862 -4.1156 3.8818 -4.7652 -14.7472 -12.7683 -23.3130 10.0995 -14.1920 8.9533 3.5940 -6.3549 8.2547 -0.0000 0.0000 0.0000 -57.7371 2.7287 -20.9351 16.4278 -26.0973 -3.8322 -0.0000 -0.0000 20.8533 52.1665 -17.2501 -20.8989 -7.1250 0.0000 -0.0000 15.1188 3.9088 -14.5794 -0.0000 0.0000 0.0000 69.2094 -14.1295 50.3050 -55.6776 55.0436 -30.7706 0.0000 -0.0000 -12.9657 -39.4144 -24.0499 18.5168 7.1250 -0.0000 -0.0000 -12.0100 -59.5896 4.3164
-13.2419 14.0060 0.7172 136.5250 73.2486 -202.4440 0.0000 0.0000 0.0000 -16.3278 -13.9297 -62.3753 14.6011 19.2863 74.0320 2.2201 -1.9047 -27.6845 0.4120 -4.1205 -11.4158 0.0000 0.0000 0.0000 -13.8478 -15.1553 -52.0415 -12.9484 -18.7635 68.9653 -2.1999 4.7529 -26.9803 -1.4204 7.5370 -21.3162 -4.0050 5.8215 24.8375 -3.9335 7.1054 8.0084 -4.0442 3.8217 -4.7633 -14.7126 -12.6602 -23.4401 9.9861 -14.0164 8.9987 3.5782 -6.2768 8.2561 0.0000 -0.0000 0.0000 -58.0095 2.6156 -20.1871 16.5851 -26.3076 -3.9017 -0.0000 -0.0000 21.4137 52.8999 -18.6051 -22.8725 -7.1250 0.0000 -0.0000 15.1827 1.6843 -15.2813 0.0000 -0.0000 0.0000 69.1287 -14.2017 50.2977 -56.0749 55.1699 -31.0965 0.0000 -0.0000 -12.8157 -40.1002 -23.5954 18.6272 7.1250 -0.0000 -0.0000 -12.8836 -59.2428 4.5294
-13.2466 14.0228 0.7137 136.3990 73.4312 -202.7050 0.0000 0.0000 0.0000 -16.2925 -13.7777 -62.1619 14.5642 19.2763 73.9204 2.2352 -2.0388 -27.7475 0.3887 -4.0035 -11.0865 0.0000 0.0000 0.0000 -13.7385 -15.0190 -51.8613 -12.8638 -18.7324 68.7020 -2.1606 4.7105 -26.7336 -1.3807 7.4352 -21.0114 -3.8873 5.7910 25.0876 -3.8501 7.0786 8.0075 -4.0404 3.8057 -4.8866 -14.7473 -12.6041 -23.7121 9.8998 -13.8769 9.1281 3.5684 -6.2099 8.3200 -0.0000 0.0000 0.0000 -58.2139 2.3055 -20.0327 16.4822 -26.1701 -3.8562 -0.0000 -0.0000 22.1916 53.0765 -18.8666 -23.2830 -7.1250 0.0000 -0.0000 15.2131 1.2366 -15.4395 -0.0000 0.0000 0.0000 68.8673 -14.0896 50.5067 -56.0153 55.1511 -31.0476 0.0000 -0.0000 -12.8918 -39.9496 -23.7796 18.6618 7.1250 -0.0000 -0.0000 -12.6943 -59.4183 4.5149
-13.2539 14.0213 0.7041 135.6860 73.7763 -203.3790 0.0000 0.0000 0.0000 -16.3331 -13.5193 -62.2898 14.5748 19.2792 73.9524 2.2346 -1.9049 -27.7772 0.4092 -4.1063 -11.3761 0.0000 0.0000 0.0000 -13.7533 -14.7167 -52.0700 -12.8273 -18.7189 68.5884 -2.1370 4.7097 -26.5808 -1.5041 7.7461 -21.9456 -3.9027 5.7496 24.9862 -3.8234 7.0430 8.1267 -3.9706 3.7924 -4.7116 -14.7206 -12.6065 -24.3222 9.7797 -13.7718 9.2741 3.5204 -6.1466 8.4381 -0.0000 -0.0000 0.0000 -58.4525 2.1098 -20.1989 16.3171 -25.9487 -3.7836 -0.0000 -0.0000 22.1958 53.0343 -18.5548 -22.9190 -7.1250 0.0000 -0.0000 15.2722 1.6894 -15.3768 -0.0000 -0.0000 0.0000 68.5330 -13.6646 50.8608 -55.8996 55.1144 -30.9527 0.0000 -0.0000 -13.1576 -40.1316 -23.3318 18.4633 7.1250 -0.0000 -0.0000 -12.9177 -58.9413 4.4480
-13.2501 14.0312 0.6989 135.7720 73.9912 -203.4290 0.0000 0.0000 0.0000 -16.2201 -13.3668 -62.1194 14.5595 19.2750 73.9061 2.2492 -1.8642 -27.8812 0.4100 -4.1104 -11.3874 0.0000 0.0000 0.0000 -13.5959 -14.5242 -51.9303 -12.7765 -18.7000 68.4300 -2.1595 4.7154 -26.7261 -1.5074 7.7543 -21.9702 -3.6194 5.6806 25.2545 -3.9034 6.9868 8.0263 -4.2377 3.7634 -4.9148 -14.5502 -12.4705 -24.2512 9.7157 -13.6513 9.3462 3.4980 -6.0944 8.4214 0.0000 -0.0000 0.0000 -58.3497 2.2986 -20.4144 16.1886 -25.7757 -3.7276 -0.0000 -0.0000 22.1894 52.9116 -18.4671 -22.7341 -7.1250 0.0000 -0.0000 15.2258 1.8702 -15.2757 0.0000 -0.0000 0.0000 68.7676 -13.7732 50.8357 -56.0553 55.1637 -31.0804 0.0000 -0.0000 -13.0488 -39.9114 -23.2281 18.2576 7.1250 -0.0000 -0.0000 -12.6373 -58.7603 4.2945
-13.2411 14.0357 0.6880 135.5260 74.0657 -203.6810 0.0000 0.0000 0.0000 -16.3206 -13.2199 -62.0864 14.5583 19.2747 73.9026 2.2542 -1.8879 -27.9069 0.4214 -4.1666 -11.5457 0.0000 0.0000 0.0000 -13.6298 -14.4936 -51.8003 -12.7314 -18.6830 68.2890 -2.1350 4.8669 -26.5446 -1.3815 7.4374 -21.0179 -3.5604 5.6751 25.2091 -3.9150 6.9901 7.9996 -4.2807 3.7636 -4.9145 -14.4263 -12.3088 -24.1165 9.5265 -13.4624 9.3880 3.4549 -6.0256 8.3687 0.0000 0.0000 0.0000 -58.4335 2.4469 -20.9339 16.0613 -25.6037 -3.6724 -0.0000 -0.0000 22.5878 53.1912 -19.2408 -23.7670 -7.1250 0.0000 -0.0000 15.1779 0.6630 -15.5594 0.0000 0.0000 0.0000 68.7808 -13.8131 50.7043 -56.1772 55.2021 -31.1805 0.0000 -0.0000 -13.0432 -39.6125 -23.2261 18.0761 7.1250 -0.0000 -0.0000 -12.2615 -58.6785 4.1402
-13.2289 14.0301 0.6713 135.3510 74.1650 -203.7120 0.0000 0.0000 0.0000 -16.3057 -13.2609 -62.2444 14.6035 19.2869 74.0393 2.2785 -1.6609 -28.1195 0.4393 -4.2528 -11.7889 0.0000 0.0000 0.0000 -13.6351 -14.4752 -51.8592 -12.6822 -18.6644 68.1354 -2.1562 4.8564 -26.6836 -1.4602 7.6373 -21.6179 -3.6105 5.7045 24.8357 -3.8638 7.0465 8.0746 -4.1631 3.7924 -4.6596 -14.2088 -12.1264 -24.3951 9.0957 -13.1803 9.6907 3.3156 -5.9185 8.4323 -0.0000 -0.0000 0.0000 -58.5517 2.6358 -20.7182 16.1880 -25.7750 -3.7274 -0.0000 -0.0000 21.8849 54.7053 -20.5160 -26.3392 -7.1250 0.0000 -0.0000 15.6750 -1.8858 -16.8163 -0.0000 -0.0000 0.0000 68.7655 -13.6914 50.4321 -56.2912 55.2378 -31.2741 0.0000 -0.0000 -13.1363 -39.8152 -23.1628 18.1543 7.1250 -0.0000 -0.0000 -12.5152 -58.6580 4.2213
-13.2237 14.0302 0.6470 135.0760 74.6200 -203.5900 0.0000 0.0000 0.0000 -16.0451 -13.0987 -62.7218 14.6106 19.2889 74.0608 2.2942 -1.9450 -28.1466 0.3310 -3.6975 -10.2271 0.0000 0.0000 0.0000 -13.5087 -13.9195 -52.2060 -12.5588 -18.6170 67.7495 -2.1485 4.6898 -26.6590 -1.4340 7.5715 -21.4201 -3.7719 5.8133 24.2909 -3.7470 7.1744 8.0855 -3.9179 3.8459 -4.4106 -13.9444 -12.0076 -25.2528 8.3540 -12.8751 10.4491 3.0414 -5.8130 8.7135 0.0000 -0.0000 0.0000 -59.0494 3.0180 -20.1999 16.3417 -25.9817 -3.7944 -0.0000 -0.0000 21.2534 52.2316 -17.6327 -21.3535 -7.1250 0.0000 -0.0000 15.0568 3.3463 -14.6766 0.0000 -0.0000 0.0000 68.5088 -13.3604 50.5038 -56.0331 55.1567 -31.0621 0.0000 -0.0000 -12.9334 -39.2658 -23.2689 17.8977 7.1250 -0.0000 -0.0000 -11.8278 -58.6368 3.9792
-13.1889 14.0711 0.6273 136.3150 74.3927 -202.8110 0.0000 0.0000 0.0000 -16.1439 -13.1675 -61.7637 14.4888 19.2557 73.6920 2.3007 -2.0369 -28.1648 0.3046 -3.5482 -9.8089 0.0000 0.0000 0.0000 -13.3233 -14.0512 -51.0552 -12.3362 -18.5292 67.0504 -2.1087 4.2712 -26.4658 -1.6762 8.1563 -23.1899 -3.7510 5.7884 24.5841 -3.5215 7.1651 8.2350 -3.7051 3.8449 -4.4184 -13.6707 -11.8495 -25.3591 7.8773 -12.6634 10.7629 2.8696 -5.7510 8.7610 0.0000 -0.0000 0.0000 -59.4628 3.1643 -19.7172 16.6188 -26.3525 -3.9166 -0.0000 -0.0000 20.7364 51.3586 -17.5602 -20.6757 -7.1250 0.0000 -0.0000 14.5719 3.8321 -14.0353 0.0000 -0.0000 0.0000 68.5468 -13.4545 50.1626 -55.8013 55.0831 -30.8720 0.0000 -0.0000 -12.6485 -39.2891 -23.1852 17.8547 7.1250 -0.0000 -0.0000 -11.8572 -58.5449 3.9630
-13.1565 14.1089 0.5891 137.6370 74.1992 -201.7060 0.0000 0.0000 0.0000 -16.2077 -13.3744 -61.1068 14.3694 19.2223 73.3294 2.3136 -2.0487 -28.2429 0.2658 -3.3168 -9.1622 0.0000 0.0000 0.0000 -13.1651 -14.2657 -50.1131 -12.0735 -18.4216 66.2217 -2.1261 4.2309 -26.5862 -1.5658 7.8961 -22.3988 -3.4256 5.6605 24.7008 -3.5502 7.0876 8.3170 -3.9007 3.8184 -4.3481 -13.3346 -11.6796 -25.4990 7.7802 -12.5238 10.9409 2.8062 -5.6799 8.8022 0.0000 -0.0000 0.0000 -59.4594 3.5746 -18.3022 16.6785 -26.4320 -3.9432 -0.0000 -0.0000 20.2078 51.4202 -16.9885 -20.1164 -7.1250 0.0000 -0.0000 14.7539 4.5967 -14.0062 0.0000 -0.0000 0.0000 68.7702 -13.2140 50.0329 -55.2437 54.9032 -30.4153 0.0000 -0.0000 -12.6260 -38.9560 -23.5556 17.9064 7.1250 -0.0000 -0.0000 -11.4373 -58.8902 3.9153
-13.1370 14.1443 0.5506 137.8880 74.2746 -201.3380 0.0000 0.0000 0.0000 -16.2902 -13.3994 -60.9574 14.2586 19.1906 72.9926 2.2866 -1.9112 -28.1071 0.2791 -3.3980 -9.3888 0.0000 0.0000 0.0000 -13.1015 -14.0566 -49.7010 -11.8353 -18.3202 65.4659 -2.1050 4.0554 -26.4783 -1.5824 7.9360 -22.5199 -3.5755 5.7729 24.5602 -3.6322 7.1944 8.2646 -3.9243 3.8684 -4.3380 -12.8739 -11.4500 -25.7242 7.5159 -12.3064 11.2113 2.6773 -5.5821 8.8611 -0.0000 -0.0000 0.0000 -59.5528 4.0605 -16.4304 17.1391 -27.0408 -4.1504 -0.0000 -0.0000 19.0596 51.2536 -17.0574 -20.0788 -7.1250 0.0000 -0.0000 14.6394 4.5717 -13.8967 -0.0000 -0.0000 0.0000 69.0290 -13.0193 49.8400 -54.4574 54.6424 -29.7730 0.0000 -0.0000 -12.1609 -37.7784 -23.6117 17.2467 7.1250 -0.0000 -0.0000 -9.9735 -58.6468 3.3490
-13.0959 14.1969 0.5064 139.4190 74.0470 -199.8870 0.0000 0.0000 0.0000 -16.3323 -13.5470 -60.3827 14.1157 19.1487 72.5574 2.2902 -2.0959 -28.0839 0.2614 -3.2891 -9.0847 0.0000 0.0000 0.0000 -12.7855 -14.2323 -48.7356 -11.5571 -18.1971 64.5780 -2.1113 3.7667 -26.5709 -1.5401 7.8342 -22.2116 -3.6785 5.6826 24.4347 -3.4868 7.0822 8.3438 -3.6583 3.8136 -4.2250 -12.8688 -11.1894 -26.4930 7.1910 -11.8157 11.9291 2.6199 -5.3682 9.1596 -0.0000 -0.0000 0.0000 -60.0049 4.7179 -13.0122 18.3087 -28.5506 -4.6958 -0.0000 -0.0000 15.4507 45.7455 -15.4156 -15.2605 -7.1250 0.0000 -0.0000 11.7258 8.7783 -10.0167 -0.0000 -0.0000 0.0000 69.0719 -12.6687 49.9592 -53.3373 54.2559 -28.8616 0.0000 -0.0000 -12.0079 -37.9897 -23.0260 16.9872 7.1250 -0.0000 -0.0000 -10.2611 -58.0215 3.2924
-13.0596 14.2308 0.4521 140.4250 74.1593 -198.8460 0.0000 0.0000 0.0000 -16.2607 -13.5087 -60.0839 14.0348 19.1245 72.3106 2.3249 -2.5644 -28.1913 0.1911 -2.8149 -7.7640 0.0000 0.0000 0.0000 -12.5176 -14.1288 -48.1366 -11.2795 -18.0692 63.6860 -2.0518 3.4032 -26.2470 -1.5351 7.8219 -22.1745 -3.8542 5.7871 23.9682 -3.4431 7.2240 8.4724 -3.4887 3.8853 -3.8758 -11.8690 -10.3393 -27.2143 5.9838 -10.6808 12.3056 2.2346 -4.9089 9.1589 0.0000 -0.0000 0.0000 -60.1884 4.8665 -9.0254 18.9302 -29.3318 -4.9966 -0.0000 -0.0000 12.2175 44.6272 -18.6780 -17.5422 -7.1250 0.0000 -0.0000 10.3235 4.9195 -9.5600 0.0000 -0.0000 0.0000 69.3419 -12.1716 49.6241 -52.0099 53.7747 -27.7876 0.0000 -0.0000 -11.1313 -36.7675 -23.3202 16.4781 7.1250 -0.0000 -0.0000 -8.7633 -58.0512 2.8128
-13.0144 14.2686 0.3923 142.0260 74.1154 -197.3700 0.0000 0.0000 0.0000 -16.1529 -13.6490 -59.5285 13.9405 19.0959 72.0228 2.3600 -2.8531 -28.3460 0.1312 -2.3344 -6.4308 0.0000 0.0000 0.0000 -12.1910 -14.1631 -47.2572 -11.0063 -17.9382 62.8020 -1.9707 2.7214 -25.8430 -1.5945 7.9648 -22.6073 -3.8514 5.9196 23.7741 -3.3925 7.4062 8.4558 -3.4633 3.9721 -3.8008 -11.0897 -9.2445 -27.8670 4.9014 -9.2142 13.2818 1.9719 -4.3076 9.3824 0.0000 -0.0000 0.0000 -59.8850 5.5947 -1.4831 21.0693 -31.9091 -6.0865 -0.0000 -0.0000 3.8765 35.5479 -13.3122 -9.3433 -7.1250 0.0000 -0.0000 5.5403 13.8192 -4.0761 0.0000 -0.0000 0.0000 69.5119 -11.6676 49.7018 -50.0787 53.0272 -26.2370 0.0000 -0.0000 -11.2476 -35.8775 -23.1728 15.8872 7.1250 -0.0000 -0.0000 -7.7138 -57.6594 2.4002
-12.9747 14.3012 0.3367 143.6440 73.7032 -195.7470 0.0000 0.0000 0.0000 -16.3321 -13.8852 -59.1094 13.7640 19.0409 71.4824 2.3385 -2.6924 -28.2475 0.1663 -2.6276 -7.2437 0.0000 0.0000 0.0000 -12.0632 -14.3496 -46.4202 -10.7672 -17.8193 62.0233 -1.8741 1.8105 -25.3944 -1.5895 7.9529 -22.5710 -3.9200 5.9037 23.4836 -3.4216 7.3836 8.3952 -3.4217 3.9597 -3.7293 -9.7438 -7.5633 -28.7813 3.2087 -7.0014 14.4082 1.5254 -3.4083 9.6353 0.0000 -0.0000 0.0000 -59.8486 6.2133 4.9803 23.6974 -34.8427 -7.5330 -0.0000 0.0000 -2.6796 26.7333 -11.4085 -5.6895 -7.1250 0.0000 -0.0000 -0.2864 17.2482 0.1886 0.0000 -0.0000 0.0000 69.9853 -11.3768 49.3984 -48.6861 52.4517 -25.1286 0.0000 -0.0000 -10.2931 -34.5823 -23.8821 15.5948 7.1250 -0.0000 -0.0000 -6.0864 -58.1471 1.9625
-12.9391 14.3360 0.2812 145.3150 73.8495 -194.0260 0.0000 0.0000 0.0000 -16.2027 -13.5946 -58.9580 13.6617 19.0082 71.1685 2.3255 -2.8968 -28.1206 0.1851 -2.7706 -7.6408 0.0000 0.0000 0.0000 -11.6179 -13.8798 -45.7070 -10.4891 -17.6759 61.1110 -1.8307 1.1898 -25.2568 -1.5533 7.8661 -22.3082 -3.8126 6.1663 23.2290 -3.4633 7.7428 8.3036 -3.5963 4.1323 -3.6759 -7.7003 -5.2771 -29.6302 0.9687 -4.1238 15.0613 0.8846 -2.2333 9.7224 -0.0000 0.0000 0.0000 -59.7305 6.2421 11.9195 26.7321 -37.9226 -9.3340 -0.0000 0.0000 -9.4203 20.7763 -12.1801 -4.5766 -7.1250 0.0000 -0.0000 -4.4786 17.0055 2.9822 -0.0000 0.0000 0.0000 70.7459 -11.0666 48.7256 -47.2455 51.8223 -23.9913 0.0000 -0.0000 -9.5226 -33.9958 -23.3789 14.9818 7.1250 -0.0000 -0.0000 -5.4769 -57.4346 1.6712
-12.9069 14.3632 0.2226 146.6550 73.8091 -192.6200 0.0000 0.0000 0.0000 -16.0765 -13.6883 -58.7820 13.6354 18.9997 71.0880 2.3345 -3.2284 -28.1070 0.1756 -2.6995 -7.4432 0.0000 0.0000 0.0000 -11.3691 -13.4611 -44.8542 -10.1769 -17.5081 60.0778 -1.8724 0.5397 -25.7391 -1.5757 7.9200 -22.4713 -4.0972 6.1930 22.7326 -3.3021 7.7510 8.3238 -3.2084 4.1264 -3.4671 -5.7142 -2.1169 -30.1579 -1.7608 0.0310 15.0792 0.2843 -0.5229 9.6423 0.0000 -0.0000 0.0000 -60.1187 6.4197 19.7895 30.2650 -41.1194 -11.5835 -0.0000 0.0000 -14.8955 19.8022 -7.9855 -2.8636 -7.1250 0.0000 -0.0000 -5.1054 21.5128 2.8888 0.0000 -0.0000 0.0000 70.7732 -10.2459 48.8005 -45.7698 51.1401 -22.8366 0.0000 -0.0000 -8.8105 -34.0214 -23.0537 14.8072 7.1250 -0.0000 -0.0000 -5.5569 -57.0728 1.6471
-12.8669 14.3946 0.1759 147.8780 73.4268 -191.6220 0.0000 0.0000 0.0000 -16.2780 -13.7038 -58.1609 13.5527 18.9727 70.8336 2.3451 -3.5331 -28.1118 0.1780 -2.7178 -7.4940 0.0000 0.0000 0.0000 -11.1981 -13.5971 -43.6304 -9.9006 -17.3536 59.1555 -1.9159 0.0851 -26.1835 -1.6133 8.0093 -22.7423 -4.3660 6.2348 22.5437 -3.2319 7.7792 8.3896 -2.9660 4.1391 -3.3428 -2.9531 1.4047 -29.9771 -5.0122 4.3843 14.5632 -0.5920 1.2898 9.5062 0.0000 0.0000 0.0000 -60.4145 5.9777 27.3125 34.2656 -44.2806 -14.2982 -0.0000 0.0000 -15.9439 18.6554 -7.6392 -2.5697 -7.1250 0.0000 -0.0000 -5.9408 21.9380 3.3085 0.0000 0.0000 0.0000 71.2185 -9.2348 48.4734 -43.8496 50.1923 -21.3513 0.0000 -0.0000 -8.0362 -32.9689 -23.2139 14.3416 7.1250 -0.0000 -0.0000 -4.3198 -57.0043 1.2722
-12.8303 14.4188 0.1186 149.5340 73.5090 -189.8920 0.0000 0.0000 0.0000 -15.9884 -13.7971 -57.9959 13.4535 18.9398 70.5282 2.3751 -3.5383 -28.2979 0.1644 -2.6123 -7.2010 0.0000 0.0000 0.0000 -10.6931 -13.3335 -43.0224 -9.6132 -17.1865 58.1876 -1.9088 -0.5309 -26.3416 -1.5221 7.7904 -22.0791 -4.1295 6.4247 21.9610 -3.4546 8.0733 8.1864 -3.3498 4.2830 -3.2084 -0.3238 4.8992 -28.6271 -7.6777 8.5431 13.5964 -1.2673 3.1319 9.2585 0.0000 -0.0000 0.0000 -60.1820 5.3421 34.6258 39.6080 -47.8359 -18.1481 -0.0000 0.0000 -15.2796 16.8604 -8.3602 -2.5231 -7.1250 0.0000 -0.0000 -7.2311 21.2781 4.1465 0.0000 -0.0000 0.0000 72.4182 -8.8511 47.8483 -42.1918 49.3162 -20.0859 0.0000 -0.0000 -7.3167 -32.4678 -22.9254 13.9203 7.1250 -0.0000 -0.0000 -3.8020 -56.5638 1.0789
-12.7612 14.4638 0.0525 150.9820 73.5401 -189.0270 0.0000 0.0000 0.0000 -16.0889 -13.6943 -56.7118 13.3239 18.8960 70.1284 2.4218 -3.1864 -28.6578 0.2114 -2.9600 -8.1673 0.0000 0.0000 0.0000 -10.3174 -13.3691 -41.3683 -9.2450 -16.9628 56.9336 -1.9086 -0.8509 -26.4536 -1.5281 7.8050 -22.1232 -4.0574 6.5083 21.7076 -3.5757 8.2398 8.3248 -3.5131 4.3797 -2.8978 1.8997 8.1486 -27.2235 -10.1038 12.5269 12.4983 -1.8020 4.9371 9.1351 -0.0000 -0.0000 0.0000 -59.9812 3.9255 41.4982 44.8969 -50.7179 -22.1589 -0.0000 0.0000 -14.3971 16.8281 -10.3717 -3.1168 -7.1250 0.0000 -0.0000 -7.2284 19.2007 4.4847 -0.0000 -0.0000 0.0000 73.2326 -7.9944 47.1623 -40.5341 48.3831 -18.8375 0.0000 -0.0000 -5.9984 -31.1450 -22.7713 13.1649 7.1250 -0.0000 -0.0000 -2.3478 -56.0909 0.6390
-12.7136 14.4966 0.0055 153.5140 73.6646 -186.9300 0.0000 0.0000 0.0000 -15.5797 -13.5105 -55.9606 13.2371 18.8661 69.8603 2.4442 -3.2584 -28.7803 0.2124 -2.9668 -8.1864 0.0000 0.0000 0.0000 -9.5232 -13.0463 -40.0850 -8.9348 -16.7656 55.8645 -1.9207 -1.2735 -26.6920 -1.5290 7.8071 -22.1298 -4.1459 6.6856 21.4244 -3.4946 8.4525 8.2046 -3.4041 4.4736 -2.9071 4.1599 10.8099 -25.6889 -12.7154 15.8558 11.7291 -2.4707 6.4264 9.2705 0.0000 -0.0000 0.0000 -59.8536 2.6924 47.9479 51.1043 -53.4313 -27.0586 -0.0000 0.0000 -13.0416 17.7334 -11.2827 -3.5801 -7.1250 0.0000 -0.0000 -6.5896 18.1951 4.2306 0.0000 -0.0000 0.0000 73.7431 -7.5068 47.0433 -39.2586 47.6245 -17.8896 0.0000 -0.0000 -5.3409 -21.3223 -24.2917 9.1224 7.1250 -0.0000 -0.0000 8.7303 -55.6175 -2.2875
-12.6672 14.5224 -0.0505 154.3190 74.0580 -186.1170 0.0000 0.0000 0.0000 -15.4194 -13.3821 -55.6085 13.1755 18.8446 69.6696 2.4927 -3.3328 -29.0608 0.1802 -2.7341 -7.5394 0.0000 0.0000 0.0000 -9.2351 -12.7731 -39.6225 -8.6769 -16.5953 54.9660 -1.8222 -1.7135 -26.1803 -1.6340 8.0581 -22.8906 -4.3009 6.8851 20.7861 -3.9616 8.6774 7.9223 -3.8075 4.5844 -2.8320 5.9756 12.6751 -24.3144 -14.0475 18.0480 11.2015 -2.8149 7.4771 9.3668 0.0000 -0.0000 0.0000 -58.7466 1.1455 54.3430 58.1943 -55.8093 -32.8430 -0.0000 0.0000 -13.6233 19.2456 -11.9659 -4.1401 -7.1250 0.0000 -0.0000 -5.5398 17.3642 3.6512 0.0000 -0.0000 0.0000 74.8273 -7.1239 46.7217 -38.4365 47.1158 -17.2847 0.0000 -0.0000 -4.0329 -21.2419 -23.7516 8.8982 7.1250 -0.0000 -0.0000 8.5902 -55.0472 -2.1310
-12.6348 14.5430 -0.1094 155.4370 74.4499 -184.9470 0.0000 0.0000 0.0000 -15.2717 -13.1514 -55.5375 13.1489 18.8353 69.5874 2.4874 -3.0028 -29.0979 0.2350 -3.1196 -8.6120 0.0000 0.0000 0.0000 -8.9197 -12.5114 -39.3867 -8.4508 -16.4410 54.1708 -1.6579 -2.2054 -25.2073 -1.6276 8.0431 -22.8452 -4.4434 7.0251 20.1991 -4.2361 8.8267 7.6391 -4.0005 4.6506 -2.8133 7.2687 13.8131 -23.2400 -15.0451 19.3971 10.7700 -3.1069 8.1326 9.4270 -0.0000 0.0000 0.0000 -57.9441 -0.6611 60.2471 65.1166 -57.5260 -38.6293 -0.0000 0.0000 -14.1642 21.4216 -12.5371 -4.8678 -7.1250 0.0000 -0.0000 -4.0427 16.5666 2.7291 -0.0000 0.0000 0.0000 75.3376 -6.9889 46.8302 -38.2008 46.9671 -17.1122 0.0000 -0.0000 -4.0815 -20.2317 -23.6061 8.3955 7.1250 -0.0000 -0.0000 9.5745 -54.6985 -2.2968
-12.5868 14.5598 -0.1568 157.7380 74.6990 -182.8550 0.0000 0.0000 0.0000 -14.7899 -12.9001 -55.1340 13.1314 18.8291 69.5331 2.5296 -3.2814 -29.2948 0.2187 -3.0104 -8.3076 0.0000 0.0000 0.0000 -8.2142 -12.4129 -38.6646 -8.2281 -16.2845 53.3802 -1.6247 -2.2796 -24.9954 -1.5323 7.8152 -22.1542 -4.7580 7.0648 19.5339 -4.0768 8.8798 7.7171 -3.5753 4.6661 -2.4617 6.7455 14.5619 -22.8267 -14.8779 20.4598 10.0868 -2.8008 8.6920 9.1604 0.0000 -0.0000 0.0000 -58.1189 -3.1065 64.8223 70.9054 -58.5765 -43.5426 -0.0000 0.0000 -14.2498 22.6692 -13.1636 -5.4336 -7.1250 0.0000 -0.0000 -3.2083 15.7722 2.2190 0.0000 -0.0000 0.0000 74.9665 -6.5693 47.9066 -38.4825 47.1447 -17.3184 0.0000 -0.0000 -5.2899 -21.7693 -23.5626 9.0702 7.1250 -0.0000 -0.0000 7.9665 -54.9580 -1.9574
-12.5328 14.5957 -0.2107 159.4480 74.6517 -181.4870 0.0000 0.0000 0.0000 -14.6195 -12.9051 -54.3284 13.0703 18.8074 69.3438 2.5813 -3.3364 -29.5940 0.2064 -2.9250 -8.0700 0.0000 0.0000 0.0000 -7.7969 -12.5712 -37.5877 -7.9879 -16.1103 52.5191 -1.5924 -2.3565 -24.7886 -1.5010 7.7385 -21.9227 -5.0341 6.9646 19.2059 -4.0951 8.7266 7.6911 -3.3706 4.5854 -2.3617 7.3231 15.0537 -22.4520 -15.2485 20.9765 9.5935 -2.9197 8.9675 9.0931 0.0000 0.0000 0.0000 -57.5615 -4.7109 69.0517 77.3709 -59.3887 -49.0853 -0.0000 0.0000 -14.2079 23.2731 -13.6437 -5.7932 -7.1250 0.0000 -0.0000 -2.8193 15.1909 1.9845 0.0000 0.0000 0.0000 75.3080 -6.6064 48.2792 -39.1152 47.5369 -17.7838 0.0000 -0.0000 -5.0628 -19.6750 -24.3913 8.3996 7.1250 -0.0000 -0.0000 10.4881 -55.3855 -2.6955
-12.4920 14.6059 -0.2965 160.4680 75.5758 -180.2960 0.0000 0.0000 0.0000 -14.4050 -12.6686 -54.1671 13.0253 18.7913 69.2041 2.7008 -3.4905 -30.2685 0.1439 -2.4450 -6.7372 0.0000 0.0000 0.0000 -7.6181 -12.1931 -37.8685 -7.8968 -16.0428 52.1899 -1.4320 -2.7109 -23.7238 -1.4590 7.6344 -21.6089 -5.4300 7.0036 18.0541 -4.1402 8.7861 7.6502 -3.0644 4.5970 -1.8649 7.5536 15.5774 -21.9536 -15.5560 21.6122 8.9459 -2.9577 9.3128 8.9255 -0.0000 0.0000 0.0000 -57.1536 -5.9496 72.6446 82.2190 -59.7700 -53.2667 -0.0000 0.0000 -13.1879 26.2402 -14.1993 -6.8944 -7.1250 0.0000 -0.0000 -0.8346 14.2274 0.6039 -0.0000 0.0000 0.0000 75.2155 -6.4431 49.0743 -39.9744 48.0547 -18.4202 0.0000 -0.0000 -6.0474 -21.1643 -24.9391 9.2716 7.1250 -0.0000 -0.0000 9.1773 -56.2472 -2.5465
-12.4611 14.6549 -0.3494 161.4730 76.4433 -179.7300 0.0000 0.0000 0.0000 -14.2479 -12.2533 -53.1842 12.8708 18.7350 68.7237 2.7504 -3.0977 -30.6389 0.1672 -2.6342 -7.2620 0.0000 0.0000 0.0000 -7.3656 -11.6558 -38.1735 -8.0605 -16.1636 52.7804 -1.2312 -3.2379 -22.3526 -1.4095 7.5091 -21.2328 -5.5545 7.3337 18.2440 -4.3083 9.1598 7.5245 -3.2894 4.7821 -2.0792 9.1283 15.8201 -20.8913 -16.9224 21.7377 8.2320 -3.6329 9.4021 8.8909 0.0000 -0.0000 0.0000 -56.1034 -7.8960 76.4632 85.4362 -59.9212 -56.0487 -0.0000 0.0000 -10.8654 28.1132 -14.2919 -7.5131 -7.1250 0.0000 -0.0000 0.4255 13.8701 -0.3111 0.0000 -0.0000 0.0000 75.9711 -6.9656 48.6051 -41.2961 48.8193 -19.4092 0.0000 -0.0000 -7.0059 -25.0413 -25.0106 11.1732 7.1250 -0.0000 -0.0000 5.0509 -57.1541 -1.5065
-12.4449 14.7070 -0.3965 162.0160 77.2799 -179.5310 0.0000 0.0000 0.0000 -14.2591 -11.7716 -52.2687 12.6297 18.6443 67.9713 2.7486 -2.8842 -30.6747 0.1602 -2.5785 -7.1074 0.0000 0.0000 0.0000 -7.3041 -11.0885 -39.1026 -8.4470 -16.4384 54.1573 -0.9937 -3.6193 -20.4660 -1.5241 7.7951 -22.0935 -5.9924 7.4241 18.4144 -4.1967 9.1969 7.6063 -2.9657 4.7897 -2.1572 9.7135 16.2450 -20.4933 -17.7126 22.3211 7.9978 -3.8569 9.6622 9.0035 -0.0000 0.0000 0.0000 -55.5763 -9.8564 78.6263 86.7410 -59.9598 -57.1780 -0.0000 0.0000 -9.1992 28.1884 -15.0146 -7.9045 -7.1250 0.0000 -0.0000 0.4066 13.0544 -0.3043 -0.0000 0.0000 0.0000 75.8809 -6.9850 48.6024 -42.6304 49.5533 -20.4190 0.0000 -0.0000 -7.0098 -24.0371 -25.5735 10.8976 7.1250 -0.0000 -0.0000 6.3744 -57.5203 -1.9596
-12.4474 14.7627 -0.4519 161.4730 78.7483 -180.4840 0.0000 0.0000 0.0000 -14.4609 -10.7931 -51.4298 12.4246 18.5644 67.3284 2.8137 -2.5996 -31.1142 0.1168 -2.2029 -6.0668 0.0000 0.0000 0.0000 -7.3316 -10.4043 -40.7263 -8.9390 -16.7683 55.8789 -0.7485 -3.5973 -18.0346 -1.5098 7.7601 -21.9877 -6.3920 7.5439 18.8854 -4.1459 9.2288 7.5957 -2.7775 4.7955 -2.4718 9.7885 16.6545 -19.6292 -17.9623 22.8941 7.5529 -3.8802 9.9882 8.8324 0.0000 -0.0000 0.0000 -55.3768 -11.4195 79.9377 86.4921 -59.9535 -56.9625 -0.0000 0.0000 -5.9182 27.6478 -14.0095 -7.2274 -7.1250 0.0000 -0.0000 0.1364 14.2490 -0.0986 0.0000 -0.0000 0.0000 75.5524 -6.9083 49.3794 -43.7184 50.1250 -21.2506 0.0000 -0.0000 -7.4284 -25.4927 -25.0656 11.4205 7.1250 -0.0000 -0.0000 4.5783 -57.3122 -1.3826
-12.4629 14.8152 -0.4664 160.4280 79.7004 -181.6690 0.0000 0.0000 0.0000 -14.6311 -10.1138 -50.9695 12.1888 18.4693 66.5859 2.7598 -2.1334 -30.9135 0.1172 -2.2070 -6.0781 0.0000 0.0000 0.0000 -7.0505 -10.4020 -42.8471 -9.3999 -17.0583 57.4629 -0.5487 -4.1641 -16.1327 -1.3802 7.4340 -21.0077 -6.9784 7.3119 19.2768 -3.9536 8.7916 7.6809 -2.2137 4.5656 -2.6865 9.8417 16.8802 -19.5870 -18.5710 23.3236 7.5160 -3.9826 10.1468 8.9735 0.0000 -0.0000 0.0000 -55.2245 -12.7044 80.0979 85.4116 -59.9203 -56.0274 -0.0000 0.0000 -3.3541 28.1754 -14.4696 -7.6231 -7.1250 0.0000 -0.0000 0.4507 13.6633 -0.3315 0.0000 -0.0000 0.0000 75.0283 -6.4917 50.0240 -45.1528 50.8431 -22.3572 0.0000 -0.0000 -7.8706 -26.0139 -24.2206 11.3218 7.1250 -0.0000 -0.0000 3.7014 -56.5324 -1.0475
-12.4634 14.8753 -0.4876 157.1520 81.0142 -184.9300 0.0000 0.0000 0.0000 -15.2193 -8.9697 -50.5970 11.8952 18.3460 65.6562 2.7448 -1.8727 -30.8915 0.1303 -2.3270 -6.4103 0.0000 0.0000 0.0000 -6.8534 -10.0774 -45.1028 -9.6063 -17.1824 58.1641 -0.4225 -4.7475 -14.9455 -1.5413 7.8370 -22.2200 -7.7455 7.2067 19.3241 -3.8540 8.4871 7.5957 -1.6455 4.3958 -2.9103 9.6578 16.6347 -19.6391 -18.2882 23.0793 8.1774 -3.9135 9.9913 9.1093 0.0000 -0.0000 0.0000 -54.8286 -13.2095 80.5933 84.5688 -59.8882 -55.2982 -0.0000 0.0000 -3.1097 27.7393 -14.3565 -7.4292 -7.1250 0.0000 -0.0000 0.1669 13.8509 -0.1221 0.0000 -0.0000 0.0000 74.6661 -6.2778 49.8313 -46.5965 51.5271 -23.4821 0.0000 -0.0000 -7.4566 -24.7911 -23.7899 10.5540 7.1250 -0.0000 -0.0000 4.8676 -55.8147 -1.2938
-12.4726 14.9150 -0.4876 154.1730 81.9325 -187.6730 0.0000 0.0000 0.0000 -15.4660 -8.4396 -50.5559 11.6763 18.2504 64.9590 2.7154 -1.3223 -30.8640 0.1262 -2.2898 -6.3073 0.0000 0.0000 0.0000 -6.3328 -9.9256 -47.3113 -9.4500 -17.0887 57.6337 -0.4119 -3.6436 -14.0138 -1.3852 7.4469 -21.0462 -7.7567 7.0464 19.4229 -3.9310 8.2330 7.4560 -1.6853 4.2686 -3.0955 8.8254 15.2290 -20.9604 -16.1532 21.0919 9.9851 -3.4592 9.0092 9.2813 -0.0000 0.0000 0.0000 -53.8213 -14.5273 81.7577 84.4304 -59.8825 -55.1785 -0.0000 0.0000 -4.8704 27.1029 -12.9574 -6.5464 -7.1250 0.0000 -0.0000 -0.1462 15.4879 0.1019 -0.0000 0.0000 0.0000 75.1413 -6.2101 48.8176 -47.8881 52.1074 -24.4974 0.0000 -0.0000 -7.8896 -24.2110 -23.5905 10.2011 7.1250 -0.0000 -0.0000 5.4137 -55.4836 -1.3960
-12.4690 14.9657 -0.4584 149.2300 82.8029 -192.8010 0.0000 0.0000 0.0000 -15.8935 -7.4662 -50.0388 11.4712 18.1581 64.3026 2.7049 -0.8580 -30.9309 0.1471 -2.4713 -6.8100 0.0000 0.0000 0.0000 -6.0642 -9.0562 -48.6170 -9.0385 -16.8324 56.2232 -0.4607 -1.7037 -13.5532 -1.2874 7.1896 -20.2784 -8.3513 6.5799 19.8792 -3.7027 7.4805 7.5560 -0.9909 3.8889 -3.2911 6.1437 13.1478 -23.2760 -12.4931 18.4093 12.3006 -2.3036 7.7383 9.4337 0.0000 -0.0000 0.0000 -53.1909 -15.5586 81.9093 84.2138 -59.8731 -54.9911 -0.0000 0.0000 -6.5637 28.7185 -13.5975 -7.3400 -7.1250 0.0000 -0.0000 0.9011 14.5619 -0.6457 0.0000 -0.0000 0.0000 74.9158 -5.4067 48.3808 -49.0171 52.5913 -25.3913 0.0000 -0.0000 -7.9126 -21.6115 -23.6910 9.0444 7.1250 -0.0000 -0.0000 8.1815 -55.0588 -2.0309
-12.4704 14.9951 -0.4047 142.6170 83.6957 -199.1440 0.0000 0.0000 0.0000 -16.1042 -6.5585 -50.1413 11.2459 18.0533 63.5776 2.6795 -0.8582 -30.7826 0.1338 -2.3578 -6.4955 0.0000 0.0000 0.0000 -5.7952 -7.6914 -50.1394 -8.4690 -16.4536 54.2350 -0.4969 -0.3779 -13.4594 -0.9851 6.3177 -17.7089 -9.1579 6.0585 19.8043 -3.2246 6.6530 7.5339 0.1621 3.4560 -3.3733 3.8193 10.3689 -24.4766 -9.8706 14.9378 14.0950 -1.6660 6.1407 9.5027 -0.0000 0.0000 0.0000 -53.3168 -16.3773 81.7564 82.9326 -59.8104 -53.8833 -0.0000 0.0000 -6.7499 28.5947 -12.7625 -6.8664 -7.1250 0.0000 -0.0000 0.8936 15.5157 -0.6221 -0.0000 0.0000 0.0000 73.5665 -4.5076 48.4941 -50.7438 53.2911 -26.7693 0.0000 -0.0000 -9.0671 -19.9169 -23.2531 8.1406 7.1250 -0.0000 -0.0000 9.7517 -54.2777 -2.2396
-12.4084 15.0675 -0.3002 141.1920 82.5233 -201.6790 0.0000 0.0000 0.0000 -16.6770 -6.7214 -47.8904 10.8971 17.8844 62.4470 2.5925 -0.6540 -30.3276 0.1786 -2.7225 -7.5070 0.0000 0.0000 0.0000 -5.7204 -8.1309 -49.0331 -7.9486 -16.0813 52.3773 -0.5628 0.2887 -14.0779 -0.7780 5.6315 -15.7189 -9.8760 5.0866 21.0278 -2.5489 5.2159 7.9564 1.5579 2.7506 -3.5340 0.4264 6.8295 -26.5866 -5.9470 10.6099 16.7193 -0.4592 4.2051 10.0250 -0.0000 0.0000 0.0000 -53.4570 -17.0510 81.6564 81.7864 -59.7435 -52.8930 -0.0000 0.0000 -6.5239 26.7277 -12.6942 -6.3143 -7.1250 0.0000 -0.0000 -0.3836 15.8252 0.2645 -0.0000 0.0000 0.0000 72.6595 -3.5852 48.0549 -52.4812 53.9485 -28.1681 0.0000 -0.0000 -11.4974 -18.2758 -22.5569 7.2200 7.1250 -0.0000 -0.0000 11.1275 -53.2643 -2.2843
-12.3995 15.0770 -0.1987 133.2510 83.0680 -209.1790 0.0000 0.0000 0.0000 -16.8395 -6.2354 -48.0831 10.6762 17.7729 61.7253 2.5618 -0.1049 -30.3101 0.1943 -2.8384 -7.8292 0.0000 0.0000 0.0000 -5.4787 -6.9941 -50.9315 -7.6943 -15.8898 51.4541 -0.5828 -0.2543 -14.5194 -0.7455 5.5153 -15.3844 -10.5093 4.6195 21.0306 -2.1612 4.4526 7.7491 2.5122 2.3630 -3.7514 -2.3698 3.5832 -27.3944 -3.1354 6.6364 17.8395 0.3392 2.4822 10.2156 -0.0000 0.0000 0.0000 -53.8188 -17.3029 81.3327 81.0203 -59.6931 -52.2314 -0.0000 0.0000 -6.4345 25.2604 -12.6841 -5.9151 -7.1250 0.0000 -0.0000 -1.3943 16.0075 0.9560 -0.0000 0.0000 0.0000 71.7035 -2.7786 47.9886 -53.7571 54.4028 -29.2027 0.0000 -0.0000 -12.6400 -19.2129 -21.3897 7.2433 7.1250 -0.0000 -0.0000 9.7386 -52.2490 -1.7514
-12.3407 15.0844 -0.1022 116.0540 83.9832 -226.2990 0.0000 0.0000 0.0000 -17.3111 -4.9160 -47.7280 10.5505 17.7080 61.3130 2.6280 0.2907 -30.8282 0.2063 -2.9243 -8.0682 0.0000 0.0000 0.0000 -5.4169 -5.5183 -52.3961 -7.7412 -15.9255 51.6249 -0.5278 -1.2407 -14.2281 -0.4494 4.3008 -11.9245 -10.8903 4.4863 21.1983 -2.1339 4.1140 7.4162 2.8160 2.2034 -4.1838 -3.7633 1.4513 -27.2132 -1.8102 3.9346 18.0513 0.5950 1.3087 10.1890 0.0000 0.0000 0.0000 -54.3078 -17.1174 81.3564 79.9472 -59.6147 -51.3053 -0.0000 0.0000 -6.3413 24.2300 -12.2384 -5.4496 -7.1250 0.0000 -0.0000 -2.0804 16.6056 1.4000 0.0000 0.0000 0.0000 71.2880 -2.6357 47.1866 -56.0121 55.1501 -31.0449 0.0000 -0.0000 -14.4484 -18.3450 -21.7364 7.0009 7.1250 -0.0000 -0.0000 10.7318 -52.4480 -1.9859
-12.2894 15.0913 0.0557 108.3120 83.7322 -233.8670 0.0000 0.0000 0.0000 -17.3618 -4.4925 -47.4773 10.4155 17.6370 60.8682 2.6075 0.5149 -30.7799 0.2698 -3.3412 -9.2302 0.0000 0.0000 0.0000 -5.1187 -5.0713 -53.2524 -7.9800 -16.1045 52.4907 -0.5615 -2.3339 -15.1934 -0.2326 3.1042 -8.5691 -10.8521 3.9911 21.5678 -1.8272 3.3541 6.8852 3.2917 1.8548 -4.8810 -4.1818 0.3442 -26.6953 -1.6191 2.5169 18.2126 0.5008 0.6542 10.1667 -0.0000 -0.0000 0.0000 -55.2994 -16.4608 81.5066 79.0836 -59.5449 -50.5605 -0.0000 0.0000 -6.9449 24.1083 -11.4699 -5.0851 -7.1250 0.0000 -0.0000 -2.1242 17.4523 1.3903 -0.0000 -0.0000 0.0000 70.7758 -3.0083 46.5280 -58.1189 55.7875 -32.7806 0.0000 -0.0000 -16.0357 -18.2745 -22.8207 7.2986 7.1250 -0.0000 -0.0000 11.2378 -53.5300 -2.3808
-12.1837 15.0950 0.2182 96.4320 83.3677 -245.8970 0.0000 0.0000 0.0000 -17.7709 -3.4324 -46.7679 10.2806 17.5646 60.4220 2.5085 1.4490 -30.5141 0.5006 -4.5357 -12.5889 0.0000 0.0000 0.0000 -5.3171 -4.5366 -53.1751 -8.1379 -16.2197 53.0578 -0.6502 -1.8400 -16.0065 -0.2776 3.3890 -9.3637 -10.9404 3.5459 21.3590 -1.5093 2.7772 6.7952 3.8502 1.5633 -4.8135 -5.1060 -0.6432 -26.5196 -1.6925 1.5298 17.9869 0.4644 0.1359 10.0670 0.0000 0.0000 0.0000 -56.5256 -15.8873 80.9292 77.8352 -59.4334 -49.4851 -0.0000 0.0000 -6.9006 23.0188 -10.7690 -4.5389 -7.1250 0.0000 -0.0000 -2.8579 18.3121 1.8175 0.0000 0.0000 0.0000 69.7066 -2.4733 46.5216 -58.6049 55.9266 -33.1828 0.0000 -0.0000 -17.0108 -18.1519 -23.5603 7.4659 7.1250 -0.0000 -0.0000 11.6790 -54.2505 -2.6829
-12.0717 15.0783 0.4032 90.3425 82.7791 -251.9050 0.0000 0.0000 0.0000 -17.8714 -2.9075 -46.2709 10.1514 17.4941 59.9932 2.4199 2.1298 -30.2347 0.6608 -5.1992 -14.4775 0.0000 0.0000 0.0000 -5.4241 -4.6048 -53.5936 -8.3472 -16.3688 53.8039 -0.6683 -1.1098 -15.8841 -0.3069 3.5616 -9.8463 -10.2987 2.9649 20.9403 -1.3492 2.1503 6.4316 3.8362 1.2563 -4.9068 -5.5808 -0.8250 -26.7583 -1.9390 1.5764 18.5435 0.4609 0.0771 10.3139 -0.0000 -0.0000 0.0000 -57.8956 -15.1111 80.9764 75.8157 -59.2260 -47.7480 -0.0000 0.0000 -6.5838 22.9018 -10.7039 -4.4865 -7.1250 0.0000 -0.0000 -2.9379 18.3926 1.8633 -0.0000 -0.0000 0.0000 68.6669 -2.1505 46.7124 -58.6984 55.9530 -33.2604 0.0000 -0.0000 -18.5744 -17.2633 -23.8038 7.1490 7.1250 -0.0000 -0.0000 12.6881 -54.3247 -2.9433
-11.9120 15.0862 0.5914 79.9523 82.4719 -262.7110 0.0000 0.0000 0.0000 -17.6730 -1.3480 -45.0865 10.0459 17.4356 59.6416 2.4691 1.9302 -30.4561 0.6097 -4.9978 -13.9023 0.0000 0.0000 0.0000 -4.8652 -4.3172 -53.6336 -8.6177 -16.5553 54.7583 -0.7310 0.0164 -16.1553 -0.2654 3.3140 -9.1542 -9.3889 2.7651 20.2491 -1.2568 2.1231 6.3364 3.4513 1.2219 -4.6414 -5.7045 -0.8645 -26.7109 -2.5241 1.7425 18.8344 0.2977 0.0648 10.4211 0.0000 -0.0000 0.0000 -58.8726 -14.4788 81.3643 74.0399 -59.0153 -46.2238 -0.0000 0.0000 -6.9417 23.2111 -10.6646 -4.5375 -7.1250 0.0000 -0.0000 -2.7181 18.4079 1.7227 0.0000 -0.0000 0.0000 67.4982 -1.7654 46.9775 -58.7292 55.9617 -33.2859 0.0000 -0.0000 -20.8139 -15.0022 -23.5927 6.1220 7.1250 -0.0000 -0.0000 14.8552 -53.6937 -3.2308
-11.7773 15.1019 0.8152 74.6476 82.1682 -268.3420 0.0000 0.0000 0.0000 -17.1162 -0.0594 -44.4473 10.0296 17.4265 59.5874 2.2101 2.6591 -29.1457 0.8452 -5.8638 -16.3898 0.0000 0.0000 0.0000 -4.2779 -3.5538 -53.2336 -8.8366 -16.7014 55.5232 -0.8537 0.4888 -17.3056 -0.2208 3.0250 -8.3485 -8.3903 2.3621 19.7050 -1.1369 1.8040 6.0555 3.1070 1.0571 -4.6170 -5.4066 -0.4306 -25.6673 -3.6123 2.4043 18.3375 -0.0309 0.2879 10.0764 -0.0000 -0.0000 0.0000 -59.7018 -13.4544 81.3088 72.1418 -58.7600 -44.5988 -0.0000 0.0000 -8.2062 23.1844 -10.8610 -4.6137 -7.1250 0.0000 -0.0000 -2.7449 18.1982 1.7524 -0.0000 -0.0000 0.0000 65.8571 -1.0213 48.2794 -58.6610 55.9424 -33.2293 0.0000 -0.0000 -22.2430 -13.8152 -22.4444 5.3634 7.1250 -0.0000 -0.0000 15.4880 -52.3604 -2.8620
-11.6190 15.1509 1.0393 71.3242 80.7648 -272.2090 0.0000 0.0000 0.0000 -17.7248 1.1640 -43.6759 10.1935 17.5172 60.1330 1.8771 3.3235 -27.2486 0.9594 -6.2370 -17.4737 0.0000 0.0000 0.0000 -4.9107 -2.9842 -52.1719 -8.9285 -16.7615 55.8425 -0.9794 0.8315 -18.4465 -0.2404 3.1553 -8.7115 -8.2007 2.0756 19.5335 -1.4876 1.4559 5.9616 2.7087 0.8890 -4.5795 -5.6778 -0.1445 -26.0894 -3.8659 3.0053 18.3761 0.0173 0.5078 10.1648 0.0000 -0.0000 0.0000 -60.5154 -12.5200 80.4025 69.8177 -58.4035 -42.6153 -0.0000 0.0000 -9.1033 21.6020 -11.1436 -4.3762 -7.1250 0.0000 -0.0000 -3.8686 18.0340 2.4866 0.0000 -0.0000 0.0000 64.6612 -0.5496 48.7611 -59.3122 56.1239 -33.7695 0.0000 -0.0000 -21.8180 -12.7808 -20.7407 4.5929 7.1250 -0.0000 -0.0000 15.7398 -50.5297 -2.1920
-11.4744 15.2197 1.2687 73.1539 80.1409 -270.7670 0.0000 0.0000 0.0000 -17.2170 1.3773 -43.9804 10.7233 17.7970 61.8797 1.3501 4.2312 -23.8366 0.9474 -6.1988 -17.3625 0.0000 0.0000 0.0000 -4.8748 -2.4394 -50.6995 -8.9120 -16.7507 55.7851 -1.1316 0.9829 -19.8091 -0.2272 3.0679 -8.4679 -7.5083 1.5836 19.3582 -1.4940 0.9272 5.6902 2.4360 0.6327 -4.7254 -5.7657 0.0874 -25.3905 -4.4193 3.4189 17.9729 -0.0997 0.6552 9.9114 0.0000 0.0000 0.0000 -61.6423 -11.4257 79.4993 67.1460 -57.9314 -40.3454 -0.0000 0.0000 -9.3446 20.0209 -10.9866 -3.9725 -7.1250 0.0000 -0.0000 -4.9773 18.3309 3.1714 0.0000 0.0000 0.0000 63.1549 -0.6732 48.8142 -60.9492 56.5576 -35.1320 0.0000 -0.0000 -21.7877 -11.5724 -20.2790 4.0595 7.1250 -0.0000 -0.0000 16.6911 -49.8938 -2.0646
-11.3620 15.2710 1.4935 78.8103 80.2688 -265.0120 0.0000 0.0000 0.0000 -16.0699 1.2212 -46.0534 11.5450 18.1916 64.5391 0.6518 6.3514 -18.8682 0.5810 -4.8807 -13.5686 0.0000 0.0000 0.0000 -4.1255 -2.0077 -49.6951 -8.8739 -16.7259 55.6529 -1.3111 0.1196 -21.6224 -0.2801 3.4042 -9.4061 -5.7911 1.0613 19.0877 -1.5843 0.5548 5.4520 1.4580 0.4446 -4.8085 -5.4116 -0.1112 -25.8735 -4.8351 3.1631 17.9651 -0.3439 0.5043 10.0090 0.0000 0.0000 0.0000 -62.3028 -11.0345 78.8075 64.4621 -57.3862 -38.0776 -0.0000 0.0000 -8.4428 18.3650 -9.9595 -3.2861 -7.1250 0.0000 -0.0000 -6.1388 19.5287 3.7551 0.0000 0.0000 0.0000 62.4990 -0.9782 47.2278 -63.0047 57.0589 -36.8522 0.0000 -0.0000 -22.0462 -10.5904 -20.4141 3.7313 7.1250 -0.0000 -0.0000 17.6723 -49.8739 -2.1838
-11.2226 15.3424 1.6831 82.4215 80.4352 -261.7920 0.0000 0.0000 0.0000 -15.3612 1.8496 -47.6382 12.1237 18.4425 66.3805 0.2920 8.2998 -16.4119 0.3617 -3.8634 -10.6926 0.0000 0.0000 0.0000 -3.2263 -1.6592 -48.0607 -8.7558 -16.6480 55.2419 -1.4159 -0.7618 -22.7845 -0.3313 3.6990 -10.2314 -4.6191 0.6999 18.5092 -1.4274 0.3503 5.5919 1.0165 0.3284 -4.3454 -5.4807 -0.2320 -25.5229 -4.8714 2.9452 17.1747 -0.3769 0.4328 9.6645 -0.0000 -0.0000 0.0000 -63.3931 -10.6958 77.6754 62.2861 -56.8890 -36.2497 -0.0000 0.0000 -7.1758 15.9300 -8.5405 -2.4272 -7.1250 0.0000 -0.0000 -7.8979 21.1385 4.5610 -0.0000 -0.0000 0.0000 61.2551 -1.1512 45.2989 -65.3469 57.5741 -38.8237 0.0000 -0.0000 -23.0171 -10.0312 -20.5873 3.5592 7.1250 -0.0000 -0.0000 18.2726 -49.9542 -2.2995
-11.0972 15.3866 1.8430 85.8263 80.2002 -258.4120 0.0000 0.0000 0.0000 -15.7728 2.5161 -49.0733 11.8749 18.3373 65.5918 0.3037 8.2430 -16.5040 0.6100 -4.9988 -13.9052 0.0000 0.0000 0.0000 -2.7457 -1.9728 -47.2264 -8.6503 -16.5774 54.8728 -1.4556 -0.9462 -23.1682 -0.2708 3.3473 -9.2472 -3.8350 0.4122 17.5501 -1.5931 0.2008 6.1048 0.4407 0.2453 -3.2891 -5.1556 -0.4085 -26.6511 -4.9039 2.6415 16.6408 -0.4893 0.3107 9.6673 -0.0000 -0.0000 0.0000 -64.2441 -10.9321 75.9059 60.9502 -56.5579 -35.1328 -0.0000 0.0000 -6.3708 15.5476 -8.8087 -2.4397 -7.1250 0.0000 -0.0000 -8.1662 20.8820 4.7668 -0.0000 -0.0000 0.0000 60.6701 -0.5777 41.7496 -68.1510 58.1171 -41.1978 0.0000 -0.0000 -24.3254 -9.6137 -20.2865 3.3610 7.1250 -0.0000 -0.0000 18.5311 -49.6043 -2.1703
-10.9742 15.4472 1.9781 87.9108 79.8629 -256.1630 0.0000 0.0000 0.0000 -16.2223 2.4113 -50.1970 10.7757 17.8236 62.0509 0.3902 7.1676 -16.5549 1.1415 -6.7847 -19.0792 0.0000 0.0000 0.0000 -2.4248 -2.3166 -46.6591 -8.5683 -16.5217 54.5847 -1.5231 -0.8901 -23.6712 -0.1950 2.8439 -7.8445 -3.9547 0.4050 17.3419 -1.4454 0.1669 5.9232 0.6718 0.2231 -3.3718 -5.2931 -0.4550 -26.9160 -4.8049 2.6124 16.3916 -0.4371 0.3062 9.6190 -0.0000 -0.0000 0.0000 -65.9097 -10.0363 74.4244 60.2918 -56.3872 -34.5840 -0.0000 0.0000 -5.8152 15.7008 -9.2843 -2.5967 -7.1250 0.0000 -0.0000 -8.0454 20.3864 4.7857 -0.0000 -0.0000 0.0000 59.3557 -0.9067 38.2042 -71.9184 58.7279 -44.4078 0.0000 -0.0000 -26.6444 -9.5348 -19.6491 3.2327 7.1250 -0.0000 -0.0000 18.3306 -48.9851 -1.8585
-10.8435 15.4889 2.0797 89.4865 79.7310 -254.6280 0.0000 0.0000 0.0000 -16.1538 1.7105 -50.1248 9.1151 16.8812 56.4874 0.4777 5.3824 -16.1374 1.2923 -7.2028 -20.3177 0.0000 0.0000 0.0000 -1.9433 -2.7717 -45.9500 -8.4730 -16.4563 54.2489 -1.5772 -0.8327 -24.0619 -0.1564 2.5479 -7.0224 -3.9318 0.5027 17.4217 -1.4276 0.2929 5.8873 0.6516 0.2866 -3.4572 -5.1767 -0.4207 -27.1749 -4.6614 2.5711 15.9768 -0.4110 0.3234 9.5102 -0.0000 -0.0000 0.0000 -67.0694 -9.6261 73.5003 60.2448 -56.3748 -34.5449 -0.0000 0.0000 -5.4978 16.1603 -8.8643 -2.5567 -7.1250 0.0000 -0.0000 -7.7250 20.7938 4.5200 -0.0000 -0.0000 0.0000 58.3539 -1.1455 33.7645 -76.7181 59.3228 -48.5237 0.0000 -0.0000 -30.1270 -8.7268 -20.1179 3.0222 7.1250 -0.0000 -0.0000 19.2821 -49.3120 -2.1214
-10.7128 15.5283 2.1368 89.0023 79.5343 -255.2320 0.0000 0.0000 0.0000 -15.9201 0.6018 -49.3923 7.4013 15.6608 50.3764 0.5329 4.6468 -16.2725 1.6027 -7.9841 -22.6659 0.0000 0.0000 0.0000 -1.6604 -3.5473 -45.3378 -8.3739 -16.3875 53.8984 -1.6026 -0.4080 -24.0997 -0.1489 2.4866 -6.8526 -4.2163 0.6967 17.8045 -1.5223 0.4623 5.7188 0.6725 0.3757 -3.8443 -4.8484 -0.1826 -27.2720 -4.6225 2.7657 16.0434 -0.4194 0.4334 9.5512 -0.0000 0.0000 0.0000 -68.1003 -9.0362 72.8976 60.5411 -56.4524 -34.7917 -0.0000 0.0000 -5.8369 16.0993 -8.7020 -2.5004 -7.1250 0.0000 -0.0000 -7.7723 20.9639 4.5181 -0.0000 0.0000 0.0000 57.1957 -0.3727 29.4872 -81.1379 59.7012 -52.3329 0.0000 -0.0000 -34.7126 -9.3009 -21.4451 3.4266 7.1250 -0.0000 -0.0000 19.3497 -50.6558 -2.7870
-10.6027 15.5467 2.1561 86.7498 79.6407 -257.5260 0.0000 0.0000 0.0000 -15.1566 -0.4158 -48.9392 6.0858 14.5110 45.3250 0.4762 4.5518 -15.5014 1.9258 -8.7099 -24.8919 0.0000 0.0000 0.0000 -1.2265 -4.2113 -45.0924 -8.3513 -16.3716 53.8183 -1.6566 0.6389 -24.1598 -0.1606 2.5823 -7.1180 -4.4471 0.8956 17.8870 -1.6296 0.6761 5.7438 0.6437 0.4823 -3.8693 -4.6283 0.1677 -26.8809 -4.3768 3.0442 15.7632 -0.3236 0.6201 9.3811 0.0000 0.0000 0.0000 -68.9655 -8.4436 72.1151 61.3052 -56.6478 -35.4292 -0.0000 0.0000 -5.6647 15.2968 -8.5820 -2.3372 -7.1250 0.0000 -0.0000 -8.3526 21.1265 4.8313 0.0000 0.0000 0.0000 54.9103 1.5297 25.3872 -86.6465 59.9575 -57.0962 0.0000 -0.0000 -39.1778 -9.8780 -22.6295 3.8332 7.1250 -0.0000 -0.0000 19.3756 -51.8695 -3.3827
-10.4861 15.5341 2.1226 79.8676 79.9109 -264.6250 0.0000 0.0000 0.0000 -14.1420 -0.7370 -48.6150 5.3202 13.7356 42.1883 0.4343 4.4312 -14.8697 1.5453 -7.8467 -22.2493 0.0000 0.0000 0.0000 -0.9051 -4.2664 -44.9920 -8.4063 -16.4101 54.0133 -1.6756 1.4020 -24.0804 -0.2477 3.2028 -8.8438 -4.5359 1.2698 17.8955 -1.9414 1.1573 5.9684 0.2657 0.7206 -3.6485 -4.1780 0.6992 -26.3371 -4.0900 3.4564 15.3469 -0.2328 0.8933 9.1398 0.0000 0.0000 0.0000 -69.4455 -8.5327 71.8069 61.6969 -56.7454 -35.7566 -0.0000 0.0000 -4.8752 15.2373 -8.6853 -2.3554 -7.1250 0.0000 -0.0000 -8.3924 21.0237 4.8745 0.0000 0.0000 0.0000 52.0183 4.7250 20.9993 -92.5707 59.9750 -62.2261 0.0000 -0.0000 -41.9025 -9.0987 -23.1809 3.6072 7.1250 -0.0000 -0.0000 20.4016 -52.2574 -3.7733
-10.4052 15.4774 2.0566 75.0690 79.9060 -269.5590 0.0000 0.0000 0.0000 -13.2844 -1.3533 -48.9372 5.0608 13.4520 41.0849 0.3515 4.5673 -13.8211 1.6076 -7.9958 -22.7015 0.0000 0.0000 0.0000 -0.9934 -4.5088 -45.2589 -8.5500 -16.5093 54.5206 -1.6456 1.6396 -23.7952 -0.3152 3.6088 -9.9786 -4.7689 1.3442 18.3049 -2.3673 1.1721 5.9166 -0.0687 0.7384 -3.9124 -3.3281 1.5157 -25.0353 -4.1644 4.1428 14.6381 -0.2990 1.2972 8.6925 0.0000 0.0000 0.0000 -69.5130 -8.2679 71.5890 62.6186 -56.9683 -36.5284 -0.0000 0.0000 -3.9699 13.1793 -8.2917 -1.9341 -7.1250 0.0000 -0.0000 -9.8864 21.5147 5.6548 0.0000 0.0000 0.0000 48.0905 8.5917 17.0051 -99.6679 59.6439 -68.3626 0.0000 -0.0000 -43.4310 -7.8464 -23.4151 3.1346 7.1250 -0.0000 -0.0000 21.7198 -52.2634 -4.0394
-10.2994 15.3998 1.9349 66.1089 80.0540 -279.0980 0.0000 0.0000 0.0000 -12.1899 -1.1883 -49.0412 5.2969 13.7106 42.0902 0.3148 4.1205 -12.9291 1.7192 -8.2550 -23.4913 0.0000 0.0000 0.0000 -1.0657 -4.0849 -44.9853 -8.7750 -16.6607 55.3086 -1.6805 2.8545 -23.7665 -0.2423 3.1679 -8.7466 -4.7995 1.4794 18.5262 -2.7185 1.3992 6.6191 -0.4659 0.8591 -3.2728 -2.7432 2.4083 -24.8021 -3.8640 5.0129 13.7543 -0.1725 1.8033 8.3541 0.0000 -0.0000 0.0000 -69.4081 -8.8116 70.9045 63.9617 -57.2764 -37.6563 -0.0000 0.0000 -3.4603 8.0298 -7.1786 -1.0099 -7.1250 0.0000 -0.0000 -13.6647 22.7779 7.5183 0.0000 -0.0000 0.0000 42.3494 14.6703 12.0383 -105.9282 59.0193 -73.7488 0.0000 -0.0000 -44.6612 -6.8173 -23.2062 2.6970 7.1250 -0.0000 -0.0000 22.5817 -51.8971 -4.0042
-10.2022 15.2853 1.7781 60.7771 80.3256 -284.9740 0.0000 0.0000 0.0000 -11.5467 -0.9682 -49.8291 5.9803 14.4092 44.9025 0.2777 3.2086 -11.6651 1.4944 -7.7222 -21.8733 0.0000 0.0000 0.0000 -1.2751 -4.0890 -44.8802 -9.1215 -16.8853 56.5095 -1.7114 3.7166 -23.8255 -0.2666 3.3218 -9.1759 -4.3351 1.3294 18.8877 -3.1572 1.3188 7.1560 -1.1770 0.8414 -2.8644 -2.1092 3.3786 -23.4761 -3.1470 5.8451 12.5989 0.0527 2.3581 7.7370 -0.0000 0.0000 0.0000 -68.9620 -9.0665 70.2817 65.7846 -57.6640 -39.1933 -0.0000 0.0000 -2.8491 11.9427 -9.4249 -1.9837 -7.1250 0.0000 -0.0000 -10.7187 20.4258 6.4157 -0.0000 0.0000 0.0000 35.9199 20.6942 5.7883 -111.9019 58.1075 -78.8471 0.0000 -0.0000 -45.4054 -5.7115 -22.4795 2.1900 7.1250 -0.0000 -0.0000 23.2298 -51.0484 -3.6287
-10.0987 15.1438 1.5919 57.4157 80.2090 -288.9960 0.0000 0.0000 0.0000 -11.5198 -0.8099 -50.5488 6.8959 15.2436 48.4796 0.3347 2.4444 -12.1029 1.3703 -7.4084 -20.9312 0.0000 0.0000 0.0000 -2.1638 -4.5420 -44.8662 -9.5996 -17.1784 58.1415 -1.7636 4.9605 -24.0119 -0.3081 3.5683 -9.8652 -4.4764 1.1573 19.4892 -3.6968 1.0831 7.5636 -1.6326 0.7506 -2.7216 -1.0162 4.5853 -20.5115 -2.3979 6.8449 10.7800 0.1672 3.0422 6.6610 0.0000 0.0000 0.0000 -67.9280 -9.0575 69.8354 68.5230 -58.1833 -41.5138 -0.0000 0.0000 -2.9267 10.6000 -9.6858 -1.8034 -7.1250 0.0000 -0.0000 -11.6569 20.2220 7.0548 0.0000 0.0000 0.0000 28.1137 25.9766 -1.4372 -117.6939 56.8938 -83.7335 0.0000 -0.0000 -45.9678 -4.7538 -21.7918 1.7683 7.1250 -0.0000 -0.0000 23.7579 -50.2685 -3.2456
-10.0155 14.9810 1.3838 53.7818 80.2763 -292.9590 0.0000 0.0000 0.0000 -11.2727 -0.6511 -52.1640 7.9126 16.0546 52.2472 0.3313 1.9741 -11.7767 0.8989 -6.0425 -16.9076 0.0000 0.0000 0.0000 -2.9567 -4.8227 -45.3762 -10.1504 -17.4936 59.9900 -1.7589 6.0671 -23.8614 -0.3295 3.6894 -10.2045 -4.8774 1.0331 20.1196 -3.9608 0.8652 7.9570 -1.6523 0.6589 -2.6140 0.2596 5.8218 -17.9248 -1.8346 8.0262 9.7575 0.1910 3.7599 5.9421 0.0000 0.0000 0.0000 -66.9898 -9.5681 69.1847 70.3381 -58.4877 -43.0587 -0.0000 0.0000 -1.9040 11.4938 -9.9145 -2.0051 -7.1250 0.0000 -0.0000 -11.0142 19.9554 6.7178 0.0000 0.0000 0.0000 18.3948 30.1869 -10.3297 -122.8010 55.5162 -87.9788 0.0000 -0.0000 -47.1525 -4.0877 -20.5956 1.4401 7.1250 -0.0000 -0.0000 23.7652 -49.0758 -2.5184
-9.9262 14.8203 1.1478 50.0179 80.3277 -296.9200 0.0000 0.0000 0.0000 -11.2845 -0.4197 -53.9573 8.9950 16.8045 56.0730 0.4453 1.1003 -13.0518 0.3685 -3.8992 -10.7933 0.0000 0.0000 0.0000 -3.8343 -5.1123 -46.0606 -10.6979 -17.7840 61.7965 -1.7659 6.9143 -23.8522 -0.4016 4.0689 -11.2705 -5.6635 0.9203 20.7239 -4.1089 0.5707 8.2009 -1.3140 0.5177 -2.6492 2.0414 6.9384 -14.8912 -1.4672 9.1011 9.3891 0.0308 4.4085 5.4043 0.0000 0.0000 0.0000 -65.7522 -9.4245 68.1464 73.1048 -58.8935 -45.4227 -0.0000 0.0000 -1.1617 11.2621 -10.5805 -2.0940 -7.1250 0.0000 -0.0000 -11.1478 19.3006 6.9690 0.0000 0.0000 0.0000 8.6681 32.6642 -19.7136 -128.0976 53.7345 -92.2992 0.0000 -0.0000 -49.7468 -3.1162 -19.8722 1.0602 7.1250 -0.0000 -0.0000 24.2926 -48.2773 -2.0786
-9.8357 14.6802 0.8821 45.6501 80.2763 -301.3440 0.0000 0.0000 0.0000 -11.3678 -0.3416 -55.4464 10.0013 17.4106 59.4926 0.6447 0.1157 -15.2156 0.1153 -2.1896 -6.0299 0.0000 0.0000 0.0000 -4.8225 -5.6184 -47.1327 -11.3061 -18.0817 63.7718 -1.5664 7.7178 -22.4042 -0.4748 4.4190 -12.2585 -6.3576 0.9997 21.7329 -4.3650 0.4839 8.3371 -1.2008 0.4898 -2.9997 4.3056 7.6766 -13.1056 -1.3770 9.7256 9.9119 -0.2809 4.8146 5.3940 0.0000 -0.0000 0.0000 -64.2421 -9.0009 67.4449 76.1484 -59.2625 -48.0339 -0.0000 0.0000 -0.4463 11.6538 -11.0491 -2.2636 -7.1250 0.0000 -0.0000 -10.8547 18.8126 6.8990 0.0000 -0.0000 0.0000 -0.1890 33.6897 -29.0095 -132.3147 52.0182 -95.6625 0.0000 -0.0000 -52.0480 -1.6942 -19.1716 0.5565 7.1250 -0.0000 -0.0000 25.2283 -47.4467 -1.6220
-9.7729 14.5717 0.5899 41.9849 80.2152 -304.8320 0.0000 0.0000 0.0000 -11.6353 -0.5932 -56.9155 10.8907 17.8812 62.4263 0.7766 -0.3270 -16.5474 0.2362 -3.1280 -8.6352 0.0000 0.0000 0.0000 -6.1924 -6.6055 -49.2067 -12.1129 -18.4380 66.3461 -1.1405 9.2343 -19.2018 -0.4667 4.3818 -12.1535 -7.5317 1.0427 23.0307 -4.1719 0.1745 8.2079 -0.2852 0.3429 -3.7674 5.4495 7.9830 -11.1204 -1.2720 10.0462 10.0268 -0.4686 5.0391 5.1665 0.0000 0.0000 0.0000 -63.6034 -7.8720 66.4296 79.0610 -59.5430 -50.5411 -0.0000 -0.0000 0.3360 13.0146 -11.7511 -2.6951 -7.1250 0.0000 -0.0000 -9.8843 18.0311 6.4360 0.0000 0.0000 0.0000 -7.9960 33.5413 -36.9967 -135.9222 50.3086 -98.4732 0.0000 -0.0000 -54.8854 0.1265 -18.8678 -0.0409 7.1250 -0.0000 -0.0000 26.6877 -46.9311 -1.3667
-9.6993 14.4617 0.2652 36.1254 78.9428 -310.2210 0.0000 0.0000 0.0000 -12.6257 -0.2962 -58.5720 11.7783 18.2954 65.2845 1.0531 -0.6112 -19.2069 0.2852 -3.4344 -9.4906 0.0000 0.0000 0.0000 -8.3449 -7.5841 -52.5522 -12.9991 -18.7818 69.1227 -0.5123 11.7356 -14.1714 -1.0361 6.4742 -18.1666 -9.6051 1.3305 23.9966 -4.0607 -0.0299 8.0549 1.0327 0.2457 -4.3615 6.0626 8.6179 -11.0642 -1.1198 10.8220 11.6266 -0.4057 5.4549 5.7110 -0.0000 0.0000 0.0000 -63.0277 -6.6759 64.6868 82.3001 -59.7748 -53.3368 -0.0000 -0.0000 0.9357 14.2254 -12.6794 -3.1849 -7.1250 0.0000 -0.0000 -9.0291 17.0134 6.0685 -0.0000 0.0000 0.0000 -16.2335 34.5256 -44.6607 -138.0928 49.1601 -100.1297 0.0000 -0.0000 -57.3556 0.9725 -20.0158 -0.3329 7.1250 -0.0000 -0.0000 27.9999 -47.8373 -2.1177
-9.6552 14.3367 -0.0185 28.0394 78.7502 -317.8940 0.0000 0.0000 0.0000 -11.9721 0.0268 -60.3422 12.6681 18.6590 68.0915 1.2168 -0.9106 -20.5772 0.3086 -3.5712 -9.8732 0.0000 0.0000 0.0000 -8.5649 -8.4900 -55.5475 -13.5279 -18.9646 70.7575 -0.2055 11.4503 -10.7386 -1.6321 8.0537 -22.8772 -10.1571 1.6472 25.1751 -3.8963 0.0697 7.8418 1.4723 0.3207 -5.1797 8.0526 8.6681 -9.9594 -1.8906 10.7758 11.7926 -0.9852 5.4772 5.7347 -0.0000 -0.0000 0.0000 -61.0951 -5.5565 64.1588 85.8018 -59.9333 -56.3651 -0.0000 -0.0000 1.9079 15.2713 -13.9476 -3.7652 -7.1250 0.0000 -0.0000 -8.3073 15.6438 5.8218 -0.0000 -0.0000 0.0000 -21.3608 33.4141 -49.4387 -139.4504 48.3922 -101.1509 0.0000 -0.0000 -59.1597 1.8730 -19.0937 -0.6129 7.1250 -0.0000 -0.0000 28.3209 -46.9012 -1.4417
-9.6139 14.2513 -0.2667 19.4611 77.5239 -326.2810 0.0000 0.0000 0.0000 -11.5361 1.1012 -61.5579 13.4225 18.9294 70.4328 1.4548 -1.4741 -22.3795 0.1360 -2.3771 -6.5490 0.0000 0.0000 0.0000 -8.2464 -8.3300 -57.6211 -13.0884 -18.8139 69.4000 -0.2556 9.5217 -10.4715 -2.0942 9.0597 -25.9821 -10.7939 2.1427 25.9764 -3.9677 0.4574 7.9875 1.6211 0.5181 -5.4342 8.3699 8.6798 -10.4758 -1.6724 10.6842 12.5206 -0.9336 5.4641 6.0539 0.0000 0.0000 0.0000 -58.8235 -5.7692 63.6331 87.6678 -59.9794 -57.9804 -0.0000 -0.0000 2.0084 16.6704 -14.6720 -4.3374 -7.1250 0.0000 -0.0000 -7.3628 14.7810 5.2853 0.0000 0.0000 0.0000 -25.5687 32.5154 -52.8255 -139.9723 48.0863 -101.5402 0.0000 -0.0000 -60.6062 2.2531 -19.0080 -0.7342 7.1250 -0.0000 -0.0000 28.6077 -46.7754 -1.3629
-9.5213 14.1629 -0.5093 18.7552 75.8100 -327.4000 0.0000 0.0000 0.0000 -12.8546 1.4656 -61.5626 14.0381 19.1256 72.3208 1.6176 -0.8036 -23.8197 0.2718 -3.3534 -9.2642 0.0000 0.0000 0.0000 -9.3585 -8.6619 -58.0270 -11.8133 -18.3106 65.3957 -0.2393 10.6499 -10.7605 -2.1526 9.1770 -26.3505 -11.7439 2.2710 26.0959 -4.7441 0.4253 8.4376 1.3046 0.5027 -4.9522 8.4548 8.7308 -10.7576 -1.6985 10.7256 12.8764 -0.9293 5.4858 6.2231 0.0000 0.0000 0.0000 -56.2835 -5.5282 62.7159 89.7902 -59.9998 -59.8183 -0.0000 -0.0000 2.0966 16.7794 -15.4636 -4.5964 -7.1250 0.0000 -0.0000 -7.3054 13.9570 5.3724 0.0000 0.0000 0.0000 -27.4580 32.2670 -53.8302 -140.0764 48.0246 -101.6176 0.0000 -0.0000 -62.1890 2.3210 -18.9422 -0.7538 7.1250 -0.0000 -0.0000 28.6338 -46.7087 -1.3133
-9.4479 14.0787 -0.7096 17.8788 74.9196 -328.3940 0.0000 0.0000 0.0000 -13.4846 1.1098 -61.8488 14.5560 19.2741 73.8956 1.9366 -0.9510 -26.0611 0.0617 -1.6022 -4.4074 0.0000 0.0000 0.0000 -10.2005 -8.0118 -57.9102 -10.4472 -17.6538 60.9730 -0.2611 10.7985 -11.0919 -2.2530 9.3744 -26.9736 -12.4908 2.2437 26.6356 -4.9592 0.1272 8.4856 1.5574 0.3729 -5.1067 8.3803 8.9399 -10.7922 -2.5008 11.1406 13.2876 -1.1142 5.6191 6.4226 -0.0000 -0.0000 0.0000 -54.5566 -5.3099 62.2071 90.0126 -60.0000 -60.0109 -0.0000 -0.0000 1.8997 17.3862 -16.6288 -5.1203 -7.1250 0.0000 -0.0000 -6.9322 12.6962 5.2788 -0.0000 -0.0000 0.0000 -28.2371 32.3708 -53.0601 -140.2549 47.9182 -101.7501 0.0000 -0.0000 -63.0412 0.8589 -19.0405 -0.2802 7.1250 -0.0000 -0.0000 27.4118 -46.9883 -1.4512
-9.4469 14.0199 -0.8442 9.4060 74.9721 -335.9580 0.0000 0.0000 0.0000 -11.2318 1.1921 -63.6449 15.0716 19.4074 75.4522 1.9410 -0.1828 -26.3250 0.1921 -2.8223 -7.7845 0.0000 0.0000 0.0000 -8.7992 -5.6453 -58.4395 -9.6746 -17.2228 58.3952 -0.2891 9.1441 -10.7521 -2.3946 9.6437 -27.8304 -11.3053 2.1546 27.1553 -4.5096 0.1733 8.1899 1.3710 0.4037 -5.7370 8.1378 9.3176 -10.8263 -3.2175 11.7970 13.3708 -1.2283 5.8628 6.5190 -0.0000 -0.0000 0.0000 -53.1118 -5.7430 62.0307 89.4226 -59.9987 -59.5000 -0.0000 -0.0000 1.4193 18.2543 -17.5713 -5.6864 -7.1250 0.0000 -0.0000 -6.3938 11.6267 5.0061 -0.0000 -0.0000 0.0000 -27.2438 32.4945 -51.3147 -141.1189 47.3929 -102.3888 0.0000 -0.0000 -63.1634 -0.9181 -18.7170 0.2946 7.1250 -0.0000 -0.0000 25.6994 -46.9333 -1.3104
-9.4013 13.9749 -0.9445 9.1167 75.1362 -336.3650 0.0000 0.0000 0.0000 -11.3790 0.7746 -63.8389 15.4384 19.4936 76.5537 2.1431 -0.7835 -27.4911 0.0539 -1.4977 -4.1192 0.0000 0.0000 0.0000 -9.2041 -5.6495 -58.0402 -9.5445 -17.1456 57.9548 -0.1670 9.4399 -9.2405 -1.7027 8.2171 -23.3756 -11.3691 1.9786 27.7384 -4.5027 -0.1349 8.2359 1.5017 0.2703 -5.9329 7.9025 9.8381 -10.5063 -3.9160 12.6741 13.3692 -1.3307 6.2200 6.5446 -0.0000 0.0000 0.0000 -51.8830 -6.4071 62.2619 88.6582 -59.9932 -58.8380 -0.0000 -0.0000 1.7491 19.9276 -18.2192 -6.4668 -7.1250 0.0000 -0.0000 -5.3273 10.7489 4.2592 -0.0000 0.0000 0.0000 -25.0519 32.5531 -49.6139 -142.7455 46.3565 -103.5761 0.0000 -0.0000 -63.0087 -3.7498 -18.9153 1.2171 7.1250 -0.0000 -0.0000 23.2786 -47.4900 -1.5084
-9.3765 13.9390 -0.9839 8.7646 75.7941 -336.5190 0.0000 0.0000 0.0000 -11.3188 0.5273 -64.4466 15.6716 19.5448 77.2517 2.1016 -0.5132 -27.3000 0.1497 -2.4934 -6.8714 0.0000 0.0000 0.0000 -9.3660 -5.4331 -57.5139 -9.5658 -17.1584 58.0272 -0.1750 9.4735 -9.3695 -1.2427 7.0684 -19.9183 -11.6126 1.7790 28.1235 -4.1645 -0.4567 8.3664 2.1155 0.1145 -5.9221 7.1945 10.2197 -11.0613 -4.6635 13.3737 13.2966 -1.3551 6.4489 6.6600 0.0000 -0.0000 0.0000 -51.4654 -7.3215 61.9199 88.0230 -59.9852 -58.2879 -0.0000 -0.0000 2.3305 18.1808 -19.3396 -6.2070 -7.1250 0.0000 -0.0000 -6.5292 9.8095 5.3572 0.0000 -0.0000 0.0000 -22.9183 32.8177 -49.0764 -144.9526 44.8459 -105.1533 0.0000 -0.0000 -62.0696 -4.8685 -18.6883 1.5633 7.1250 -0.0000 -0.0000 22.1748 -47.4309 -1.3958
-9.3599 13.9145 -0.9967 8.5511 76.6375 -336.2730 0.0000 0.0000 0.0000 -11.1178 0.1324 -65.2368 15.8293 19.5777 77.7226 2.1149 -0.9066 -27.2709 0.1595 -2.5732 -7.0928 0.0000 0.0000 0.0000 -9.3844 -5.1931 -57.3224 -9.5340 -17.1394 57.9193 -0.2720 7.7975 -10.0557 -1.2797 7.1689 -20.2167 -11.7301 1.5107 28.4586 -3.8618 -0.8550 8.3401 2.6463 -0.0704 -6.0556 6.0184 10.7886 -11.3476 -4.2464 14.2660 13.3808 -0.9411 6.8430 6.6690 -0.0000 -0.0000 0.0000 -51.4482 -7.7672 61.4745 87.8186 -59.9820 -58.1110 -0.0000 -0.0000 2.9041 18.0746 -20.0108 -6.3723 -7.1250 0.0000 -0.0000 -6.6350 9.1316 5.5362 -0.0000 -0.0000 0.0000 -20.6113 33.5275 -48.5175 -147.4876 42.9519 -106.9113 0.0000 -0.0000 -60.5532 -7.2300 -16.3279 2.0426 7.1250 -0.0000 -0.0000 19.1125 -45.5204 -0.2549
-9.3306 13.8949 -0.9932 8.1247 77.1310 -336.3340 0.0000 0.0000 0.0000 -11.0095 0.0816 -65.8249 15.9482 19.6018 78.0774 2.1886 -1.5391 -27.5758 0.0946 -1.9835 -5.4601 0.0000 0.0000 0.0000 -9.4544 -4.7902 -57.3888 -9.5802 -17.1669 58.0759 -0.3165 7.3011 -10.5236 -1.1815 6.8986 -19.4154 -11.7195 1.3737 28.6581 -3.7208 -1.0387 8.3497 2.8578 -0.1551 -6.1140 5.6720 10.8333 -11.1786 -4.4196 14.3622 12.4555 -0.9700 6.8776 6.3367 -0.0000 0.0000 0.0000 -51.5057 -7.9223 60.8741 88.2466 -59.9884 -58.4816 -0.0000 -0.0000 2.6970 17.4912 -20.2507 -6.2250 -7.1250 0.0000 -0.0000 -7.0234 8.9604 5.8894 -0.0000 0.0000 0.0000 -18.8385 33.9560 -48.9394 -149.9585 40.9289 -108.5632 0.0000 -0.0000 -58.6405 -8.3461 -15.2434 2.2089 7.1250 -0.0000 -0.0000 17.7385 -44.6180 0.1729
-9.2783 13.8964 -0.9900 6.7949 76.8644 -338.1120 0.0000 0.0000 0.0000 -10.9378 0.7342 -65.2228 16.0259 19.6171 78.3089 2.2071 -1.5444 -27.6937 0.1739 -2.6860 -7.4057 0.0000 0.0000 0.0000 -9.5241 -3.9564 -56.5600 -9.6225 -17.1920 58.2190 -0.3331 6.7503 -10.6165 -0.9966 6.3531 -17.8123 -11.8174 1.4879 29.3038 -3.5840 -0.9441 8.6523 3.0352 -0.1101 -6.0759 5.4596 10.6555 -11.6615 -4.5298 14.1118 11.8895 -0.9899 6.7397 6.2176 0.0000 -0.0000 0.0000 -51.7697 -7.8428 60.0903 88.9351 -59.9957 -59.0778 -0.0000 -0.0000 2.5409 17.9242 -19.7859 -6.2486 -7.1250 0.0000 -0.0000 -6.7193 9.3824 5.5735 0.0000 -0.0000 0.0000 -19.8546 35.5848 -50.1867 -150.6392 40.3392 -109.0065 0.0000 -0.0000 -57.0604 -9.3438 -14.5809 2.3720 7.1250 -0.0000 -0.0000 16.6384 -44.0927 0.3837
-9.2529 13.8610 -0.9731 6.2123 76.6931 -338.4580 0.0000 0.0000 0.0000 -10.7730 0.9452 -65.6389 16.1434 19.6396 78.6585 2.2022 -1.5392 -27.6640 0.1760 -2.7027 -7.4521 0.0000 0.0000 0.0000 -9.5208 -3.7668 -56.9718 -9.6841 -17.2284 58.4273 -0.3566 7.2513 -11.0477 -1.3040 7.2341 -20.4109 -11.6866 1.5084 29.3223 -3.5655 -0.9093 8.5370 2.9711 -0.0882 -6.2284 6.3743 10.1772 -10.9103 -5.0684 13.3887 11.1552 -1.4199 6.4185 5.9255 0.0000 0.0000 0.0000 -51.6578 -7.6958 60.0479 89.0511 -59.9966 -59.1782 -0.0000 -0.0000 2.5873 17.5116 -19.7803 -6.0948 -7.1250 0.0000 -0.0000 -6.9852 9.4405 5.7892 0.0000 0.0000 0.0000 -21.2382 36.2017 -51.3882 -150.6332 40.3445 -109.0026 0.0000 -0.0000 -57.0697 -9.2536 -14.9921 2.4134 7.1250 -0.0000 -0.0000 16.8510 -44.4797 0.2230
-9.2423 13.8169 -0.9374 5.5489 76.4588 -339.1620 0.0000 0.0000 0.0000 -10.4826 1.4020 -65.8656 16.3496 19.6775 79.2716 2.2545 -2.0435 -27.8696 0.0993 -2.0318 -5.5935 0.0000 0.0000 0.0000 -9.3759 -3.7367 -57.4715 -9.9027 -17.3548 59.1626 -0.3362 7.1391 -10.7494 -1.1487 6.8053 -19.1400 -11.5201 1.5493 29.4216 -3.5815 -0.8048 8.6638 2.8252 -0.0426 -6.1502 6.7178 9.6208 -11.1140 -4.6929 12.5064 10.9390 -1.4428 6.0331 5.8379 0.0000 0.0000 0.0000 -51.4380 -7.7322 59.9677 88.8021 -59.9946 -58.9626 -0.0000 -0.0000 2.4444 16.9911 -19.1157 -5.7143 -7.1250 0.0000 -0.0000 -7.2898 10.1859 5.9353 0.0000 0.0000 0.0000 -22.9793 36.1372 -52.3552 -149.7248 41.1281 -108.4098 0.0000 -0.0000 -57.2785 -9.3211 -15.0375 2.4385 7.1250 -0.0000 -0.0000 16.8061 -44.5311 0.2004
-9.2438 13.7728 -0.8847 5.8987 76.1676 -338.7270 0.0000 0.0000 0.0000 -10.3329 1.7630 -66.2471 16.5695 19.7155 79.9240 2.2472 -1.9998 -27.8339 0.1786 -2.7219 -7.5054 0.0000 0.0000 0.0000 -9.3818 -3.7980 -58.3803 -10.2467 -17.5462 60.3096 -0.3419 7.3517 -10.8776 -1.1079 6.6874 -18.7925 -11.7364 1.6723 29.6754 -3.5683 -0.7751 8.5020 2.9495 -0.0124 -6.4511 7.1619 9.2130 -11.2990 -4.5802 11.8586 11.0055 -1.5307 5.7432 5.8731 0.0000 0.0000 0.0000 -51.5068 -7.2017 60.2545 88.3054 -59.9891 -58.5325 -0.0000 -0.0000 2.8241 18.1025 -18.6348 -5.9633 -7.1250 0.0000 -0.0000 -6.5436 10.5462 5.2708 0.0000 0.0000 0.0000 -24.2416 35.8794 -52.4547 -148.4209 42.2090 -107.5429 0.0000 -0.0000 -57.7108 -9.2714 -15.3176 2.4693 7.1250 -0.0000 -0.0000 16.9428 -44.7957 0.0880
-9.2365 13.7290 -0.8328 6.4981 75.9376 -337.8570 0.0000 0.0000 0.0000 -10.2019 1.8171 -66.6966 16.7377 19.7429 80.4223 2.2560 -1.6861 -27.9698 0.2466 -3.1955 -8.8234 0.0000 0.0000 0.0000 -9.5098 -3.9469 -59.3711 -10.5804 -17.7236 61.4113 -0.3352 7.8618 -10.9261 -0.9426 6.1838 -17.3185 -11.7698 1.5565 29.4559 -3.6755 -0.9116 8.4877 2.8941 -0.0822 -6.3473 7.3921 9.2573 -11.9169 -4.8030 11.8642 10.9772 -1.6055 5.7283 5.9954 0.0000 0.0000 0.0000 -51.5562 -6.4646 59.9101 88.0428 -59.9855 -58.3051 -0.0000 -0.0000 2.8282 17.6580 -19.2407 -5.9886 -7.1250 0.0000 -0.0000 -6.8630 9.9766 5.6117 0.0000 0.0000 0.0000 -24.7051 35.3522 -52.2036 -147.3820 43.0344 -106.8393 0.0000 -0.0000 -58.2299 -9.4888 -15.6029 2.5740 7.1250 -0.0000 -0.0000 16.8446 -45.0962 -0.0412
-9.1983 13.7167 -0.7704 7.0015 75.3003 -337.5960 0.0000 0.0000 0.0000 -10.1754 2.2661 -66.2005 16.8332 19.7578 80.7050 2.3665 -1.9405 -28.6011 0.2115 -2.9607 -8.1694 0.0000 0.0000 0.0000 -9.6932 -3.6082 -59.5476 -10.8355 -17.8536 62.2462 -0.3732 8.4768 -11.5838 -1.0169 6.4158 -17.9957 -12.1208 1.6245 29.5390 -3.8164 -0.9344 8.5476 2.9391 -0.0916 -6.3009 7.7643 9.5753 -12.4246 -5.9672 12.3377 10.6976 -1.9505 5.8785 6.1208 -0.0000 -0.0000 0.0000 -51.8317 -5.5154 59.7828 87.8204 -59.9820 -58.1125 -0.0000 -0.0000 2.7628 18.2725 -20.0814 -6.4680 -7.1250 0.0000 -0.0000 -6.5118 9.0330 5.4449 -0.0000 -0.0000 0.0000 -24.2115 34.9741 -51.4602 -147.3763 43.0388 -106.8355 0.0000 -0.0000 -59.1768 -9.6715 -16.2128 2.7242 7.1250 -0.0000 -0.0000 16.8893 -45.7065 -0.3032
-9.1589 13.7059 -0.7029 5.7538 74.9569 -338.9570 0.0000 0.0000 0.0000 -9.6228 2.6617 -65.8758 16.8723 19.7638 80.8206 2.3799 -1.8902 -28.6975 0.2986 -3.5137 -9.7124 0.0000 0.0000 0.0000 -9.2809 -3.2360 -59.6395 -11.0802 -17.9741 63.0416 -0.4238 8.9002 -12.3096 -0.9510 6.2105 -17.3964 -11.7880 1.5360 29.5090 -3.8319 -0.9358 8.6590 2.7371 -0.1020 -6.1743 7.5581 10.7343 -12.1292 -7.6101 14.1335 9.8083 -2.2503 6.6400 6.0245 0.0000 0.0000 0.0000 -52.3054 -4.6845 59.4823 87.6558 -59.9792 -57.9700 -0.0000 -0.0000 3.2344 20.8463 -20.3069 -7.5281 -7.1250 0.0000 -0.0000 -4.8740 8.4416 4.1211 0.0000 0.0000 0.0000 -23.0839 34.7854 -50.3981 -148.0445 42.5117 -107.2893 0.0000 -0.0000 -59.1466 -11.0042 -15.4787 2.9708 7.1250 -0.0000 -0.0000 15.4483 -45.1546 -0.0604
-9.1299 13.6915 -0.6242 7.3466 74.8982 -337.3170 0.0000 0.0000 0.0000 -9.6244 2.3863 -65.7760 16.8991 19.7679 80.8998 2.3781 -1.5812 -28.7661 0.3237 -3.6572 -10.1142 0.0000 0.0000 0.0000 -9.4581 -3.5284 -60.0220 -11.3219 -18.0890 63.8224 -0.4592 9.2772 -12.8188 -0.9883 6.3275 -17.7377 -11.3192 1.4086 29.6872 -4.2124 -1.0151 8.6303 2.0717 -0.1224 -6.3126 8.3890 12.8130 -12.9064 -10.1758 17.1712 10.2052 -2.7044 7.9094 6.8267 -0.0000 -0.0000 0.0000 -52.1791 -4.8338 59.8410 86.9506 -59.9648 -57.3594 -0.0000 -0.0000 2.1733 22.1336 -20.5572 -8.1283 -7.1250 0.0000 -0.0000 -4.0705 7.9845 3.4746 -0.0000 -0.0000 0.0000 -21.4232 34.3336 -49.4683 -149.2478 41.5295 -108.0948 0.0000 -0.0000 -58.3860 -11.6247 -15.4541 3.1377 7.1250 -0.0000 -0.0000 14.8832 -45.2041 -0.0767
-9.0923 13.6882 -0.5301 7.9241 74.6318 -336.9830 0.0000 0.0000 0.0000 -9.4673 2.6744 -65.1224 16.8700 19.7635 80.8137 2.4299 -1.9647 -28.9876 0.2760 -3.3789 -9.3355 0.0000 0.0000 0.0000 -9.5315 -3.1535 -59.7899 -11.5234 -18.1818 64.4698 -0.5128 9.4598 -13.4545 -0.9392 6.1729 -17.2869 -10.1769 1.4933 29.6266 -4.9743 -0.5524 9.0112 0.4231 0.1031 -5.9482 11.4483 15.8160 -13.1917 -14.3334 21.4073 10.1809 -3.6727 9.7051 8.1066 -0.0000 -0.0000 0.0000 -51.1976 -6.2997 60.2705 85.6770 -59.9293 -56.2570 -0.0000 -0.0000 1.6874 22.8294 -21.0407 -8.5946 -7.1250 0.0000 -0.0000 -3.6708 7.3640 3.1767 -0.0000 -0.0000 0.0000 -19.7828 32.7534 -48.8842 -150.6771 40.3060 -109.0310 0.0000 -0.0000 -58.1623 -12.1973 -15.2969 3.2639 7.1250 -0.0000 -0.0000 14.3194 -45.1176 -0.0425
-9.1264 13.6691 -0.4081 11.0425 75.2478 -333.4840 0.0000 0.0000 0.0000 -9.4740 2.0101 -65.5877 16.8421 19.7592 80.7312 2.3262 -1.9521 -28.3463 0.3320 -3.7028 -10.2420 0.0000 0.0000 0.0000 -9.9454 -3.5266 -60.5538 -11.8578 -18.3299 65.5374 -0.5838 9.1920 -14.1342 -0.8740 5.9606 -16.6700 -9.4944 1.3804 29.4083 -5.4884 -0.4779 9.0969 -0.5580 0.1529 -5.7806 14.7373 18.8992 -11.8049 -18.6265 25.9627 9.4139 -4.5518 11.7355 9.3229 0.0000 0.0000 0.0000 -50.3064 -8.3290 61.0045 84.4912 -59.8850 -55.2310 -0.0000 -0.0000 0.5976 19.9495 -19.9994 -7.0765 -7.1250 0.0000 -0.0000 -5.4277 8.8906 4.5446 0.0000 0.0000 0.0000 -19.5262 31.3481 -48.8626 -151.9846 39.1304 -109.8666 0.0000 -0.0000 -57.7867 -13.3884 -15.0426 3.5349 7.1250 -0.0000 -0.0000 13.1705 -45.0069 -0.0023
-9.1251 13.6344 -0.2851 13.9968 75.5903 -329.8710 0.0000 0.0000 0.0000 -9.5232 1.5060 -66.3478 16.8801 19.7650 80.8435 2.2994 -2.3098 -28.0903 0.2913 -3.4710 -9.5929 0.0000 0.0000 0.0000 -10.4051 -3.8475 -61.8157 -12.3033 -18.5159 66.9470 -0.6873 9.0850 -15.1546 -1.0381 6.4801 -18.1839 -8.7936 1.5328 29.4098 -5.8434 -0.2852 8.1761 -1.4397 0.2679 -6.8693 16.5245 21.4347 -9.7556 -20.4336 30.1044 10.2908 -4.4175 13.6291 10.5913 -0.0000 0.0000 0.0000 -49.9026 -9.0127 62.8861 83.7136 -59.8501 -54.5585 -0.0000 0.0000 -0.0044 19.4240 -19.5796 -6.7394 -7.1250 0.0000 -0.0000 -5.7387 9.3990 4.7490 -0.0000 0.0000 0.0000 -19.6121 30.6228 -47.5955 -153.0070 38.1726 -110.5052 0.0000 -0.0000 -57.6210 -14.7195 -14.9883 3.8868 7.1250 -0.0000 -0.0000 11.9519 -45.1106 -0.0331
-9.1509 13.5881 -0.1420 18.2372 76.6226 -325.1950 0.0000 0.0000 0.0000 -9.3911 0.5924 -67.0782 16.8920 19.7668 80.8789 2.1652 -2.3810 -27.2137 0.3356 -3.7232 -10.2991 0.0000 0.0000 0.0000 -10.8354 -4.4743 -62.6374 -12.7959 -18.7072 68.4904 -0.7907 8.8011 -16.0988 -1.0072 6.3860 -17.9085 -7.9914 1.4785 29.1684 -6.0746 -0.1531 7.9172 -2.2015 0.3320 -7.0731 17.4899 22.8535 -8.3728 -21.7189 32.5103 10.3229 -4.3487 14.7462 11.2505 0.0000 -0.0000 0.0000 -49.7936 -10.4812 63.8832 82.4951 -59.7861 -53.5053 -0.0000 -0.0000 0.4222 18.9223 -19.3411 -6.4774 -7.1250 0.0000 -0.0000 -6.0488 9.7127 4.9701 0.0000 -0.0000 0.0000 -20.9766 30.3174 -47.2249 -152.9195 38.2559 -110.4511 0.0000 -0.0000 -57.5130 -15.6148 -14.4290 3.9837 7.1250 -0.0000 -0.0000 10.9911 -44.6528 0.0954
-9.1389 13.5699 0.0117 21.8626 77.3263 -321.6910 0.0000 0.0000 0.0000 -9.3349 0.3398 -66.8301 16.8124 19.7546 80.6433 2.1245 -2.9425 -26.8215 0.3362 -3.7260 -10.3070 0.0000 0.0000 0.0000 -11.0641 -4.6823 -62.5863 -13.2281 -18.8630 69.8324 -0.9245 8.4405 -17.2792 -1.0462 6.5047 -18.2560 -7.3778 1.6577 29.1366 -6.4072 0.2383 7.8918 -3.0640 0.5242 -7.0977 17.7286 23.5633 -8.2627 -21.5251 33.7168 11.2735 -3.9503 15.2390 11.8121 0.0000 0.0000 0.0000 -49.4898 -11.8638 64.5327 81.3698 -59.7167 -52.5332 -0.0000 -0.0000 0.6027 19.1343 -19.3057 -6.5435 -7.1250 0.0000 -0.0000 -5.9092 9.7216 4.8531 0.0000 0.0000 0.0000 -22.2475 30.2341 -47.3266 -152.5414 38.6130 -110.2160 0.0000 -0.0000 -58.0360 -16.2288 -14.5995 4.1962 7.1250 -0.0000 -0.0000 10.4793 -44.8975 0.0268
-9.1358 13.5592 0.1779 27.6332 78.1631 -315.9300 0.0000 0.0000 0.0000 -9.5158 -0.2141 -66.6794 16.6065 19.7216 80.0338 2.0244 -2.8105 -26.1862 0.4233 -4.1756 -11.5713 0.0000 0.0000 0.0000 -11.3702 -5.2549 -62.5654 -13.6305 -18.9981 71.0727 -1.0320 7.9362 -18.1800 -1.0022 6.3704 -17.8631 -7.1979 1.7608 28.9959 -6.6764 0.4616 8.0032 -3.5407 0.6432 -6.8992 18.4641 23.8589 -7.8398 -22.4773 34.4577 11.4825 -4.1003 15.5346 12.3336 -0.0000 -0.0000 0.0000 -49.4229 -12.9120 64.4130 81.2996 -59.7120 -52.4726 -0.0000 -0.0000 0.1933 19.2389 -19.0949 -6.5132 -7.1250 0.0000 -0.0000 -5.8287 9.9266 4.7621 -0.0000 -0.0000 0.0000 -23.4394 30.2850 -47.4015 -151.7236 39.3695 -109.7015 0.0000 -0.0000 -58.6240 -17.3955 -15.4205 4.7621 7.1250 -0.0000 -0.0000 9.6259 -45.8766 -0.2102
-9.1309 13.5612 0.3529 33.8182 79.2175 -309.9290 0.0000 0.0000 0.0000 -9.3678 -0.7385 -66.2848 16.3862 19.6840 79.3802 1.9257 -3.5349 -25.3690 0.4573 -4.3382 -12.0301 0.0000 0.0000 0.0000 -11.3762 -5.6257 -62.0667 -14.0270 -19.1222 72.2870 -1.2078 7.2687 -19.6349 -1.0518 6.5214 -18.3050 -7.0103 1.8039 29.2576 -6.8101 0.5673 8.0498 -3.8489 0.7091 -6.9677 18.8334 23.9546 -7.2243 -23.4291 34.7498 10.8363 -4.3910 15.7095 12.3492 -0.0000 -0.0000 0.0000 -49.5053 -13.1120 64.3140 81.7236 -59.7396 -52.8387 -0.0000 0.0000 -0.7866 19.9810 -19.4316 -6.8971 -7.1250 0.0000 -0.0000 -5.3688 9.4775 4.4315 -0.0000 -0.0000 0.0000 -24.2399 30.5211 -46.8206 -150.4987 40.4621 -108.9154 0.0000 -0.0000 -59.3456 -18.1692 -15.3399 4.9620 7.1250 -0.0000 -0.0000 8.8929 -45.8919 -0.1973
-9.1138 13.5363 0.5228 39.3032 80.2091 -304.2490 0.0000 0.0000 0.0000 -8.8716 -0.9934 -66.5316 16.2868 19.6662 79.0850 1.8329 -4.4865 -24.5654 0.4526 -4.3159 -11.9671 0.0000 0.0000 0.0000 -11.1042 -5.9398 -62.1592 -14.4793 -19.2530 73.6631 -1.3674 6.6292 -20.9209 -1.0329 6.4643 -18.1376 -6.7692 1.8836 29.0835 -6.8494 0.7589 8.0045 -4.0917 0.8030 -6.9319 19.1172 23.9088 -6.5661 -24.1791 34.8261 10.2986 -4.6898 15.8016 12.2915 0.0000 -0.0000 0.0000 -49.7048 -12.9959 64.4432 81.8364 -59.7467 -52.9362 -0.0000 0.0000 -0.6218 17.1889 -19.1025 -5.7806 -7.1250 0.0000 -0.0000 -7.1609 10.1756 5.8301 0.0000 -0.0000 0.0000 -24.5772 31.0894 -45.8807 -149.2745 41.5072 -108.1125 0.0000 -0.0000 -59.8856 -17.8300 -14.8387 4.7090 7.1250 -0.0000 -0.0000 9.0801 -45.3347 -0.0756
-9.1008 13.5251 0.6822 47.2071 80.9938 -296.0390 0.0000 0.0000 0.0000 -8.6156 -1.5155 -66.8254 16.1157 19.6343 78.5761 1.7410 -5.3076 -23.8096 0.3630 -3.8705 -10.7127 0.0000 0.0000 0.0000 -10.9735 -6.5937 -62.3095 -14.8402 -19.3493 74.7548 -1.4951 6.2572 -21.9215 -1.0365 6.4752 -18.1695 -6.8414 1.9024 28.8725 -6.9044 0.7982 7.9866 -4.1174 0.8291 -6.8481 19.1037 23.9423 -6.7531 -24.6229 34.8562 9.8380 -4.7888 15.8080 12.2675 0.0000 -0.0000 0.0000 -49.9973 -13.0967 64.3133 81.5897 -59.7310 -52.7231 -0.0000 0.0000 -0.4853 21.5426 -20.2655 -7.7861 -7.1250 0.0000 -0.0000 -4.4243 8.3816 3.7436 0.0000 -0.0000 0.0000 -24.4168 31.1916 -45.0642 -148.6843 41.9948 -107.7195 0.0000 -0.0000 -59.7793 -18.1252 -14.8516 4.7960 7.1250 -0.0000 -0.0000 8.8128 -45.3841 -0.0842
-9.0939 13.5669 0.8264 56.7102 81.6092 -286.3370 0.0000 0.0000 0.0000 -8.5465 -2.1212 -66.7612 15.7865 19.5689 77.5950 1.5885 -5.4822 -22.6825 0.4217 -4.1681 -11.5501 0.0000 0.0000 0.0000 -10.6738 -7.3612 -62.0273 -15.0100 -19.3922 75.2668 -1.6250 6.0116 -22.9046 -0.9217 6.1167 -17.1233 -6.7207 1.8797 29.1136 -7.0856 0.7747 7.8936 -4.4043 0.8309 -7.0663 19.3716 24.0156 -6.4833 -25.2929 35.0699 9.4393 -4.9693 15.9213 12.3418 -0.0000 -0.0000 0.0000 -50.1095 -13.1287 64.3996 82.0081 -59.7573 -53.0844 -0.0000 0.0000 -0.4019 20.6380 -20.6518 -7.5665 -7.1250 0.0000 -0.0000 -5.0339 8.1119 4.2903 -0.0000 -0.0000 0.0000 -23.5558 31.1054 -44.1550 -148.7991 41.9008 -107.7962 0.0000 -0.0000 -59.3864 -18.8391 -14.7453 4.9631 7.1250 -0.0000 -0.0000 8.1326 -45.3624 -0.0732
-9.0587 13.5845 0.9583 64.2830 82.2167 -278.6790 0.0000 0.0000 0.0000 -8.0800 -2.3838 -66.6001 15.5276 19.5135 76.8211 1.4766 -5.7059 -21.8190 0.4178 -4.1491 -11.4964 0.0000 0.0000 0.0000 -10.0812 -7.7259 -61.6415 -15.1805 -19.4337 75.7796 -1.7629 5.7403 -23.9191 -0.8316 5.8178 -16.2567 -6.5737 1.9471 29.0211 -7.0546 0.9423 7.9712 -4.5028 0.9159 -6.9280 19.2973 24.1886 -6.1349 -26.0680 35.4966 9.0022 -5.0915 16.1288 12.4031 -0.0000 -0.0000 0.0000 -50.2930 -13.3537 64.4601 82.5151 -59.7872 -53.5225 -0.0000 0.0000 -0.1346 20.6405 -20.4986 -7.5144 -7.1250 0.0000 -0.0000 -5.0206 8.2715 4.2629 -0.0000 -0.0000 0.0000 -22.9098 31.2882 -43.4451 -149.1074 41.6463 -108.0016 0.0000 -0.0000 -58.7637 -18.9333 -14.5236 4.9167 7.1250 -0.0000 -0.0000 7.9949 -45.1445 -0.0287
-9.0300 13.5985 1.0771 75.4039 82.4543 -267.5380 0.0000 0.0000 0.0000 -7.9377 -3.0088 -66.4450 15.3286 19.4686 76.2246 1.3792 -6.4130 -21.0217 0.4754 -4.4220 -12.2671 0.0000 0.0000 0.0000 -9.7639 -8.5506 -61.3097 -15.3822 -19.4809 76.3854 -1.9034 5.3760 -24.9345 -0.8628 5.9231 -16.5615 -6.5728 1.8959 29.0969 -7.0017 0.9241 8.1230 -4.4343 0.9202 -6.7917 18.7112 24.2833 -6.9262 -25.6562 35.5522 9.2770 -4.8130 16.0731 12.4347 0.0000 0.0000 0.0000 -50.6102 -13.9245 64.5032 82.6298 -59.7937 -53.6217 -0.0000 -0.0000 0.1871 20.8153 -20.1281 -7.4534 -7.1250 0.0000 -0.0000 -4.8803 8.6330 4.1078 0.0000 0.0000 0.0000 -22.6151 31.2564 -43.2500 -149.6357 41.2036 -108.3511 0.0000 -0.0000 -58.1758 -19.0378 -14.0814 4.7990 7.1250 -0.0000 -0.0000 7.7998 -44.6984 0.0584
-8.9977 13.6043 1.1866 84.1495 82.5611 -258.7460 0.0000 0.0000 0.0000 -7.6695 -3.2826 -66.3697 15.1734 19.4320 75.7584 1.2937 -6.7106 -20.3338 0.5914 -4.9234 -13.6901 0.0000 0.0000 0.0000 -9.3573 -8.8824 -60.9719 -15.5786 -19.5247 76.9735 -2.0799 4.8244 -26.1906 -0.9332 6.1536 -17.2306 -6.7327 1.9486 29.0755 -6.9052 0.9595 8.0772 -4.2462 0.9402 -6.8342 19.3364 24.3463 -5.6382 -26.8374 35.9468 8.6574 -5.2282 16.3583 12.5055 0.0000 -0.0000 0.0000 -50.8961 -13.8880 64.6881 82.8237 -59.8045 -53.7892 -0.0000 -0.0000 0.1570 20.0280 -19.6254 -6.9801 -7.1250 0.0000 -0.0000 -5.3514 9.2691 4.4395 0.0000 -0.0000 0.0000 -22.8393 31.6829 -43.3221 -150.0670 40.8359 -108.6342 0.0000 -0.0000 -57.5884 -19.4866 -13.8701 4.8486 7.1250 -0.0000 -0.0000 7.3449 -44.5317 0.0854
-8.9438 13.6220 1.2674 91.8325 82.4957 -251.1810 0.0000 0.0000 0.0000 -7.6052 -3.4877 -65.9835 15.0143 19.3933 75.2799 1.2371 -7.0394 -19.8727 0.6214 -5.0448 -14.0363 0.0000 0.0000 0.0000 -9.0248 -9.2275 -60.2827 -15.6394 -19.5379 77.1555 -2.1493 4.1346 -26.7533 -1.0481 6.5102 -18.2720 -6.6936 1.9378 29.0001 -6.9068 0.9967 8.1681 -4.2752 0.9655 -6.6926 19.1644 24.0995 -6.3099 -25.6841 35.3890 9.4116 -4.9861 16.0516 12.4372 0.0000 -0.0000 0.0000 -50.9301 -14.0151 64.7509 82.6579 -59.7953 -53.6459 -0.0000 -0.0000 0.3009 19.6352 -20.0413 -6.9707 -7.1250 0.0000 -0.0000 -5.6327 8.8908 4.7180 0.0000 -0.0000 0.0000 -23.3708 31.9365 -44.1195 -150.5970 40.3761 -108.9792 0.0000 -0.0000 -57.8912 -19.7643 -14.4405 5.1203 7.1250 -0.0000 -0.0000 7.2142 -45.1597 -0.0286
-8.8920 13.6345 1.3331 95.0541 82.5264 -248.1040 0.0000 0.0000 0.0000 -7.4478 -3.2251 -65.5723 14.9030 19.3654 74.9445 1.2003 -7.6898 -19.5827 0.5306 -4.6679 -12.9637 0.0000 0.0000 0.0000 -8.7208 -8.9996 -59.6835 -15.6653 -19.5434 77.2329 -2.1963 3.5420 -27.1658 -1.0390 6.4829 -18.1921 -6.8941 2.0937 29.0621 -6.8979 1.1465 8.1847 -4.2050 1.0424 -6.6987 19.7104 23.9333 -6.1646 -26.0916 35.2549 9.4176 -5.2141 15.9926 12.6005 0.0000 -0.0000 0.0000 -50.9654 -13.9672 64.7831 82.5259 -59.7879 -53.5319 -0.0000 -0.0000 0.3570 19.8666 -20.1460 -7.0939 -7.1250 0.0000 -0.0000 -5.4911 8.7498 4.6137 0.0000 -0.0000 0.0000 -24.0640 32.5450 -44.8212 -150.7989 40.1987 -109.1098 0.0000 -0.0000 -58.0178 -20.0110 -15.0017 5.3853 7.1250 -0.0000 -0.0000 7.1117 -45.7760 -0.1369
-8.8259 13.6514 1.3589 94.4595 82.5212 -248.9370 0.0000 0.0000 0.0000 -7.6365 -2.8272 -64.9906 14.8246 19.3453 74.7079 1.2177 -7.5515 -19.7208 0.6008 -4.9619 -13.7999 0.0000 0.0000 0.0000 -8.7104 -8.6874 -59.0626 -15.6684 -19.5441 77.2422 -2.2373 3.2720 -27.4826 -1.0069 6.3851 -17.9058 -7.1006 2.3090 29.0746 -7.0368 1.3709 8.2265 -4.3223 1.1580 -6.6468 19.6777 23.9934 -6.1654 -26.1838 35.2972 9.1654 -5.2231 16.0232 12.5308 0.0000 0.0000 0.0000 -50.8924 -14.1329 64.8427 82.2382 -59.7711 -53.2832 -0.0000 -0.0000 0.4205 20.1121 -20.0242 -7.1470 -7.1250 0.0000 -0.0000 -5.3247 8.8420 4.4628 0.0000 0.0000 0.0000 -24.6616 32.8434 -45.2480 -150.6056 40.3686 -108.9848 0.0000 -0.0000 -57.8556 -19.9279 -14.5298 5.1971 7.1250 -0.0000 -0.0000 7.0834 -45.2729 -0.0480
-8.7962 13.6586 1.3849 98.3088 82.5150 -245.0220 0.0000 0.0000 0.0000 -7.4268 -3.0688 -64.9516 14.8030 19.3397 74.6427 1.1982 -7.8785 -19.5728 0.5750 -4.8559 -13.4979 0.0000 0.0000 0.0000 -8.4810 -8.9105 -58.8604 -15.6455 -19.5392 77.1738 -2.2402 2.9922 -27.5597 -1.0758 6.5930 -18.5149 -7.1026 2.2589 29.0464 -6.9673 1.3035 8.1625 -4.2201 1.1234 -6.7106 19.5617 23.9445 -6.1042 -26.1864 35.2478 9.1405 -5.2402 16.0069 12.4774 0.0000 -0.0000 0.0000 -51.1753 -14.1880 64.8035 81.9200 -59.7519 -53.0083 -0.0000 -0.0000 0.4392 19.6270 -20.0887 -6.9833 -7.1250 0.0000 -0.0000 -5.6412 8.8427 4.7306 0.0000 -0.0000 0.0000 -25.1215 32.9196 -45.3854 -150.2343 40.6917 -108.7435 0.0000 -0.0000 -57.6994 -19.7373 -14.3461 5.0802 7.1250 -0.0000 -0.0000 7.2184 -45.0579 -0.0104
-8.7428 13.6781 1.3846 98.1083 82.7203 -245.5030 0.0000 0.0000 0.0000 -7.3010 -2.8583 -64.3439 14.8040 19.3400 74.6455 1.2263 -8.0978 -19.8095 0.5362 -4.6921 -13.0325 0.0000 0.0000 0.0000 -8.2652 -8.8237 -58.2333 -15.5895 -19.5271 77.0061 -2.2730 3.0606 -27.7542 -1.1101 6.6940 -18.8118 -6.9927 2.4889 29.1843 -6.9922 1.6083 8.1442 -4.4266 1.2699 -6.7871 19.6830 23.8758 -5.9528 -26.0728 35.1487 9.2060 -5.2680 15.9811 12.4456 0.0000 0.0000 0.0000 -51.3822 -14.1139 65.0922 82.0731 -59.7612 -53.1406 -0.0000 -0.0000 0.8562 19.3831 -19.7178 -6.7694 -7.1250 0.0000 -0.0000 -5.7739 9.2611 4.7945 0.0000 0.0000 0.0000 -24.8454 32.7898 -44.7338 -149.8603 41.0129 -108.4988 0.0000 -0.0000 -57.7576 -19.7679 -14.5158 5.1473 7.1250 -0.0000 -0.0000 7.2274 -45.2386 -0.0428
-8.7308 13.6737 1.3793 100.0280 82.5398 -243.2540 0.0000 0.0000 0.0000 -7.3281 -3.2907 -64.8220 14.8506 19.3520 74.7863 1.2392 -7.7218 -19.8995 0.6872 -5.2998 -14.7657 0.0000 0.0000 0.0000 -8.3422 -9.1943 -58.5217 -15.6305 -19.5360 77.1289 -2.2954 3.1907 -27.8688 -1.1052 6.6796 -18.7696 -7.0411 2.4751 29.1412 -7.0701 1.5460 7.9689 -4.4736 1.2380 -6.9667 19.8913 24.0158 -6.1247 -25.9231 35.2629 9.2273 -5.1775 16.0234 12.5082 -0.0000 0.0000 0.0000 -51.5348 -14.2191 65.3563 81.6602 -59.7355 -52.7839 -0.0000 -0.0000 0.7331 19.8574 -19.7589 -6.9609 -7.1250 0.0000 -0.0000 -5.4706 9.1536 4.5520 -0.0000 0.0000 0.0000 -24.1631 32.8125 -44.0097 -149.8339 41.0353 -108.4815 0.0000 -0.0000 -57.9734 -20.5017 -15.4575 5.6912 7.1250 -0.0000 -0.0000 6.7594 -46.3160 -0.2205
-8.7055 13.6806 1.3559 100.7070 82.6104 -242.4430 0.0000 0.0000 0.0000 -7.2224 -3.5535 -64.7606 14.8562 19.3534 74.8031 1.2743 -7.3824 -20.1750 0.6340 -5.0944 -14.1780 0.0000 0.0000 0.0000 -8.2564 -9.4061 -58.4432 -15.5550 -19.5195 76.9030 -2.2663 3.3659 -27.6487 -1.0725 6.5834 -18.4868 -7.1511 2.4494 28.7889 -6.9308 1.5479 8.0904 -4.2226 1.2349 -6.6654 19.5399 24.0950 -6.3259 -25.9913 35.3088 8.9472 -5.1295 16.0383 12.3970 -0.0000 0.0000 0.0000 -52.1322 -14.5623 65.2462 80.5675 -59.6611 -51.8406 -0.0000 -0.0000 0.6675 20.2583 -19.6332 -7.0692 -7.1250 0.0000 -0.0000 -5.2032 9.2290 4.3197 -0.0000 0.0000 0.0000 -23.4234 33.1254 -43.4375 -149.8471 41.0241 -108.4902 0.0000 -0.0000 -57.2719 -20.3539 -14.8977 5.4482 7.1250 -0.0000 -0.0000 6.7713 -45.7111 -0.1194
-8.6646 13.7196 1.3135 98.2824 82.9011 -245.0410 0.0000 0.0000 0.0000 -7.2980 -3.4403 -64.2570 14.7836 19.3347 74.5841 1.3307 -6.8916 -20.6257 0.8714 -5.9519 -16.6449 0.0000 0.0000 0.0000 -8.0893 -9.2635 -57.8990 -15.3308 -19.4691 76.2312 -2.2169 3.3363 -27.3391 -1.1063 6.6829 -18.7792 -6.9434 2.7143 28.8947 -6.9541 1.9255 8.0878 -4.5041 1.4136 -6.7053 19.7148 24.0931 -5.9134 -26.1245 35.2776 8.6128 -5.2402 16.0859 12.2590 -0.0000 0.0000 0.0000 -52.5855 -15.3339 65.7542 79.2062 -59.5552 -50.6663 -0.0000 -0.0000 0.3625 19.8412 -19.7233 -6.9430 -7.1250 0.0000 -0.0000 -5.4786 9.1929 4.5544 -0.0000 0.0000 0.0000 -21.5997 33.1541 -41.8435 -150.2587 40.6707 -108.7593 0.0000 -0.0000 -57.1151 -21.0440 -15.9098 6.0206 7.1250 -0.0000 -0.0000 6.3557 -46.8631 -0.2934
-8.6440 13.7365 1.2692 95.7877 82.8407 -247.3990 0.0000 0.0000 0.0000 -7.5484 -3.5294 -64.0332 14.7646 19.3297 74.5265 1.3635 -7.2066 -20.8789 0.6647 -5.2140 -14.5200 0.0000 0.0000 0.0000 -8.3329 -9.2283 -57.8568 -15.1678 -19.4307 75.7417 -2.1997 3.2515 -27.2458 -1.1286 6.7476 -18.9699 -7.1815 2.8543 28.8019 -6.8813 2.0376 8.0406 -4.3201 1.4626 -6.7188 19.0902 24.0768 -6.7235 -25.1148 35.0473 9.1331 -4.8752 15.9200 12.1590 -0.0000 -0.0000 0.0000 -53.3550 -15.7433 65.8408 77.8267 -59.4326 -49.4777 -0.0000 -0.0000 0.3245 19.7634 -20.1145 -7.0439 -7.1250 0.0000 -0.0000 -5.5553 8.7968 4.6629 -0.0000 -0.0000 0.0000 -19.9949 33.2487 -40.4132 -150.5470 40.4199 -108.9468 0.0000 -0.0000 -56.6776 -21.5570 -15.5285 6.0374 7.1250 -0.0000 -0.0000 5.7893 -46.5315 -0.2195
-8.6185 13.7579 1.2244 94.8691 82.9385 -248.3370 0.0000 0.0000 0.0000 -7.6458 -3.6409 -63.7505 14.7313 19.3210 74.4259 1.4002 -6.9769 -21.1671 0.7016 -5.3538 -14.9204 0.0000 0.0000 0.0000 -8.3132 -9.3219 -57.4710 -14.9941 -19.3883 75.2188 -2.1772 3.6017 -27.0314 -1.0434 6.4961 -18.2308 -6.8672 3.0598 29.1785 -6.9726 2.2713 7.6969 -4.7332 1.5647 -7.2752 19.5482 23.9403 -6.9167 -24.2822 34.7712 9.9452 -4.7305 15.7779 12.3099 -0.0000 -0.0000 0.0000 -53.9777 -16.0458 66.6221 76.2165 -59.2698 -48.0924 -0.0000 -0.0000 0.4686 19.5826 -20.1332 -6.9810 -7.1250 0.0000 -0.0000 -5.6728 8.8026 4.7619 -0.0000 -0.0000 0.0000 -16.0563 32.9480 -36.9065 -151.1683 39.8707 -109.3473 0.0000 -0.0000 -55.3359 -23.2355 -15.0364 6.3556 7.1250 -0.0000 -0.0000 4.1163 -46.2343 -0.1256
-8.5950 13.7779 1.1750 96.6266 82.9351 -246.3420 0.0000 0.0000 0.0000 -7.6916 -4.1475 -63.7100 14.6697 19.3047 74.2396 1.4170 -7.0466 -21.2952 0.5546 -4.7706 -13.2555 0.0000 0.0000 0.0000 -8.3067 -9.7018 -57.2644 -14.7727 -19.3319 74.5512 -2.1360 3.6098 -26.7618 -1.0350 6.4708 -18.1567 -6.8174 3.0831 28.6920 -6.7821 2.3794 7.7480 -4.5408 1.6074 -6.9891 18.9630 23.9666 -7.3693 -23.8862 34.6131 9.7193 -4.5677 15.7045 12.0574 0.0000 -0.0000 0.0000 -55.4927 -17.5505 66.8560 72.4747 -58.8071 -44.8834 -0.0000 -0.0000 0.2917 20.3530 -20.3563 -7.3529 -7.1250 0.0000 -0.0000 -5.1941 8.4617 4.3918 0.0000 -0.0000 0.0000 -11.6591 32.5628 -31.9610 -152.0891 39.0341 -109.9325 0.0000 -0.0000 -51.9837 -27.4985 -15.0578 7.7014 7.1250 -0.0000 -0.0000 0.0859 -46.8520 -0.0039
-8.5154 13.8507 1.1197 91.3529 83.3971 -252.2640 0.0000 0.0000 0.0000 -7.8632 -3.4264 -62.1932 14.5238 19.2653 73.7979 1.5000 -7.0403 -21.9251 0.5477 -4.7413 -13.1722 0.0000 0.0000 0.0000 -8.0683 -9.0466 -55.6989 -14.3975 -19.2302 73.4150 -2.1200 3.5009 -26.6785 -1.0201 6.4254 -18.0238 -6.9037 3.6605 29.0631 -6.6177 3.0445 7.7011 -4.5674 1.9189 -7.2122 18.8865 24.0848 -7.4139 -24.0306 34.7518 9.4278 -4.5542 15.7785 12.0061 -0.0000 -0.0000 0.0000 -57.7893 -18.7199 67.2591 67.9368 -58.0783 -41.0160 -0.0000 -0.0000 0.7026 20.2392 -20.7333 -7.4367 -7.1250 0.0000 -0.0000 -5.2950 8.0855 4.5174 -0.0000 -0.0000 0.0000 -5.0077 31.0627 -23.5718 -153.2039 37.9841 -110.6266 0.0000 -0.0000 -45.1450 -32.4626 -14.7786 9.2172 7.1250 -0.0000 -0.0000 -4.7317 -47.2866 0.2676
-8.4846 13.9022 1.0833 96.8339 83.3948 -246.4140 0.0000 0.0000 0.0000 -7.9085 -4.1210 -62.2804 14.3541 19.2179 73.2831 1.4983 -6.3661 -21.9398 0.5962 -4.9430 -13.7462 0.0000 0.0000 0.0000 -7.7857 -9.5598 -55.3456 -14.0847 -19.1395 72.4631 -2.1397 3.1913 -26.8685 -1.1803 6.8951 -19.4051 -6.9842 3.7832 28.7128 -6.3171 3.1505 7.3092 -4.2135 1.9464 -7.5131 18.9232 24.0756 -7.6002 -23.7192 34.6736 9.5822 -4.4680 15.7413 12.0069 -0.0000 0.0000 0.0000 -60.3041 -18.9786 67.6362 64.7616 -57.4507 -38.3300 -0.0000 -0.0000 1.5149 18.8840 -19.9502 -6.6571 -7.1250 0.0000 -0.0000 -6.1103 9.0873 5.0984 -0.0000 0.0000 0.0000 2.9717 29.3605 -11.9770 -153.9317 37.2761 -111.0710 0.0000 -0.0000 -36.4024 -36.7832 -14.5489 10.6369 7.1250 -0.0000 -0.0000 -8.9934 -47.7292 0.6103
-8.4720 13.9529 1.0611 107.8660 83.1175 -234.9700 0.0000 0.0000 0.0000 -7.7463 -5.4382 -62.5013 14.1252 19.1516 72.5864 1.4194 -6.1701 -21.3468 0.6691 -5.2311 -14.5689 0.0000 0.0000 0.0000 -7.3791 -10.4604 -54.8965 -13.7413 -19.0337 71.4130 -2.0856 2.4776 -26.6685 -1.2264 7.0236 -19.7853 -6.6211 3.5161 28.3719 -6.0440 2.9347 7.1652 -4.0152 1.8286 -7.5222 18.8276 24.2008 -7.8310 -24.3522 34.7898 8.7679 -4.5831 15.8015 11.9076 -0.0000 0.0000 0.0000 -62.3437 -19.2008 67.8388 63.1365 -57.0894 -36.9629 -0.0000 -0.0000 3.0094 16.7325 -18.5699 -5.4688 -7.1250 0.0000 -0.0000 -7.4350 10.7752 5.9656 -0.0000 0.0000 0.0000 11.5763 26.6961 0.9284 -154.2087 37.0019 -111.2382 0.0000 -0.0000 -27.5419 -38.3150 -12.2427 9.5121 7.1250 -0.0000 -0.0000 -10.3900 -45.1810 0.0469
-8.3622 14.0574 1.0206 103.6070 83.5479 -240.0040 0.0000 0.0000 0.0000 -8.1535 -4.5906 -60.4258 13.8151 19.0570 71.6390 1.4651 -6.4731 -21.6824 0.5220 -4.6303 -12.8570 0.0000 0.0000 0.0000 -7.2031 -9.6434 -52.7731 -13.2642 -18.8755 69.9440 -2.0717 1.7142 -26.7636 -1.2692 7.1407 -20.1329 -6.8396 4.1607 28.0722 -5.9893 3.7946 7.5188 -4.0760 2.2479 -6.9689 18.8199 24.2860 -8.3459 -24.5818 34.7345 8.1878 -4.6084 15.7705 11.8234 0.0000 0.0000 0.0000 -63.9305 -20.8537 68.8949 60.9574 -56.5597 -35.1389 -0.0000 -0.0000 4.2219 14.2436 -16.6528 -4.1607 -7.1250 0.0000 -0.0000 -9.0232 12.9849 6.8524 0.0000 0.0000 0.0000 19.6516 22.6754 13.1717 -153.9814 37.2271 -111.1011 0.0000 -0.0000 -21.8226 -31.9842 -11.7387 7.2407 7.1250 -0.0000 -0.0000 -4.4147 -43.7014 -0.1418
-8.3171 14.1237 0.9879 109.3470 83.3488 -234.1880 0.0000 0.0000 0.0000 -8.3202 -5.2062 -59.9083 13.5609 18.9754 70.8588 1.4426 -6.4802 -21.5096 0.5178 -4.6121 -12.8054 0.0000 0.0000 0.0000 -6.9935 -10.1335 -51.9662 -12.9135 -18.7507 68.8565 -2.0376 1.1958 -26.6757 -1.2923 7.2028 -20.3176 -6.6775 4.2207 27.9656 -5.6445 3.8970 7.2856 -3.8196 2.2786 -7.2007 18.8589 24.4038 -8.2203 -24.7820 34.9964 8.1924 -4.5959 15.8920 11.9168 -0.0000 0.0000 0.0000 -65.7051 -20.8628 70.1935 60.6625 -56.4839 -34.8929 -0.0000 -0.0000 5.3521 11.7670 -14.3025 -2.9459 -7.1250 0.0000 -0.0000 -10.6892 15.5510 7.5668 -0.0000 0.0000 0.0000 25.4231 18.3719 23.5466 -153.2441 37.9454 -110.6514 0.0000 -0.0000 -17.9421 -14.2545 -14.0727 3.5349 7.1250 -0.0000 -0.0000 12.1209 -44.1391 0.2615
-8.2500 14.1895 0.9429 109.4580 83.5010 -234.4780 0.0000 0.0000 0.0000 -8.6427 -5.0078 -58.7882 13.3580 18.9076 70.2337 1.4883 -6.4993 -21.8572 0.5294 -4.6627 -12.9491 0.0000 0.0000 0.0000 -6.9027 -10.0006 -50.5538 -12.5614 -18.6180 67.7576 -2.0159 1.0117 -26.5820 -1.2000 6.9503 -19.5683 -6.3922 4.4506 27.9675 -5.5001 4.2622 7.2344 -3.9457 2.4436 -7.2503 19.1589 24.2911 -7.8300 -24.7433 34.7816 7.9769 -4.7237 15.8592 11.7694 0.0000 0.0000 0.0000 -66.2769 -20.6774 71.9522 60.7265 -56.5004 -34.9462 -0.0000 -0.0000 5.8140 10.6989 -12.7274 -2.3835 -7.1250 0.0000 -0.0000 -11.4570 17.1905 7.7158 0.0000 0.0000 0.0000 29.8698 14.6288 30.4850 -151.7704 39.3267 -109.7311 0.0000 -0.0000 -10.6689 5.7106 -14.4265 -1.4272 7.1250 -0.0000 -0.0000 29.3991 -42.3364 2.1373
-8.2533 14.2178 0.9280 115.8440 83.0969 -228.0160 0.0000 0.0000 0.0000 -8.6736 -5.6534 -58.7064 13.2296 18.8635 69.8371 1.4432 -6.7782 -21.5031 0.4714 -4.4033 -12.2142 0.0000 0.0000 0.0000 -6.7777 -10.5449 -50.0268 -12.3799 -18.5467 67.1879 -2.0316 0.6495 -26.7939 -1.2260 7.0227 -19.7826 -5.5938 4.4745 27.9366 -5.5105 4.4478 6.8430 -4.4972 2.5082 -7.6273 20.8621 23.7109 -6.0290 -24.8896 34.0218 7.7851 -5.3573 15.7082 11.5739 -0.0000 0.0000 0.0000 -65.9986 -20.0790 74.3993 61.9806 -56.8150 -35.9939 -0.0000 -0.0000 5.9608 9.5845 -11.9426 -2.0012 -7.1250 0.0000 -0.0000 -12.2549 18.0293 8.0467 -0.0000 0.0000 0.0000 32.4224 10.2526 36.2810 -149.7618 41.0967 -108.4341 0.0000 0.0000 0.6042 8.6880 -12.8362 -1.9443 7.1250 -0.0000 -0.0000 31.1078 -40.6374 3.7708
-8.2873 14.2167 0.9097 117.5450 82.5414 -225.4910 0.0000 0.0000 0.0000 -8.9506 -6.3565 -59.7476 13.1703 18.8428 69.6536 1.4030 -6.6749 -21.1966 0.4420 -4.2656 -11.8252 0.0000 0.0000 0.0000 -7.0833 -10.9780 -50.8483 -12.3085 -18.5180 66.9634 -1.9749 0.4001 -26.4872 -1.2095 6.9770 -19.6472 -6.4234 3.9989 27.3689 -4.9219 3.6746 6.7579 -3.0594 2.1346 -7.5557 19.2594 24.2823 -6.7557 -24.5319 34.7782 7.7239 -4.7987 15.9901 11.4561 -0.0000 0.0000 0.0000 -66.7441 -19.4225 73.5372 62.5451 -56.9508 -36.4667 -0.0000 -0.0000 6.0989 8.9696 -12.2300 -1.9151 -7.1250 0.0000 -0.0000 -12.6649 17.7760 8.4021 -0.0000 0.0000 0.0000 31.4100 10.2363 40.3891 -148.0344 42.5197 -107.2824 0.0000 -0.0000 -3.9987 7.8565 -13.7629 -1.8802 7.1250 -0.0000 -0.0000 30.8443 -41.5293 2.9609
-8.2759 14.2481 0.8706 115.2530 82.8550 -227.8920 0.0000 0.0000 0.0000 -9.1033 -6.0426 -59.3902 13.0905 18.8146 69.4064 1.4175 -6.5481 -21.3141 0.4748 -4.4194 -12.2596 0.0000 0.0000 0.0000 -7.0586 -10.6756 -50.4949 -12.1143 -18.4385 66.3505 -1.9620 0.5190 -26.3633 -1.3282 7.2982 -20.6019 -6.0879 4.1048 27.2642 -4.8819 3.9011 6.7394 -3.2722 2.2330 -7.5103 19.5522 24.1266 -6.0309 -25.0337 34.6497 7.2781 -5.0944 16.0092 11.3231 -0.0000 0.0000 0.0000 -66.4794 -18.9709 73.9806 63.2047 -57.1051 -37.0201 -0.0000 -0.0000 5.8408 9.7665 -13.0375 -2.2237 -7.1250 0.0000 -0.0000 -12.0846 16.9361 8.2266 -0.0000 0.0000 0.0000 31.2808 8.5031 43.7094 -147.5100 42.9344 -106.9266 0.0000 -0.0000 -6.2580 3.3357 -15.0589 -0.8676 7.1250 -0.0000 -0.0000 27.7124 -43.1517 1.3789
-8.2516 14.2843 0.8382 113.5330 83.0599 -229.8290 0.0000 0.0000 0.0000 -9.3208 -5.6892 -58.8247 12.9919 18.7792 69.1003 1.4328 -6.5169 -21.4331 0.4745 -4.4177 -12.2547 0.0000 0.0000 0.0000 -7.0165 -10.5315 -49.8307 -11.8786 -18.3389 65.6035 -1.9134 0.2135 -26.1253 -1.3109 7.2524 -20.4652 -5.5901 4.1958 27.2379 -5.0218 4.1462 6.7603 -3.7879 2.3451 -7.4312 20.0510 23.9309 -5.7549 -25.2855 34.4303 7.2531 -5.3089 15.9315 11.3747 0.0000 -0.0000 0.0000 -66.0814 -18.6940 74.1681 63.4090 -57.1520 -37.1917 -0.0000 -0.0000 5.0229 10.6591 -13.7900 -2.5687 -7.1250 0.0000 -0.0000 -11.4521 16.1361 7.9810 0.0000 -0.0000 0.0000 31.1084 7.6230 45.3621 -147.1878 43.1852 -106.7066 0.0000 -0.0000 -6.2479 1.1578 -14.2340 -0.2847 7.1250 -0.0000 -0.0000 25.5573 -42.6459 1.5990
-8.2485 14.3073 0.8149 109.2950 83.2933 -234.0840 0.0000 0.0000 0.0000 -9.5959 -5.1624 -58.6372 12.9053 18.7477 68.8313 1.4341 -6.4319 -21.4467 0.4522 -4.3140 -11.9616 0.0000 0.0000 0.0000 -7.1087 -10.0894 -49.6741 -11.6921 -18.2575 65.0096 -1.8660 0.0913 -25.8361 -1.2731 7.1511 -20.1638 -5.1414 4.4283 27.3756 -5.4878 4.4741 6.4330 -4.7127 2.4884 -7.7915 20.9725 23.6472 -5.2905 -24.7292 33.9683 7.6679 -5.4225 15.7694 11.3722 -0.0000 0.0000 0.0000 -65.5842 -18.2989 74.5750 62.8907 -57.0323 -36.7565 -0.0000 -0.0000 3.9556 10.6398 -13.7234 -2.5519 -7.1250 0.0000 -0.0000 -11.4670 16.2033 7.9748 -0.0000 0.0000 0.0000 31.5499 6.5499 46.5219 -146.9330 43.3815 -106.5319 0.0000 -0.0000 -6.8059 -0.2544 -14.3957 0.0633 7.1250 -0.0000 -0.0000 24.4325 -42.9411 1.3274
-8.2414 14.3288 0.7970 106.2860 83.3109 -237.0010 0.0000 0.0000 0.0000 -9.9287 -4.8068 -58.6279 12.8291 18.7196 68.5938 1.4351 -6.6831 -21.4441 0.4233 -4.1760 -11.5723 0.0000 0.0000 0.0000 -7.2413 -10.0000 -49.6264 -11.5565 -18.1968 64.5759 -1.8377 0.2519 -25.5864 -1.2464 7.0787 -19.9487 -5.2344 4.5695 27.0849 -5.6137 4.6469 6.4382 -4.8311 2.5740 -7.6301 21.3370 23.5496 -5.1042 -25.1284 33.8914 7.4948 -5.6170 15.7493 11.4254 -0.0000 0.0000 0.0000 -65.8035 -18.3819 74.5519 62.2411 -56.8781 -36.2120 -0.0000 -0.0000 3.0126 11.2347 -13.1435 -2.5862 -7.1250 0.0000 -0.0000 -11.0771 16.7438 7.5600 -0.0000 0.0000 0.0000 31.0338 5.8092 46.7632 -147.0445 43.2958 -106.6085 0.0000 -0.0000 -7.3104 -1.0958 -14.5934 0.2761 7.1250 -0.0000 -0.0000 23.7954 -43.2109 1.1189
-8.2432 14.3422 0.7973 105.8220 83.5137 -237.3030 0.0000 0.0000 0.0000 -9.8614 -4.4348 -58.8004 12.7688 18.6971 68.4058 1.4112 -6.8597 -21.2548 0.4369 -4.2416 -11.7573 0.0000 0.0000 0.0000 -7.0131 -9.7468 -49.6869 -11.4740 -18.1593 64.3114 -1.8283 0.1894 -25.5401 -1.2362 7.0507 -19.8656 -5.2126 4.6384 26.7746 -5.5553 4.7737 6.4857 -4.7843 2.6338 -7.4225 21.0774 23.5103 -5.3092 -24.9643 33.7863 7.5303 -5.5582 15.6878 11.3626 -0.0000 -0.0000 0.0000 -66.0606 -18.5215 74.4521 61.9724 -56.8130 -35.9871 -0.0000 -0.0000 3.2351 11.3254 -13.1845 -2.6155 -7.1250 0.0000 -0.0000 -11.0139 16.6972 7.5266 -0.0000 -0.0000 0.0000 30.6863 5.4991 46.6772 -146.7299 43.5366 -106.3923 0.0000 -0.0000 -6.7711 -1.9798 -14.5389 0.4972 7.1250 -0.0000 -0.0000 23.0216 -43.2552 1.0512
-8.2343 14.3572 0.7983 105.5360 83.6073 -237.7260 0.0000 0.0000 0.0000 -9.8801 -4.2324 -58.4927 12.7024 18.6720 68.1985 1.4243 -6.9732 -21.3530 0.4157 -4.1384 -11.4663 0.0000 0.0000 0.0000 -6.9090 -9.6442 -49.3813 -11.4012 -18.1259 64.0778 -1.8244 0.0924 -25.5438 -1.2621 7.1214 -20.0756 -5.3688 4.6612 26.9636 -5.4979 4.7532 6.5126 -4.6420 2.6262 -7.5022 21.0868 23.4802 -5.3146 -25.0176 33.7451 7.4931 -5.5880 15.6685 11.3557 0.0000 -0.0000 0.0000 -66.2574 -18.4608 74.3766 61.5886 -56.7186 -35.6660 -0.0000 -0.0000 3.6825 10.9240 -13.3890 -2.5590 -7.1250 0.0000 -0.0000 -11.2827 16.5184 7.7625 0.0000 -0.0000 0.0000 30.4685 5.5258 46.5857 -146.5162 43.6986 -106.2448 0.0000 -0.0000 -6.0683 -3.1449 -14.3579 0.7806 7.1250 -0.0000 -0.0000 21.9580 -43.2120 1.0219
-8.2342 14.3700 0.8070 109.0590 83.3514 -234.2050 0.0000 0.0000 0.0000 -9.8867 -4.6794 -58.3773 12.6402 18.6484 68.0043 1.4063 -6.5159 -21.2286 0.4377 -4.2451 -11.7674 0.0000 0.0000 0.0000 -6.8872 -10.0547 -49.1499 -11.3617 -18.1076 63.9507 -1.8386 0.1536 -25.6237 -1.1922 6.9287 -19.5043 -5.4834 4.5295 27.0851 -5.4577 4.5686 6.6181 -4.4750 2.5460 -7.4604 21.0360 23.4471 -5.4373 -25.1261 33.6672 7.3484 -5.6275 15.6272 11.3245 0.0000 0.0000 0.0000 -66.3066 -18.6442 74.4124 61.5761 -56.7155 -35.6556 -0.0000 -0.0000 4.0121 10.5313 -13.0307 -2.4002 -7.1250 0.0000 -0.0000 -11.5619 16.8987 7.8648 0.0000 0.0000 0.0000 30.5779 6.1244 46.3365 -145.7708 44.2538 -105.7273 0.0000 -0.0000 -6.0150 -2.8214 -13.6609 0.6669 7.1250 -0.0000 -0.0000 21.9840 -42.5321 1.4135
-8.2334 14.3696 0.8190 110.2510 83.4162 -232.8970 0.0000 0.0000 0.0000 -9.6808 -4.7532 -58.5220 12.6270 18.6433 67.9630 1.3875 -6.7900 -21.0733 0.4146 -4.1330 -11.4511 0.0000 0.0000 0.0000 -6.7014 -10.0306 -49.3144 -11.3796 -18.1159 64.0083 -1.8257 -0.0606 -25.6033 -1.2533 7.0973 -20.0040 -5.5444 4.5881 27.0788 -5.3919 4.6255 6.5871 -4.3873 2.5710 -7.5008 20.8289 23.4978 -5.4643 -24.9101 33.7438 7.5239 -5.5185 15.6543 11.3197 -0.0000 0.0000 0.0000 -66.4538 -18.7248 74.5232 61.5056 -56.6980 -35.5967 -0.0000 -0.0000 4.0714 10.8394 -13.4029 -2.5413 -7.1250 0.0000 -0.0000 -11.3400 16.5097 7.8057 -0.0000 0.0000 0.0000 30.7404 6.2349 46.1302 -145.1115 44.7324 -105.2652 0.0000 -0.0000 -6.3675 -3.5445 -13.3069 0.8168 7.1250 -0.0000 -0.0000 21.2454 -42.2757 1.5027
-8.2223 14.3711 0.8262 112.3110 83.3893 -230.8400 0.0000 0.0000 0.0000 -9.5572 -4.9350 -58.4963 12.6257 18.6428 67.9590 1.3767 -6.7839 -20.9888 0.4624 -4.3618 -12.0968 0.0000 0.0000 0.0000 -6.5448 -10.2276 -49.2697 -11.3918 -18.1215 64.0474 -1.8107 -0.1932 -25.5418 -1.2980 7.2180 -20.3630 -5.6192 4.6254 26.9257 -5.3152 4.6824 6.6521 -4.2580 2.6006 -7.3624 20.7211 23.5307 -5.3751 -24.7603 33.7789 7.5524 -5.4646 15.6807 11.2662 0.0000 0.0000 0.0000 -66.6491 -18.7891 74.5742 61.2871 -56.6433 -35.4141 -0.0000 -0.0000 3.8343 11.3742 -13.2492 -2.6397 -7.1250 0.0000 -0.0000 -10.9788 16.6295 7.5182 0.0000 0.0000 0.0000 31.0122 5.6023 45.1845 -145.3417 44.5666 -105.4269 0.0000 -0.0000 -8.8947 -1.5485 -12.1387 0.3257 7.1250 -0.0000 -0.0000 22.5299 -40.9998 2.3587
-8.2091 14.3756 0.8316 113.5780 83.3312 -229.6230 0.0000 0.0000 0.0000 -9.5372 -4.9858 -58.3855 12.6086 18.6363 67.9055 1.3709 -6.8095 -20.9431 0.4650 -4.3737 -12.1305 0.0000 0.0000 0.0000 -6.4936 -10.3607 -49.1696 -11.3944 -18.1227 64.0557 -1.7949 -0.3360 -25.4784 -1.2872 7.1891 -20.2770 -5.7692 4.6058 26.9104 -5.2999 4.6310 6.7034 -4.1343 2.5807 -7.3095 20.5387 23.5980 -5.4132 -24.7574 33.8714 7.4991 -5.4155 15.7189 11.2400 -0.0000 0.0000 0.0000 -66.7888 -18.8638 74.2306 61.2010 -56.6216 -35.3422 -0.0000 -0.0000 3.0928 11.1442 -13.3248 -2.5995 -7.1250 0.0000 -0.0000 -11.1341 16.5686 7.6438 -0.0000 0.0000 0.0000 30.9645 5.8094 44.1086 -145.2865 44.6065 -105.3882 0.0000 -0.0000 -8.4060 -2.0311 -11.4955 0.4049 7.1250 -0.0000 -0.0000 21.9149 -40.4483 2.6032
-8.2024 14.3723 0.8367 116.1780 83.0655 -227.1480 0.0000 0.0000 0.0000 -9.5716 -5.2615 -58.2397 12.6167 18.6394 67.9307 1.3601 -6.8817 -20.8571 0.4468 -4.2888 -11.8907 0.0000 0.0000 0.0000 -6.5437 -10.7195 -48.9185 -11.4002 -18.1254 64.0744 -1.8328 -0.2950 -25.7316 -1.3355 7.3174 -20.6593 -5.8325 4.5147 26.9281 -5.2972 4.5305 6.8717 -4.0518 2.5427 -7.1346 20.6402 23.7378 -5.5694 -24.6760 34.0834 7.7631 -5.3106 15.7854 11.4074 0.0000 -0.0000 0.0000 -66.7546 -18.8127 73.8610 61.7119 -56.7491 -35.7691 -0.0000 -0.0000 2.1205 11.2818 -13.8935 -2.7424 -7.1250 0.0000 -0.0000 -11.0263 15.9926 7.7074 0.0000 -0.0000 0.0000 30.9720 6.8904 40.8483 -145.3682 44.5474 -105.4456 0.0000 -0.0000 -10.2109 -1.7161 -11.6954 0.3480 7.1250 -0.0000 -0.0000 22.2422 -40.6053 2.5552
-8.1810 14.3693 0.8133 111.8510 83.6224 -231.8430 0.0000 0.0000 0.0000 -9.5223 -4.6272 -57.8009 12.6712 18.6602 68.1012 1.4182 -6.4146 -21.3249 0.4749 -4.4195 -12.2599 0.0000 0.0000 0.0000 -6.4822 -10.1948 -48.5744 -11.3475 -18.1010 63.9050 -1.7990 -0.1578 -25.4466 -1.2933 7.2056 -20.3260 -5.8011 4.7479 26.8874 -5.2829 4.8728 7.0881 -4.1452 2.7119 -6.8608 20.5392 23.7273 -5.4979 -24.4567 34.0584 7.8959 -5.2546 15.7800 11.3659 0.0000 0.0000 0.0000 -67.0393 -19.0276 73.6513 61.1706 -56.6139 -35.3168 -0.0000 -0.0000 1.2182 12.5293 -14.4379 -3.1715 -7.1250 0.0000 -0.0000 -10.1709 15.3604 7.2299 0.0000 0.0000 0.0000 30.0961 9.8270 35.0499 -145.0470 44.7785 -105.2198 0.0000 -0.0000 -13.4416 -1.6270 -11.4253 0.3224 7.1250 -0.0000 -0.0000 22.2277 -40.3474 2.7038
-8.1868 14.3635 0.8004 109.5630 83.8160 -234.4310 0.0000 0.0000 0.0000 -9.4788 -4.5086 -57.4684 12.7197 18.6786 68.2527 1.4444 -6.7394 -21.5137 0.4422 -4.2668 -11.8284 0.0000 0.0000 0.0000 -6.5062 -10.0953 -48.4119 -11.3500 -18.1021 63.9129 -1.7935 -0.0289 -25.3650 -1.2832 7.1784 -20.2449 -5.5011 4.6624 27.0598 -5.4918 4.8448 7.2399 -4.5436 2.7084 -6.7331 20.9498 23.7653 -5.4661 -23.9834 34.1546 8.6716 -5.1161 15.7972 11.6236 0.0000 -0.0000 0.0000 -66.8088 -19.2191 73.3826 60.7611 -56.5094 -34.9751 -0.0000 -0.0000 0.6578 12.8413 -14.3711 -3.2382 -7.1250 0.0000 -0.0000 -9.9601 15.4044 7.0657 0.0000 -0.0000 0.0000 28.8349 13.8848 27.7936 -145.5696 44.4011 -105.5866 0.0000 -0.0000 -18.5692 -6.6064 -11.8662 1.3642 7.1250 -0.0000 -0.0000 18.1788 -41.2097 1.7651
-8.2314 14.3434 0.8061 110.7880 83.6326 -233.0610 0.0000 0.0000 0.0000 -9.4033 -4.8973 -57.8639 12.7779 18.7005 68.4343 1.4161 -6.7747 -21.2952 0.3900 -4.0100 -11.1048 0.0000 0.0000 0.0000 -6.5819 -10.3821 -48.9292 -11.4486 -18.1477 64.2300 -1.7663 0.0757 -25.1366 -1.3004 7.2244 -20.3820 -5.4833 4.3837 26.7748 -5.4469 4.5563 7.4575 -4.3661 2.5781 -6.3623 21.0536 23.7543 -5.0901 -23.3829 34.1947 9.3533 -4.9753 15.8312 11.6911 -0.0000 0.0000 0.0000 -66.7494 -19.5698 72.9299 60.5761 -56.4615 -34.8209 -0.0000 -0.0000 0.2734 12.8381 -14.2204 -3.2042 -7.1250 0.0000 -0.0000 -9.9637 15.5562 7.0353 -0.0000 0.0000 0.0000 26.1137 20.1246 18.3418 -146.0244 44.0666 -105.9039 0.0000 -0.0000 -25.2682 -12.1119 -14.4131 3.0576 7.1250 -0.0000 -0.0000 14.1310 -44.2372 0.2717
-8.2558 14.3290 0.7974 106.7300 83.7758 -237.1600 0.0000 0.0000 0.0000 -9.4754 -4.6289 -58.0081 12.8503 18.7274 68.6598 1.4358 -6.6223 -21.4521 0.3994 -4.0577 -11.2391 0.0000 0.0000 0.0000 -6.7973 -10.0714 -49.1968 -11.5272 -18.1836 64.4821 -1.7954 0.6020 -25.1785 -1.2546 7.1011 -20.0152 -5.8191 4.2783 26.3929 -5.2715 4.4306 7.8136 -3.8812 2.5244 -5.8167 20.7074 23.9294 -4.9796 -22.3304 34.5298 10.6131 -4.5372 15.9548 11.8922 -0.0000 0.0000 0.0000 -66.9185 -19.9865 72.1603 60.2838 -56.3851 -34.5773 -0.0000 0.0000 -0.1898 12.6378 -14.6309 -3.2415 -7.1250 0.0000 -0.0000 -10.0955 15.1585 7.2190 -0.0000 0.0000 0.0000 22.4961 27.4351 8.7491 -146.9690 43.3539 -106.5566 0.0000 -0.0000 -32.2682 -18.3744 -16.6745 5.4443 7.1250 -0.0000 -0.0000 9.0515 -47.2907 -0.5157
-8.2758 14.3116 0.7904 103.3910 83.9761 -240.5870 0.0000 0.0000 0.0000 -9.3777 -4.4395 -58.0178 12.9090 18.7491 68.8428 1.4296 -6.4255 -21.4126 0.4204 -4.1616 -11.5317 0.0000 0.0000 0.0000 -6.8386 -9.8100 -49.3416 -11.5753 -18.2053 64.6361 -1.7958 1.0415 -25.0513 -1.1445 6.7933 -19.1043 -6.1548 4.0190 26.1882 -4.9166 4.1680 8.5434 -3.1534 2.4079 -4.9535 19.1179 24.6003 -6.2837 -21.1135 35.4274 11.9104 -3.6174 16.1928 12.1937 -0.0000 0.0000 0.0000 -67.2612 -21.1323 70.7452 59.7505 -56.2431 -34.1336 -0.0000 0.0000 -0.4601 13.0319 -14.8216 -3.3884 -7.1250 0.0000 -0.0000 -9.8278 14.9366 7.0691 -0.0000 0.0000 0.0000 17.4352 35.9543 -2.1479 -147.9561 42.5822 -107.2295 0.0000 -0.0000 -42.6158 -20.3996 -17.4587 6.3664 7.1250 -0.0000 -0.0000 7.3484 -48.3905 -0.6177
-8.3158 14.3123 0.7970 106.3460 83.7550 -237.5920 0.0000 0.0000 0.0000 -9.3731 -4.9262 -58.2038 12.8889 18.7417 68.7800 1.4243 -6.1562 -21.3857 0.4585 -4.3438 -12.0458 0.0000 0.0000 0.0000 -6.8489 -10.2254 -49.4940 -11.5784 -18.2067 64.6461 -1.7716 1.1545 -24.8459 -1.0745 6.5893 -18.5041 -5.9809 3.7515 26.8868 -4.8618 3.7928 8.4133 -3.1386 2.2289 -5.4359 19.4850 24.5256 -5.9913 -20.0009 35.3470 13.2133 -3.3624 16.1728 12.4196 0.0000 0.0000 0.0000 -67.1198 -21.2409 70.8444 59.3808 -56.1427 -33.8264 -0.0000 0.0000 -0.6887 13.3561 -14.6567 -3.4379 -7.1250 0.0000 -0.0000 -9.6093 15.0773 6.8779 0.0000 0.0000 0.0000 12.6338 43.0454 -12.3400 -149.2888 41.4953 -108.1220 0.0000 -0.0000 -53.2459 -19.0567 -18.5636 6.2757 7.1250 -0.0000 -0.0000 8.9475 -49.3305 -0.9624
-8.3265 14.3298 0.7995 104.1440 83.8086 -239.8540 0.0000 0.0000 0.0000 -9.5046 -4.6656 -58.0690 12.8225 18.7171 68.5733 1.4201 -6.1135 -21.3554 0.4694 -4.3945 -12.1892 0.0000 0.0000 0.0000 -6.8592 -10.0809 -49.5322 -11.5600 -18.1984 64.5873 -1.7695 1.2005 -24.8186 -1.0792 6.6031 -18.5447 -5.7297 4.0318 27.0113 -4.8749 4.1514 8.1404 -3.4347 2.3925 -5.7842 21.0638 23.8701 -3.8072 -19.8587 34.6929 13.6639 -3.8925 16.0893 12.3470 0.0000 -0.0000 0.0000 -67.1492 -20.8584 72.0241 59.5110 -56.1782 -33.9345 -0.0000 0.0000 -0.9119 13.8696 -14.8387 -3.6182 -7.1250 0.0000 -0.0000 -9.2616 14.8527 6.6672 0.0000 -0.0000 0.0000 7.7653 48.3968 -21.2523 -150.1289 40.7826 -108.6747 0.0000 -0.0000 -60.3464 -18.2716 -20.0226 6.4497 7.1250 -0.0000 -0.0000 10.1783 -50.6971 -1.4418
-8.3375 14.3245 0.8141 106.6360 83.5774 -237.2120 0.0000 0.0000 0.0000 -9.5353 -5.0309 -58.3116 12.7989 18.7083 68.4998 1.3998 -5.9275 -21.2085 0.5037 -4.5495 -12.6281 0.0000 0.0000 0.0000 -6.9114 -10.3922 -49.7990 -11.6078 -18.2199 64.7401 -1.7734 1.1546 -24.8592 -1.1117 6.6986 -18.8256 -5.8869 3.8159 26.9269 -4.6839 3.9384 8.6228 -3.0306 2.3016 -5.2277 20.0827 24.1954 -5.1731 -18.8332 34.8801 14.3860 -3.2870 16.0579 12.4672 -0.0000 -0.0000 0.0000 -67.2473 -21.7194 71.5210 59.2934 -56.1187 -33.7538 -0.0000 0.0000 -1.4879 13.6419 -14.9375 -3.5798 -7.1250 0.0000 -0.0000 -9.4154 14.7712 6.7977 -0.0000 -0.0000 0.0000 -0.5194 54.0714 -31.6633 -149.8374 41.0323 -108.4838 0.0000 -0.0000 -63.3381 -14.3154 -17.3071 4.3413 7.1250 -0.0000 -0.0000 13.0224 -47.3756 -0.7759
-8.3392 14.3257 0.8336 111.1210 83.4349 -232.5300 0.0000 0.0000 0.0000 -9.3680 -5.3392 -58.5700 12.7742 18.6991 68.4227 1.3848 -5.8977 -21.0929 0.5047 -4.5542 -12.6414 0.0000 0.0000 0.0000 -6.6958 -10.6752 -49.9429 -11.6474 -18.2376 64.8668 -1.7631 0.8757 -24.8657 -1.1281 6.7462 -18.9657 -5.5227 3.9145 27.0550 -4.6570 4.0569 8.0989 -3.2854 2.3419 -5.8608 21.5168 23.5519 -3.9593 -17.5955 33.9627 15.5051 -3.4242 15.8255 12.4812 0.0000 0.0000 0.0000 -67.0924 -20.9868 72.7838 59.5252 -56.1821 -33.9463 -0.0000 0.0000 -1.4645 13.9351 -14.7883 -3.6239 -7.1250 0.0000 -0.0000 -9.2173 14.8983 6.6254 0.0000 0.0000 0.0000 -5.2245 56.0843 -37.4815 -150.4174 40.5329 -108.8626 0.0000 -0.0000 -65.7057 -13.8145 -20.3755 4.8933 7.1250 -0.0000 -0.0000 14.6047 -50.3357 -1.9570
-8.3308 14.3380 0.8514 115.9430 83.2346 -227.8490 0.0000 0.0000 0.0000 -9.3039 -5.4953 -58.3747 12.7006 18.6714 68.1928 1.3422 -5.8135 -20.7608 0.5102 -4.5786 -12.7105 0.0000 0.0000 0.0000 -6.4967 -10.9493 -49.5189 -11.6254 -18.2278 64.7964 -1.7974 0.8924 -25.1058 -1.1677 6.8596 -19.3001 -5.5647 3.8543 27.0934 -4.3304 4.0220 8.3204 -2.8780 2.3266 -5.6595 22.3450 23.5032 -3.1261 -17.8800 34.0235 15.4466 -3.6481 15.9260 12.5460 -0.0000 0.0000 0.0000 -67.5058 -21.3520 72.8706 59.1859 -56.0891 -33.6646 -0.0000 0.0000 -1.3729 13.7139 -14.9010 -3.5907 -7.1250 0.0000 -0.0000 -9.3668 14.8023 6.7553 -0.0000 0.0000 0.0000 -11.8915 57.9306 -43.5408 -150.0644 40.8382 -108.6325 0.0000 -0.0000 -67.1892 -11.3121 -20.6839 4.0416 7.1250 -0.0000 -0.0000 17.1090 -50.2443 -2.2697
-8.3159 14.3538 0.8765 123.5460 82.5987 -220.6710 0.0000 0.0000 0.0000 -9.2683 -6.0511 -57.7605 12.6040 18.6345 67.8909 1.3021 -6.6083 -20.4038 0.4213 -4.1659 -11.5439 0.0000 0.0000 0.0000 -6.3587 -11.6459 -48.6276 -11.6054 -18.2188 64.7323 -1.8313 0.5908 -25.4361 -1.1914 6.9264 -19.4975 -5.6286 3.5430 27.3868 -3.9410 3.6733 8.6503 -2.3040 2.1671 -5.4634 22.0756 23.3676 -3.4762 -16.6675 33.5746 16.0885 -3.3456 15.7486 12.4346 0.0000 -0.0000 0.0000 -67.9475 -21.5685 72.5961 58.8065 -55.9834 -33.3499 -0.0000 0.0000 -1.4275 14.0662 -15.4115 -3.8094 -7.1250 0.0000 -0.0000 -9.1306 14.2568 6.6878 0.0000 -0.0000 0.0000 -18.2249 58.9765 -48.6923 -149.2923 41.4923 -108.1243 0.0000 -0.0000 -67.2610 -6.3927 -20.5082 2.2478 7.1250 -0.0000 -0.0000 21.6155 -49.3333 -2.4114
-8.3018 14.3504 0.8944 127.6490 82.1791 -216.7260 0.0000 0.0000 0.0000 -9.2134 -6.3326 -57.6242 12.5775 18.6242 67.8078 1.2760 -6.7839 -20.1905 0.4093 -4.1069 -11.3776 0.0000 0.0000 0.0000 -6.2576 -11.9717 -48.2253 -11.6274 -18.2287 64.8027 -1.8261 -0.1740 -25.6437 -1.2628 7.1234 -20.0814 -5.6156 3.4020 27.6369 -3.7562 3.5112 8.7431 -2.0679 2.0928 -5.4903 22.2253 23.1321 -4.2147 -15.2613 33.0159 17.5154 -2.9723 15.5003 12.7238 -0.0000 0.0000 0.0000 -67.9910 -21.4648 72.4159 59.1440 -56.0775 -33.6298 -0.0000 0.0000 -1.6055 14.7623 -16.1570 -4.1938 -7.1250 0.0000 -0.0000 -8.6710 13.4393 6.4947 -0.0000 0.0000 0.0000 -22.9125 59.3862 -52.3832 -148.9971 41.7376 -107.9283 0.0000 -0.0000 -69.0500 -4.5685 -22.3725 1.7420 7.1250 -0.0000 -0.0000 24.2343 -50.7687 -3.6285
-8.2989 14.3398 0.9074 129.4900 82.0394 -214.8080 0.0000 0.0000 0.0000 -9.1116 -6.3878 -57.8800 12.6416 18.6489 68.0087 1.2648 -6.8488 -20.0986 0.4172 -4.1460 -11.4878 0.0000 0.0000 0.0000 -6.1638 -11.9863 -48.2356 -11.7029 -18.2622 65.0440 -1.8796 -0.0123 -25.9645 -1.2534 7.0977 -20.0051 -5.8023 3.4208 27.0338 -3.5540 3.6010 9.0933 -1.7095 2.1339 -4.8322 22.4413 22.9860 -3.5331 -15.3051 32.8068 17.0678 -3.1555 15.4799 12.4366 0.0000 0.0000 0.0000 -68.1072 -21.8665 72.2033 59.2265 -56.1003 -33.6983 -0.0000 0.0000 -1.6665 15.3666 -16.0455 -4.3439 -7.1250 0.0000 -0.0000 -8.2654 13.4964 6.1740 0.0000 0.0000 0.0000 -26.2661 59.4504 -55.4973 -148.4437 42.1906 -107.5582 0.0000 -0.0000 -72.8076 -4.0495 -23.7753 1.6348 7.1250 -0.0000 -0.0000 25.4985 -51.9536 -4.6139
-8.3093 14.3218 0.9126 129.9000 82.2898 -214.1440 0.0000 0.0000 0.0000 -8.8262 -6.1717 -58.4356 12.7405 18.6864 68.3174 1.2706 -6.7129 -20.1479 0.3916 -4.0180 -11.1274 0.0000 0.0000 0.0000 -5.9762 -11.5964 -48.6704 -11.7776 -18.2950 65.2821 -1.8696 -0.4356 -26.0372 -1.2570 7.1074 -20.0340 -5.8272 3.5109 26.6452 -3.4734 3.7453 9.1503 -1.6220 2.1961 -4.5919 23.2107 22.9332 -3.4694 -14.1502 32.5580 18.0509 -2.9070 15.4557 12.6469 -0.0000 0.0000 0.0000 -68.1554 -22.1340 72.1366 59.1289 -56.0733 -33.6173 -0.0000 0.0000 -1.7746 15.2133 -15.8882 -4.2577 -7.1250 0.0000 -0.0000 -8.3655 13.6709 6.2193 -0.0000 0.0000 0.0000 -30.3117 59.5683 -59.8711 -146.7337 43.5337 -106.3949 0.0000 -0.0000 -73.9781 2.7277 -24.3050 -1.1234 7.1250 -0.0000 -0.0000 32.0314 -51.2984 -5.4435
-8.3079 14.3198 0.9215 132.0980 82.2013 -212.0620 0.0000 0.0000 0.0000 -8.6275 -6.2781 -58.4427 12.7553 18.6920 68.3638 1.2581 -7.0417 -20.0435 0.4068 -4.0945 -11.3426 0.0000 0.0000 0.0000 -5.7930 -11.6985 -48.5451 -11.8163 -18.3119 65.4053 -1.8832 -0.5525 -26.1725 -1.2726 7.1499 -20.1602 -6.0251 3.4702 26.6953 -3.1497 3.6700 9.2412 -1.1317 2.1517 -4.5449 23.7011 22.8879 -3.4361 -13.0155 32.3871 19.2350 -2.6072 15.4544 12.9207 0.0000 0.0000 0.0000 -68.5953 -22.3379 72.0810 58.7648 -55.9717 -33.3154 -0.0000 0.0000 -1.7144 15.1732 -15.7151 -4.2010 -7.1250 0.0000 -0.0000 -8.3898 13.8509 6.2056 0.0000 0.0000 0.0000 -34.4921 59.7889 -63.9005 -145.0361 44.7863 -105.2121 0.0000 -0.0000 -75.0361 9.1961 -24.4773 -3.8376 7.1250 -0.0000 -0.0000 37.8336 -50.3943 -5.7529
-8.3156 14.3037 0.9270 133.2450 82.1283 -210.8710 0.0000 0.0000 0.0000 -8.4523 -6.4640 -58.5947 12.7764 18.6999 68.4295 1.2497 -7.1643 -19.9751 0.3866 -3.9930 -11.0570 0.0000 0.0000 0.0000 -5.6963 -11.8182 -48.6736 -11.8671 -18.3339 65.5670 -1.9103 -0.2321 -26.2499 -1.2302 7.0342 -19.8166 -6.1911 3.5038 26.6145 -2.8435 3.7050 9.3357 -0.7041 2.1588 -4.4304 23.9283 22.6320 -3.2628 -12.6576 32.0092 19.6203 -2.6294 15.3332 12.9386 0.0000 0.0000 0.0000 -68.9144 -22.5470 72.2882 58.7141 -55.9574 -33.2733 -0.0000 0.0000 -1.7400 15.2182 -15.7747 -4.2296 -7.1250 0.0000 -0.0000 -8.3605 13.7861 6.1950 0.0000 0.0000 0.0000 -38.1688 59.6248 -67.3650 -143.2743 46.0058 -103.9576 0.0000 -0.0000 -76.1428 12.8950 -25.1397 -5.5551 7.1250 -0.0000 -0.0000 41.4398 -50.3253 -6.4093
-8.3223 14.2992 0.9273 133.3110 82.0496 -210.8300 0.0000 0.0000 0.0000 -8.4732 -6.5817 -58.6081 12.8065 18.7112 68.5233 1.2513 -7.1756 -19.9886 0.3781 -3.9491 -10.9336 0.0000 0.0000 0.0000 -5.7679 -11.9460 -48.7418 -11.9026 -18.3492 65.6799 -1.9014 -0.2773 -26.2035 -1.2508 7.0906 -19.9839 -6.3338 3.5022 26.8751 -2.6475 3.6427 9.2542 -0.4102 2.1239 -4.6637 23.5631 22.6335 -4.0134 -11.6039 31.8377 20.8138 -2.1945 15.2476 13.2333 0.0000 -0.0000 0.0000 -69.0881 -22.4397 72.4891 58.7184 -55.9586 -33.2769 -0.0000 0.0000 -1.8465 15.0749 -15.8482 -4.2069 -7.1250 0.0000 -0.0000 -8.4576 13.7245 6.2797 0.0000 -0.0000 0.0000 -40.9541 59.6635 -69.8436 -141.5736 47.1095 -102.7227 0.0000 -0.0000 -77.4632 18.0042 -25.6633 -8.0119 7.1250 -0.0000 -0.0000 46.0127 -49.8928 -6.8519
-8.3332 14.2961 0.9222 133.0140 82.1892 -211.0120 0.0000 0.0000 0.0000 -8.3900 -6.5873 -58.9188 12.8482 18.7267 68.6533 1.2573 -6.8284 -20.0386 0.4751 -4.4203 -12.2622 0.0000 0.0000 0.0000 -5.6934 -11.9241 -49.0332 -11.9104 -18.3525 65.7044 -1.8791 -0.3172 -26.0631 -1.2655 7.1307 -20.1031 -6.3118 3.5222 26.8604 -2.6024 3.6559 9.1528 -0.3809 2.1260 -4.7735 24.1100 22.4112 -3.3908 -11.4594 31.5845 20.9246 -2.3287 15.2185 13.1890 -0.0000 0.0000 0.0000 -69.0794 -22.3403 72.7056 58.7079 -55.9557 -33.2682 -0.0000 0.0000 -1.8089 15.2624 -16.0690 -4.3192 -7.1250 0.0000 -0.0000 -8.3354 13.4822 6.2301 -0.0000 0.0000 0.0000 -43.0203 59.6955 -71.6256 -140.0316 48.0511 -101.5843 0.0000 -0.0000 -78.3130 22.1725 -27.0100 -10.4856 7.1250 -0.0000 -0.0000 50.3619 -50.1916 -8.3208
-8.3430 14.2907 0.9211 132.9330 82.3104 -211.0410 0.0000 0.0000 0.0000 -8.2993 -6.5276 -59.0131 12.8713 18.7352 68.7254 1.2511 -6.8215 -19.9880 0.4419 -4.2654 -11.8244 0.0000 0.0000 0.0000 -5.6088 -11.8537 -49.2049 -11.9195 -18.3564 65.7333 -1.8529 -0.4347 -25.9208 -1.2750 7.1563 -20.1794 -6.3787 3.5184 26.7398 -2.5210 3.6608 9.2487 -0.2439 2.1246 -4.6171 24.5165 22.2997 -3.0797 -11.6149 31.4730 20.8386 -2.4767 15.2005 13.1838 0.0000 0.0000 0.0000 -69.0566 -22.5498 72.7483 58.4108 -55.8714 -33.0222 -0.0000 0.0000 -1.5993 15.5794 -16.0496 -4.4079 -7.1250 0.0000 -0.0000 -8.1230 13.4721 6.0697 0.0000 0.0000 0.0000 -44.7286 59.9863 -72.3673 -138.9624 48.6728 -100.7852 0.0000 -0.0000 -79.4997 22.5188 -26.9386 -10.6378 7.1250 -0.0000 -0.0000 50.5669 -50.0810 -8.2069
-8.3781 14.2844 0.9326 134.9720 81.8057 -208.7350 0.0000 0.0000 0.0000 -8.2612 -7.1652 -59.5348 12.8358 18.7221 68.6148 1.2340 -6.0769 -19.8686 0.5659 -4.8182 -13.3907 0.0000 0.0000 0.0000 -5.5879 -12.3871 -49.5937 -11.9177 -18.3557 65.7279 -1.8632 -0.2867 -25.9421 -1.3140 7.2607 -20.4902 -6.3119 3.1547 26.4731 -2.4907 3.2944 9.5602 -0.1082 1.9503 -4.1247 24.0813 22.6925 -3.6914 -11.7060 31.8638 20.4878 -2.3007 15.3007 13.1626 -0.0000 0.0000 0.0000 -68.8370 -23.2299 72.4021 58.4183 -55.8735 -33.0283 -0.0000 0.0000 -1.9661 15.9175 -16.2308 -4.5575 -7.1250 0.0000 -0.0000 -7.9007 13.2545 5.9367 -0.0000 0.0000 0.0000 -46.6099 59.8130 -73.4829 -136.9958 49.7524 -99.2961 0.0000 -0.0000 -80.0708 24.8269 -26.0063 -11.4669 7.1250 -0.0000 -0.0000 51.5162 -49.0193 -6.7796
-8.3620 14.3033 0.9129 132.9500 82.4259 -211.1540 0.0000 0.0000 0.0000 -8.2395 -6.6164 -58.9683 12.8167 18.7150 68.5552 1.2661 -6.1811 -20.1275 0.5717 -4.8423 -13.4594 0.0000 0.0000 0.0000 -5.4976 -11.9138 -49.1013 -11.7982 -18.3040 65.3476 -1.8220 -0.4326 -25.7029 -1.3632 7.3898 -20.8756 -6.1598 3.4106 26.5300 -2.4855 3.6562 9.6222 -0.2973 2.1270 -4.0923 23.7728 22.5611 -3.4057 -11.5771 31.6255 19.9658 -2.3615 15.2294 12.7754 -0.0000 0.0000 0.0000 -68.9362 -23.2164 72.8367 58.3444 -55.8524 -32.9672 -0.0000 0.0000 -2.0531 16.2216 -16.0664 -4.6033 -7.1250 0.0000 -0.0000 -7.6937 13.3930 5.7556 -0.0000 0.0000 0.0000 -45.6392 59.9377 -71.5189 -135.2219 50.6593 -97.9330 0.0000 -0.0000 -80.2501 18.9051 -27.9372 -9.1155 7.1250 -0.0000 -0.0000 48.5770 -51.4311 -9.6177
-8.3533 14.3085 0.9120 134.8730 82.5656 -209.2930 0.0000 0.0000 0.0000 -7.9345 -6.5135 -58.8623 12.8667 18.7335 68.7111 1.2755 -6.5595 -20.1913 0.4973 -4.5212 -12.5479 0.0000 0.0000 0.0000 -5.1812 -11.8497 -48.8965 -11.7769 -18.2947 65.2799 -1.8577 -0.3160 -25.9132 -1.3558 7.3706 -20.8180 -5.5991 3.3650 26.4481 -2.6504 3.7229 9.5682 -0.8103 2.1694 -4.0816 24.2048 22.4132 -3.0535 -11.5072 31.4069 19.7833 -2.4781 15.1900 12.6619 0.0000 -0.0000 0.0000 -68.7223 -23.0547 72.7626 58.4858 -55.8928 -33.0843 -0.0000 0.0000 -1.9403 16.0270 -16.0029 -4.5279 -7.1250 0.0000 -0.0000 -7.8226 13.4768 5.8399 0.0000 -0.0000 0.0000 -44.0061 60.0360 -69.7569 -133.8744 51.3082 -96.8860 0.0000 -0.0000 -79.5394 16.3149 -28.0525 -7.8377 7.1250 -0.0000 -0.0000 46.5647 -51.9736 -9.7490
