HIERARCHY
ROOT Hips
{
	OFFSET 0.00000 0.00000 0.00000
	CHANNELS 6 Xposition Yposition Zposition Zrotation Yrotation Xrotation 
	JOINT LHipJoint
	{
		OFFSET 0 0 0
		CHANNELS 3 Zrotation Yrotation Xrotation
		JOINT LeftUpLeg
		{
			OFFSET 1.57338 -1.94743 0.52196
			CHANNELS 3 Zrotation Yrotation Xrotation
			JOINT LeftLeg
			{
				OFFSET 2.60333 -7.15259 0.00000
				CHANNELS 3 Zrotation Yrotation Xrotation
				JOINT LeftFoot
				{
					OFFSET 2.77855 -7.63400 0.00000
					CHANNELS 3 Zrotation Yrotation Xrotation
					JOINT LeftToeBase
					{
						OFFSET 0.19847 -0.54529 2.28466
						CHANNELS 3 Zrotation Yrotation Xrotation
						End Site
						{
							OFFSET 0.00000 -0.00000 1.17993
						}
					}
				}
			}
		}
	}
	JOINT RHipJoint
	{
		OFFSET 0 0 0
		CHANNELS 3 Zrotation Yrotation Xrotation
		JOINT RightUpLeg
		{
			OFFSET -1.61527 -1.94743 0.52196
			CHANNELS 3 Zrotation Yrotation Xrotation
			JOINT RightLeg
			{
				OFFSET -2.53829 -6.97390 0.00000
				CHANNELS 3 Zrotation Yrotation Xrotation
				JOINT RightFoot
				{
					OFFSET -2.80762 -7.71387 0.00000
					CHANNELS 3 Zrotation Yrotation Xrotation
					JOINT RightToeBase
					{
						OFFSET -0.30536 -0.83898 2.28801
						CHANNELS 3 Zrotation Yrotation Xrotation
						End Site
						{
							OFFSET -0.00000 -0.00000 1.21323
						}
					}
				}
			}
		}
	}
	JOINT LowerBack
	{
		OFFSET 0 0 0
		CHANNELS 3 Zrotation Yrotation Xrotation
		JOINT Spine
		{
			OFFSET -0.04381 1.99497 -0.19778
			CHANNELS 3 Zrotation Yrotation Xrotation
			JOINT Spine1
			{
				OFFSET -0.01959 2.01295 -0.04372
				CHANNELS 3 Zrotation Yrotation Xrotation
				JOINT Neck
				{
					OFFSET 0 0 0
					CHANNELS 3 Zrotation Yrotation Xrotation
					JOINT Neck1
					{
						OFFSET -0.05459 1.76913 0.09708
						CHANNELS 3 Zrotation Yrotation Xrotation
						JOINT Head
						{
							OFFSET 0.09461 1.77368 -0.11172
							CHANNELS 3 Zrotation Yrotation Xrotation
							End Site
							{
								OFFSET 0.03812 1.78157 -0.04834
							}
						}
					}
				}
				JOINT LeftShoulder
				{
					OFFSET 0 0 0
					CHANNELS 3 Zrotation Yrotation Xrotation
					JOINT LeftArm
					{
						OFFSET 3.50922 1.24034 -0.28866
						CHANNELS 3 Zrotation Yrotation Xrotation
						JOINT LeftForeArm
						{
							OFFSET 5.40188 -0.00000 0.00000
							CHANNELS 3 Zrotation Yrotation Xrotation
							JOINT LeftHand
							{
								OFFSET 3.68559 -0.00000 0.00000
								CHANNELS 3 Zrotation Yrotation Xrotation
								JOINT LeftFingerBase
								{
									OFFSET 0 0 0
									CHANNELS 3 Zrotation Yrotation Xrotation
									JOINT LeftHandIndex1
									{
										OFFSET 0.61753 -0.00000 0.00000
										CHANNELS 3 Zrotation Yrotation Xrotation
										End Site
										{
											OFFSET 0.49787 -0.00000 0.00000
										}
									}
								}
								JOINT LThumb
								{
									OFFSET 0 0 0
									CHANNELS 3 Zrotation Yrotation Xrotation
									End Site
									{
										OFFSET 0.50547 -0.00000 0.50547
									}
								}
							}
						}
					}
				}
				JOINT RightShoulder
				{
					OFFSET 0 0 0
					CHANNELS 3 Zrotation Yrotation Xrotation
					JOINT RightArm
					{
						OFFSET -2.95373 1.39649 -0.27346
						CHANNELS 3 Zrotation Yrotation Xrotation
						JOINT RightForeArm
						{
							OFFSET -6.10670 -0.00000 -0.00000
							CHANNELS 3 Zrotation Yrotation Xrotation
							JOINT RightHand
							{
								OFFSET -3.63052 -0.00000 0.00000
								CHANNELS 3 Zrotation Yrotation Xrotation
								JOINT RightFingerBase
								{
									OFFSET 0 0 0
									CHANNELS 3 Zrotation Yrotation Xrotation
									JOINT RightHandIndex1
									{
										OFFSET -0.58385 -0.00000 0.00000
										CHANNELS 3 Zrotation Yrotation Xrotation
										End Site
										{
											OFFSET -0.47071 -0.00000 0.00000
										}
									}
								}
								JOINT RThumb
								{
									OFFSET 0 0 0
									CHANNELS 3 Zrotation Yrotation Xrotation
									End Site
									{
										OFFSET -0.47790 -0.00000 0.47790
									}
								}
							}
						}
					}
				}
			}
		}
	}
}
MOTION
Frames: 146
Frame Time: 0.0166667
0.3210 18.9189 -13.1335 0.0000 0.0000 0.0000 0.0000 0.0000 0.0000 -21.0000 0.0000 0.0000 0.0000 0.0000 0.0000 0.0000 0.0000 0.0000 0.0000 0.0000 0.0000 0.0000 0.0000 0.0000 21.0000 0.0000 0.0000 0.0000 0.0000 0.0000 0.0000 0.0000 0.0000 0.0000 0.0000 0.0000 0.0000 0.0000 0.0000 0.0000 0.0000 0.0000 0.0000 0.0000 0.0000 0.0000 0.0000 -16.0000 0.0000 0.0000 21.0000 0.0000 0.0000 11.0000 0.0000 0.0000 0.0000 -8.0000 0.0000 0.0000 0.0000 0.0000 0.0000 0.0000 0.0000 0.0000 0.0000 0.0000 0.0000 0.0000 0.0000 0.0000 0.0000 0.0000 0.0000 0.0000 0.0000 0.0000 8.0000 0.0000 0.0000 0.0000 0.0000 0.0000 0.0000 0.0000 0.0000 0.0000 0.0000 0.0000 0.0000 0.0000 0.0000 0.0000 0.0000 0.0000
0.7096 18.5503 -13.9889 1.9716 -7.1968 13.5947 0.0000 0.0000 0.0000 -19.5991 -9.8322 -25.4820 2.8320 10.4180 30.3412 0.7613 5.0530 -19.0771 0.1784 -2.7207 -7.5021 0.0000 0.0000 0.0000 9.2515 31.4219 -22.0703 -3.1990 -11.0104 32.3148 -0.5649 -11.9030 -23.0623 -0.0121 0.7109 -1.9536 -2.5447 0.6550 14.8821 -1.3311 0.3557 1.9513 -0.0398 0.2157 -6.2816 -8.0962 -2.3186 -11.9584 8.6131 -2.4990 4.1127 3.7961 -0.9772 3.3786 0.0000 0.0000 0.0000 -85.6507 -3.9189 16.1811 14.8444 -23.9289 -3.1626 -0.0000 -0.0000 0.5443 21.4172 23.0120 8.7176 -7.1250 0.0000 -0.0000 -8.1170 54.3207 -1.8685 0.0000 0.0000 0.0000 81.0888 3.2998 28.5703 -18.6808 29.0201 -4.8750 0.0000 0.0000 13.7243 -23.8969 0.2561 -0.1135 7.1250 -0.0000 -0.0000 2.0976 -29.6965 0.7834
0.7232 18.5212 -14.0205 2.1559 -6.8713 13.9820 0.0000 0.0000 0.0000 -19.6695 -10.0606 -26.5370 2.9825 10.6667 31.1640 0.7889 4.5449 -19.0279 0.1965 -2.8543 -7.8735 0.0000 0.0000 0.0000 8.6206 31.3818 -23.2809 -3.3807 -11.2872 33.2547 -0.6176 -11.7261 -23.3532 -0.0059 0.4964 -1.3639 -2.6696 0.5922 15.5256 -1.2932 0.2345 2.1187 0.0914 0.1604 -6.4558 -7.9558 -2.3178 -11.7582 8.4314 -2.4913 3.5558 3.7164 -0.9856 3.1730 0.0000 0.0000 0.0000 -85.3958 -4.1636 16.4728 14.7283 -23.7662 -3.1156 -0.0000 -0.0000 0.9239 21.3656 23.1171 8.7319 -7.1250 0.0000 -0.0000 -8.2106 54.4191 -1.9100 0.0000 0.0000 0.0000 80.9169 3.4807 28.1141 -18.5547 28.8617 -4.8140 0.0000 0.0000 13.9014 -24.2018 0.4179 -0.1878 7.1250 -0.0000 -0.0000 1.8551 -29.5193 0.7006
0.7362 18.4874 -14.0534 2.4660 -6.4231 14.3564 0.0000 0.0000 0.0000 -19.8522 -10.3831 -27.5169 3.1095 10.8702 31.8435 0.8019 4.0696 -18.8674 0.1333 -2.3530 -6.4824 0.0000 0.0000 0.0000 7.8715 31.2927 -24.4500 -3.5641 -11.5565 34.1806 -0.6739 -11.6156 -23.7372 -0.0026 0.3276 -0.9001 -2.8222 0.4755 16.2692 -1.2781 0.0290 2.2036 0.2331 0.0670 -6.7690 -7.9787 -2.2828 -11.7435 8.4080 -2.4335 3.4206 3.7165 -0.9592 3.1249 0.0000 0.0000 0.0000 -85.1606 -4.2651 16.5581 14.5513 -23.5173 -3.0446 -0.0000 -0.0000 0.7922 21.2988 22.5486 8.5026 -7.1250 0.0000 -0.0000 -8.0638 53.8200 -1.7574 0.0000 0.0000 0.0000 80.7278 3.4484 27.8621 -18.6046 28.9244 -4.8381 0.0000 0.0000 13.5620 -24.3664 -0.6566 0.2974 7.1250 -0.0000 -0.0000 1.7474 -30.6980 0.6107
0.7492 18.4541 -14.0674 2.6621 -6.0472 14.6503 0.0000 0.0000 0.0000 -19.9772 -10.5575 -28.3447 3.2408 11.0750 32.5332 0.8214 3.5965 -18.7890 0.1210 -2.2421 -6.1752 0.0000 0.0000 0.0000 7.3548 31.1676 -25.3713 -3.7364 -11.8011 35.0319 -0.7458 -11.4007 -24.1453 -0.0029 0.3449 -0.9476 -2.8780 0.4253 16.7881 -1.2087 -0.0592 2.3238 0.3567 0.0274 -6.9220 -8.1589 -2.3114 -11.4699 8.5015 -2.4585 3.1741 3.7741 -0.9768 3.0125 0.0000 -0.0000 0.0000 -85.0123 -4.0896 16.9194 14.5302 -23.4877 -3.0362 -0.0000 -0.0000 0.5784 22.0385 22.4940 8.8037 -7.1250 0.0000 -0.0000 -7.2858 53.9051 -1.6015 0.0000 -0.0000 0.0000 80.5239 3.3095 27.4169 -18.5454 28.8498 -4.8095 0.0000 0.0000 13.1268 -24.5086 -0.5243 0.2390 7.1250 -0.0000 -0.0000 1.6316 -30.5538 0.5759
0.7637 18.4261 -14.0781 2.6980 -5.8217 14.9860 0.0000 0.0000 0.0000 -19.8845 -10.9560 -29.0654 3.3592 11.2550 33.1447 0.8409 3.4027 -18.8759 0.0758 -1.7763 -4.8878 0.0000 0.0000 0.0000 6.9883 31.0811 -26.2901 -3.8826 -12.0025 35.7407 -0.7822 -11.2076 -24.2699 -0.0053 0.4711 -1.2944 -2.7733 0.3707 17.3195 -1.1896 -0.1290 2.4146 0.3324 -0.0073 -7.1132 -8.1640 -2.3167 -11.3882 8.5238 -2.4637 3.0039 3.7816 -0.9808 2.9492 -0.0000 -0.0000 0.0000 -84.7334 -3.7727 17.0220 14.4955 -23.4387 -3.0224 -0.0000 -0.0000 0.2873 22.2710 22.4420 8.8857 -7.1250 0.0000 -0.0000 -7.0283 53.8957 -1.5429 -0.0000 -0.0000 0.0000 80.5212 3.1089 26.7514 -18.3622 28.6184 -4.7214 0.0000 0.0000 13.2103 -25.0886 0.2037 -0.0954 7.1250 -0.0000 -0.0000 1.1616 -29.7538 0.4321
0.7755 18.4012 -14.0783 2.9179 -5.6768 15.2882 0.0000 0.0000 0.0000 -20.0265 -11.3209 -29.6267 3.4527 11.3941 33.6208 0.8614 3.2831 -19.0152 0.0752 -1.7695 -4.8690 0.0000 0.0000 0.0000 6.4552 30.9832 -27.1356 -4.0206 -12.1877 36.3994 -0.8201 -11.0901 -24.4777 -0.0114 0.6904 -1.8972 -2.8247 0.3669 17.7606 -1.2501 -0.1627 2.5293 0.3040 -0.0226 -7.2294 -8.0681 -2.3394 -11.3321 8.5103 -2.4992 2.7682 3.7594 -0.9998 2.8711 0.0000 -0.0000 0.0000 -84.4361 -3.5706 17.0074 14.2939 -23.1533 -2.9427 -0.0000 -0.0000 0.1274 22.8726 21.8756 8.9327 -7.1250 0.0000 -0.0000 -6.2165 53.4195 -1.2912 0.0000 -0.0000 0.0000 80.5433 2.7989 26.2343 -18.2290 28.4494 -4.6578 0.0000 0.0000 12.8162 -25.4507 0.3217 -0.1531 7.1250 -0.0000 -0.0000 0.8758 -29.6230 0.3285
0.7848 18.3790 -14.0731 3.1799 -5.6349 15.5395 0.0000 0.0000 0.0000 -20.2612 -11.5286 -30.0601 3.5148 11.4851 33.9341 0.8757 3.1650 -19.0928 0.0725 -1.7367 -4.7785 0.0000 0.0000 0.0000 5.9268 30.8484 -27.9158 -4.1634 -12.3747 37.0706 -0.8619 -10.8938 -24.6443 -0.0126 0.7251 -1.9928 -2.9565 0.4032 18.2193 -1.3239 -0.1653 2.5359 0.2989 -0.0186 -7.4721 -8.2771 -2.3479 -11.0363 8.7686 -2.5068 2.5498 3.8744 -1.0031 2.7659 0.0000 0.0000 0.0000 -84.1476 -2.8455 16.8755 14.2716 -23.1216 -2.9339 -0.0000 -0.0000 0.0847 22.4006 21.6734 8.6554 -7.1250 0.0000 -0.0000 -6.6313 53.1195 -1.3292 0.0000 0.0000 0.0000 80.5034 2.1508 26.0105 -18.2280 28.4481 -4.6573 0.0000 0.0000 12.3700 -25.6662 -0.0740 0.0355 7.1250 -0.0000 -0.0000 0.7093 -30.0614 0.2586
0.7947 18.3609 -14.0695 3.5685 -5.3742 15.8916 0.0000 0.0000 0.0000 -20.5957 -11.8803 -30.5294 3.5548 11.5431 34.1342 0.8772 3.0051 -19.0223 0.0750 -1.7663 -4.8602 0.0000 0.0000 0.0000 5.2644 30.4387 -28.8005 -4.2916 -12.5387 37.6652 -0.8929 -10.7110 -24.7340 -0.0126 0.7239 -1.9893 -3.1554 0.3772 18.6240 -1.3893 -0.2590 2.6044 0.3637 -0.0575 -7.6151 -8.2562 -2.4023 -11.0608 8.7662 -2.5707 2.3534 3.8661 -1.0350 2.7162 -0.0000 -0.0000 0.0000 -83.9231 -2.2511 16.5809 14.0930 -22.8675 -2.8642 -0.0000 -0.0000 0.3293 22.4481 21.6633 8.6717 -7.1250 0.0000 -0.0000 -6.5795 53.1177 -1.3184 -0.0000 -0.0000 0.0000 80.4263 1.5393 25.7734 -18.2043 28.4179 -4.6460 0.0000 0.0000 11.8498 -25.9283 0.3028 -0.1472 7.1250 -0.0000 -0.0000 0.5007 -29.6428 0.1875
0.8043 18.3500 -14.0439 3.6714 -5.4938 16.2935 0.0000 0.0000 0.0000 -20.6891 -12.0018 -30.9585 3.5827 11.5834 34.2735 0.8903 3.0268 -19.1635 0.0782 -1.8043 -4.9651 0.0000 0.0000 0.0000 4.8495 30.3472 -29.5206 -4.3681 -12.6347 38.0161 -0.9155 -10.4795 -24.7143 -0.0105 0.6612 -1.8169 -3.2306 0.4845 18.7635 -1.4613 -0.1432 2.7086 0.3004 -0.0022 -7.5810 -8.0502 -2.4330 -11.3439 8.7780 -2.6157 2.2392 3.8320 -1.0489 2.7290 -0.0000 0.0000 0.0000 -83.6515 -1.5158 16.0907 13.8029 -22.4522 -2.7524 -0.0000 -0.0000 0.4326 23.3125 20.8786 8.7311 -7.1250 0.0000 -0.0000 -5.4531 52.4540 -1.0029 -0.0000 0.0000 0.0000 80.4895 0.9279 25.4735 -18.0532 28.2252 -4.5744 0.0000 0.0000 11.5682 -25.8563 -0.6259 0.3033 7.1250 -0.0000 -0.0000 0.5642 -30.6750 0.1974
0.8122 18.3459 -14.0180 3.7546 -5.4782 16.7087 0.0000 0.0000 0.0000 -20.7154 -12.2403 -31.3337 3.5946 11.6004 34.3327 0.9049 3.0130 -19.2986 0.0753 -1.7699 -4.8701 0.0000 0.0000 0.0000 4.5069 30.1760 -30.1150 -4.4034 -12.6787 38.1774 -0.9322 -10.3143 -24.7073 -0.0155 0.8029 -2.2065 -3.3566 0.5592 19.0813 -1.3724 -0.0786 2.6949 0.4502 0.0360 -7.7699 -8.1129 -2.4657 -11.4841 8.6576 -2.6264 2.0948 3.8037 -1.0570 2.7074 0.0000 0.0000 0.0000 -83.5598 -0.4835 15.7367 13.3779 -21.8384 -2.5922 -0.0000 -0.0000 0.3753 24.0443 20.4846 8.8742 -7.1250 0.0000 -0.0000 -4.5969 52.1706 -0.8129 0.0000 0.0000 0.0000 80.2456 0.0349 25.5470 -18.0384 28.2063 -4.5674 0.0000 0.0000 10.7123 -27.0417 1.3949 -0.7119 7.1250 -0.0000 -0.0000 -0.3633 -28.4137 -0.1467
0.8191 18.3447 -13.9828 3.8035 -5.5301 17.1591 0.0000 0.0000 0.0000 -20.7932 -12.0884 -31.8146 3.6018 11.6108 34.3685 0.9153 2.7559 -19.2673 0.0756 -1.7741 -4.8816 0.0000 0.0000 0.0000 4.2001 30.0315 -30.6582 -4.4286 -12.7099 38.2922 -0.9528 -10.1141 -24.7034 -0.0114 0.6901 -1.8965 -3.3972 0.6013 19.2715 -1.3903 -0.0430 2.6845 0.4438 0.0555 -7.8855 -8.1483 -2.4970 -11.5337 8.8061 -2.6556 1.8465 3.8536 -1.0662 2.6468 0.0000 -0.0000 0.0000 -83.3161 0.6949 14.8163 12.8800 -21.1111 -2.4099 -0.0000 -0.0000 0.8834 24.6239 19.8519 8.8469 -7.1250 0.0000 -0.0000 -3.8405 51.6011 -0.6251 0.0000 -0.0000 0.0000 80.1660 -1.2282 25.6594 -17.9781 28.1292 -4.5389 0.0000 0.0000 10.6279 -27.1095 0.9736 -0.4984 7.1250 -0.0000 -0.0000 -0.4214 -28.8858 -0.1654
0.8248 18.3393 -13.9509 3.8177 -5.6736 17.5915 0.0000 0.0000 0.0000 -20.7976 -11.9856 -32.2719 3.6214 11.6388 34.4660 0.9370 2.4483 -19.3243 0.1216 -2.2480 -6.1915 0.0000 0.0000 0.0000 3.9156 29.9670 -31.2408 -4.4552 -12.7427 38.4128 -0.9708 -9.8966 -24.6657 -0.0172 0.8472 -2.3285 -3.4556 0.6818 19.5078 -1.3636 0.0418 2.7195 0.4830 0.0989 -7.9782 -8.1821 -2.5115 -11.7052 8.7981 -2.6367 1.4433 3.8573 -1.0552 2.5519 0.0000 -0.0000 0.0000 -83.2367 1.9647 13.4651 12.4262 -20.4407 -2.2489 -0.0000 -0.0000 1.7712 24.6214 20.2978 9.0333 -7.1250 0.0000 -0.0000 -3.9608 52.0766 -0.6910 0.0000 -0.0000 0.0000 79.9656 -2.1554 25.7233 -17.5982 27.6397 -4.3613 0.0000 0.0000 10.6160 -27.0423 0.9525 -0.4862 7.1250 -0.0000 -0.0000 -0.3692 -28.9103 -0.1447
0.8247 18.3311 -13.9239 3.7615 -5.4007 18.4994 0.0000 0.0000 0.0000 -20.5676 -12.0730 -33.3732 3.6720 11.7107 34.7161 0.9430 1.9334 -19.1383 0.1625 -2.5971 -7.1590 0.0000 0.0000 0.0000 3.5275 29.7843 -32.3562 -4.4921 -12.7880 38.5799 -0.9883 -9.8681 -24.7828 -0.0269 1.0597 -2.9132 -3.3544 0.5746 19.3732 -1.2976 -0.0695 2.5399 0.5250 0.0472 -8.0976 -8.0096 -2.4590 -11.6475 8.6378 -2.5654 1.0313 3.7844 -1.0273 2.4082 -0.0000 -0.0000 0.0000 -82.9715 3.5947 12.5136 11.9290 -19.6981 -2.0783 -0.0000 -0.0000 2.3537 25.0254 20.0586 9.0970 -7.1250 0.0000 -0.0000 -3.4884 51.8943 -0.5928 -0.0000 -0.0000 0.0000 79.8319 -3.2970 25.8370 -17.1352 27.0356 -4.1486 0.0000 0.0000 10.6990 -27.5191 0.6699 -0.3490 7.1250 -0.0000 -0.0000 -0.7450 -29.2240 -0.2865
0.8263 18.3198 -13.8856 3.6759 -5.2958 19.0426 0.0000 0.0000 0.0000 -20.3943 -12.0898 -34.0576 3.7393 11.8051 35.0460 0.9572 1.6655 -19.1543 0.1716 -2.6686 -7.3574 0.0000 0.0000 0.0000 3.3646 29.7202 -32.9679 -4.5256 -12.8288 38.7308 -1.0246 -9.7752 -24.9974 -0.0314 1.1443 -3.1458 -3.1860 0.5106 19.4762 -1.3060 -0.1225 2.5615 0.4337 0.0168 -8.1287 -7.8689 -2.4380 -11.9708 8.6041 -2.5197 0.7592 3.7527 -0.9990 2.3718 -0.0000 0.0000 0.0000 -82.6051 5.0474 11.2626 11.3522 -18.8260 -1.8880 -0.0000 -0.0000 3.2841 24.7322 20.4960 9.1621 -7.1250 0.0000 -0.0000 -3.9020 52.3084 -0.7028 -0.0000 0.0000 0.0000 79.6853 -4.2371 25.9822 -16.5024 26.1971 -3.8651 0.0000 0.0000 10.7015 -27.7811 1.3400 -0.7058 7.1250 -0.0000 -0.0000 -0.9382 -28.4647 -0.3777
0.8288 18.3127 -13.8394 3.5103 -5.3444 19.4941 0.0000 0.0000 0.0000 -20.1621 -12.0894 -34.5803 3.7982 11.8869 35.3329 0.9821 1.4914 -19.3170 0.1825 -2.7518 -7.5885 0.0000 0.0000 0.0000 3.3180 29.7695 -33.4466 -4.5592 -12.8695 38.8820 -1.0559 -9.5904 -25.0957 -0.0323 1.1602 -3.1897 -3.0835 0.5141 19.5852 -1.2633 -0.0957 2.6310 0.4148 0.0263 -8.1128 -7.7493 -2.4391 -12.1370 8.5365 -2.4973 0.2235 3.7137 -0.9886 2.2332 0.0000 0.0000 0.0000 -82.3704 6.5785 9.7592 10.8284 -18.0248 -1.7225 -0.0000 -0.0000 4.4627 24.5131 21.0434 9.2990 -7.1250 0.0000 -0.0000 -4.2788 52.8506 -0.8277 0.0000 0.0000 0.0000 79.5133 -5.3655 26.2718 -16.0610 25.6033 -3.6723 0.0000 0.0000 10.0750 -28.4939 2.1036 -1.1415 7.1250 -0.0000 -0.0000 -1.4700 -27.5857 -0.6223
0.8299 18.2989 -13.7937 3.5793 -5.3132 19.7731 0.0000 0.0000 0.0000 -20.2264 -12.0948 -34.9497 3.8630 11.9758 35.6464 0.9894 1.3700 -19.3341 0.2083 -2.9382 -8.1068 0.0000 0.0000 0.0000 3.1064 29.6953 -33.7926 -4.6168 -12.9388 39.1397 -1.1137 -9.3418 -25.3517 -0.0289 1.0975 -3.0172 -3.0915 0.5435 20.0283 -1.2864 -0.0787 2.6934 0.3883 0.0358 -8.2852 -7.7071 -2.5114 -12.2923 8.4770 -2.5653 -0.2238 3.6847 -1.0232 2.1276 0.0000 0.0000 0.0000 -82.1153 8.0569 8.0479 10.2507 -17.1308 -1.5480 -0.0000 -0.0000 5.9942 24.6451 20.4495 9.1066 -7.1250 0.0000 -0.0000 -3.9778 52.2427 -0.7101 0.0000 0.0000 0.0000 79.4321 -6.4523 25.6354 -15.4988 24.8364 -3.4327 0.0000 0.0000 10.7119 -28.0173 2.1168 -1.1260 7.1250 -0.0000 -0.0000 -1.1029 -27.5817 -0.4670
0.8297 18.2815 -13.7482 3.6287 -5.3225 20.0881 0.0000 0.0000 0.0000 -20.2298 -12.1615 -35.4216 3.9503 12.0939 36.0651 1.0107 1.2273 -19.4757 0.2098 -2.9491 -8.1371 0.0000 0.0000 0.0000 2.8791 29.7515 -34.2173 -4.7071 -13.0462 39.5415 -1.1591 -9.3265 -25.6913 -0.0340 1.1909 -3.2742 -3.1333 0.5877 20.3715 -1.3237 -0.0464 2.7766 0.3619 0.0523 -8.3805 -7.8301 -2.5634 -12.3479 8.7621 -2.5933 -0.8299 3.7925 -1.0302 1.9651 0.0000 -0.0000 0.0000 -81.8338 9.4397 6.1013 9.6914 -16.2553 -1.3873 -0.0000 -0.0000 7.7996 25.5897 19.0370 8.8782 -7.1250 0.0000 -0.0000 -2.6713 50.8965 -0.3883 0.0000 -0.0000 0.0000 79.4205 -7.6575 24.7903 -14.8835 23.9835 -3.1784 0.0000 0.0000 12.3152 -28.5221 3.1955 -1.7352 7.1250 -0.0000 -0.0000 -1.4544 -26.3435 -0.6582
0.8261 18.2568 -13.6960 3.6416 -4.9965 20.4150 0.0000 0.0000 0.0000 -20.0893 -12.4349 -35.9019 4.0834 12.2706 36.6960 1.0573 0.8851 -19.7709 0.2055 -2.9191 -8.0535 0.0000 0.0000 0.0000 2.8437 29.4541 -34.7057 -4.8320 -13.1920 40.0917 -1.2234 -9.1386 -26.0373 -0.0355 1.2159 -3.3430 -2.9686 0.4853 20.7277 -1.3139 -0.1569 2.7915 0.3073 -0.0032 -8.5538 -7.7991 -2.5859 -12.3484 8.8107 -2.6041 -1.3169 3.8034 -1.0369 1.8215 0.0000 -0.0000 0.0000 -81.6072 11.1627 4.5071 9.3274 -15.6806 -1.2872 -0.0000 -0.0000 9.1504 23.2765 22.0950 9.1914 -7.1250 0.0000 -0.0000 -5.8743 53.7266 -1.2638 0.0000 -0.0000 0.0000 79.3970 -8.8928 24.1336 -14.2992 23.1608 -2.9448 0.0000 0.0000 12.6854 -28.9205 3.6075 -1.9910 7.1250 -0.0000 -0.0000 -1.7398 -25.8594 -0.8071
0.8250 18.2121 -13.6564 3.7601 -4.9288 20.7453 0.0000 0.0000 0.0000 -20.0767 -12.6479 -36.5958 4.2634 12.5030 37.5353 1.1148 0.4958 -20.1451 0.1776 -2.7144 -7.4845 0.0000 0.0000 0.0000 2.4923 29.3424 -35.4403 -4.9943 -13.3774 40.7981 -1.3094 -8.7548 -26.3954 -0.0298 1.1142 -3.0632 -3.0620 0.5035 21.0367 -1.3105 -0.1637 2.8990 0.3658 -0.0036 -8.6015 -7.9197 -2.6721 -12.4346 8.9363 -2.6707 -1.8886 3.8599 -1.0678 1.6744 0.0000 -0.0000 0.0000 -81.4540 12.4506 2.4703 8.8754 -14.9616 -1.1677 -0.0000 -0.0000 10.9041 22.7510 22.5584 9.1391 -7.1250 0.0000 -0.0000 -6.5749 54.1098 -1.4771 0.0000 -0.0000 0.0000 79.3385 -9.9830 23.2824 -13.7377 22.3584 -2.7275 0.0000 0.0000 13.6369 -28.8834 2.7343 -1.5075 7.1250 -0.0000 -0.0000 -1.7470 -26.8568 -0.7697
0.8149 18.1588 -13.6214 3.8048 -4.6511 21.1653 0.0000 0.0000 0.0000 -19.8379 -13.0599 -37.4558 4.4903 12.7858 38.5717 1.1805 0.0949 -20.5833 0.1606 -2.5817 -7.1163 0.0000 0.0000 0.0000 2.2152 29.1868 -36.4380 -5.2345 -13.6431 41.8262 -1.4348 -8.2564 -26.9575 -0.0168 0.8362 -2.2981 -3.0519 0.4985 21.2247 -1.2377 -0.1631 3.0880 0.4398 -0.0049 -8.4939 -8.0261 -2.7787 -12.5410 9.0052 -2.7531 -2.6531 3.8970 -1.1085 1.4732 0.0000 0.0000 0.0000 -81.3278 13.4506 0.8144 8.5912 -14.5066 -1.0955 -0.0000 -0.0000 11.9700 22.6209 22.6620 9.1208 -7.1250 0.0000 -0.0000 -6.7460 54.1924 -1.5294 0.0000 0.0000 0.0000 79.3877 -10.8294 21.9519 -13.3433 21.7882 -2.5793 0.0000 0.0000 14.5189 -28.5527 2.0367 -1.1079 7.1250 -0.0000 -0.0000 -1.5173 -27.6603 -0.6397
0.7957 18.0821 -13.6187 4.0630 -3.9717 21.9826 0.0000 0.0000 0.0000 -19.5855 -13.7972 -38.9494 4.7557 13.1033 39.7565 1.2223 -0.5414 -20.7363 0.1451 -2.4547 -6.7641 0.0000 0.0000 0.0000 1.6203 28.5775 -38.2649 -5.5625 -13.9905 43.1995 -1.5461 -7.8317 -27.4623 -0.0184 0.8765 -2.4090 -3.0189 0.3384 21.4365 -1.2486 -0.3721 3.0731 0.4672 -0.1027 -8.6181 -7.9088 -2.9180 -12.8722 9.0334 -2.9096 -3.1283 3.8785 -1.1825 1.3953 -0.0000 0.0000 0.0000 -80.9519 14.1652 -1.0400 8.2689 -13.9878 -1.0161 -0.0000 -0.0000 12.7872 22.2772 23.0299 9.1051 -7.1250 0.0000 -0.0000 -7.2354 54.5076 -1.6969 -0.0000 0.0000 0.0000 79.5576 -11.6593 21.0736 -12.9634 21.2336 -2.4400 0.0000 0.0000 14.8458 -28.4090 2.0552 -1.1113 7.1250 -0.0000 -0.0000 -1.4062 -27.6427 -0.5934
0.7885 18.0138 -13.5808 4.3304 -3.7352 22.2444 0.0000 0.0000 0.0000 -19.6970 -13.9884 -39.7549 5.0324 13.4202 40.9624 1.3049 -1.1971 -21.2405 0.1339 -2.3585 -6.4974 0.0000 0.0000 0.0000 1.2477 28.1024 -39.3226 -5.9184 -14.3488 44.6533 -1.7148 -7.0020 -28.1021 -0.0159 0.8149 -2.2397 -3.0960 0.3150 21.7919 -1.2786 -0.4326 3.2325 0.4962 -0.1300 -8.6303 -8.0453 -3.0315 -13.2914 9.1598 -3.0062 -3.3045 3.9329 -1.2181 1.4205 0.0000 0.0000 0.0000 -80.8573 14.8774 -2.7747 8.0090 -13.5674 -0.9542 -0.0000 -0.0000 13.5609 22.4791 23.1801 9.2509 -7.1250 0.0000 -0.0000 -7.0817 54.7037 -1.6944 0.0000 0.0000 0.0000 79.5182 -12.1672 20.3602 -12.2251 20.1414 -2.1792 0.0000 0.0000 15.4304 -28.4039 2.0487 -1.1076 7.1250 -0.0000 -0.0000 -1.4024 -27.6501 -0.5916
0.7744 17.9316 -13.5535 4.6638 -3.5354 22.6302 0.0000 0.0000 0.0000 -19.8047 -14.2495 -40.7673 5.3326 13.7489 42.2406 1.3817 -1.8089 -21.7086 0.1376 -2.3907 -6.5867 0.0000 0.0000 0.0000 0.7215 27.6069 -40.6939 -6.3122 -14.7242 46.2224 -1.8352 -6.5016 -28.6141 -0.0268 1.0576 -2.9073 -3.2825 0.3496 22.0441 -1.3645 -0.4471 3.3087 0.5132 -0.1319 -8.6796 -8.0413 -3.1685 -13.2023 9.2910 -3.1709 -3.8216 3.9673 -1.3032 1.2706 0.0000 -0.0000 0.0000 -80.6999 15.5923 -4.0845 7.8931 -13.3794 -0.9272 -0.0000 -0.0000 13.7879 22.8271 22.9315 9.3137 -7.1250 0.0000 -0.0000 -6.6288 54.5139 -1.5546 0.0000 -0.0000 0.0000 79.6484 -12.7821 19.4644 -11.7046 19.3601 -2.0033 0.0000 0.0000 16.5717 -28.0561 1.5834 -0.8437 7.1250 -0.0000 -0.0000 -1.1462 -28.1850 -0.4690
0.7591 17.8340 -13.5315 5.0758 -3.0017 23.0999 0.0000 0.0000 0.0000 -19.7826 -14.9197 -41.9048 5.6858 14.1168 43.7075 1.4672 -2.5704 -22.2107 0.1128 -2.1656 -5.9635 0.0000 0.0000 0.0000 0.2200 26.7892 -42.2251 -6.7611 -15.1273 47.9648 -1.9920 -5.8684 -29.2852 -0.0379 1.2573 -3.4570 -3.3724 0.2287 22.3932 -1.3646 -0.6410 3.2481 0.6209 -0.2156 -8.9256 -8.0492 -3.2185 -13.0352 9.2288 -3.2225 -4.2893 3.9512 -1.3372 1.1086 -0.0000 0.0000 0.0000 -80.6906 16.4502 -4.4016 7.9868 -13.5315 -0.9490 -0.0000 -0.0000 12.8499 22.9259 23.4966 9.5716 -7.1250 0.0000 -0.0000 -6.7337 55.1222 -1.6792 -0.0000 0.0000 0.0000 79.6912 -13.5171 18.6351 -11.4027 18.9029 -1.9043 0.0000 0.0000 17.9079 -27.5516 1.8333 -0.9562 7.1250 -0.0000 -0.0000 -0.7507 -27.9119 -0.3120
0.7463 17.7362 -13.5033 5.1678 -2.6805 23.3386 0.0000 0.0000 0.0000 -19.5356 -15.3292 -42.8771 6.0764 14.5020 45.2875 1.5666 -3.0305 -22.8810 0.1191 -2.2251 -6.1283 0.0000 0.0000 0.0000 0.1277 26.1793 -43.5271 -7.2389 -15.5298 49.7722 -2.1238 -5.3065 -29.8286 -0.0621 1.6077 -4.4226 -3.2683 0.2138 22.7857 -1.3346 -0.6447 3.3809 0.5968 -0.2197 -8.9879 -8.1878 -3.3065 -13.1417 9.3800 -3.2991 -4.5744 4.0177 -1.3701 1.0532 0.0000 0.0000 0.0000 -80.8002 16.6936 -5.6914 8.0435 -13.6234 -0.9624 -0.0000 -0.0000 12.5879 22.9168 23.6157 9.6123 -7.1250 0.0000 -0.0000 -6.7881 55.2443 -1.7131 0.0000 0.0000 0.0000 79.8391 -13.6631 17.4394 -10.9067 18.1450 -1.7467 0.0000 0.0000 19.3687 -27.1229 1.9336 -0.9902 7.1250 -0.0000 -0.0000 -0.4178 -27.8074 -0.1747
0.7347 17.6141 -13.4707 5.5233 -2.4745 23.4509 0.0000 0.0000 0.0000 -19.6326 -15.6461 -43.8144 6.5424 14.9341 47.1216 1.6897 -3.7569 -23.6610 0.1300 -2.3237 -6.4013 0.0000 0.0000 0.0000 -0.3095 25.6502 -44.8680 -7.8007 -15.9707 51.8417 -2.2882 -4.7696 -30.5815 -0.0752 1.7695 -4.8692 -3.3726 0.2460 23.2960 -1.3867 -0.6525 3.4807 0.6031 -0.2186 -9.1469 -8.2117 -3.4293 -13.2361 9.3552 -3.4369 -4.8853 4.0082 -1.4390 0.9866 0.0000 -0.0000 0.0000 -80.9819 16.6972 -6.6167 8.1101 -13.7312 -0.9781 -0.0000 -0.0000 12.8039 23.2755 24.7608 10.2131 -7.1250 0.0000 -0.0000 -6.8588 56.5095 -1.9418 0.0000 -0.0000 0.0000 80.0466 -13.7646 16.2170 -10.4737 17.4771 -1.6143 0.0000 0.0000 20.7203 -26.5163 1.9637 -0.9795 7.1250 -0.0000 -0.0000 0.0506 -27.7854 0.0212
0.7124 17.4770 -13.4696 5.7421 -2.5888 23.8029 0.0000 0.0000 0.0000 -19.4703 -15.8751 -45.2520 7.0186 15.3475 48.9446 1.7929 -4.3133 -24.3104 0.1232 -2.2628 -6.2326 0.0000 0.0000 0.0000 -0.9191 25.5616 -46.7525 -8.4151 -16.4162 54.0444 -2.4042 -4.4370 -31.1259 -0.0937 1.9741 -5.4341 -3.6393 0.4195 23.9356 -1.4619 -0.5373 3.3753 0.6375 -0.1486 -9.6058 -8.2885 -3.5195 -13.0884 9.4556 -3.5403 -5.2070 4.0502 -1.4935 0.8818 0.0000 0.0000 0.0000 -80.9886 16.4417 -6.9143 8.0367 -13.6123 -0.9607 -0.0000 -0.0000 12.4548 23.7234 25.1516 10.5796 -7.1250 0.0000 -0.0000 -6.5381 57.0123 -1.9300 0.0000 0.0000 0.0000 80.3232 -13.6096 15.0921 -9.9245 16.6214 -1.4533 0.0000 0.0000 21.4445 -26.4189 1.8525 -0.9201 7.1250 -0.0000 -0.0000 0.1245 -27.9113 0.0517
0.6988 17.3904 -13.3991 6.2181 -2.1448 23.6579 0.0000 0.0000 0.0000 -19.8530 -16.0904 -45.4508 7.3843 15.6472 50.3134 1.9021 -5.1073 -24.9586 0.1136 -2.1731 -5.9844 0.0000 0.0000 0.0000 -1.0956 24.7446 -47.3231 -8.9601 -16.7820 55.9520 -2.6003 -3.9757 -32.0718 -0.1181 2.2157 -6.1020 -3.7253 0.3540 24.2002 -1.5137 -0.6534 3.5726 0.6668 -0.2028 -9.5195 -8.2637 -3.5717 -13.1446 9.4587 -3.5990 -5.3992 4.0453 -1.5229 0.8381 -0.0000 -0.0000 0.0000 -81.1193 15.9469 -7.0310 8.0151 -13.5774 -0.9557 -0.0000 -0.0000 12.6533 23.5375 24.7860 10.3489 -7.1250 0.0000 -0.0000 -6.5883 56.5917 -1.8778 -0.0000 -0.0000 0.0000 80.5661 -13.2631 14.3482 -9.3469 15.7116 -1.2925 0.0000 0.0000 21.7103 -28.1423 3.0534 -1.6321 7.1250 -0.0000 -0.0000 -1.1706 -26.5175 -0.5249
0.7013 17.2816 -13.3181 6.7656 -1.9314 23.5008 0.0000 0.0000 0.0000 -20.4019 -16.3482 -45.5783 7.7416 15.9259 51.6266 2.0405 -5.5476 -25.8359 0.1282 -2.3084 -6.3587 0.0000 0.0000 0.0000 -1.4255 23.9518 -47.7904 -9.4709 -17.1014 57.7049 -2.7594 -3.5696 -32.8072 -0.2167 2.9966 -8.2693 -3.7717 0.3362 24.4886 -1.6682 -0.7136 3.6915 0.5420 -0.2320 -9.5374 -8.1957 -3.6404 -13.2753 9.4472 -3.6922 -5.3742 4.0240 -1.5675 0.8719 0.0000 -0.0000 0.0000 -81.2418 15.2599 -6.5443 7.9783 -13.5177 -0.9471 -0.0000 -0.0000 12.8059 23.0441 24.4456 9.9838 -7.1250 0.0000 -0.0000 -6.9778 56.1332 -1.9120 0.0000 -0.0000 0.0000 80.7925 -12.6016 12.3019 -8.7574 14.7729 -1.1375 0.0000 0.0000 24.9094 -26.4214 2.3542 -1.1692 7.1250 -0.0000 -0.0000 0.1289 -27.3514 0.0553
0.7086 17.1709 -13.2148 7.4862 -1.4276 23.2760 0.0000 0.0000 0.0000 -21.1494 -16.7405 -45.5195 8.1570 16.2335 53.1263 2.2030 -6.2642 -26.8119 0.1476 -2.4760 -6.8231 0.0000 0.0000 0.0000 -1.8406 22.9697 -47.9463 -9.9842 -17.4009 59.4355 -3.0011 -2.8458 -33.8564 -0.2389 3.1455 -8.6841 -3.8138 0.1789 24.5150 -1.7542 -0.9264 3.8978 0.5389 -0.3357 -9.3129 -8.0973 -3.6125 -13.3849 9.2288 -3.6490 -5.5755 3.9441 -1.5493 0.8163 -0.0000 -0.0000 0.0000 -81.5072 14.1677 -6.0126 7.8735 -13.3476 -0.9227 -0.0000 -0.0000 12.9826 22.8543 24.6657 9.9759 -7.1250 0.0000 -0.0000 -7.2693 56.3213 -2.0257 -0.0000 -0.0000 0.0000 80.8174 -11.6756 11.1505 -8.1723 13.8317 -0.9929 0.0000 0.0000 26.1129 -26.0831 1.7560 -0.8594 7.1250 -0.0000 -0.0000 0.3831 -28.0248 0.1582
0.6650 17.0497 -13.1302 6.7665 -1.1348 23.0577 0.0000 0.0000 0.0000 -20.1172 -16.3647 -46.1348 8.6524 16.5788 54.8802 2.3130 -7.0318 -27.4343 0.1531 -2.5209 -6.9476 0.0000 0.0000 0.0000 -0.8376 23.4138 -48.2583 -10.5329 -17.6988 61.2550 -3.1853 -3.0163 -34.9124 -0.2489 3.2100 -8.8640 -3.5975 0.3354 24.6061 -1.3261 -0.6251 4.0046 0.7945 -0.1968 -9.2480 -8.2911 -3.6138 -13.5444 9.2305 -3.6125 -5.5372 3.9765 -1.5232 0.8518 -0.0000 -0.0000 0.0000 -81.9665 12.9671 -5.3510 7.8229 -13.2654 -0.9111 -0.0000 -0.0000 13.4589 23.0111 24.5121 9.9931 -7.1250 0.0000 -0.0000 -7.0397 56.1953 -1.9397 -0.0000 -0.0000 0.0000 80.7568 -10.5706 9.8622 -7.5033 12.7445 -0.8391 0.0000 0.0000 27.6515 -26.7359 1.9583 -0.9862 7.1250 -0.0000 -0.0000 -0.1188 -27.7872 -0.0497
0.6789 16.9261 -13.0424 7.1158 -0.7910 23.0579 0.0000 0.0000 0.0000 -20.3479 -16.7852 -46.6326 9.1845 16.9250 56.7261 2.4623 -7.2778 -28.3254 0.2012 -2.8885 -7.9685 0.0000 0.0000 0.0000 -1.0942 22.6822 -48.9630 -11.1692 -18.0169 63.3299 -3.4054 -2.3529 -35.8132 -0.2708 3.3476 -9.2481 -3.2840 0.1931 24.6555 -1.4603 -0.7433 3.9809 0.5038 -0.2625 -9.3026 -7.9593 -3.6092 -13.7699 9.0131 -3.6365 -5.5557 3.8522 -1.5391 0.8700 0.0000 0.0000 0.0000 -82.1908 11.5724 -4.2412 7.7921 -13.2153 -0.9040 -0.0000 -0.0000 13.4638 23.1586 24.0442 9.8863 -7.1250 0.0000 -0.0000 -6.6978 55.7399 -1.7708 0.0000 0.0000 0.0000 81.0253 -9.3731 8.0605 -7.0230 11.9571 -0.7364 0.0000 0.0000 29.3785 -27.5577 3.0423 -1.5865 7.1250 -0.0000 -0.0000 -0.7257 -26.5488 -0.3248
0.6801 16.7836 -12.9641 7.1433 -0.6857 22.9282 0.0000 0.0000 0.0000 -20.1810 -17.0259 -47.2370 9.7910 17.2906 58.7875 2.6045 -7.6999 -29.1382 0.2367 -3.1314 -8.6448 0.0000 0.0000 0.0000 -1.1013 22.4824 -49.7475 -11.8269 -18.3165 65.4391 -3.5469 -2.4251 -36.5610 -0.3325 3.7060 -10.2510 -3.1413 0.2185 24.9612 -1.3755 -0.6812 3.8848 0.4968 -0.2320 -9.5731 -8.1692 -3.6090 -13.8553 9.1036 -3.5882 -5.7426 3.9182 -1.5081 0.8295 0.0000 0.0000 0.0000 -82.7676 10.3160 -1.9086 8.1864 -13.8546 -0.9963 -0.0000 -0.0000 11.9238 23.0021 24.3894 9.9428 -7.1250 0.0000 -0.0000 -6.9998 56.0661 -1.9067 0.0000 0.0000 0.0000 80.9763 -8.3904 8.3756 -6.9268 11.7987 -0.7166 0.0000 0.0000 28.3140 -28.7605 3.0995 -1.6999 7.1250 -0.0000 -0.0000 -1.6394 -26.4445 -0.7381
0.7152 16.6562 -12.8752 8.0842 -0.1724 22.8213 0.0000 0.0000 0.0000 -21.0369 -18.0336 -47.3643 10.4025 17.6300 60.8252 2.7607 -8.1536 -30.0095 0.2184 -3.0086 -8.3027 0.0000 0.0000 0.0000 -1.8458 21.0736 -50.4308 -12.5233 -18.6032 67.6381 -3.6828 -2.4668 -37.2557 -0.4931 4.5022 -12.4939 -2.9924 -0.0803 25.2474 -1.5982 -1.0642 3.7680 0.2892 -0.4136 -9.8507 -8.0453 -3.5873 -14.1089 8.8771 -3.5536 -5.8361 3.8289 -1.4909 0.8276 -0.0000 -0.0000 0.0000 -83.2784 8.9732 0.7458 8.6147 -14.5443 -1.1013 -0.0000 -0.0000 10.1220 22.9438 24.2574 9.8659 -7.1250 0.0000 -0.0000 -7.0089 55.9168 -1.8838 -0.0000 -0.0000 0.0000 80.9404 -6.8169 7.9316 -6.5932 11.2478 -0.6500 0.0000 0.0000 28.7477 -29.0188 2.1517 -1.1932 7.1250 -0.0000 -0.0000 -1.8721 -27.5181 -0.7957
0.7051 16.5080 -12.7814 8.0179 0.2491 22.6237 0.0000 0.0000 0.0000 -20.5980 -18.4639 -47.8821 11.0949 17.9812 63.0895 2.8197 -8.3849 -30.3295 0.3132 -3.5977 -9.9475 0.0000 0.0000 0.0000 -1.5276 20.6969 -50.9686 -13.2978 -18.8870 70.0478 -3.8447 -2.2406 -37.9717 -0.5770 4.8644 -13.5223 -2.7729 -0.1176 25.3625 -1.4693 -1.0462 3.6776 0.3016 -0.4076 -10.0149 -8.1478 -3.6137 -14.0658 9.0771 -3.5567 -6.1842 3.9110 -1.4892 0.7259 -0.0000 -0.0000 0.0000 -83.6407 7.3399 4.0927 8.9966 -15.1550 -1.1992 -0.0000 -0.0000 7.7764 23.0301 24.1517 9.8667 -7.1250 0.0000 -0.0000 -6.8757 55.8250 -1.8324 -0.0000 -0.0000 0.0000 81.0359 -5.3731 8.2556 -6.6857 11.4009 -0.6681 0.0000 0.0000 27.5430 -29.3185 2.0136 -1.1305 7.1250 -0.0000 -0.0000 -2.1076 -27.6688 -0.8884
0.7050 16.3514 -12.6862 7.9418 0.3037 22.2718 0.0000 0.0000 0.0000 -20.2302 -18.7769 -48.3871 11.8928 18.3450 65.6487 2.8874 -9.0739 -30.6741 0.3289 -3.6858 -10.1945 0.0000 0.0000 0.0000 -1.4202 20.4439 -51.5933 -14.1404 -19.1561 72.6327 -3.9336 -1.8877 -38.2823 -0.7071 5.3743 -14.9792 -2.7226 -0.0513 25.5105 -1.3217 -0.9352 3.7199 0.4014 -0.3547 -10.0451 -8.2717 -3.6079 -14.4002 9.0563 -3.4886 -6.4933 3.9292 -1.4458 0.6793 0.0000 0.0000 0.0000 -84.3237 5.4456 7.0553 9.5843 -16.0866 -1.3575 -0.0000 -0.0000 5.7270 22.5398 24.9697 9.9373 -7.1250 0.0000 -0.0000 -7.7322 56.5688 -2.2021 0.0000 0.0000 0.0000 80.9291 -3.5934 9.6902 -7.1682 12.1957 -0.7668 0.0000 0.0000 24.8247 -29.4110 1.6718 -0.9422 7.1250 -0.0000 -0.0000 -2.1915 -28.0585 -0.9037
0.7049 16.1996 -12.5841 7.7930 0.4752 21.7524 0.0000 0.0000 0.0000 -19.7366 -19.2332 -48.7043 12.7555 18.6921 68.3643 2.9396 -9.4443 -30.9492 0.3706 -3.9104 -10.8248 0.0000 0.0000 0.0000 -1.1830 20.0939 -52.0657 -15.0471 -19.4014 75.3784 -3.9913 -1.1624 -38.3249 -0.7843 5.6537 -15.7829 -2.4649 -0.0761 25.7293 -1.2392 -0.8938 3.7845 0.3329 -0.3428 -10.0901 -8.2349 -3.5434 -14.5309 9.0000 -3.3696 -7.0224 3.9171 -1.3861 0.5290 0.0000 0.0000 0.0000 -84.8524 2.9755 9.2454 9.9513 -16.6634 -1.4610 -0.0000 -0.0000 4.1090 21.6890 24.3093 9.2985 -7.1250 0.0000 -0.0000 -8.3534 55.7107 -2.2066 0.0000 0.0000 0.0000 80.9362 -1.7298 12.0289 -7.8923 13.3781 -0.9270 0.0000 0.0000 20.8487 -29.6414 1.0572 -0.6015 7.1250 -0.0000 -0.0000 -2.3919 -28.7601 -0.9468
0.7116 16.0489 -12.4892 8.2432 0.7691 21.4383 0.0000 0.0000 0.0000 -19.8935 -19.9865 -49.1728 13.6225 18.9955 71.0484 2.9484 -9.1697 -31.0072 0.6140 -5.0150 -13.9514 0.0000 0.0000 0.0000 -1.7581 19.2641 -53.1563 -16.0444 -19.6206 78.3640 -3.9351 -0.6574 -37.8972 -0.9214 6.1156 -17.1203 -2.6227 -0.1431 26.0478 -1.2621 -1.0400 3.6377 0.4493 -0.3995 -10.4175 -8.1198 -3.5403 -14.8118 8.8257 -3.3480 -7.3196 3.8466 -1.3744 0.4729 0.0000 -0.0000 0.0000 -85.3597 1.1165 13.2625 10.7777 -17.9468 -1.7068 -0.0000 -0.0000 1.7922 22.6047 23.9523 9.5941 -7.1250 0.0000 -0.0000 -7.2463 55.5303 -1.8800 0.0000 -0.0000 0.0000 80.9053 0.2163 14.3581 -8.6705 14.6337 -1.1154 0.0000 0.0000 16.3400 -30.7510 0.5377 -0.3199 7.1250 -0.0000 -0.0000 -3.2774 -29.3470 -1.2524
0.7259 15.9094 -12.3631 8.4416 0.7922 20.5922 0.0000 0.0000 0.0000 -20.1478 -20.2198 -49.0290 14.4854 19.2547 73.6815 2.9920 -8.5750 -31.2742 0.7820 -5.6457 -15.7598 0.0000 0.0000 0.0000 -1.9371 18.7032 -53.2477 -16.9997 -19.7828 81.1971 -3.7902 -0.1636 -37.0396 -1.1504 6.8104 -19.1547 -2.6056 -0.1310 26.3610 -1.3709 -1.0371 3.8294 0.3185 -0.4021 -10.3656 -7.9703 -3.5467 -15.3199 8.8387 -3.3208 -7.7176 3.8282 -1.3534 0.4251 0.0000 0.0000 0.0000 -85.5915 -2.0215 16.4077 10.9456 -18.2048 -1.7589 -0.0000 -0.0000 0.4148 23.0949 23.6685 9.7142 -7.1250 0.0000 -0.0000 -6.6210 55.3357 -1.6853 0.0000 0.0000 0.0000 81.0091 2.5871 16.8873 -9.9467 16.6562 -1.4596 0.0000 0.0000 10.6267 -30.4557 -0.4541 0.2670 7.1250 -0.0000 -0.0000 -3.0821 -30.4987 -1.0928
0.7344 15.7618 -12.2464 8.7516 0.7478 20.0904 0.0000 0.0000 0.0000 -20.5403 -20.3588 -49.1686 15.2868 19.4589 76.0992 3.0594 -7.4930 -31.7218 1.2069 -6.9696 -19.6254 0.0000 0.0000 0.0000 -2.4526 18.1646 -54.0112 -17.9628 -19.9002 84.0341 -3.6070 0.3272 -35.9785 -1.2342 7.0453 -19.8495 -2.7842 -0.0883 26.2974 -1.4610 -1.0413 3.7935 0.3212 -0.3990 -10.3718 -7.9331 -3.5040 -14.9633 8.4659 -3.2823 -8.5551 4.0824 -1.3462 0.1312 0.0000 0.0000 0.0000 -85.9565 -4.8175 20.2238 11.5993 -19.2010 -1.9685 -0.0000 0.0000 -1.6323 24.0490 23.2787 10.0019 -7.1250 0.0000 -0.0000 -5.4742 55.1227 -1.3637 0.0000 0.0000 0.0000 81.0823 5.2372 18.2421 -11.1095 18.4558 -1.8104 0.0000 0.0000 8.2432 -29.8720 -1.6679 0.9578 7.1250 -0.0000 -0.0000 -2.6484 -31.8960 -0.8500
0.7400 15.6205 -12.1153 9.2620 0.7486 19.5623 0.0000 0.0000 0.0000 -21.1785 -20.4777 -48.9147 15.9359 19.5993 78.0405 3.0169 -8.6401 -31.4069 0.7040 -5.3628 -14.9464 0.0000 0.0000 0.0000 -3.0299 17.3288 -54.4314 -18.8722 -19.9695 86.7008 -3.5374 1.4644 -35.3147 -1.5331 7.8171 -22.1599 -3.2123 -0.0776 26.0210 -1.6010 -1.1534 3.7123 0.4466 -0.4381 -10.3116 -7.9388 -3.4159 -15.1611 8.4761 -3.1399 -8.7014 4.0957 -1.2692 0.1031 0.0000 0.0000 0.0000 -86.2357 -8.0004 23.9338 12.4400 -20.4612 -2.2537 -0.0000 0.0000 -4.5099 24.5241 24.1706 10.5813 -7.1250 0.0000 -0.0000 -5.2915 56.1590 -1.4511 0.0000 0.0000 0.0000 81.2062 7.9611 20.5695 -12.2127 20.1229 -2.1749 0.0000 0.0000 4.3345 -31.7766 -1.7084 1.0580 7.1250 -0.0000 -0.0000 -4.1809 -31.9714 -1.3360
0.7532 15.4947 -11.9538 9.8129 0.6934 18.9667 0.0000 0.0000 0.0000 -22.1000 -20.5300 -47.9730 16.3622 19.6797 79.3091 3.0027 -9.4262 -31.2944 0.3729 -3.9223 -10.8581 0.0000 0.0000 0.0000 -3.6569 16.5982 -54.4779 -19.6688 -19.9974 89.0317 -3.4882 2.0825 -34.9069 -1.8197 8.4800 -24.1818 -3.6302 -0.0051 25.3592 -1.7655 -1.1637 3.6570 0.5014 -0.4356 -10.0226 -7.8690 -3.4071 -15.5511 8.3480 -3.1233 -8.4517 4.0337 -1.2552 0.2466 0.0000 -0.0000 0.0000 -86.5533 -11.1598 27.5682 13.9770 -22.7018 -2.8192 -0.0000 0.0000 -8.2731 24.7981 24.5800 10.8788 -7.1250 0.0000 -0.0000 -5.1499 56.6482 -1.4732 0.0000 -0.0000 0.0000 81.3228 10.6044 22.2646 -13.6950 22.2969 -2.7113 0.0000 0.0000 1.0731 -33.5776 -0.9045 0.6004 7.1250 -0.0000 -0.0000 -5.5806 -31.0374 -1.9123
0.7588 15.3826 -11.7820 9.9086 0.9780 18.2749 0.0000 0.0000 0.0000 -22.4821 -20.5955 -46.8472 16.7631 19.7469 80.4974 3.1601 -9.4406 -32.1401 0.4673 -4.3845 -12.1609 0.0000 0.0000 0.0000 -3.5165 15.9885 -53.9083 -20.2955 -19.9979 90.8641 -3.3924 1.8656 -34.4608 -2.0189 8.9054 -25.4999 -3.5870 -0.0126 24.8634 -1.7461 -1.1441 3.4468 0.4885 -0.4274 -10.0006 -7.7881 -3.4431 -16.1970 8.0562 -3.1710 -7.7914 3.9056 -1.2714 0.5725 -0.0000 0.0000 0.0000 -87.0068 -14.2351 30.2190 16.4816 -26.1693 -3.8559 -0.0000 0.0000 -11.3667 24.9550 23.9486 10.6968 -7.1250 0.0000 -0.0000 -4.7488 56.0167 -1.2854 -0.0000 0.0000 0.0000 81.5638 13.2275 22.4529 -15.6637 25.0625 -3.5023 0.0000 0.0000 0.2126 -32.6941 -1.1103 0.7125 7.1250 -0.0000 -0.0000 -4.8887 -31.2768 -1.6454
0.7319 15.2851 -11.5986 8.5215 1.2918 17.3283 0.0000 0.0000 0.0000 -21.0768 -19.9627 -45.7791 17.2253 19.8144 81.8633 3.3154 -9.8865 -32.9409 0.5813 -4.8820 -13.5722 0.0000 0.0000 0.0000 -1.3912 16.5012 -52.5716 -20.6772 -19.9890 91.9802 -3.3909 1.6352 -34.5105 -2.1685 9.2087 -26.4502 -2.6701 0.0861 24.1354 -1.3285 -0.7052 3.3689 0.2829 -0.2532 -9.7231 -7.6670 -3.4867 -16.9709 8.1173 -3.1927 -7.2596 3.5471 -1.2657 0.7643 -0.0000 -0.0000 0.0000 -87.2576 -17.4748 32.6425 20.1978 -30.8799 -5.6325 -0.0000 0.0000 -15.0092 24.8858 24.5616 10.9140 -7.1250 0.0000 -0.0000 -5.0482 56.6478 -1.4439 -0.0000 -0.0000 0.0000 81.5750 16.0503 22.9195 -18.0232 28.1869 -4.5602 0.0000 -0.0000 -0.5127 -31.5938 -2.4523 1.5075 7.1250 -0.0000 -0.0000 -4.0596 -32.8395 -1.2120
0.7162 15.2208 -11.4058 8.2636 1.7354 16.3780 0.0000 0.0000 0.0000 -21.1283 -19.9643 -44.0215 17.4520 19.8436 82.5315 3.4384 -9.7719 -33.5796 0.7495 -5.5298 -15.4262 0.0000 0.0000 0.0000 -0.5618 16.4698 -50.7972 -20.8720 -19.9818 92.5502 -3.3898 1.8560 -34.4494 -2.2840 9.4342 -27.1631 -2.6588 0.2074 23.6992 -1.0818 -0.5103 3.1106 0.4867 -0.1559 -9.7831 -7.5945 -3.5382 -17.2112 7.3174 -3.2937 -6.9453 3.5926 -1.3304 1.0140 -0.0000 -0.0000 0.0000 -87.0066 -21.3438 35.7172 24.6305 -35.8240 -8.0727 -0.0000 0.0000 -17.8934 26.4368 26.6725 12.5817 -7.1250 0.0000 -0.0000 -4.1689 59.2245 -1.4503 -0.0000 -0.0000 0.0000 80.9293 18.5003 23.7828 -21.3074 32.1854 -6.2129 0.0000 -0.0000 -1.7350 -32.3149 0.2629 -0.1663 7.1250 -0.0000 -0.0000 -4.5155 -29.6543 -1.6947
0.7170 15.2564 -11.1209 7.6749 0.8990 14.3563 0.0000 0.0000 0.0000 -21.8436 -18.0948 -40.4066 17.3416 19.8297 82.2060 3.6544 -9.6193 -34.6793 0.8412 -5.8505 -16.3513 0.0000 0.0000 0.0000 0.9301 17.6921 -46.6044 -20.6687 -19.9893 91.9553 -3.4648 1.9941 -34.8068 -2.4675 9.7787 -28.2629 -2.6827 0.7163 23.4173 -1.0619 0.1585 3.3226 0.3164 0.1525 -9.4132 -7.3359 -3.6820 -18.5168 7.2428 -3.4550 -5.9862 3.1829 -1.3893 1.3546 0.0000 -0.0000 0.0000 -85.5716 -25.9830 38.2167 30.0002 -40.8935 -11.4097 -0.0000 0.0000 -19.5359 29.9720 26.0576 14.2157 -7.1250 0.0000 -0.0000 0.1362 59.4229 0.0480 0.0000 -0.0000 0.0000 79.9764 21.7061 24.7036 -24.8279 36.0276 -8.1885 0.0000 -0.0000 -2.1669 -33.5080 0.6507 -0.4308 7.1250 -0.0000 -0.0000 -5.4238 -29.1804 -2.0996
0.6599 15.2755 -10.9526 7.4565 2.2645 14.0543 0.0000 0.0000 0.0000 -21.4439 -18.5706 -39.0891 17.1786 19.8081 81.7255 3.5513 -10.0931 -34.1417 0.7813 -5.6431 -15.7522 0.0000 0.0000 0.0000 2.1836 16.9736 -44.9785 -20.4388 -19.9954 91.2832 -3.3840 1.9352 -34.3992 -2.4271 9.7041 -28.0237 -2.6670 0.3489 22.8692 -0.7709 -0.2761 2.7624 0.7607 -0.0388 -9.7337 -7.3007 -3.7457 -19.4078 7.0104 -3.5043 -5.3599 3.0899 -1.4037 1.6653 0.0000 0.0000 0.0000 -83.1814 -30.9490 39.2121 35.8255 -45.3927 -15.3982 -0.0000 0.0000 -19.0171 30.6079 23.2045 13.1209 -7.1250 0.0000 -0.0000 1.6531 56.4497 0.4642 0.0000 0.0000 0.0000 78.3638 25.7315 25.3417 -28.3714 39.4559 -10.3589 0.0000 -0.0000 -0.4271 -33.6846 1.5390 -1.0256 7.1250 -0.0000 -0.0000 -5.4965 -28.1155 -2.2672
0.6282 15.3958 -10.6751 6.7975 2.0922 12.8432 0.0000 0.0000 0.0000 -21.5957 -16.5748 -36.0236 16.5684 19.7153 79.9207 3.5872 -9.6796 -34.3397 1.2293 -7.0316 -19.8090 0.0000 0.0000 0.0000 4.1691 17.4946 -41.2288 -19.7899 -19.9989 89.3858 -3.3589 1.8021 -34.3005 -2.3352 9.5319 -27.4737 -2.7958 0.3842 22.3710 -0.4999 -0.2215 2.5702 1.1160 -0.0025 -9.6802 -7.7145 -3.4920 -19.6468 7.3944 -3.0537 -5.6597 3.3113 -1.1531 1.5937 0.0000 0.0000 0.0000 -79.4995 -36.2625 37.8140 41.9926 -49.2071 -19.9349 -0.0000 0.0000 -18.4877 30.5997 22.3736 12.6864 -7.1250 0.0000 -0.0000 1.8292 55.5288 0.4728 0.0000 0.0000 0.0000 75.9734 30.5463 25.9990 -32.2823 42.7711 -12.9321 0.0000 0.0000 0.7158 -33.3247 1.8079 -1.1883 7.1250 -0.0000 -0.0000 -5.1996 -27.8042 -2.1822
0.5967 15.5732 -10.3565 6.3012 1.4304 11.4000 0.0000 0.0000 0.0000 -21.9697 -13.6157 -32.3516 15.5992 19.5292 77.0353 3.4895 -10.1806 -33.8264 1.2866 -7.1875 -20.2722 0.0000 0.0000 0.0000 6.1808 17.9094 -36.6345 -18.8040 -19.9657 86.5012 -3.2721 1.2764 -33.9753 -2.3344 9.5305 -27.4693 -3.2058 0.5059 22.0479 -0.3978 -0.1460 2.3592 1.4397 0.0532 -9.7427 -7.5534 -3.1705 -20.2934 7.3451 -2.6351 -5.1657 3.2961 -0.9355 1.8010 -0.0000 -0.0000 0.0000 -74.0088 -41.2282 34.4064 48.9899 -52.5799 -25.3697 -0.0000 0.0000 -18.4074 30.2262 22.2334 12.4323 -7.1250 0.0000 -0.0000 1.4502 55.2925 0.3665 -0.0000 -0.0000 0.0000 73.6097 35.2643 25.8725 -36.9274 46.1404 -16.1877 0.0000 0.0000 2.7395 -32.5762 0.4906 -0.3134 7.1250 -0.0000 -0.0000 -4.7070 -29.3828 -1.7975
0.5726 15.8257 -9.9823 5.7614 0.5049 9.8506 0.0000 0.0000 0.0000 -22.1747 -9.8815 -28.1635 14.2962 19.2014 73.1071 3.2415 -10.9247 -32.5373 1.2367 -7.0520 -19.8695 0.0000 0.0000 0.0000 8.2582 17.8196 -31.3756 -17.4584 -19.8444 82.5502 -3.1075 1.3789 -33.0602 -2.1916 9.2542 -26.5938 -3.5243 0.6479 21.5816 -0.2981 -0.0136 2.1747 1.6916 0.1308 -9.7018 -7.4192 -2.9211 -21.0844 7.4009 -2.3165 -4.3618 3.3118 -0.7609 2.1337 0.0000 -0.0000 0.0000 -67.1285 -45.3915 28.8837 55.9102 -55.1178 -30.9613 -0.0000 0.0000 -18.2723 32.0017 22.2105 13.2909 -7.1250 0.0000 -0.0000 3.4103 55.6570 0.8926 0.0000 -0.0000 0.0000 70.5741 39.6279 25.5640 -42.0838 49.2572 -20.0040 0.0000 0.0000 3.3559 -34.1154 0.8367 -0.5668 7.1250 -0.0000 -0.0000 -5.8828 -28.9479 -2.3115
0.5616 16.1503 -9.5307 5.4798 -0.1569 8.8398 0.0000 0.0000 0.0000 -22.3698 -6.6398 -23.9550 12.7275 18.6815 68.2769 2.8257 -11.4730 -30.3219 1.2928 -7.2042 -20.3218 0.0000 0.0000 0.0000 9.7419 16.8893 -26.4101 -15.8065 -19.5731 77.6548 -2.8186 1.6175 -31.3817 -1.9863 8.8375 -25.2882 -3.6987 0.7087 20.0482 -0.3082 0.0846 1.8980 1.7508 0.1775 -9.1777 -7.3795 -2.8794 -21.6707 7.6253 -2.2683 -3.6864 3.3774 -0.7155 2.4238 0.0000 0.0000 0.0000 -59.9306 -48.5252 22.1379 62.1534 -56.8570 -36.1386 -0.0000 0.0000 -16.6259 31.5249 21.5111 12.6761 -7.1250 0.0000 -0.0000 3.0103 54.7692 0.7229 0.0000 0.0000 0.0000 66.7175 43.3833 24.0137 -47.4002 51.8916 -24.1129 0.0000 0.0000 4.6273 -34.8271 0.7623 -0.5303 7.1250 -0.0000 -0.0000 -6.4415 -29.0252 -2.5216
0.5612 16.5192 -9.0276 5.3765 -1.0462 8.1488 0.0000 0.0000 0.0000 -22.5795 -3.4593 -19.7692 10.9882 17.9293 62.7433 2.1830 -11.6260 -26.6285 1.3863 -7.4497 -21.0548 0.0000 0.0000 0.0000 10.6290 15.8669 -21.5802 -13.9709 -19.1052 72.1155 -2.3681 2.1751 -28.5534 -1.8029 8.4429 -24.0675 -3.9360 0.8358 18.2583 -0.3574 0.2601 1.1423 1.7856 0.2762 -9.0348 -7.4292 -2.8159 -21.6645 7.7999 -2.2320 -2.5706 3.4409 -0.6874 2.7681 0.0000 0.0000 0.0000 -53.2993 -49.8386 15.5250 67.0645 -57.9159 -40.2762 -0.0000 0.0000 -15.5756 33.2517 20.2719 12.7989 -7.1250 0.0000 -0.0000 5.0698 53.7384 1.0914 0.0000 0.0000 0.0000 62.6257 46.1376 21.7994 -51.9281 53.7441 -27.7216 0.0000 0.0000 6.4842 -34.1671 1.6630 -1.1284 7.1250 -0.0000 -0.0000 -5.8580 -27.9540 -2.4402
0.5612 16.9759 -8.4380 5.2843 -1.8514 7.2288 0.0000 0.0000 0.0000 -22.6589 -0.5819 -14.7609 9.0847 16.8619 56.3826 1.3947 -10.0179 -21.2463 1.6017 -7.9818 -22.6589 0.0000 0.0000 0.0000 11.5503 14.8068 -15.9535 -11.8716 -18.3358 65.5811 -1.6916 1.8676 -24.0758 -2.1895 9.2501 -26.5807 -4.0889 0.9845 16.5147 -0.2953 0.4906 0.0656 1.8837 0.4136 -9.2585 -7.5221 -2.6585 -21.3923 7.6721 -2.1031 -0.6179 3.4249 -0.6324 3.3197 0.0000 -0.0000 0.0000 -48.3499 -49.7283 10.4364 70.2263 -58.4698 -42.9635 -0.0000 0.0000 -14.1093 33.0089 17.8454 11.2592 -7.1250 0.0000 -0.0000 5.0601 50.9135 0.7389 0.0000 -0.0000 0.0000 58.2410 47.3054 20.1986 -55.2024 54.8897 -30.3815 0.0000 0.0000 5.6127 -36.8351 3.3483 -2.5050 7.1250 -0.0000 -0.0000 -7.7168 -25.7892 -3.6220
0.5710 17.5097 -7.7696 5.4539 -2.1452 6.3977 0.0000 0.0000 0.0000 -22.9193 1.2796 -9.3708 7.1392 15.4480 49.3987 0.5486 -7.4445 -13.4078 1.7113 -8.2370 -23.4362 0.0000 0.0000 0.0000 12.1437 13.6677 -9.8093 -9.6011 -17.1793 58.1465 -0.9191 0.9279 -17.8313 -2.0259 8.9198 -25.5449 -4.0758 0.7867 14.0370 -0.2987 0.3258 -1.0773 1.9158 0.3481 -9.0906 -7.6684 -2.2636 -21.0672 7.6234 -1.6863 2.0973 3.4763 -0.4356 4.0839 -0.0000 -0.0000 0.0000 -44.9628 -48.2114 6.9722 71.7773 -58.7073 -44.2872 -0.0000 0.0000 -13.0927 33.9777 16.8698 11.0660 -7.1250 0.0000 -0.0000 6.1242 49.9677 0.7525 -0.0000 -0.0000 0.0000 54.8595 47.8371 19.6131 -56.5912 55.3310 -31.5207 0.0000 0.0000 4.1964 -35.7914 3.2627 -2.3498 7.1250 -0.0000 -0.0000 -6.9443 -25.9509 -3.2276
0.5819 18.1255 -7.0319 5.4101 -1.6086 6.0881 0.0000 0.0000 0.0000 -22.9000 1.4613 -4.1873 5.3169 13.7321 42.1746 0.0159 -3.3541 -3.0714 1.6872 -8.1818 -23.2675 0.0000 0.0000 0.0000 13.1021 13.0483 -3.8180 -7.2818 -15.5647 49.9323 -0.1795 -2.1388 -9.0873 -1.7421 8.3068 -23.6499 -3.7704 0.3852 10.2732 -0.0507 0.0090 -2.2126 2.0704 0.1855 -8.1338 -7.6121 -1.9809 -20.0421 6.9975 -1.4471 4.6548 3.2985 -0.3807 4.7011 -0.0000 -0.0000 0.0000 -44.1601 -46.5742 5.7188 71.8031 -58.7111 -44.3092 -0.0000 0.0000 -12.1942 34.5670 16.0638 10.7940 -7.1250 0.0000 -0.0000 6.7593 49.1349 0.6921 -0.0000 -0.0000 0.0000 51.6568 47.4117 19.3930 -56.7710 55.3863 -31.6687 0.0000 0.0000 4.3012 -36.0824 3.3024 -2.4039 7.1250 -0.0000 -0.0000 -7.1584 -25.8869 -3.3393
0.5780 18.7805 -6.2757 3.8397 -1.0396 6.3538 0.0000 0.0000 0.0000 -21.2307 0.4243 0.1430 3.7665 11.8431 35.1790 0.2068 2.8375 8.0788 1.4373 -7.5798 -21.4449 0.0000 0.0000 0.0000 16.0561 14.2399 1.8109 -5.1803 -13.5840 41.5961 0.1816 -8.3170 0.7199 -1.6156 8.0148 -22.7590 -1.8659 0.2661 5.8186 0.2912 0.2100 -3.5379 1.3278 0.1996 -6.9748 -7.3846 -1.9555 -18.4391 6.8861 -1.6748 7.3255 3.2169 -0.5269 5.3056 0.0000 0.0000 0.0000 -45.1761 -45.2279 6.8625 71.0289 -58.5955 -43.6480 -0.0000 0.0000 -10.6729 34.4893 15.3426 10.3025 -7.1250 0.0000 -0.0000 6.7045 48.2763 0.5442 0.0000 0.0000 0.0000 49.6286 45.3739 18.8463 -56.2023 55.2100 -31.2010 0.0000 0.0000 5.9916 -36.9169 5.3285 -3.9910 7.1250 -0.0000 -0.0000 -7.5437 -23.3380 -3.9713
0.5800 19.4179 -5.5484 2.2686 -0.6203 6.7523 0.0000 0.0000 0.0000 -19.8666 -1.6535 3.8542 2.6298 10.0701 29.2041 1.0994 10.0111 18.9643 0.3766 -3.9412 -10.9114 0.0000 0.0000 0.0000 18.9287 16.4301 6.5886 -3.6574 -11.6900 34.6440 -0.1066 -15.1735 11.7893 -0.5650 4.8144 -13.3801 0.5050 0.3724 1.2939 0.1537 0.5275 -4.6508 -0.1557 0.2434 -5.5308 -6.6970 -2.0825 -17.3319 7.0732 -2.2370 10.3346 3.1313 -0.7799 6.1173 -0.0000 0.0000 0.0000 -46.7215 -43.9876 8.5331 69.8064 -58.4017 -42.6057 -0.0000 0.0000 -9.2513 33.2850 13.6135 8.7840 -7.1250 0.0000 -0.0000 5.5798 46.0606 0.1465 -0.0000 0.0000 0.0000 49.1086 42.9750 18.4086 -55.4010 54.9544 -30.5441 0.0000 0.0000 7.4096 -35.9395 5.5347 -3.9996 7.1250 -0.0000 -0.0000 -6.8070 -23.1661 -3.6049
0.5740 20.0241 -4.9223 2.0973 -0.8482 6.7744 0.0000 0.0000 0.0000 -20.1733 -3.9121 6.1318 2.0333 8.9351 25.5926 2.5206 14.8232 28.9139 0.0031 -0.3569 -0.9807 0.0000 0.0000 0.0000 20.0988 19.2651 9.6562 -2.9225 -10.5685 30.8379 -1.4710 -18.6264 23.7033 -0.0247 1.0156 -2.7918 0.8964 0.5497 -1.8148 0.0517 0.7452 -5.3066 -0.4639 0.3358 -4.4402 -6.6090 -2.0935 -16.5054 7.2091 -2.4368 12.3138 3.1591 -0.8718 6.6274 -0.0000 0.0000 0.0000 -48.7592 -42.0209 9.5335 69.5512 -58.3595 -42.3884 -0.0000 0.0000 -8.0812 32.8998 13.5066 8.5921 -7.1250 0.0000 -0.0000 5.2142 45.8791 0.1134 -0.0000 0.0000 0.0000 48.6823 41.2289 18.4644 -54.2315 54.5658 -29.5888 0.0000 0.0000 8.4732 -34.3611 5.2538 -3.5824 7.1250 -0.0000 -0.0000 -5.6815 -23.6293 -2.9418
0.5681 20.5525 -4.4181 1.9671 -0.6927 6.8177 0.0000 0.0000 0.0000 -20.0350 -4.7388 5.8782 2.0376 8.9440 25.6204 3.1569 14.0943 32.2175 0.0537 1.4954 4.1129 0.0000 0.0000 0.0000 20.8779 20.8739 9.7891 -2.9305 -10.5817 30.8817 -2.7486 -15.9211 30.2959 -0.0094 -0.6260 1.7202 1.2792 0.5869 -3.7572 -0.0803 0.7671 -5.6673 -0.7952 0.3314 -3.7151 -6.3958 -2.0679 -15.8336 7.2598 -2.5334 13.0128 3.1379 -0.9137 6.7430 -0.0000 -0.0000 0.0000 -50.7935 -39.8890 9.9918 69.3769 -58.3303 -42.2400 -0.0000 0.0000 -7.1772 31.8560 14.1602 8.6434 -7.1250 0.0000 -0.0000 4.1807 46.4807 0.1530 -0.0000 -0.0000 0.0000 48.6468 39.6400 18.1704 -52.5505 53.9738 -28.2242 0.0000 0.0000 10.0103 -32.0581 4.8795 -3.0494 7.1250 -0.0000 -0.0000 -4.0139 -24.2292 -2.0178
0.5682 21.0099 -3.9796 1.7604 -0.6719 6.2768 0.0000 0.0000 0.0000 -19.7300 -3.9758 4.4145 2.4415 9.7308 28.1094 2.8026 12.6807 30.2502 0.0850 1.8810 5.1770 0.0000 0.0000 0.0000 21.1143 20.3629 8.4139 -3.4408 -11.3765 33.5605 -2.6061 -14.5074 29.3431 -0.0089 -0.6085 1.6721 1.6225 0.6341 -4.3577 -0.0721 0.8132 -5.5127 -0.9706 0.3465 -3.2123 -6.4386 -2.1596 -15.8936 7.3752 -2.6744 13.2056 3.1700 -0.9718 6.8279 -0.0000 0.0000 0.0000 -53.1427 -37.5057 10.1137 69.1716 -58.2956 -42.0653 -0.0000 0.0000 -6.3966 31.3780 14.4024 8.6257 -7.1250 0.0000 -0.0000 3.7045 46.6868 0.1544 -0.0000 0.0000 0.0000 48.7924 38.2010 17.6811 -50.7645 53.2992 -26.7859 0.0000 0.0000 11.6857 -30.4366 4.4344 -2.6011 7.1250 -0.0000 -0.0000 -2.8370 -24.8401 -1.3843
0.5483 21.4292 -3.6057 2.2474 -0.7054 4.5266 0.0000 0.0000 0.0000 -20.0522 -2.4523 3.5594 2.9022 10.5350 30.7273 2.4404 14.3297 28.4027 0.1745 2.6906 7.4186 0.0000 0.0000 0.0000 20.8002 18.8101 7.1699 -4.1938 -12.4139 37.2124 -1.9613 -18.5913 26.5570 -0.0129 -0.7328 2.0138 0.9827 0.5366 -2.8305 -0.1515 0.7076 -4.9110 -0.7076 0.3159 -3.4509 -6.2961 -2.1560 -15.8159 7.0997 -2.6378 12.7473 3.0550 -0.9741 6.6588 0.0000 0.0000 0.0000 -55.6908 -35.0883 9.6618 68.4259 -58.1661 -41.4313 -0.0000 0.0000 -5.5798 30.5356 15.0570 8.7122 -7.1250 0.0000 -0.0000 2.8371 47.3049 0.1615 0.0000 0.0000 0.0000 49.4102 36.8267 17.4607 -48.9684 52.5709 -25.3526 0.0000 0.0000 13.2285 -30.2094 3.2626 -1.8979 7.1250 -0.0000 -0.0000 -2.7320 -26.2043 -1.2462
0.5219 21.8273 -3.2661 3.0145 -0.7287 2.4645 0.0000 0.0000 0.0000 -20.6902 -1.1609 3.1143 3.2343 11.0650 32.4994 2.3303 15.8864 28.0215 0.0772 1.7921 4.9314 0.0000 0.0000 0.0000 19.8977 17.0505 5.7093 -4.9266 -13.3007 40.5048 -1.4490 -22.9683 25.2163 -0.0930 -1.9669 5.4142 -0.1004 0.5221 -0.3011 -0.3196 0.6847 -4.1282 -0.2952 0.3385 -4.0751 -6.1438 -2.1988 -16.1146 7.0440 -2.6878 12.3824 3.0026 -0.9913 6.5933 0.0000 -0.0000 0.0000 -58.1768 -32.7644 9.1862 66.4220 -57.7915 -39.7322 -0.0000 0.0000 -4.9130 29.1057 15.3204 8.3680 -7.1250 0.0000 -0.0000 1.4254 47.3833 0.0838 0.0000 -0.0000 0.0000 50.1706 35.1859 17.0772 -47.2592 51.8285 -24.0021 0.0000 0.0000 14.6670 -29.1568 2.6670 -1.4870 7.1250 -0.0000 -0.0000 -1.9585 -26.9253 -0.8598
0.5149 22.1908 -2.9238 3.5257 -0.6558 0.4876 0.0000 0.0000 0.0000 -20.9823 -0.0096 2.7950 3.4386 11.3733 33.5496 2.4677 16.0453 28.8078 0.1416 2.4250 6.6818 0.0000 0.0000 0.0000 19.1140 15.5619 4.6542 -5.4222 -13.8441 42.6164 -1.2320 -24.7893 24.8455 -0.0873 -1.9062 5.2465 -0.6061 0.5160 2.2420 -0.4695 0.6424 -3.3691 -0.1858 0.3316 -4.7338 -5.9459 -2.2136 -16.4922 6.8595 -2.7073 12.4422 2.9076 -0.9997 6.6724 0.0000 0.0000 0.0000 -60.6106 -30.2805 9.0039 63.1472 -57.0919 -36.9718 -0.0000 0.0000 -3.6655 29.4027 16.2276 8.9495 -7.1250 0.0000 -0.0000 1.6054 48.4468 0.1365 0.0000 0.0000 0.0000 51.0709 33.8114 16.7439 -44.5148 50.5286 -21.8636 0.0000 0.0000 16.1886 -28.2555 2.4033 -1.2910 7.1250 -0.0000 -0.0000 -1.2777 -27.2513 -0.5510
0.5063 22.4904 -2.6099 3.6632 -0.7022 -1.0506 0.0000 0.0000 0.0000 -20.8381 0.7968 2.0007 3.5443 11.5280 34.0818 2.7056 14.4698 29.8798 0.0390 1.2754 3.5069 0.0000 0.0000 0.0000 18.6313 14.6670 3.6695 -5.6247 -14.0545 43.4562 -1.1912 -24.8273 24.6421 -0.1742 -2.6886 7.4129 -0.7693 0.5646 4.3613 -0.5233 0.6789 -2.6006 -0.1698 0.3533 -5.1409 -5.5489 -2.1723 -16.5621 6.4766 -2.6645 12.1316 2.7192 -0.9930 6.5705 -0.0000 -0.0000 0.0000 -62.9147 -28.0487 8.5962 59.2674 -56.1115 -33.7322 -0.0000 0.0000 -2.7686 29.1426 17.5145 9.5254 -7.1250 0.0000 -0.0000 1.1722 49.8418 0.1399 -0.0000 -0.0000 0.0000 51.9760 32.2938 16.4983 -42.0764 49.2531 -19.9984 0.0000 0.0000 17.3742 -26.6081 2.1921 -1.0977 7.1250 -0.0000 -0.0000 -0.0170 -27.5283 -0.0072
0.4860 22.7643 -2.2716 3.3885 -0.9340 -1.8197 0.0000 0.0000 0.0000 -20.1741 1.4170 0.7768 3.4170 11.3413 33.4397 2.9212 12.6743 30.8896 0.0023 0.3079 0.8460 0.0000 0.0000 0.0000 18.7038 14.8433 2.4544 -5.5371 -13.9643 43.0944 -1.3289 -23.8442 24.9362 -0.0460 -1.3844 3.8072 -0.6787 0.6253 5.5404 -0.3951 0.7633 -2.1069 -0.1055 0.3934 -5.2975 -5.6535 -2.1629 -16.3205 6.5940 -2.6446 11.8532 2.7749 -0.9839 6.4425 -0.0000 0.0000 0.0000 -65.0575 -26.3553 8.0058 53.7584 -54.4033 -29.2038 -0.0000 0.0000 -1.3050 26.9939 18.3648 9.1178 -7.1250 0.0000 -0.0000 -1.1232 50.4100 -0.1498 -0.0000 0.0000 0.0000 53.0749 30.7855 16.6558 -39.4525 47.7421 -18.0329 0.0000 0.0000 18.7901 -25.1053 2.1597 -1.0116 7.1250 -0.0000 -0.0000 1.1396 -27.5944 0.4822
0.5028 22.9809 -1.8664 4.5025 -0.4982 -2.7131 0.0000 0.0000 0.0000 -21.4199 1.4137 0.2687 3.2480 11.0861 32.5707 2.9197 11.3763 30.8319 0.0006 -0.1568 -0.4307 0.0000 0.0000 0.0000 16.9792 14.1168 1.7352 -5.2490 -13.6588 41.8875 -1.4959 -21.3906 24.8437 -0.0206 -0.9257 2.5443 -1.5232 0.4942 5.9785 -0.7586 0.5055 -1.4131 0.0186 0.2829 -4.8258 -5.5340 -2.1104 -16.2821 6.5139 -2.5933 11.9162 2.7351 -0.9606 6.4502 0.0000 0.0000 0.0000 -66.9809 -24.3425 7.7970 48.6021 -52.4159 -25.0620 -0.0000 0.0000 -0.5674 26.7148 19.0391 9.3233 -7.1250 0.0000 -0.0000 -1.5411 51.0964 -0.2315 0.0000 0.0000 0.0000 54.1086 29.1717 17.2859 -36.7300 46.0087 -16.0455 0.0000 0.0000 19.5645 -25.7953 1.6758 -0.8098 7.1250 -0.0000 -0.0000 0.6052 -28.1185 0.2486
0.4871 23.1372 -1.5708 3.1458 -0.8755 -1.9523 0.0000 0.0000 0.0000 -19.8031 0.7177 -2.7458 3.1067 10.8657 31.8284 2.8259 11.1452 30.3150 0.0005 0.1409 0.3870 0.0000 0.0000 0.0000 18.0341 15.3074 -0.7103 -4.8846 -13.2527 40.3218 -1.3446 -19.8062 23.3553 -0.0040 -0.4091 1.1241 -0.2977 0.5204 6.2986 -0.3404 0.6533 -1.5299 -0.2553 0.3268 -5.1212 -5.3903 -2.0412 -16.0773 6.3065 -2.5098 11.9262 2.6532 -0.9345 6.4088 0.0000 0.0000 0.0000 -68.6742 -22.3944 7.9150 43.5142 -50.0195 -21.0940 -0.0000 0.0000 -0.7461 27.1856 20.0149 9.9702 -7.1250 0.0000 -0.0000 -1.2751 52.2446 -0.2274 0.0000 0.0000 0.0000 55.2522 27.7036 17.8959 -34.0649 44.1328 -14.1582 0.0000 0.0000 20.3724 -24.9481 2.1773 -1.0125 7.1250 -0.0000 -0.0000 1.2605 -27.5780 0.5339
0.4804 23.2581 -1.2122 3.2669 -0.9670 -1.8696 0.0000 0.0000 0.0000 -20.0004 0.0640 -4.6109 2.9162 10.5581 30.8037 2.4957 10.0412 28.4287 0.0161 -0.8192 -2.2514 0.0000 0.0000 0.0000 17.5281 15.8863 -2.1865 -4.4516 -12.7382 38.3964 -1.1940 -17.9950 21.7445 -0.0010 0.2015 -0.5537 -0.4924 0.5488 6.6150 -0.3149 0.6749 -1.3295 -0.1237 0.3436 -5.0941 -5.3431 -2.0217 -16.0849 6.0669 -2.4626 12.0795 2.5737 -0.9289 6.4521 -0.0000 -0.0000 0.0000 -70.1655 -20.4272 8.5377 38.7878 -47.3351 -17.5426 -0.0000 0.0000 -2.1690 27.1115 20.2806 10.0630 -7.1250 0.0000 -0.0000 -1.4118 52.5197 -0.2613 -0.0000 -0.0000 0.0000 56.3131 26.1301 18.5065 -31.5779 42.2081 -12.4563 0.0000 0.0000 20.9636 -24.9499 2.0861 -0.9702 7.1250 -0.0000 -0.0000 1.2592 -27.6785 0.5303
0.4813 23.3210 -0.8583 3.2494 -0.8458 -1.9497 0.0000 0.0000 0.0000 -20.0722 -1.2457 -6.0800 2.6993 10.1916 29.5996 2.1807 9.8977 26.5329 0.0057 -0.4857 -1.3347 0.0000 0.0000 0.0000 17.2073 16.2049 -3.2975 -3.9715 -12.1224 36.1665 -0.9259 -16.9066 19.5169 -0.0074 0.5546 -1.5240 -0.4477 0.4738 7.1045 -0.3007 0.5775 -0.9693 -0.1257 0.2938 -4.9948 -5.3576 -1.9238 -15.8927 6.2292 -2.3385 11.5646 2.6379 -0.8612 6.2503 0.0000 0.0000 0.0000 -71.2182 -18.7926 9.5472 34.4683 -44.4287 -14.4399 -0.0000 0.0000 -4.3762 26.0266 21.3955 10.1005 -7.1250 0.0000 -0.0000 -2.8159 53.5164 -0.5901 0.0000 0.0000 0.0000 57.3266 24.8299 19.1690 -29.1499 40.1535 -10.8573 0.0000 0.0000 21.0588 -24.9951 2.2985 -1.0711 7.1250 -0.0000 -0.0000 1.2246 -27.4435 0.5225
0.4788 23.3349 -0.5036 3.1161 -0.5943 -1.9683 0.0000 0.0000 0.0000 -19.9044 -2.7700 -7.3709 2.4808 9.8029 28.3408 1.7911 10.6022 24.0695 0.0078 -0.5706 -1.5679 0.0000 0.0000 0.0000 17.0559 16.8022 -4.2516 -3.4702 -11.4199 33.7096 -0.5519 -17.5865 17.0465 -0.0000 0.0024 -0.0065 -0.3580 0.3626 7.5799 -0.1900 0.4411 -0.6097 -0.0474 0.2250 -4.8883 -5.3456 -1.9036 -15.8773 6.1135 -2.2828 11.2330 2.6018 -0.8448 6.1371 0.0000 -0.0000 0.0000 -72.1858 -17.2113 10.8753 30.5400 -41.3518 -11.7648 -0.0000 0.0000 -6.7006 24.5659 22.2274 9.8106 -7.1250 0.0000 -0.0000 -4.5815 54.1172 -1.0283 0.0000 -0.0000 0.0000 58.1858 23.1310 20.1238 -27.4620 38.6162 -9.7861 0.0000 0.0000 20.2380 -25.0999 2.1581 -1.0106 7.1250 -0.0000 -0.0000 1.1437 -27.5964 0.4838
0.4786 23.3045 -0.1395 2.8184 -0.4016 -2.0985 0.0000 0.0000 0.0000 -19.4863 -4.4109 -8.3801 2.2293 9.3282 26.8273 1.4500 11.3485 21.8041 0.0086 -0.5997 -1.6480 0.0000 0.0000 0.0000 17.0448 17.4389 -4.8242 -2.9525 -10.6178 31.0016 -0.1863 -18.5058 14.6277 -0.0000 0.0063 -0.0173 -0.0805 0.2661 8.2288 -0.0927 0.3419 -0.3213 -0.0933 0.1698 -4.9521 -5.0901 -1.8044 -15.8837 5.7917 -2.1538 11.1438 2.4685 -0.7973 6.0953 -0.0000 -0.0000 0.0000 -72.9987 -15.6072 12.6826 26.9104 -38.0937 -9.4438 -0.0000 0.0000 -8.3398 23.6599 22.9596 9.6986 -7.1250 0.0000 -0.0000 -5.7708 54.7089 -1.3797 -0.0000 -0.0000 0.0000 59.1038 21.1247 21.4488 -26.0711 37.2789 -8.9307 0.0000 0.0000 18.8307 -25.4458 1.6511 -0.7854 7.1250 -0.0000 -0.0000 0.8757 -28.1510 0.3590
0.4771 23.2312 0.2227 2.7342 -0.2569 -2.3726 0.0000 0.0000 0.0000 -19.1925 -6.1336 -9.0933 1.9666 8.7962 25.1599 1.1767 12.1928 19.9480 0.0096 -0.6331 -1.7398 0.0000 0.0000 0.0000 16.7833 18.1187 -5.0940 -2.4471 -9.7410 28.1422 0.1938 -19.5019 12.0096 -0.0254 1.0288 -2.8280 -0.0384 0.2061 9.0424 -0.0404 0.2682 0.0747 -0.0558 0.1328 -4.9967 -5.0033 -1.8362 -15.8168 5.6937 -2.1851 10.6496 2.4167 -0.8193 5.9270 0.0000 -0.0000 0.0000 -73.8359 -14.1946 14.4265 23.6687 -34.8119 -7.5166 -0.0000 0.0000 -8.8223 23.8239 23.3402 9.9228 -7.1250 0.0000 -0.0000 -5.7330 55.1414 -1.4311 0.0000 -0.0000 0.0000 60.0177 19.7846 22.3698 -24.0780 35.2466 -7.7515 0.0000 0.0000 17.4973 -25.6907 1.5464 -0.7438 7.1250 -0.0000 -0.0000 0.6857 -28.2636 0.2793
0.4646 23.1034 0.5815 2.3608 -0.2168 -2.6435 0.0000 0.0000 0.0000 -18.4426 -8.0044 -9.7478 1.7116 8.2376 23.4381 0.9404 13.0192 18.3233 0.0166 -0.8329 -2.2891 0.0000 0.0000 0.0000 16.8661 19.1625 -5.2811 -2.0081 -8.8828 25.4295 0.5934 -21.1216 9.6803 -0.0249 1.0194 -2.8023 0.1349 0.1493 9.8751 0.1171 0.2199 0.4548 0.0151 0.1066 -5.0667 -5.1096 -1.9321 -16.0003 5.7666 -2.2902 10.5660 2.4463 -0.8665 5.9390 -0.0000 0.0000 0.0000 -74.6170 -12.6868 15.7649 20.9435 -31.7624 -6.0202 -0.0000 0.0000 -7.1015 21.5119 23.2874 8.8568 -7.1250 0.0000 -0.0000 -8.1257 54.6232 -1.9306 -0.0000 0.0000 0.0000 60.9219 18.3264 23.3865 -22.4268 33.4560 -6.8197 0.0000 0.0000 16.0806 -25.4069 1.4007 -0.6652 7.1250 -0.0000 -0.0000 0.9057 -28.4286 0.3653
0.4615 22.9319 0.9420 2.3467 -0.0160 -2.7759 0.0000 0.0000 0.0000 -18.0280 -9.8679 -10.5809 1.4768 7.6787 21.7423 0.7264 13.3206 16.6662 0.0437 -1.3498 -3.7120 0.0000 0.0000 0.0000 16.3954 19.7057 -5.7552 -1.6362 -8.0632 22.9064 0.8592 -21.8759 7.7888 -0.0264 1.0493 -2.8844 0.1034 0.0488 10.5156 0.1066 0.0827 0.8055 0.0408 0.0396 -5.0582 -5.1757 -1.8168 -16.1485 5.9971 -2.1345 10.2807 2.5447 -0.7743 5.8679 -0.0000 0.0000 0.0000 -75.4897 -11.3505 16.1649 18.5093 -28.8043 -4.7921 -0.0000 0.0000 -2.6797 20.0952 25.3578 8.9049 -7.1250 0.0000 -0.0000 -10.4955 56.4490 -2.9691 -0.0000 0.0000 0.0000 61.9310 16.9206 24.3238 -20.8954 31.7060 -5.9949 0.0000 0.0000 14.8028 -25.0749 1.4406 -0.6740 7.1250 -0.0000 -0.0000 1.1634 -28.3886 0.4704
0.4571 22.7032 1.3134 2.4048 -0.0603 -3.0103 0.0000 0.0000 0.0000 -17.6531 -11.3313 -11.3041 1.2574 7.1087 20.0379 0.5159 15.1244 15.5893 0.0130 -0.7372 -2.0259 0.0000 0.0000 0.0000 15.8505 20.3728 -6.2396 -1.3242 -7.2877 20.5707 1.1591 -22.9820 5.9351 -0.0141 0.7665 -2.1064 -0.0587 0.0251 11.1356 0.0888 0.0309 1.1339 0.1211 0.0173 -5.0601 -5.1199 -1.8104 -15.9632 6.0747 -2.1405 9.8749 2.5576 -0.7735 5.7099 0.0000 -0.0000 0.0000 -76.4047 -9.6704 17.1233 16.5271 -26.2302 -3.8760 -0.0000 0.0000 -0.1604 18.5654 23.3723 7.5893 -7.1250 0.0000 -0.0000 -11.1778 54.1400 -2.5352 0.0000 -0.0000 0.0000 62.9047 15.3800 25.4376 -19.6137 30.1741 -5.3358 0.0000 0.0000 14.0268 -23.4731 -1.0403 0.4517 7.1250 -0.0000 -0.0000 2.4691 -31.1084 0.8390
0.4482 22.4189 1.6877 2.7694 -0.1565 -3.0945 0.0000 0.0000 0.0000 -17.5494 -12.3548 -12.3242 1.0655 6.5625 18.4254 0.4068 16.7203 15.4442 0.0080 -0.5788 -1.5906 0.0000 0.0000 0.0000 14.9009 21.0974 -6.9390 -1.0565 -6.5356 18.3466 1.4768 -24.4299 4.4900 -0.0520 1.4719 -4.0483 -0.5259 0.0680 11.5235 -0.0640 0.0207 1.4239 0.2265 0.0197 -4.9720 -4.8234 -1.7907 -15.8048 5.8760 -2.1456 9.5652 2.4436 -0.7836 5.5810 0.0000 0.0000 0.0000 -77.2385 -7.9298 18.0733 14.9448 -24.0692 -3.2034 -0.0000 -0.0000 2.2360 18.9444 22.3668 7.4416 -7.1250 0.0000 -0.0000 -10.3798 53.1945 -2.1103 0.0000 0.0000 0.0000 63.9492 13.8453 26.5136 -18.4694 28.7541 -4.7729 0.0000 0.0000 13.4398 -22.9105 -1.6287 0.6882 7.1250 -0.0000 -0.0000 2.9419 -31.7394 0.9554
0.4400 22.0842 2.0714 3.0924 -0.4108 -3.2593 0.0000 0.0000 0.0000 -17.3594 -13.1051 -13.0863 0.8799 5.9800 16.7263 0.2244 19.0882 15.3027 0.0001 -0.0648 -0.1780 0.0000 0.0000 0.0000 13.9893 21.9898 -7.6002 -0.8635 -5.9255 16.5684 1.8922 -26.2993 2.8857 -0.0404 1.2969 -3.5661 -0.9528 0.1773 11.8494 -0.2059 0.1016 1.6072 0.3061 0.0659 -4.9617 -4.7059 -1.8501 -15.5177 5.8415 -2.2515 9.4073 2.4031 -0.8386 5.4884 0.0000 -0.0000 0.0000 -78.0443 -5.8147 19.1227 13.7796 -22.4188 -2.7435 -0.0000 -0.0000 3.8910 19.4082 22.1000 7.5505 -7.1250 0.0000 -0.0000 -9.8099 53.0080 -1.9476 0.0000 -0.0000 0.0000 65.0734 12.0279 27.5584 -17.3828 27.3597 -4.2618 0.0000 0.0000 13.8722 -24.0548 0.0226 -0.0101 7.1250 -0.0000 -0.0000 1.9784 -29.9521 0.7268
0.4385 21.6905 2.4751 3.7304 -0.6399 -3.6161 0.0000 0.0000 0.0000 -17.6005 -13.5925 -13.4500 0.7217 5.4284 15.1346 0.1468 20.6907 15.7176 0.0051 0.4630 1.2721 0.0000 0.0000 0.0000 12.7272 23.0139 -8.1245 -0.7377 -5.4869 15.3027 2.1845 -27.9163 2.6784 -0.0548 1.5101 -4.1536 -1.5238 0.3268 11.9731 -0.4879 0.2113 1.8241 0.3161 0.1262 -4.8049 -4.7485 -1.9315 -15.1245 6.0061 -2.3947 9.5359 2.4505 -0.9033 5.4749 0.0000 0.0000 0.0000 -78.7496 -3.5613 20.0976 12.9463 -21.2085 -2.4338 -0.0000 -0.0000 5.0651 19.6287 21.7757 7.5369 -7.1250 0.0000 -0.0000 -9.4663 52.7172 -1.8107 0.0000 0.0000 0.0000 66.1596 9.9352 28.6284 -16.5507 26.2616 -3.8864 0.0000 0.0000 14.2681 -24.4272 0.7930 -0.3602 7.1250 -0.0000 -0.0000 1.6728 -29.1071 0.6481
0.4392 21.2395 2.8934 4.1156 -0.9933 -4.3008 0.0000 0.0000 0.0000 -17.7983 -12.9654 -13.6802 0.6326 5.0889 14.1624 0.2707 21.1977 16.9633 0.0494 1.4345 3.9451 0.0000 0.0000 0.0000 11.9484 23.7712 -8.3976 -0.6720 -5.2421 14.6002 2.3620 -29.0651 3.0485 -0.0302 1.1212 -3.0822 -1.7956 0.4616 12.1074 -0.6676 0.3462 2.0949 0.2606 0.1932 -4.5980 -4.6617 -1.8463 -14.1070 5.8730 -2.3015 9.0985 2.4031 -0.8829 5.1624 0.0000 0.0000 0.0000 -79.6788 -1.0823 20.1997 12.5272 -20.5906 -2.2843 -0.0000 -0.0000 5.6599 19.7606 21.7203 7.5730 -7.1250 0.0000 -0.0000 -9.3137 52.6842 -1.7736 0.0000 0.0000 0.0000 67.2705 8.0371 29.5685 -15.7171 25.1355 -3.5249 0.0000 0.0000 14.2063 -24.0829 0.1715 -0.0767 7.1250 -0.0000 -0.0000 1.9531 -29.7891 0.7251
0.4498 20.7252 3.3267 4.2042 -1.3259 -4.8977 0.0000 0.0000 0.0000 -17.8206 -12.0229 -14.3729 0.6519 5.1645 14.3783 0.1649 22.2446 16.8755 0.0299 1.1167 3.0699 0.0000 0.0000 0.0000 11.5523 23.8513 -9.1211 -0.6881 -5.3031 14.7752 2.3180 -29.0672 3.5386 -0.0217 0.9506 -2.6129 -1.6042 0.5482 11.9463 -0.7543 0.4873 2.2699 0.0424 0.2573 -4.3260 -4.1048 -1.6807 -13.3902 4.9870 -2.0979 9.0136 2.0524 -0.8351 4.9901 0.0000 -0.0000 0.0000 -80.5381 1.3869 20.4227 12.1623 -20.0475 -2.1576 -0.0000 -0.0000 5.5286 19.3352 21.5106 7.3314 -7.1250 0.0000 -0.0000 -9.6613 52.3940 -1.7718 0.0000 -0.0000 0.0000 68.3659 5.9978 30.2690 -15.0480 24.2129 -3.2456 0.0000 0.0000 14.3228 -23.9753 0.7355 -0.3271 7.1250 -0.0000 -0.0000 2.0270 -29.1723 0.7823
0.4673 20.1595 3.7975 3.8229 -2.0152 -5.8770 0.0000 0.0000 0.0000 -17.6025 -10.0875 -15.2360 0.8417 5.8521 16.3559 0.2172 22.4149 17.3555 0.0330 1.1728 3.2245 0.0000 0.0000 0.0000 12.1502 23.3504 -9.7649 -0.8272 -5.8026 16.2127 1.9901 -28.0502 5.0971 -0.0386 1.2686 -3.4882 -0.8354 0.6594 11.5733 -0.7238 0.7404 2.5308 -0.3910 0.3718 -3.8420 -4.7367 -1.6939 -12.8555 5.5124 -2.1067 9.6338 2.3235 -0.8318 5.1074 -0.0000 -0.0000 0.0000 -81.3213 4.0702 20.4313 12.0718 -19.9122 -2.1267 -0.0000 -0.0000 4.8403 18.7384 22.4102 7.3689 -7.1250 0.0000 -0.0000 -10.6040 53.2008 -2.1583 -0.0000 -0.0000 0.0000 69.4365 4.0201 30.8258 -14.4095 23.3171 -2.9883 0.0000 0.0000 14.4477 -23.6390 1.1932 -0.5222 7.1250 -0.0000 -0.0000 2.2815 -28.6744 0.9076
0.4713 19.5197 4.2703 3.6582 -2.5267 -7.1897 0.0000 0.0000 0.0000 -17.6846 -8.1043 -16.3091 1.2749 7.1561 20.1786 0.4783 21.2216 18.4416 0.0127 0.7264 1.9964 0.0000 0.0000 0.0000 12.8056 22.1216 -11.1463 -1.2521 -7.0942 19.9948 1.3787 -25.4981 7.2403 -0.0749 1.7657 -4.8586 -0.5011 0.7317 11.4907 -0.6521 0.8823 2.8498 -0.5212 0.4392 -3.4600 -5.3586 -1.6918 -12.5913 5.9647 -2.0846 10.2617 2.5735 -0.8156 5.2687 -0.0000 0.0000 0.0000 -82.3845 6.7909 19.3771 12.2871 -20.2338 -2.2006 -0.0000 -0.0000 4.6489 18.1160 22.7280 7.2040 -7.1250 0.0000 -0.0000 -11.3584 53.4075 -2.3726 -0.0000 0.0000 0.0000 70.3346 2.3868 31.4027 -13.7681 22.4022 -2.7391 0.0000 0.0000 14.1313 -23.6714 1.5250 -0.6684 7.1250 -0.0000 -0.0000 2.2512 -28.3121 0.9149
0.4788 18.7915 4.7520 4.0472 -3.3454 -8.8373 0.0000 0.0000 0.0000 -18.2756 -5.6293 -18.0309 2.2803 9.4271 27.1406 0.2502 11.3687 11.2276 0.0021 -0.2929 -0.8049 0.0000 0.0000 0.0000 13.2126 20.2383 -13.5644 -2.3420 -9.5447 27.5147 0.5998 -15.1113 1.5487 -0.0807 1.8326 -5.0432 -0.7161 0.9198 11.6777 -0.7573 1.1012 3.0877 -0.5412 0.5485 -3.3155 -5.3928 -1.5018 -11.8575 5.8870 -1.8530 10.4487 2.5759 -0.7201 5.1897 -0.0000 -0.0000 0.0000 -83.2232 9.6731 18.4976 12.5188 -20.5782 -2.2814 -0.0000 -0.0000 3.7462 17.7165 22.8659 7.0761 -7.1250 0.0000 -0.0000 -11.8173 53.4724 -2.4895 -0.0000 -0.0000 0.0000 71.2304 0.6662 31.8297 -13.2096 21.5936 -2.5299 0.0000 0.0000 14.4534 -22.3347 1.4507 -0.5959 7.1250 -0.0000 -0.0000 3.2892 -28.4057 1.3305
0.4751 18.0231 5.1548 4.0511 -3.2240 -10.4871 0.0000 0.0000 0.0000 -18.6543 -3.1489 -20.5677 4.1283 12.3292 36.9069 0.0071 2.0495 1.9555 0.1712 -2.6654 -7.3486 0.0000 0.0000 0.0000 13.8296 18.2924 -16.7631 -4.3499 -12.6120 37.9330 0.1763 -8.4814 -7.4828 -0.1897 2.8051 -7.7366 -0.7545 0.8115 12.7187 -0.7776 0.9386 3.2124 -0.5328 0.4676 -3.7557 -5.4615 -1.3359 -10.9605 6.1191 -1.6756 10.1172 2.6730 -0.6354 4.9287 -0.0000 -0.0000 0.0000 -84.1543 12.2847 17.2494 12.8558 -21.0756 -2.4012 -0.0000 -0.0000 2.5541 17.6464 23.3294 7.1801 -7.1250 0.0000 -0.0000 -12.0883 53.9236 -2.6820 -0.0000 -0.0000 0.0000 72.4401 -0.6177 30.7073 -12.6381 20.7546 -2.3235 0.0000 0.0000 15.9221 -21.5202 2.2510 -0.8873 7.1250 -0.0000 -0.0000 3.8975 -27.5541 1.6560
0.4666 17.3412 5.4692 5.0502 -2.6928 -12.6588 0.0000 0.0000 0.0000 -19.6201 -3.2606 -22.6238 6.4687 14.8677 46.8352 0.1101 -2.7568 -5.9182 0.2636 -3.3030 -9.1236 0.0000 0.0000 0.0000 12.9536 18.0692 -19.9784 -7.1159 -15.4287 49.3114 -0.4650 -3.6210 -14.7198 -0.0026 0.3292 -0.9045 -1.8519 0.7096 14.6054 -1.1687 0.5992 3.7045 -0.2874 0.3063 -4.2729 -5.5534 -1.3005 -10.0727 6.5663 -1.6634 9.0490 2.8231 -0.6234 4.4559 0.0000 -0.0000 0.0000 -85.1044 14.1193 15.8107 13.2709 -21.6828 -2.5525 -0.0000 -0.0000 1.0670 18.2187 23.9276 7.6037 -7.1250 0.0000 -0.0000 -11.7750 54.6317 -2.8154 0.0000 -0.0000 0.0000 74.1159 -1.2141 29.0518 -12.0085 19.8174 -2.1052 0.0000 0.0000 17.8680 -22.2952 1.9974 -0.8188 7.1250 -0.0000 -0.0000 3.3069 -27.8162 1.3838
0.4482 16.7327 5.7447 8.0721 -2.1954 -16.3930 0.0000 0.0000 0.0000 -22.5930 -3.4610 -22.7798 8.7693 16.6570 55.2888 0.2959 -3.2937 -9.6698 0.0738 -1.7531 -4.8237 0.0000 0.0000 0.0000 10.1523 18.6407 -21.6292 -10.2188 -17.5311 60.2171 -0.8342 -3.0469 -18.6141 -0.0157 0.8088 -2.2229 -5.2172 1.1912 17.9338 -1.8918 0.5123 4.9622 0.8368 0.2757 -4.7338 -6.1017 -1.4729 -9.9602 6.9943 -1.8197 7.9598 3.0299 -0.7004 4.1236 -0.0000 0.0000 0.0000 -86.3097 13.9288 13.4564 12.7169 -20.8711 -2.3515 -0.0000 -0.0000 0.6049 19.7126 24.4852 8.4467 -7.1250 0.0000 -0.0000 -10.4915 55.4881 -2.7226 -0.0000 0.0000 0.0000 75.6401 -0.8914 26.8180 -11.3196 18.7765 -1.8775 0.0000 0.0000 19.3556 -24.0755 0.6717 -0.3001 7.1250 -0.0000 -0.0000 1.9497 -29.2416 0.7492
0.4268 16.2126 6.0034 11.0932 -1.1205 -20.0744 0.0000 0.0000 0.0000 -25.7705 -3.1549 -22.3263 10.9536 17.9123 62.6308 0.4433 -4.2451 -11.8434 0.1502 -2.4974 -6.8825 0.0000 0.0000 0.0000 7.1479 17.7376 -22.6656 -12.9641 -18.7692 69.0139 -1.1377 -2.2119 -21.0582 -0.0964 2.0027 -5.5131 -8.6532 1.8633 20.7436 -2.4587 0.5246 6.5268 2.1411 0.2487 -4.5067 -7.0763 -1.7519 -9.7464 7.3965 -2.0470 6.5627 3.2940 -0.8272 3.6939 -0.0000 0.0000 0.0000 -87.3579 11.4097 9.7083 10.4584 -17.4533 -1.6097 -0.0000 -0.0000 2.8919 20.3359 25.1686 8.9573 -7.1250 0.0000 -0.0000 -10.1537 56.3078 -2.8362 -0.0000 0.0000 0.0000 76.9253 0.0305 23.6632 -10.1782 17.0179 -1.5267 0.0000 0.0000 20.3825 -25.8808 -0.8627 0.4185 7.1250 -0.0000 -0.0000 0.5474 -30.9384 0.1881
0.4171 15.8349 6.2790 9.5672 -1.8323 -20.8745 0.0000 0.0000 0.0000 -23.2036 -2.4314 -23.9409 12.8106 18.7127 68.5362 0.6326 -6.6265 -14.2332 0.0870 -1.9029 -5.2375 0.0000 0.0000 0.0000 9.3496 17.0709 -23.4709 -14.5552 -19.2739 73.8931 -1.6739 -1.8583 -25.1790 -0.0467 1.3951 -3.8367 -6.7460 1.8098 19.8337 -2.0120 1.0062 7.5479 1.4590 0.4274 -2.9786 -6.9835 -2.0022 -9.0517 6.8692 -2.3407 5.3368 3.0971 -1.0092 3.2239 -0.0000 -0.0000 0.0000 -87.8932 7.9919 1.5659 7.5428 -12.8091 -0.8479 -0.0000 -0.0000 11.3272 20.2348 24.7539 8.7743 -7.1250 0.0000 -0.0000 -10.0693 55.8664 -2.7042 -0.0000 -0.0000 0.0000 78.7873 0.9736 16.9128 -8.7363 14.7391 -1.1321 0.0000 0.0000 24.3081 -28.1936 -1.7793 0.9535 7.1250 -0.0000 -0.0000 -1.2994 -31.9967 -0.4136
0.4185 15.5583 6.5573 7.8619 -2.6977 -20.8152 0.0000 0.0000 0.0000 -20.6984 -0.9798 -24.9975 13.8000 19.0523 71.5929 1.0965 -8.2508 -18.7517 0.0993 -2.0320 -5.5941 0.0000 0.0000 0.0000 11.6353 16.0170 -23.8447 -15.2489 -19.4500 75.9852 -2.2691 -1.7967 -29.1734 -0.0415 1.3154 -3.6171 -4.4672 1.6715 18.0244 -1.6460 1.4004 8.0337 0.5242 0.6223 -1.5362 -6.4753 -2.0496 -8.7462 6.3309 -2.4612 5.8124 2.8437 -1.0861 3.3123 -0.0000 -0.0000 0.0000 -88.4818 5.8784 -10.6435 6.0456 -10.3382 -0.5474 -0.0000 -0.0000 24.4040 21.1526 25.5937 9.4890 -7.1250 0.0000 -0.0000 -9.4889 56.9121 -2.7871 -0.0000 -0.0000 0.0000 80.9073 1.4612 7.3628 -7.3903 12.5597 -0.8144 0.0000 0.0000 32.1323 -29.3942 -1.4421 0.8123 7.1250 -0.0000 -0.0000 -2.2607 -31.6299 -0.7398
0.4011 15.3216 6.7766 8.2315 -2.9353 -20.3914 0.0000 0.0000 0.0000 -20.9009 0.3274 -25.7268 14.2371 19.1844 72.9274 1.6442 -8.3755 -22.9647 0.0459 -1.3833 -3.8041 0.0000 0.0000 0.0000 10.9235 15.8792 -25.0079 -16.1646 -19.6436 78.7218 -2.6989 0.1995 -31.0899 -0.0164 0.8265 -2.2716 -4.8326 1.7145 16.8601 -1.8039 1.4672 7.9255 0.5758 0.6429 -1.0519 -6.6507 -1.9615 -8.9518 6.6200 -2.3926 7.2822 2.9672 -1.0381 3.7915 0.0000 -0.0000 0.0000 -89.1716 5.5019 -16.4712 6.0319 -10.3153 -0.5449 -0.0000 -0.0000 30.2904 22.6091 27.3677 10.8376 -7.1250 0.0000 -0.0000 -8.7809 59.0453 -3.0284 0.0000 -0.0000 0.0000 82.5446 1.8463 0.7687 -6.2472 10.6737 -0.5842 0.0000 0.0000 38.2629 -28.4243 -1.4032 0.7594 7.1250 -0.0000 -0.0000 -1.4828 -31.5731 -0.4871
0.3835 15.1165 6.9472 7.7486 -3.4193 -19.5734 0.0000 0.0000 0.0000 -19.7927 0.4139 -27.4808 15.1720 19.4317 75.7543 1.8448 -9.5001 -24.3674 0.0793 -1.8162 -4.9979 0.0000 0.0000 0.0000 11.1167 16.1140 -26.7634 -17.0847 -19.7950 81.4483 -2.7322 -0.1870 -31.4037 -0.2122 2.9657 -8.1834 -4.1220 1.5667 16.2750 -1.7964 1.3952 7.4128 0.2043 0.6325 -1.2794 -6.9537 -1.8406 -9.4139 6.9762 -2.2632 8.8377 3.1404 -0.9549 4.3393 0.0000 -0.0000 0.0000 -89.3050 5.8011 -14.3182 6.2898 -10.7447 -0.5921 -0.0000 -0.0000 27.0148 22.9658 28.4178 11.4020 -7.1250 0.0000 -0.0000 -8.9429 60.1997 -3.3318 0.0000 -0.0000 0.0000 83.8879 1.4915 -0.2721 -5.7538 9.8509 -0.4963 0.0000 0.0000 40.0798 -27.2054 -0.9536 0.4902 7.1250 -0.0000 -0.0000 -0.5072 -31.0518 -0.1729
0.3661 14.9275 7.0937 7.9189 -3.3048 -19.6173 0.0000 0.0000 0.0000 -19.7383 0.0223 -28.0811 15.9966 19.6113 78.2217 2.0824 -9.7073 -25.9144 0.1072 -2.1114 -5.8135 0.0000 0.0000 0.0000 10.6766 15.7563 -27.6120 -17.8492 -19.8887 83.7004 -2.9835 0.7176 -32.5578 -0.1848 2.7687 -7.6355 -4.2432 1.3741 16.8746 -1.9713 1.0716 7.1739 0.1309 0.4812 -1.8344 -7.0828 -1.5793 -9.3184 7.1197 -1.9106 8.7529 3.2300 -0.7796 4.2745 -0.0000 -0.0000 0.0000 -89.3966 6.4938 -8.9056 7.1370 -12.1445 -0.7602 -0.0000 -0.0000 19.9398 21.6187 27.2776 10.2943 -7.1250 0.0000 -0.0000 -9.8219 58.7255 -3.3161 -0.0000 -0.0000 0.0000 84.9125 0.8903 3.3855 -5.8671 10.0402 -0.5158 0.0000 0.0000 37.5949 -23.9620 0.0172 -0.0077 7.1250 -0.0000 -0.0000 2.0516 -29.9578 0.7535
0.3304 14.8335 7.2170 8.5191 -2.9607 -19.9371 0.0000 0.0000 0.0000 -20.4470 -0.4394 -27.7088 16.3999 19.6864 79.4210 2.2440 -9.8945 -26.9228 0.1266 -2.2935 -6.3176 0.0000 0.0000 0.0000 9.9860 15.0167 -27.6920 -18.3261 -19.9327 85.1006 -3.3817 1.6767 -34.4517 -0.1243 2.2726 -6.2596 -5.2730 1.4306 17.5541 -2.0640 0.9394 7.3309 0.6262 0.3991 -2.0227 -7.2412 -1.5896 -9.4148 7.1969 -1.8664 7.8718 3.2776 -0.7575 4.0216 0.0000 -0.0000 0.0000 -89.5142 6.3615 -5.0863 8.0168 -13.5801 -0.9561 -0.0000 -0.0000 14.9239 19.1336 26.2847 8.7343 -7.1250 0.0000 -0.0000 -11.9699 57.1767 -3.6056 0.0000 -0.0000 0.0000 85.4537 -0.0731 10.7867 -6.8762 11.7153 -0.7063 0.0000 0.0000 30.8748 -20.5815 1.0178 -0.3821 7.1250 -0.0000 -0.0000 4.6662 -28.8796 1.8378
0.2910 14.7909 7.3186 7.9943 -3.1027 -19.8210 0.0000 0.0000 0.0000 -19.7634 -0.8608 -27.5917 16.6236 19.7245 80.0845 2.3566 -9.7652 -27.6032 0.0962 -2.0007 -5.5077 0.0000 0.0000 0.0000 10.8441 14.8115 -27.6146 -18.5388 -19.9487 85.7241 -3.4538 1.5490 -34.8606 -0.1043 2.0830 -5.7351 -5.0944 1.4650 17.8400 -1.8522 1.0116 7.6004 0.7332 0.4285 -1.8893 -7.3455 -1.7480 -9.6906 7.3908 -2.0123 6.6472 3.3391 -0.8183 3.7101 0.0000 -0.0000 0.0000 -89.2471 5.5798 -1.0149 8.7866 -14.8197 -1.1449 -0.0000 -0.0000 10.2751 18.3282 25.2473 8.0422 -7.1250 0.0000 -0.0000 -12.2857 55.9730 -3.3431 0.0000 -0.0000 0.0000 85.9018 -0.6711 16.0095 -7.9403 13.4561 -0.9382 0.0000 0.0000 25.7869 -19.3514 1.7525 -0.6154 7.1250 -0.0000 -0.0000 5.5866 -28.1070 2.3059
0.2532 14.7874 7.4297 7.8147 -3.4684 -19.6595 0.0000 0.0000 0.0000 -19.5097 -1.0153 -27.2163 16.7166 19.7395 80.3597 2.5074 -9.5379 -28.4981 0.1220 -2.2520 -6.2025 0.0000 0.0000 0.0000 11.4232 14.9425 -27.2507 -18.5819 -19.9517 85.8504 -3.6257 1.5256 -35.7501 -0.1208 2.2406 -6.1709 -5.0631 1.5715 17.8807 -1.8355 1.1592 7.7604 0.7057 0.4969 -1.7463 -7.5285 -1.9440 -9.5586 7.6937 -2.2284 5.3900 3.4457 -0.9195 3.3313 -0.0000 -0.0000 0.0000 -88.6367 4.9364 2.7490 9.3557 -15.7255 -1.2948 -0.0000 -0.0000 6.7047 19.0581 23.9882 7.9947 -7.1250 0.0000 -0.0000 -10.9441 54.8559 -2.6731 -0.0000 -0.0000 0.0000 86.4460 -0.8629 18.3369 -8.3152 14.0624 -1.0273 0.0000 0.0000 23.6577 -19.9857 2.6446 -0.9614 7.1250 -0.0000 -0.0000 5.0625 -27.1569 2.2017
0.2157 14.8245 7.5164 7.5516 -3.6758 -19.0628 0.0000 0.0000 0.0000 -19.2956 -1.6772 -27.2215 16.6520 19.7291 80.1685 2.6119 -8.8079 -29.1238 0.1148 -2.1845 -6.0159 0.0000 0.0000 0.0000 11.8564 14.9010 -27.2966 -18.4774 -19.9443 85.5443 -3.5892 1.2902 -35.6252 -0.1732 2.6808 -7.3912 -4.9943 1.5869 17.7893 -1.8064 1.1941 7.6807 0.6919 0.5167 -1.7859 -7.8356 -2.0682 -9.2707 8.1576 -2.3634 4.4127 3.6306 -0.9804 3.0113 0.0000 0.0000 0.0000 -88.2411 4.2149 4.6456 9.8936 -16.5729 -1.4444 -0.0000 -0.0000 5.7128 20.7320 21.6804 7.9602 -7.1250 0.0000 -0.0000 -8.3234 52.8191 -1.6103 0.0000 0.0000 0.0000 86.7261 -0.8755 21.0447 -8.4472 14.2752 -1.0597 0.0000 0.0000 21.2951 -21.9771 2.1481 -0.8666 7.1250 -0.0000 -0.0000 3.5485 -27.6581 1.4985
0.1841 14.9047 7.5925 7.7667 -3.7309 -18.7415 0.0000 0.0000 0.0000 -19.8768 -2.3664 -26.5705 16.4435 19.6940 79.5503 2.7132 -7.8592 -29.7567 0.1471 -2.4712 -6.8099 0.0000 0.0000 0.0000 11.7733 14.8665 -26.9051 -18.2357 -19.9252 84.8353 -3.5836 1.1598 -35.6305 -0.1650 2.6167 -7.2134 -5.3697 1.6681 17.9086 -1.9449 1.2277 7.7360 0.7484 0.5270 -1.7908 -7.6730 -2.3196 -9.5040 8.2278 -2.6844 3.8970 3.6054 -1.1305 2.9201 0.0000 0.0000 0.0000 -87.7947 3.0806 5.0975 10.1515 -16.9762 -1.5189 -0.0000 -0.0000 6.1539 22.1750 22.1103 8.7218 -7.1250 0.0000 -0.0000 -7.0102 53.5324 -1.4766 0.0000 0.0000 0.0000 87.2604 -0.5512 21.3027 -8.3438 14.1086 -1.0343 0.0000 0.0000 21.6953 -24.9267 1.6018 -0.7443 7.1250 -0.0000 -0.0000 1.2777 -28.2126 0.5220
0.1481 14.9567 7.6595 7.5328 -4.0250 -18.3343 0.0000 0.0000 0.0000 -19.7032 -2.9371 -26.2598 16.2626 19.6618 79.0132 2.7791 -7.2573 -30.1807 0.1527 -2.5178 -6.9391 0.0000 0.0000 0.0000 12.3208 15.0934 -26.7506 -17.9949 -19.9033 84.1284 -3.5914 0.7552 -35.7793 -0.2179 3.0053 -8.2936 -5.3508 1.7280 18.1248 -1.8577 1.2886 7.5944 0.8121 0.5632 -2.0593 -7.8265 -2.4545 -9.4741 8.3228 -2.8449 3.7000 3.6507 -1.2101 2.8730 0.0000 0.0000 0.0000 -87.4593 2.0616 5.1565 10.0752 -16.8572 -1.4967 -0.0000 -0.0000 6.8897 24.1377 22.0228 9.5383 -7.1250 0.0000 -0.0000 -4.9615 53.8169 -1.0775 0.0000 0.0000 0.0000 87.4993 -0.3811 21.0494 -8.2231 13.9139 -1.0051 0.0000 0.0000 22.4806 -26.5307 0.1743 -0.0870 7.1250 -0.0000 -0.0000 0.0271 -29.7849 0.0101
0.1193 15.0650 7.7221 7.5101 -4.2198 -17.6918 0.0000 0.0000 0.0000 -19.9164 -3.6171 -25.8431 15.9243 19.5970 78.0061 2.8001 -6.6132 -30.3627 0.1521 -2.5128 -6.9251 0.0000 0.0000 0.0000 12.4793 15.1117 -26.5947 -17.6264 -19.8644 83.0449 -3.7362 1.4589 -36.3248 -0.0839 1.8678 -5.1405 -5.5031 1.7578 17.8815 -1.8364 1.3171 7.5070 0.9186 0.5747 -2.0305 -7.8450 -2.5905 -9.7617 8.2970 -3.0125 3.8680 3.6340 -1.2879 2.9836 -0.0000 0.0000 0.0000 -87.1186 0.8366 5.4052 10.0435 -16.8076 -1.4875 -0.0000 -0.0000 6.6688 24.6864 23.2233 10.2734 -7.1250 0.0000 -0.0000 -4.7818 55.1948 -1.1989 -0.0000 0.0000 0.0000 87.6871 0.0267 19.5266 -7.9742 13.5111 -0.9461 0.0000 0.0000 24.2145 -27.7009 1.4357 -0.7537 7.1250 -0.0000 -0.0000 -0.8742 -28.3579 -0.3541
0.0942 15.1861 7.7953 6.9974 -4.7283 -16.9310 0.0000 0.0000 0.0000 -19.4549 -4.0115 -25.5035 15.5318 19.5144 76.8335 2.8039 -5.9895 -30.4570 0.1288 -2.3136 -6.3731 0.0000 0.0000 0.0000 13.3263 15.3640 -26.2838 -17.1586 -19.8053 81.6665 -3.5456 0.6126 -35.5851 -0.1920 2.8217 -7.7827 -5.0454 1.7073 17.4196 -1.7362 1.3537 7.3246 0.7677 0.6012 -1.9843 -7.7133 -2.6585 -9.8164 8.1947 -3.1230 4.1239 3.5737 -1.3426 3.0744 -0.0000 0.0000 0.0000 -86.7009 -0.0953 5.2271 9.9344 -16.6369 -1.4561 -0.0000 -0.0000 6.6542 24.8309 23.5400 10.4704 -7.1250 0.0000 -0.0000 -4.7374 55.5592 -1.2297 -0.0000 0.0000 0.0000 87.7650 0.4799 18.3989 -7.6444 12.9749 -0.8705 0.0000 0.0000 25.6882 -27.2558 0.7364 -0.3793 7.1250 -0.0000 -0.0000 -0.5383 -29.1513 -0.2079
0.0733 15.3276 7.8616 6.7755 -5.2168 -16.0348 0.0000 0.0000 0.0000 -19.3246 -4.3699 -25.2516 15.0783 19.4090 75.4723 2.7865 -5.3549 -30.4436 0.1371 -2.3868 -6.5760 0.0000 0.0000 0.0000 13.7730 15.7173 -26.0221 -16.6204 -19.7239 80.0750 -3.5814 0.7826 -35.7209 -0.1476 2.4760 -6.8232 -4.9078 1.6651 16.8012 -1.6746 1.3548 7.0986 0.7655 0.6046 -1.9022 -8.0086 -2.7513 -9.8073 8.4505 -3.2484 4.5025 3.6937 -1.3983 3.2064 -0.0000 0.0000 0.0000 -86.3684 -0.9784 5.0652 9.8421 -16.4923 -1.4298 -0.0000 -0.0000 6.7876 24.7131 24.2350 10.6979 -7.1250 0.0000 -0.0000 -5.1123 56.2669 -1.4152 -0.0000 0.0000 0.0000 87.4949 1.0586 18.8097 -7.4950 12.7310 -0.8373 0.0000 0.0000 25.1474 -25.2171 -0.2040 0.0961 7.1250 -0.0000 -0.0000 1.0653 -30.2044 0.3848
0.0610 15.4777 7.9418 6.6902 -5.7154 -15.4329 0.0000 0.0000 0.0000 -19.3917 -4.4057 -24.5888 14.5395 19.2696 73.8454 2.7788 -4.9268 -30.4637 0.1158 -2.1937 -6.0411 0.0000 0.0000 0.0000 14.0710 15.8383 -25.3159 -16.0314 -19.6181 78.3252 -3.4605 0.4907 -35.1812 -0.2394 3.1489 -8.6935 -4.6266 1.5993 16.2077 -1.7967 1.3396 6.9455 0.4929 0.6026 -1.7462 -7.9710 -2.8492 -9.8427 8.4607 -3.4144 5.0860 3.6800 -1.4764 3.4012 0.0000 -0.0000 0.0000 -85.7789 -1.5975 5.6564 9.6191 -16.1416 -1.3672 -0.0000 -0.0000 5.8743 25.2290 22.4122 10.1844 -7.1250 0.0000 -0.0000 -3.9459 54.4453 -0.9168 0.0000 -0.0000 0.0000 87.2853 1.4445 20.2163 -7.4365 12.6354 -0.8245 0.0000 0.0000 23.7592 -23.7835 -0.3700 0.1631 7.1250 -0.0000 -0.0000 2.2021 -30.3802 0.7865
0.0415 15.6400 8.0146 6.6566 -6.1912 -14.8629 0.0000 0.0000 0.0000 -19.4797 -4.3846 -23.8377 13.9264 19.0916 71.9797 2.7256 -4.6319 -30.2039 0.0992 -2.0310 -5.5915 0.0000 0.0000 0.0000 14.3484 15.9782 -24.5669 -15.4019 -19.4854 76.4443 -3.4783 0.7769 -35.1928 -0.2015 2.8904 -7.9738 -4.5684 1.5368 15.7968 -1.8723 1.2800 6.7106 0.3973 0.5779 -1.7741 -7.9940 -2.8713 -9.6103 8.5709 -3.4788 5.3182 3.7159 -1.5082 3.4411 0.0000 -0.0000 0.0000 -85.2791 -2.0165 5.8763 9.5905 -16.0965 -1.3592 -0.0000 -0.0000 5.8567 24.5677 22.9484 10.1066 -7.1250 0.0000 -0.0000 -4.8143 54.8803 -1.1703 0.0000 -0.0000 0.0000 87.0594 1.8435 20.6274 -7.2956 12.4048 -0.7939 0.0000 0.0000 24.3583 -22.6787 0.2132 -0.0891 7.1250 -0.0000 -0.0000 3.0561 -29.7421 1.1389
0.0335 15.8050 8.0940 6.5945 -6.4250 -14.3345 0.0000 0.0000 0.0000 -19.6952 -4.5600 -22.9108 13.2846 18.8825 70.0073 2.6879 -4.3032 -30.0400 0.0856 -1.8867 -5.1927 0.0000 0.0000 0.0000 14.4569 15.7248 -23.8111 -14.7571 -19.3278 74.5039 -3.4320 1.2922 -34.8140 -0.1836 2.7598 -7.6108 -4.3529 1.3337 15.4059 -1.9670 1.0566 6.4880 0.2202 0.4740 -1.7904 -7.8695 -2.9016 -9.7006 8.4163 -3.5431 5.8011 3.6428 -1.5404 3.6015 0.0000 0.0000 0.0000 -84.8948 -2.1657 6.3077 9.6410 -16.1761 -1.3732 -0.0000 -0.0000 5.6159 24.1704 23.3625 10.0913 -7.1250 0.0000 -0.0000 -5.3756 55.2357 -1.3538 0.0000 0.0000 0.0000 86.7058 2.2144 21.9969 -7.3234 12.4502 -0.7999 0.0000 0.0000 23.8684 -21.6306 -0.3459 0.1371 7.1250 -0.0000 -0.0000 3.9033 -30.3397 1.4000
0.0211 15.9717 8.1746 6.4761 -6.6802 -13.9050 0.0000 0.0000 0.0000 -19.8154 -4.6335 -21.8329 12.6294 18.6442 67.9703 2.6640 -4.1305 -29.9310 0.0589 -1.5661 -4.3079 0.0000 0.0000 0.0000 14.7034 15.4807 -22.8758 -14.0580 -19.1315 72.3816 -3.4249 1.9238 -34.6165 -0.1082 2.1206 -5.8390 -4.2503 1.1945 15.2231 -1.9518 0.8900 6.2468 0.2074 0.3972 -1.9421 -8.1257 -2.9430 -9.7808 8.5876 -3.5982 6.2442 3.7345 -1.5620 3.7611 -0.0000 -0.0000 0.0000 -84.7375 -2.1860 6.5481 9.7563 -16.3575 -1.4055 -0.0000 -0.0000 5.3343 24.4219 23.6450 10.3215 -7.1250 0.0000 -0.0000 -5.2094 55.5848 -1.3559 -0.0000 -0.0000 0.0000 86.3162 2.4296 22.7883 -7.4454 12.6499 -0.8264 0.0000 0.0000 23.9115 -21.0628 0.2591 -0.0998 7.1250 -0.0000 -0.0000 4.3232 -29.6888 1.6186
0.0105 16.1470 8.2548 6.1625 -7.0397 -13.3750 0.0000 0.0000 0.0000 -19.6844 -4.5768 -20.9130 11.9755 18.3803 65.9111 2.5849 -3.4221 -29.5980 0.0595 -1.5746 -4.3313 0.0000 0.0000 0.0000 15.1822 15.3877 -21.8954 -13.3255 -18.8965 70.1333 -3.3706 2.3539 -34.2285 -0.0578 1.5517 -4.2684 -3.8709 1.0478 14.7739 -1.9087 0.7705 6.0691 0.0644 0.3434 -1.8849 -8.1881 -3.1372 -9.9646 8.5582 -3.8666 6.8069 3.7162 -1.6913 3.9852 0.0000 0.0000 0.0000 -84.6596 -2.2784 6.3324 9.8173 -16.4533 -1.4228 -0.0000 -0.0000 5.5495 24.7876 23.7882 10.5516 -7.1250 0.0000 -0.0000 -4.8707 55.8121 -1.2944 0.0000 0.0000 0.0000 85.9637 2.6185 23.6923 -7.7359 13.1238 -0.8912 0.0000 0.0000 23.2050 -21.2772 0.2647 -0.1031 7.1250 -0.0000 -0.0000 4.1547 -29.6834 1.5557
-0.0007 16.3092 8.3291 6.1110 -7.2315 -12.6886 0.0000 0.0000 0.0000 -19.8337 -4.6916 -20.2658 11.3387 18.0969 63.8766 2.4891 -2.6509 -29.1862 0.0560 -1.5272 -4.2007 0.0000 0.0000 0.0000 15.2607 15.2957 -21.2797 -12.6599 -18.6559 68.0657 -3.2120 2.2073 -33.4184 -0.0708 1.7160 -4.7216 -3.8700 0.9212 14.2403 -1.8725 0.6239 5.7442 0.1300 0.2742 -1.9387 -8.5265 -3.2980 -9.7990 8.7236 -4.0800 7.0771 3.8102 -1.8000 4.0686 -0.0000 -0.0000 0.0000 -84.6817 -2.2484 6.2399 9.7782 -16.3919 -1.4117 -0.0000 -0.0000 5.6722 24.9009 23.7499 10.5895 -7.1250 0.0000 -0.0000 -4.7361 55.7957 -1.2566 -0.0000 -0.0000 0.0000 85.5615 2.7506 24.2669 -8.1062 13.7249 -0.9772 0.0000 0.0000 21.9505 -21.1213 -0.2986 0.1153 7.1250 -0.0000 -0.0000 4.3031 -30.2852 1.5497
-0.0112 16.4824 8.4156 6.0612 -7.4622 -12.1806 0.0000 0.0000 0.0000 -20.0473 -4.5726 -19.2514 10.6618 17.7656 61.6782 2.4016 -1.8505 -28.8419 0.0478 -1.4110 -3.8804 0.0000 0.0000 0.0000 15.4376 15.1538 -20.3432 -11.9638 -18.3753 65.8739 -2.9785 1.5299 -32.3081 -0.1151 2.1873 -6.0236 -3.8076 0.8053 13.7704 -1.8971 0.4977 5.5470 0.0928 0.2137 -1.8901 -8.4962 -3.6135 -9.7373 8.4290 -4.4888 7.1380 3.6838 -2.0169 4.1052 0.0000 -0.0000 0.0000 -84.5994 -2.2741 6.3974 9.8139 -16.4480 -1.4218 -0.0000 -0.0000 5.4829 25.1346 23.9412 10.7795 -7.1250 0.0000 -0.0000 -4.5532 56.0471 -1.2357 0.0000 -0.0000 0.0000 85.2076 3.0149 25.0903 -8.3456 14.1115 -1.0348 0.0000 0.0000 20.6528 -21.8170 -0.1783 0.0714 7.1250 -0.0000 -0.0000 3.7489 -30.1609 1.3604
-0.0155 16.6587 8.5041 6.0755 -7.6310 -11.7542 0.0000 0.0000 0.0000 -20.4085 -4.6466 -18.0894 9.9766 17.3967 59.4101 2.2969 -0.9379 -28.4343 0.0385 -1.2664 -3.4820 0.0000 0.0000 0.0000 15.5528 15.0399 -19.2052 -11.2364 -18.0488 63.5468 -2.9097 1.5126 -31.9271 -0.0635 1.6263 -4.4741 -3.7757 0.6650 13.3428 -1.9359 0.3311 5.3155 0.0622 0.1339 -1.8983 -8.6371 -3.8264 -9.8095 8.5428 -4.7858 7.5549 3.7195 -2.1584 4.2760 -0.0000 -0.0000 0.0000 -84.6649 -2.1380 6.2755 9.8191 -16.4561 -1.4233 -0.0000 -0.0000 5.6060 25.3805 23.3194 10.6364 -7.1250 0.0000 -0.0000 -4.0769 55.4404 -1.0461 -0.0000 -0.0000 0.0000 85.0380 3.1774 24.2887 -8.5848 14.4963 -1.0939 0.0000 0.0000 20.4784 -22.4002 -0.3402 0.1402 7.1250 -0.0000 -0.0000 3.2949 -30.3390 1.1811
-0.0220 16.8213 8.5868 5.6607 -8.0468 -11.1399 0.0000 0.0000 0.0000 -20.1456 -4.5600 -17.2312 9.3375 17.0201 57.2502 2.1969 -0.0754 -28.0569 0.0444 -1.3602 -3.7404 0.0000 0.0000 0.0000 16.2203 15.3197 -18.1382 -10.5214 -17.6928 61.2174 -2.7391 1.2765 -31.0137 -0.0328 1.1685 -3.2127 -3.3544 0.5715 12.9509 -1.8137 0.2720 4.9562 -0.0368 0.1131 -2.0624 -8.7578 -4.1192 -9.6856 8.5244 -5.1884 7.8414 3.7041 -2.3630 4.3808 -0.0000 0.0000 0.0000 -84.8266 -1.9189 6.0360 9.8284 -16.4707 -1.4259 -0.0000 -0.0000 5.6019 25.4802 22.8965 10.5040 -7.1250 0.0000 -0.0000 -3.8333 55.0115 -0.9435 -0.0000 0.0000 0.0000 84.8913 3.2939 22.7882 -8.7611 14.7788 -1.1384 0.0000 0.0000 20.5375 -22.6940 -0.7080 0.2961 7.1250 -0.0000 -0.0000 3.0764 -30.7392 1.0731
-0.0275 16.9754 8.6709 5.3982 -8.3790 -10.5631 0.0000 0.0000 0.0000 -20.0651 -4.5322 -16.3056 8.7256 16.6278 55.1361 2.1109 0.4765 -27.6798 0.0298 -1.1136 -3.0614 0.0000 0.0000 0.0000 16.7368 15.6983 -17.0576 -9.8409 -17.3194 58.9553 -2.5551 0.7254 -30.0836 -0.0120 0.7062 -1.9406 -3.0987 0.4875 12.4783 -1.7148 0.2093 4.6858 -0.0664 0.0859 -2.0885 -8.8572 -4.3361 -9.6885 8.4211 -5.4720 8.1207 3.6653 -2.5101 4.4914 0.0000 0.0000 0.0000 -85.0744 -1.7486 6.0456 9.8889 -16.5656 -1.4431 -0.0000 -0.0000 5.6643 25.6778 23.5555 10.8764 -7.1250 0.0000 -0.0000 -3.8377 55.7534 -1.0137 0.0000 0.0000 0.0000 84.5400 3.4605 22.8028 -9.0386 15.2219 -1.2102 0.0000 0.0000 18.8459 -22.3490 -1.7092 0.7026 7.1250 -0.0000 -0.0000 3.3958 -31.8162 1.0970
-0.0307 17.1269 8.7610 5.1273 -8.7409 -9.9480 0.0000 0.0000 0.0000 -19.9692 -4.4657 -15.4153 8.1250 16.2104 53.0117 2.0260 1.1291 -27.3496 0.0302 -1.1222 -3.0850 0.0000 0.0000 0.0000 17.2475 16.1843 -15.9562 -9.1878 -16.9271 56.7374 -2.4156 0.1870 -29.3981 -0.0070 0.5391 -1.4813 -2.8360 0.4086 11.8580 -1.6434 0.1576 4.4209 -0.1300 0.0631 -2.0275 -8.6427 -4.6453 -9.5467 8.0924 -5.8961 8.1352 3.4958 -2.7329 4.4932 0.0000 0.0000 0.0000 -85.3149 -1.5325 5.9395 9.9414 -16.6479 -1.4581 -0.0000 -0.0000 5.7731 25.4411 23.9196 10.9172 -7.1250 0.0000 -0.0000 -4.2161 56.0895 -1.1483 0.0000 0.0000 0.0000 84.3051 3.6497 22.3857 -9.2131 15.4993 -1.2564 0.0000 0.0000 18.0111 -22.9353 -2.2001 0.9306 7.1250 -0.0000 -0.0000 2.9485 -32.3593 0.9135
-0.0296 17.2715 8.8491 5.0540 -8.9057 -9.3565 0.0000 0.0000 0.0000 -20.1535 -4.5747 -14.5073 7.5387 15.7693 50.8837 1.9141 1.9601 -26.9141 0.0371 -1.2435 -3.4192 0.0000 0.0000 0.0000 17.4360 16.4286 -14.9757 -8.5723 -16.5245 54.5989 -2.2961 -0.2220 -28.7848 -0.0034 0.3739 -1.0273 -2.7482 0.2935 11.4257 -1.6230 0.0236 4.0270 -0.1396 0.0017 -2.2004 -8.6898 -4.8425 -9.4648 8.0251 -6.1732 8.4582 3.4606 -2.8752 4.6014 0.0000 0.0000 0.0000 -85.4890 -1.2567 5.9237 9.8215 -16.4598 -1.4239 -0.0000 -0.0000 5.5039 25.2743 23.7870 10.7821 -7.1250 0.0000 -0.0000 -4.3494 55.9137 -1.1661 0.0000 0.0000 0.0000 84.0934 3.6900 22.2859 -9.1867 15.4575 -1.2494 0.0000 0.0000 16.0498 -23.6378 -2.6492 1.1589 7.1250 -0.0000 -0.0000 2.4015 -32.8647 0.7145
-0.0269 17.4055 8.9307 4.8131 -9.1121 -8.7220 0.0000 0.0000 0.0000 -20.0959 -4.5627 -13.7423 6.9935 15.3264 48.8496 1.7962 2.6637 -26.3942 0.0477 -1.4101 -3.8779 0.0000 0.0000 0.0000 17.7890 16.7295 -14.0631 -8.0138 -16.1294 52.6122 -2.1844 -0.5647 -28.1876 -0.0008 0.1872 -0.5143 -2.5384 0.2002 10.8503 -1.5089 -0.0584 3.7212 -0.1274 -0.0364 -2.2032 -8.7989 -5.0750 -9.2787 7.9330 -6.4834 8.5727 3.4272 -3.0400 4.6325 0.0000 -0.0000 0.0000 -85.8897 -1.0430 5.5769 9.8029 -16.4307 -1.4187 -0.0000 -0.0000 5.9698 25.3822 23.3551 10.6522 -7.1250 0.0000 -0.0000 -4.0870 55.4786 -1.0525 0.0000 -0.0000 0.0000 83.7956 3.8965 21.2228 -9.3124 15.6569 -1.2831 0.0000 0.0000 17.5827 -24.2807 -1.7515 0.7900 7.1250 -0.0000 -0.0000 1.8471 -31.8977 0.5924
-0.0236 17.5309 9.0167 4.6967 -9.3655 -8.2697 0.0000 0.0000 0.0000 -20.1436 -4.3291 -12.7861 6.4569 14.8570 46.7891 1.7246 3.0056 -26.0409 0.0452 -1.3720 -3.7729 0.0000 0.0000 0.0000 18.0447 16.9419 -12.9913 -7.4828 -15.7253 50.6775 -2.0653 -0.9724 -27.5531 -0.0000 0.0313 -0.0859 -2.4088 0.1376 10.3838 -1.4592 -0.1140 3.5112 -0.1414 -0.0627 -2.1654 -8.9327 -5.3043 -9.2801 8.0075 -6.7895 8.6726 3.4462 -3.1902 4.6968 -0.0000 -0.0000 0.0000 -86.1740 -1.0083 5.3319 9.6351 -16.1667 -1.3716 -0.0000 -0.0000 6.2108 25.2499 22.9616 10.4252 -7.1250 0.0000 -0.0000 -4.0982 55.0335 -1.0110 -0.0000 -0.0000 0.0000 83.5132 4.0214 21.3659 -9.3489 15.7148 -1.2930 0.0000 0.0000 16.3792 -23.8979 -0.8550 0.3788 7.1250 -0.0000 -0.0000 2.1250 -30.9109 0.7320
-0.0237 17.6548 9.1048 4.6500 -9.5232 -7.7541 0.0000 0.0000 0.0000 -20.2672 -4.1959 -11.7700 5.8899 14.3208 44.5383 1.6582 3.3633 -25.7296 0.0428 -1.3350 -3.6712 0.0000 0.0000 0.0000 18.1707 17.0849 -12.0324 -6.9437 -15.2843 48.6611 -1.9711 -1.4214 -27.0906 -0.0004 0.1240 -0.3406 -2.3784 0.0455 9.8355 -1.4095 -0.2190 3.1929 -0.0947 -0.1126 -2.1927 -9.1744 -5.4863 -9.3648 8.0603 -7.0299 9.1750 3.4772 -3.3102 4.8968 -0.0000 -0.0000 0.0000 -86.4554 -0.6447 5.3949 9.6168 -16.1380 -1.3665 -0.0000 -0.0000 6.1484 24.9956 23.8017 10.6557 -7.1250 0.0000 -0.0000 -4.6531 55.8703 -1.2429 -0.0000 -0.0000 0.0000 83.2001 3.8640 21.5310 -9.4819 15.9250 -1.3292 0.0000 0.0000 15.6087 -23.3045 -2.0662 0.8898 7.1250 -0.0000 -0.0000 2.6446 -32.2220 0.8280
-0.0225 17.7808 9.1982 4.7303 -9.8119 -7.4003 0.0000 0.0000 0.0000 -20.5167 -3.8291 -10.6364 5.3586 13.7766 42.3497 1.5693 3.6923 -25.2371 0.0368 -1.2382 -3.4045 0.0000 0.0000 0.0000 18.1891 17.2468 -10.8740 -6.4140 -14.8179 46.6214 -1.8721 -1.7241 -26.5319 -0.0001 -0.0582 0.1598 -2.5094 -0.0045 9.4181 -1.3748 -0.2875 2.9285 0.0222 -0.1446 -2.2348 -9.1827 -5.5872 -9.4321 7.8371 -7.1487 9.4613 3.3953 -3.3797 4.9987 0.0000 -0.0000 0.0000 -86.8225 -0.3006 5.0863 9.5408 -16.0181 -1.3455 -0.0000 -0.0000 6.2745 24.6928 23.4131 10.3540 -7.1250 0.0000 -0.0000 -4.8401 55.3966 -1.2374 0.0000 -0.0000 0.0000 82.9380 3.9750 21.1697 -9.4964 15.9480 -1.3332 0.0000 0.0000 16.4266 -24.1065 -0.7629 0.3413 7.1250 -0.0000 -0.0000 1.9566 -30.8123 0.6786
-0.0199 17.8858 9.2725 4.5015 -10.0044 -6.7629 0.0000 0.0000 0.0000 -20.3578 -3.5480 -10.0330 4.9022 13.2728 40.3983 1.4532 4.1327 -24.5871 0.0590 -1.5671 -4.3107 0.0000 0.0000 0.0000 18.4445 17.4674 -10.1214 -5.9147 -14.3451 44.6383 -1.7391 -2.2250 -25.8021 -0.0034 -0.3785 1.0400 -2.2948 -0.0665 8.9986 -1.3081 -0.3412 2.5643 -0.0241 -0.1677 -2.3804 -9.2043 -5.7325 -9.2179 7.8233 -7.3600 9.4648 3.3809 -3.4896 4.9826 0.0000 0.0000 0.0000 -87.0580 -0.0150 4.9651 9.4484 -15.8722 -1.3201 -0.0000 -0.0000 6.5905 23.9610 23.8903 10.2029 -7.1250 0.0000 -0.0000 -5.7885 55.7462 -1.5301 0.0000 0.0000 0.0000 82.7236 3.9403 21.0424 -9.5195 15.9844 -1.3396 0.0000 0.0000 16.5942 -23.8855 -0.3750 0.1660 7.1250 -0.0000 -0.0000 2.1215 -30.3862 0.7574
-0.0156 17.9911 9.3602 4.2199 -10.3001 -6.2773 0.0000 0.0000 0.0000 -20.1386 -3.0113 -9.3144 4.4739 12.7656 38.4972 1.3346 4.6643 -23.9509 0.0918 -1.9546 -5.3802 0.0000 0.0000 0.0000 18.8164 17.5660 -9.2036 -5.4396 -13.8623 42.6887 -1.6176 -2.8277 -25.1852 -0.0009 -0.1892 0.5200 -1.8986 -0.0848 8.5881 -1.2763 -0.3224 2.2767 -0.2164 -0.1571 -2.4534 -9.1895 -5.9837 -9.5747 7.7129 -7.6887 10.0046 3.3027 -3.6473 5.2330 -0.0000 -0.0000 0.0000 -87.2399 0.2622 4.7332 9.4346 -15.8503 -1.3163 -0.0000 -0.0000 6.9575 23.6401 24.1542 10.1548 -7.1250 0.0000 -0.0000 -6.2294 55.9551 -1.6788 -0.0000 -0.0000 0.0000 82.5987 3.8921 21.0428 -9.4395 15.8581 -1.3176 0.0000 0.0000 16.1575 -25.2761 0.8007 -0.3781 7.1250 -0.0000 -0.0000 1.0094 -29.0936 0.3913
-0.0113 18.0829 9.4390 4.2138 -10.3542 -5.7845 0.0000 0.0000 0.0000 -20.2342 -2.6947 -8.6184 4.0603 12.2402 36.5870 1.2312 5.0387 -23.3325 0.1079 -2.1185 -5.8333 0.0000 0.0000 0.0000 18.7878 17.5556 -8.4325 -5.0174 -13.4034 40.8978 -1.5423 -3.1062 -24.7534 -0.0023 -0.3078 0.8458 -1.8722 -0.1546 8.3069 -1.2995 -0.4125 1.8996 -0.2461 -0.1986 -2.6869 -9.2412 -6.1450 -9.4044 7.7089 -7.9167 10.0355 3.2930 -3.7649 5.2357 0.0000 -0.0000 0.0000 -87.4599 0.5515 3.9950 9.3085 -15.6508 -1.2821 -0.0000 -0.0000 7.7067 23.9109 23.1035 9.8692 -7.1250 0.0000 -0.0000 -5.5580 54.9105 -1.3559 0.0000 -0.0000 0.0000 82.4775 3.8167 20.9415 -9.4623 15.8942 -1.3239 0.0000 0.0000 16.2873 -23.5463 -1.6707 0.7279 7.1250 -0.0000 -0.0000 2.4338 -31.7962 0.7868
-0.0050 18.1678 9.5214 4.1618 -10.4195 -5.3139 0.0000 0.0000 0.0000 -20.2834 -2.3526 -7.8556 3.6449 11.6722 34.5820 1.1275 5.4464 -22.7165 0.1470 -2.4712 -6.8097 0.0000 0.0000 0.0000 18.8009 17.5355 -7.7842 -4.6632 -12.9942 39.3468 -1.4630 -3.5844 -24.3827 -0.0001 -0.0472 0.1297 -1.7963 -0.2209 7.7703 -1.2845 -0.4821 1.7014 -0.2681 -0.2333 -2.5934 -9.2877 -6.2104 -9.3160 7.7531 -8.0100 9.9892 3.3083 -3.8117 5.2185 -0.0000 -0.0000 0.0000 -87.6229 0.7783 4.1507 9.3357 -15.6938 -1.2894 -0.0000 -0.0000 7.7772 23.9198 23.3692 9.9784 -7.1250 0.0000 -0.0000 -5.6424 55.1913 -1.4152 -0.0000 -0.0000 0.0000 82.3717 3.6105 20.6840 -9.5931 16.1006 -1.3599 0.0000 0.0000 16.6913 -24.7476 -1.4336 0.6607 7.1250 -0.0000 -0.0000 1.4632 -31.5562 0.4812
0.0047 18.2416 9.5975 4.3874 -10.4997 -4.9834 0.0000 0.0000 0.0000 -20.6707 -2.0792 -6.9692 3.2388 11.0719 32.5229 1.0714 5.7874 -22.4528 0.1142 -2.1788 -6.0000 0.0000 0.0000 0.0000 18.4832 17.5110 -7.0909 -4.3518 -12.6144 37.9415 -1.4223 -3.6759 -24.1142 -0.0011 -0.2177 0.5981 -1.9932 -0.2384 7.4199 -1.2975 -0.5149 1.5041 -0.1691 -0.2472 -2.6003 -9.6043 -6.4035 -9.3028 7.9055 -8.2490 10.0063 3.3847 -3.9312 5.2625 0.0000 -0.0000 0.0000 -87.9146 0.9891 4.0835 9.3290 -15.6833 -1.2876 -0.0000 -0.0000 7.6395 23.6163 23.6134 9.9339 -7.1250 0.0000 -0.0000 -6.0510 55.3850 -1.5467 0.0000 -0.0000 0.0000 82.1710 3.7315 20.4146 -9.4672 15.9019 -1.3252 0.0000 0.0000 16.8569 -24.9502 -0.9177 0.4269 7.1250 -0.0000 -0.0000 1.2892 -30.9904 0.4415
0.0101 18.3184 9.6827 4.4557 -10.5480 -4.6473 0.0000 0.0000 0.0000 -20.9099 -1.9460 -6.0257 2.8940 10.5214 30.6823 1.0128 6.1501 -22.1818 0.1041 -2.0807 -5.7287 0.0000 0.0000 0.0000 18.4301 17.6009 -6.3062 -4.0580 -12.2372 36.5764 -1.3561 -4.1329 -23.8315 -0.0024 -0.3156 0.8672 -2.0492 -0.2978 6.9437 -1.2760 -0.5856 1.3675 -0.1114 -0.2821 -2.4743 -9.6154 -6.5360 -9.5163 7.6511 -8.3796 10.0948 3.2874 -4.0056 5.3270 0.0000 -0.0000 0.0000 -88.1829 0.9996 3.3772 9.2436 -15.5479 -1.2646 -0.0000 -0.0000 8.1867 23.4957 23.4234 9.8046 -7.1250 0.0000 -0.0000 -6.1086 55.1616 -1.5283 0.0000 -0.0000 0.0000 81.9006 3.4434 20.8066 -9.6633 16.2112 -1.3795 0.0000 0.0000 16.0580 -26.0525 -0.5022 0.2455 7.1250 -0.0000 -0.0000 0.4073 -30.5386 0.1438
0.0190 18.3783 9.7474 4.3809 -10.5142 -4.2312 0.0000 0.0000 0.0000 -20.9950 -2.0678 -5.3681 2.6393 10.0868 29.2584 0.9559 6.5681 -21.9662 0.0930 -1.9670 -5.4144 0.0000 0.0000 0.0000 18.4743 17.7141 -5.6712 -3.7820 -11.8645 35.2544 -1.3122 -4.4817 -23.6714 -0.0011 -0.2127 0.5844 -1.8796 -0.3333 6.6790 -1.3284 -0.6184 1.1601 -0.2588 -0.2984 -2.5426 -9.6473 -6.6248 -9.2514 7.8450 -8.5289 9.8031 3.3490 -4.0745 5.2154 -0.0000 -0.0000 0.0000 -88.1271 1.2152 3.8906 9.2598 -15.5734 -1.2690 -0.0000 -0.0000 7.7861 23.4782 23.8317 9.9543 -7.1250 0.0000 -0.0000 -6.2782 55.5846 -1.6356 -0.0000 -0.0000 0.0000 81.9287 3.3470 20.1702 -9.6136 16.1329 -1.3656 0.0000 0.0000 16.6306 -25.1638 -0.3832 0.1800 7.1250 -0.0000 -0.0000 1.1100 -30.4021 0.3957
0.0234 18.4267 9.8117 4.0636 -10.4034 -3.7434 0.0000 0.0000 0.0000 -20.7863 -2.2700 -4.8954 2.4364 9.7213 28.0790 0.8875 7.0081 -21.6666 0.0891 -1.9250 -5.2983 0.0000 0.0000 0.0000 18.8140 17.8533 -5.1253 -3.5279 -11.5041 33.9996 -1.2481 -5.0554 -23.4803 -0.0015 -0.2530 0.6951 -1.5826 -0.3824 6.3208 -1.2481 -0.6538 1.0054 -0.3416 -0.3177 -2.5042 -9.6397 -6.7716 -9.4475 7.8360 -8.7151 9.8854 3.3210 -4.1607 5.2898 0.0000 -0.0000 0.0000 -88.1922 1.2014 3.9731 9.2325 -15.5302 -1.2616 -0.0000 -0.0000 7.4565 23.7048 24.0738 10.1541 -7.1250 0.0000 -0.0000 -6.1298 55.8846 -1.6414 0.0000 -0.0000 0.0000 81.9282 3.1644 19.3230 -9.6422 16.1779 -1.3736 0.0000 0.0000 17.2617 -25.1036 0.5308 -0.2487 7.1250 -0.0000 -0.0000 1.1465 -29.3927 0.4363
0.0309 18.4777 9.8837 3.9352 -10.3255 -3.4366 0.0000 0.0000 0.0000 -20.8166 -2.4769 -4.2301 2.2479 9.3644 26.9419 0.8341 7.5391 -21.5789 0.0940 -1.9774 -5.4433 0.0000 0.0000 0.0000 19.0035 18.0209 -4.3666 -3.2896 -11.1497 32.7865 -1.1658 -5.7344 -23.2161 -0.0047 -0.4422 1.2151 -1.5086 -0.4505 6.0754 -1.1662 -0.7344 0.8151 -0.2934 -0.3572 -2.5625 -9.5595 -6.8925 -9.3510 7.5992 -8.8654 9.8222 3.2231 -4.2478 5.2527 0.0000 0.0000 0.0000 -88.3725 1.4377 3.8734 9.2289 -15.5245 -1.2607 -0.0000 -0.0000 7.5103 23.6090 23.8846 10.0357 -7.1250 0.0000 -0.0000 -6.1598 55.6670 -1.6169 0.0000 0.0000 0.0000 81.7616 2.7905 19.6511 -9.7497 16.3471 -1.4037 0.0000 0.0000 16.6573 -26.5752 1.0383 -0.5194 7.1250 -0.0000 -0.0000 -0.0043 -28.8188 -0.0017
0.0358 18.5226 9.9382 3.6202 -10.2593 -2.9635 0.0000 0.0000 0.0000 -20.6083 -2.7101 -3.8363 2.0780 9.0267 25.8788 0.7618 8.0836 -21.3389 0.0908 -1.9437 -5.3500 0.0000 0.0000 0.0000 19.3551 18.2450 -3.9032 -3.0887 -10.8373 31.7332 -1.1072 -6.3139 -23.1006 -0.0041 -0.4117 1.1313 -1.3002 -0.4715 5.8117 -0.9856 -0.7409 0.6074 -0.2253 -0.3606 -2.6292 -10.0981 -7.0018 -9.0668 8.0962 -9.0160 9.6091 3.4598 -4.3184 5.2009 -0.0000 -0.0000 0.0000 -88.6565 1.6226 3.5916 9.2390 -15.5404 -1.2634 -0.0000 -0.0000 7.9684 23.5027 23.8251 9.9631 -7.1250 0.0000 -0.0000 -6.2500 55.5828 -1.6279 -0.0000 -0.0000 0.0000 81.5360 2.6277 19.1425 -9.6919 16.2562 -1.3875 0.0000 0.0000 17.4584 -26.2633 0.9188 -0.4534 7.1250 -0.0000 -0.0000 0.2384 -28.9551 0.0932
0.0400 18.5593 9.9932 3.4457 -10.1692 -2.6279 0.0000 0.0000 0.0000 -20.5443 -2.9273 -3.2925 1.9045 8.6643 24.7506 0.6882 8.6095 -21.0815 0.0905 -1.9403 -5.3408 0.0000 0.0000 0.0000 19.5878 18.3796 -3.4190 -2.9212 -10.5665 30.8313 -1.0592 -6.8911 -23.0886 -0.0009 -0.1888 0.5187 -1.1870 -0.4915 5.6109 -0.9720 -0.7576 0.4952 -0.2748 -0.3697 -2.6335 -9.8745 -7.0774 -9.3022 7.9327 -9.1178 9.7935 3.3548 -4.3636 5.2886 -0.0000 0.0000 0.0000 -88.5082 1.6699 4.2539 9.2439 -15.5483 -1.2647 -0.0000 -0.0000 7.1122 23.7865 23.2764 9.8806 -7.1250 0.0000 -0.0000 -5.7496 55.0668 -1.4248 -0.0000 0.0000 0.0000 81.6463 2.4922 18.6251 -9.6465 16.1847 -1.3748 0.0000 0.0000 17.9818 -25.6492 0.7002 -0.3362 7.1250 -0.0000 -0.0000 0.7181 -29.2027 0.2765
0.0435 18.5950 10.0567 3.5435 -10.0169 -2.4573 0.0000 0.0000 0.0000 -20.8233 -3.1786 -2.4853 1.7341 8.2888 23.5947 0.6315 9.1333 -20.9963 0.0920 -1.9565 -5.3855 0.0000 0.0000 0.0000 19.5645 18.5368 -2.7611 -2.7622 -10.2998 29.9530 -0.9916 -7.5203 -22.9640 -0.0041 -0.4156 1.1419 -1.3504 -0.4832 5.3576 -1.0158 -0.7533 0.4451 -0.2306 -0.3663 -2.5417 -9.8556 -7.2599 -9.1047 7.9555 -9.3783 9.5975 3.3419 -4.4939 5.2187 -0.0000 0.0000 0.0000 -88.4859 1.6625 4.1532 9.2121 -15.4979 -1.2562 -0.0000 -0.0000 7.5730 23.3626 23.2899 9.6921 -7.1250 0.0000 -0.0000 -6.1997 54.9950 -1.5261 -0.0000 0.0000 0.0000 81.6789 2.2178 18.2726 -9.7007 16.2700 -1.3899 0.0000 0.0000 18.3586 -25.3010 0.1893 -0.0895 7.1250 -0.0000 -0.0000 0.9946 -29.7697 0.3695
0.0449 18.6233 10.1031 3.2651 -9.9535 -2.1529 0.0000 0.0000 0.0000 -20.6245 -3.4541 -1.9239 1.5946 7.9650 22.6077 0.5803 9.6043 -20.9306 0.0881 -1.9143 -5.2688 0.0000 0.0000 0.0000 19.9582 18.8243 -2.2824 -2.6138 -10.0420 29.1128 -0.9052 -8.3342 -22.8391 -0.0017 -0.2686 0.7381 -1.2433 -0.5049 5.2137 -0.8946 -0.7713 0.3245 -0.1656 -0.3752 -2.5850 -9.9800 -7.2588 -9.0330 8.1772 -9.3924 9.5573 3.4322 -4.4941 5.2125 0.0000 0.0000 0.0000 -88.5501 1.6851 4.0836 9.1505 -15.3999 -1.2398 -0.0000 -0.0000 7.5122 23.2655 23.6272 9.7771 -7.1250 0.0000 -0.0000 -6.4259 55.3275 -1.6341 0.0000 0.0000 0.0000 81.7187 2.1249 17.9813 -9.5651 16.0564 -1.3522 0.0000 0.0000 18.6494 -25.8517 0.0349 -0.0169 7.1250 -0.0000 -0.0000 0.5622 -29.9408 0.2066
0.0480 18.6511 10.1542 3.1674 -9.8660 -1.9178 0.0000 0.0000 0.0000 -20.6463 -3.6757 -1.3951 1.4806 7.6881 21.7706 0.5498 9.9716 -20.9816 0.0808 -1.8336 -5.0460 0.0000 0.0000 0.0000 20.1020 18.8613 -1.8647 -2.4987 -9.8356 28.4460 -0.8879 -8.7177 -22.9959 -0.0006 -0.1601 0.4400 -1.2515 -0.5168 5.0311 -0.8346 -0.7846 0.1689 -0.0993 -0.3807 -2.6418 -10.0674 -7.3854 -8.8944 8.1420 -9.5699 9.6986 3.4209 -4.5892 5.2521 -0.0000 -0.0000 0.0000 -88.6213 1.8901 3.8340 9.1699 -15.4308 -1.2449 -0.0000 -0.0000 7.5532 23.4090 23.5154 9.8003 -7.1250 0.0000 -0.0000 -6.2334 55.2401 -1.5716 -0.0000 -0.0000 0.0000 81.6570 1.5893 18.2508 -9.6006 16.1123 -1.3620 0.0000 0.0000 17.8988 -25.9059 0.6954 -0.3377 7.1250 -0.0000 -0.0000 0.5173 -29.2065 0.1991
0.0507 18.6682 10.2051 3.3491 -9.8438 -1.8846 0.0000 0.0000 0.0000 -20.9918 -3.7961 -0.6191 1.3496 7.3545 20.7700 0.4981 10.4835 -20.9772 0.0887 -1.9214 -5.2885 0.0000 0.0000 0.0000 19.9708 18.9086 -1.4385 -2.4207 -9.6924 27.9861 -0.8455 -9.1072 -22.9479 -0.0001 0.0693 -0.1903 -1.4519 -0.4337 4.9391 -0.9457 -0.6865 0.1706 -0.1091 -0.3303 -2.5882 -10.0772 -7.5737 -8.8496 8.2611 -9.8440 9.6919 3.4346 -4.7175 5.2747 -0.0000 -0.0000 0.0000 -88.3728 1.7684 3.9557 9.0519 -15.2431 -1.2137 -0.0000 -0.0000 7.4381 22.7317 23.5582 9.5060 -7.1250 0.0000 -0.0000 -6.9604 55.1471 -1.7404 -0.0000 -0.0000 0.0000 81.8219 1.3735 17.7878 -9.5763 16.0742 -1.3553 0.0000 0.0000 17.8404 -25.4225 0.4853 -0.2306 7.1250 -0.0000 -0.0000 0.8968 -29.4419 0.3402
0.0557 18.6880 10.2464 3.5762 -9.6850 -1.7698 0.0000 0.0000 0.0000 -21.3755 -4.0451 -0.0196 1.2368 7.0522 19.8701 0.4360 10.9601 -20.8474 0.0970 -2.0090 -5.5305 0.0000 0.0000 0.0000 19.6778 18.7525 -1.2789 -2.3536 -9.5667 27.5846 -0.8145 -9.3208 -22.8566 -0.0002 -0.1010 0.2775 -1.7767 -0.4222 4.8671 -0.9884 -0.6906 0.0809 0.0292 -0.3280 -2.6370 -10.1740 -7.6256 -8.6644 8.2966 -9.9247 9.7053 3.4591 -4.7631 5.2621 -0.0000 0.0000 0.0000 -88.4143 1.9277 3.6559 9.1449 -15.3911 -1.2383 -0.0000 -0.0000 7.6302 22.7172 22.9456 9.2699 -7.1250 0.0000 -0.0000 -6.7481 54.5068 -1.5816 -0.0000 0.0000 0.0000 81.8769 1.1168 17.2091 -9.3930 15.7846 -1.3050 0.0000 0.0000 18.9138 -25.8360 0.9723 -0.4707 7.1250 -0.0000 -0.0000 0.5719 -28.8994 0.2243
0.0622 18.7028 10.2850 3.3090 -9.5315 -1.5502 0.0000 0.0000 0.0000 -21.1743 -4.2605 0.3567 1.1630 6.8460 19.2601 0.4147 11.1788 -20.8651 0.0943 -1.9806 -5.4520 0.0000 0.0000 0.0000 19.9352 18.6214 -1.0983 -2.2854 -9.4368 27.1716 -0.7911 -9.5085 -22.8119 -0.0009 0.1885 -0.5178 -1.5868 -0.4833 4.7054 -0.8795 -0.7550 0.0407 0.0378 -0.3619 -2.5876 -10.1066 -7.7924 -8.8282 7.8764 -10.1038 9.9323 3.2914 -4.8679 5.3510 -0.0000 -0.0000 0.0000 -88.4730 2.1247 3.6571 9.3120 -15.6563 -1.2830 -0.0000 -0.0000 7.3119 22.2673 23.6225 9.3178 -7.1250 0.0000 -0.0000 -7.4709 55.1199 -1.8641 -0.0000 -0.0000 0.0000 81.8387 1.0426 17.4194 -9.2373 15.5379 -1.2629 0.0000 0.0000 19.0005 -25.9549 1.8248 -0.8880 7.1250 -0.0000 -0.0000 0.4826 -27.9502 0.2001
0.0657 18.7092 10.3234 3.1301 -9.5268 -1.3940 0.0000 0.0000 0.0000 -21.0488 -4.4020 0.6358 1.1258 6.7395 18.9459 0.4343 11.1788 -21.0621 0.0727 -1.7389 -4.7846 0.0000 0.0000 0.0000 20.1094 18.6371 -0.8143 -2.2252 -9.3203 26.8024 -0.8009 -9.4596 -22.8554 -0.0005 -0.1439 0.3954 -1.4502 -0.4835 4.5322 -0.8381 -0.7429 0.0440 0.0014 -0.3579 -2.4884 -10.0749 -7.8810 -8.9614 7.7844 -10.2141 10.1068 3.2400 -4.9222 5.4311 -0.0000 -0.0000 0.0000 -88.2877 2.1809 4.1450 9.3123 -15.6568 -1.2831 -0.0000 -0.0000 6.5919 22.1828 23.4498 9.2164 -7.1250 0.0000 -0.0000 -7.4923 54.9241 -1.8337 -0.0000 -0.0000 0.0000 81.9706 0.8548 17.7081 -9.3072 15.6487 -1.2817 0.0000 0.0000 18.0593 -25.1498 0.6891 -0.3235 7.1250 -0.0000 -0.0000 1.1089 -29.2177 0.4266
0.0729 18.7169 10.3563 2.9751 -9.4229 -1.1666 0.0000 0.0000 0.0000 -20.9619 -4.6579 0.8716 1.0795 6.6040 18.5474 0.4157 11.3852 -21.0978 0.0735 -1.7494 -4.8136 0.0000 0.0000 0.0000 20.1969 18.5186 -0.8173 -2.1834 -9.2381 26.5429 -0.8116 -9.4216 -22.9173 -0.0018 -0.2768 0.7604 -1.2512 -0.4833 4.3671 -0.8960 -0.7310 0.0020 -0.1718 -0.3548 -2.4423 -9.9832 -7.9740 -8.8886 7.8521 -10.3667 10.0593 3.2349 -4.9911 5.4168 0.0000 0.0000 0.0000 -88.0426 2.4271 4.4709 9.4892 -15.9367 -1.3313 -0.0000 -0.0000 6.2025 22.2398 22.9515 9.0597 -7.1250 0.0000 -0.0000 -7.2452 54.4189 -1.6835 0.0000 0.0000 0.0000 82.2023 0.5417 17.6648 -9.3191 15.6675 -1.2849 0.0000 0.0000 18.6934 -25.6379 0.9232 -0.4430 7.1250 -0.0000 -0.0000 0.7264 -28.9555 0.2840
0.0767 18.7214 10.3940 3.1260 -9.2397 -1.1672 0.0000 0.0000 0.0000 -21.2266 -5.0019 1.3192 1.0359 6.4734 18.1644 0.4023 11.6128 -21.2110 0.0657 -1.6541 -4.5507 0.0000 0.0000 0.0000 20.0292 18.3665 -0.5712 -2.1494 -9.1705 26.3301 -0.8266 -9.3631 -22.9986 -0.0081 -0.5819 1.5990 -1.4862 -0.5123 4.4240 -0.9205 -0.7848 -0.0777 -0.0609 -0.3781 -2.5532 -10.1304 -8.0086 -8.5785 7.8287 -10.4080 9.8586 3.2600 -5.0263 5.3129 -0.0000 -0.0000 0.0000 -87.9743 2.6798 4.4645 9.5239 -15.9915 -1.3408 -0.0000 -0.0000 5.8518 22.1244 23.0404 9.0409 -7.1250 0.0000 -0.0000 -7.3977 54.4884 -1.7318 -0.0000 -0.0000 0.0000 82.2477 0.0879 17.9835 -9.3810 15.7655 -1.3017 0.0000 0.0000 18.5161 -25.0626 0.6812 -0.3186 7.1250 -0.0000 -0.0000 1.1772 -29.2269 0.4526
0.0760 18.7218 10.4164 2.7757 -9.1690 -0.9766 0.0000 0.0000 0.0000 -20.8637 -5.3056 1.4852 1.0039 6.3757 17.8783 0.3996 11.7326 -21.3160 0.0549 -1.5121 -4.1592 0.0000 0.0000 0.0000 20.4608 18.5505 -0.5013 -2.1270 -9.1257 26.1893 -0.8048 -9.7109 -23.1087 -0.0009 -0.1935 0.5318 -1.1873 -0.5423 4.3100 -0.9061 -0.8062 -0.0429 -0.2136 -0.3930 -2.4569 -10.1110 -8.0256 -8.6514 7.9599 -10.4414 9.8203 3.2924 -5.0324 5.3225 0.0000 0.0000 0.0000 -87.7374 2.5579 3.9417 9.4609 -15.8919 -1.3235 -0.0000 -0.0000 6.1651 22.4144 22.2273 8.8683 -7.1250 0.0000 -0.0000 -6.8056 53.6997 -1.4610 0.0000 0.0000 0.0000 82.4379 0.0092 18.7192 -9.3368 15.6956 -1.2897 0.0000 0.0000 17.4451 -24.3672 -0.1159 0.0525 7.1250 -0.0000 -0.0000 1.7350 -30.1047 0.6310
0.0760 18.7209 10.4413 2.8266 -9.1415 -0.9023 0.0000 0.0000 0.0000 -20.9252 -5.3244 1.6964 0.9706 6.2722 17.5763 0.4243 11.5688 -21.3821 0.0397 -1.2865 -3.5374 0.0000 0.0000 0.0000 20.4452 18.7014 -0.3635 -2.1159 -9.1034 26.1194 -0.7986 -9.8599 -23.1852 -0.0043 -0.4224 1.1607 -1.3840 -0.5602 4.2290 -0.9021 -0.8381 -0.0426 -0.0981 -0.4067 -2.4083 -10.0676 -8.0065 -8.7095 7.9333 -10.4123 9.8216 3.2781 -5.0167 5.3261 -0.0000 -0.0000 0.0000 -87.7054 2.6109 3.4379 9.4324 -15.8468 -1.3157 -0.0000 -0.0000 6.4807 22.3133 22.8333 9.0487 -7.1250 0.0000 -0.0000 -7.1256 54.3105 -1.6366 -0.0000 -0.0000 0.0000 82.5320 -0.2170 18.7339 -9.4496 15.8740 -1.3204 0.0000 0.0000 18.2120 -23.1171 0.3153 -0.1346 7.1250 -0.0000 -0.0000 2.7087 -29.6318 1.0162
0.0799 18.7248 10.4725 2.9854 -8.9997 -1.0039 0.0000 0.0000 0.0000 -21.1759 -5.4288 2.2051 0.9213 6.1152 17.1189 0.4100 11.7029 -21.3859 0.0377 -1.2526 -3.4441 0.0000 0.0000 0.0000 20.3392 18.6284 -0.0824 -2.1073 -9.0861 26.0651 -0.7943 -10.0519 -23.3185 -0.0038 -0.3981 1.0939 -1.5970 -0.5940 4.3428 -0.9218 -0.8981 -0.1043 0.0064 -0.4332 -2.5322 -10.3816 -8.0639 -8.6344 8.0468 -10.4807 9.9913 3.3559 -5.0565 5.3957 -0.0000 -0.0000 0.0000 -87.7547 2.9483 3.0048 9.4972 -15.9493 -1.3335 -0.0000 -0.0000 6.6812 22.5149 23.3847 9.3428 -7.1250 0.0000 -0.0000 -7.1212 54.9232 -1.7420 -0.0000 -0.0000 0.0000 82.5773 -0.6276 18.8128 -9.5929 16.1003 -1.3599 0.0000 0.0000 18.8364 -19.7320 -1.5052 0.5398 7.1250 -0.0000 -0.0000 5.4771 -31.5498 1.8089
0.0821 18.7241 10.4979 2.9863 -8.7726 -1.0509 0.0000 0.0000 0.0000 -21.1916 -5.3728 2.5355 0.8819 5.9867 16.7459 0.3970 11.6334 -21.1807 0.0452 -1.3726 -3.7745 0.0000 0.0000 0.0000 20.3926 18.5271 0.1876 -2.0835 -9.0378 25.9137 -0.7978 -10.1688 -23.4525 -0.0019 -0.2800 0.7694 -1.6424 -0.6813 4.4123 -0.9813 -1.0201 -0.1095 -0.0204 -0.4935 -2.5755 -10.1813 -8.1142 -8.3733 7.8544 -10.5591 9.7102 3.2704 -5.1059 5.2505 0.0000 0.0000 0.0000 -87.5461 3.2030 3.1275 9.4945 -15.9449 -1.3327 -0.0000 -0.0000 6.1276 23.0821 22.5829 9.2944 -7.1250 0.0000 -0.0000 -6.2410 54.2000 -1.4153 0.0000 0.0000 0.0000 82.7929 -1.0267 19.3151 -9.4835 15.9277 -1.3297 0.0000 0.0000 18.6941 -21.5375 0.4477 -0.1767 7.1250 -0.0000 -0.0000 3.9431 -29.4879 1.4946
0.0821 18.7301 10.5201 2.9908 -8.7061 -1.1478 0.0000 0.0000 0.0000 -21.2467 -5.3079 2.7786 0.8696 5.9456 16.6268 0.3824 11.7325 -21.1436 0.0573 -1.5442 -4.2476 0.0000 0.0000 0.0000 20.4836 18.5563 0.5502 -2.0463 -8.9618 25.6760 -0.7777 -10.4873 -23.5664 -0.0007 -0.1767 0.4856 -1.7269 -0.6998 4.4645 -0.9976 -1.0490 -0.0108 0.0120 -0.5078 -2.5017 -10.2696 -8.1623 -8.2918 7.9472 -10.6172 9.4598 3.3134 -5.1344 5.1746 0.0000 0.0000 0.0000 -87.4273 3.2476 3.0837 9.4711 -15.9080 -1.3263 -0.0000 -0.0000 5.8338 23.2380 23.2430 9.6174 -7.1250 0.0000 -0.0000 -6.3131 54.9208 -1.5428 0.0000 0.0000 0.0000 82.9356 -1.1502 19.8412 -9.4586 15.8882 -1.3229 0.0000 0.0000 17.4482 -21.2410 -0.3587 0.1394 7.1250 -0.0000 -0.0000 4.2115 -30.3504 1.5099
0.0877 18.7360 10.5371 2.8953 -8.6269 -1.1114 0.0000 0.0000 0.0000 -21.1894 -5.3582 2.7862 0.8682 5.9410 16.6133 0.3481 11.9705 -21.0639 0.0759 -1.7773 -4.8906 0.0000 0.0000 0.0000 20.6008 18.4665 0.7597 -1.9939 -8.8534 25.3377 -0.7412 -10.6730 -23.4208 -0.0003 -0.1201 0.3299 -1.7042 -0.7547 4.5967 -0.9928 -1.1254 -0.0656 0.0116 -0.5449 -2.6317 -10.0061 -8.1591 -8.5740 7.6478 -10.5973 9.7156 3.1678 -5.1251 5.2682 -0.0000 0.0000 0.0000 -87.3939 3.5439 2.6119 9.5389 -16.0151 -1.3449 -0.0000 -0.0000 6.1835 22.7961 23.0317 9.3376 -7.1250 0.0000 -0.0000 -6.6974 54.6121 -1.5869 -0.0000 0.0000 0.0000 83.0761 -1.3458 19.4721 -9.6932 16.2582 -1.3878 0.0000 0.0000 19.5972 -19.1824 -1.1522 0.4008 7.1250 -0.0000 -0.0000 5.8898 -31.1678 2.0007
0.0960 18.7414 10.5594 2.6848 -8.6154 -1.0469 0.0000 0.0000 0.0000 -21.0256 -5.4987 2.8573 0.8681 5.9409 16.6131 0.3613 12.0157 -21.2478 0.0685 -1.6882 -4.6447 0.0000 0.0000 0.0000 20.8244 18.4458 1.0782 -1.9370 -8.7336 24.9654 -0.7552 -10.6236 -23.4966 -0.0011 -0.2176 0.5979 -1.4741 -0.7677 4.4529 -0.9602 -1.1255 -0.0306 -0.0862 -0.5486 -2.5187 -10.2565 -8.1221 -8.5663 7.8933 -10.5482 9.7509 3.2874 -5.0960 5.3007 0.0000 0.0000 0.0000 -87.3801 3.5968 2.1028 9.4491 -15.8732 -1.3203 -0.0000 -0.0000 6.6684 22.6207 23.4566 9.4175 -7.1250 0.0000 -0.0000 -7.0380 55.0191 -1.7380 0.0000 0.0000 0.0000 83.2029 -1.5279 19.3284 -9.6126 16.1314 -1.3653 0.0000 0.0000 19.7411 -19.7285 -0.3838 0.1376 7.1250 -0.0000 -0.0000 5.4069 -30.3640 1.9398
0.1036 18.7461 10.5769 2.5484 -8.4732 -0.9632 0.0000 0.0000 0.0000 -20.8971 -5.3625 2.7999 0.8719 5.9535 16.6495 0.3757 11.8317 -21.1859 0.0754 -1.7713 -4.8740 0.0000 0.0000 0.0000 20.9470 18.3220 1.2557 -1.8840 -8.6202 24.6142 -0.7233 -10.8518 -23.4326 -0.0010 -0.2065 0.5674 -1.4133 -0.8073 4.3386 -0.8581 -1.1693 0.0044 -0.0147 -0.5713 -2.4172 -10.4352 -8.1772 -8.4685 7.9098 -10.5923 9.4477 3.3230 -5.1256 5.2051 0.0000 -0.0000 0.0000 -87.6028 3.6690 1.5274 9.4642 -15.8972 -1.3244 -0.0000 -0.0000 7.0945 22.4213 23.7580 9.4379 -7.1250 0.0000 -0.0000 -7.3626 55.2914 -1.8676 0.0000 -0.0000 0.0000 83.1483 -1.7045 19.8948 -9.4877 15.9343 -1.3308 0.0000 0.0000 18.2440 -20.9677 0.0229 -0.0088 7.1250 -0.0000 -0.0000 4.4088 -29.9407 1.6243
