HIERARCHY
ROOT Hips
{
	OFFSET 0.00000 0.00000 0.00000
	CHANNELS 6 Xposition Yposition Zposition Zrotation Yrotation Xrotation 
	JOINT LHipJoint
	{
		OFFSET 0 0 0
		CHANNELS 3 Zrotation Yrotation Xrotation
		JOINT LeftUpLeg
		{
			OFFSET 1.57358 -1.76629 0.73362
			CHANNELS 3 Zrotation Yrotation Xrotation
			JOINT LeftLeg
			{
				OFFSET 2.40600 -6.61045 0.00000
				CHANNELS 3 Zrotation Yrotation Xrotation
				JOINT LeftFoot
				{
					OFFSET 2.66168 -7.31291 0.00000
					CHANNELS 3 Zrotation Yrotation Xrotation
					JOINT LeftToeBase
					{
						OFFSET 0.20870 -0.57341 2.12506
						CHANNELS 3 Zrotation Yrotation Xrotation
						End Site
						{
							OFFSET 0.00000 -0.00000 1.10557
						}
					}
				}
			}
		}
	}
	JOINT RHipJoint
	{
		OFFSET 0 0 0
		CHANNELS 3 Zrotation Yrotation Xrotation
		JOINT RightUpLeg
		{
			OFFSET -1.49299 -1.76629 0.73362
			CHANNELS 3 Zrotation Yrotation Xrotation
			JOINT RightLeg
			{
				OFFSET -2.43663 -6.69460 0.00000
				CHANNELS 3 Zrotation Yrotation Xrotation
				JOINT RightFoot
				{
					OFFSET -2.62959 -7.22474 0.00000
					CHANNELS 3 Zrotation Yrotation Xrotation
					JOINT RightToeBase
					{
						OFFSET -0.25784 -0.70841 2.21862
						CHANNELS 3 Zrotation Yrotation Xrotation
						End Site
						{
							OFFSET -0.00000 -0.00000 1.16452
						}
					}
				}
			}
		}
	}
	JOINT LowerBack
	{
		OFFSET 0 0 0
		CHANNELS 3 Zrotation Yrotation Xrotation
		JOINT Spine
		{
			OFFSET -0.00034 2.12399 -0.25450
			CHANNELS 3 Zrotation Yrotation Xrotation
			JOINT Spine1
			{
				OFFSET 0.05594 2.14379 -0.03318
				CHANNELS 3 Zrotation Yrotation Xrotation
				JOINT Neck
				{
					OFFSET 0 0 0
					CHANNELS 3 Zrotation Yrotation Xrotation
					JOINT Neck1
					{
						OFFSET -0.09835 1.62725 0.24211
						CHANNELS 3 Zrotation Yrotation Xrotation
						JOINT Head
						{
							OFFSET 0.10849 1.66041 -0.22648
							CHANNELS 3 Zrotation Yrotation Xrotation
							End Site
							{
								OFFSET 0.04385 1.68267 -0.10541
							}
						}
					}
				}
				JOINT LeftShoulder
				{
					OFFSET 0 0 0
					CHANNELS 3 Zrotation Yrotation Xrotation
					JOINT LeftArm
					{
						OFFSET 3.29108 0.79398 -0.68179
						CHANNELS 3 Zrotation Yrotation Xrotation
						JOINT LeftForeArm
						{
							OFFSET 5.15310 -0.00000 -0.00000
							CHANNELS 3 Zrotation Yrotation Xrotation
							JOINT LeftHand
							{
								OFFSET 3.75138 -0.00000 -0.00000
								CHANNELS 3 Zrotation Yrotation Xrotation
								JOINT LeftFingerBase
								{
									OFFSET 0 0 0
									CHANNELS 3 Zrotation Yrotation Xrotation
									JOINT LeftHandIndex1
									{
										OFFSET 0.52917 -0.00000 0.00000
										CHANNELS 3 Zrotation Yrotation Xrotation
										End Site
										{
											OFFSET 0.42663 -0.00000 0.00000
										}
									}
								}
								JOINT LThumb
								{
									OFFSET 0 0 0
									CHANNELS 3 Zrotation Yrotation Xrotation
									End Site
									{
										OFFSET 0.43315 -0.00000 0.43315
									}
								}
							}
						}
					}
				}
				JOINT RightShoulder
				{
					OFFSET 0 0 0
					CHANNELS 3 Zrotation Yrotation Xrotation
					JOINT RightArm
					{
						OFFSET -3.07414 1.06285 -0.44338
						CHANNELS 3 Zrotation Yrotation Xrotation
						JOINT RightForeArm
						{
							OFFSET -5.29613 -0.00000 0.00000
							CHANNELS 3 Zrotation Yrotation Xrotation
							JOINT RightHand
							{
								OFFSET -3.76144 -0.00000 -0.00000
								CHANNELS 3 Zrotation Yrotation Xrotation
								JOINT RightFingerBase
								{
									OFFSET 0 0 0
									CHANNELS 3 Zrotation Yrotation Xrotation
									JOINT RightHandIndex1
									{
										OFFSET -0.74732 -0.00000 0.00000
										CHANNELS 3 Zrotation Yrotation Xrotation
										End Site
										{
											OFFSET -0.60251 -0.00000 0.00000
										}
									}
								}
								JOINT RThumb
								{
									OFFSET 0 0 0
									CHANNELS 3 Zrotation Yrotation Xrotation
									End Site
									{
										OFFSET -0.61171 -0.00000 0.61171
									}
								}
							}
						}
					}
				}
			}
		}
	}
}
MOTION
Frames: 148
Frame Time: 0.0166667
1.0534 17.8153 -16.2679 0.0000 0.0000 0.0000 0.0000 0.0000 0.0000 -21.0000 0.0000 0.0000 0.0000 0.0000 0.0000 0.0000 0.0000 0.0000 0.0000 0.0000 0.0000 0.0000 0.0000 0.0000 21.0000 0.0000 0.0000 0.0000 0.0000 0.0000 0.0000 0.0000 0.0000 0.0000 0.0000 0.0000 0.0000 0.0000 0.0000 0.0000 0.0000 0.0000 0.0000 0.0000 0.0000 0.0000 0.0000 -16.0000 0.0000 0.0000 21.0000 0.0000 0.0000 11.0000 0.0000 0.0000 0.0000 -8.0000 0.0000 0.0000 0.0000 0.0000 0.0000 0.0000 0.0000 0.0000 0.0000 0.0000 0.0000 0.0000 0.0000 0.0000 0.0000 0.0000 0.0000 0.0000 0.0000 0.0000 8.0000 0.0000 0.0000 0.0000 0.0000 0.0000 0.0000 0.0000 0.0000 0.0000 0.0000 0.0000 0.0000 0.0000 0.0000 0.0000 0.0000 0.0000
1.0534 17.8153 -16.2679 -0.3318 -0.9965 5.6999 0.0000 0.0000 0.0000 -20.2869 -6.0745 -7.3273 1.0781 6.5997 18.5348 0.5527 0.7005 -14.3158 0.0108 0.6708 1.8435 0.0000 0.0000 0.0000 21.4793 6.3184 -7.2100 -1.1552 -6.8239 19.1948 -0.1311 -8.8117 -14.7423 -0.0095 -0.6295 1.7298 -1.3370 -0.3415 4.1736 2.3256 -0.4525 -1.0248 3.1839 -0.1740 -3.3691 -9.5601 -4.0740 -18.0337 6.6577 -4.3389 15.9640 3.2657 -1.9744 8.2846 0.0000 -0.0000 0.0000 -91.1914 -0.6023 20.0828 13.7557 -22.3844 -2.7344 -0.0000 -0.0000 12.9064 13.0794 27.9687 6.2184 -7.1250 0.0000 -0.0000 -19.2649 57.5213 -6.0568 0.0000 -0.0000 0.0000 87.1114 -1.7333 17.3051 -16.3703 26.0201 -3.8069 0.0000 0.0000 5.8705 -12.4508 12.3181 -2.6969 7.1250 -0.0000 -0.0000 10.2617 -17.4949 6.8128
1.0555 17.8146 -16.2685 -0.2674 -0.8535 5.7169 0.0000 0.0000 0.0000 -20.3563 -6.1414 -7.2919 1.0736 6.5865 18.4961 0.5525 0.6204 -14.2800 0.0128 0.7303 2.0070 0.0000 0.0000 0.0000 21.4029 6.2224 -7.2544 -1.1534 -6.8187 19.1794 -0.1318 -8.7766 -14.7104 -0.0241 -1.0015 2.7528 -1.3438 -0.3687 4.2213 2.3120 -0.4900 -1.0106 3.1767 -0.1926 -3.3789 -9.5688 -4.0915 -18.3365 6.6640 -4.3398 16.1492 3.2688 -1.9705 8.4004 -0.0000 -0.0000 0.0000 -91.2105 -0.7105 20.1149 13.7524 -22.3796 -2.7331 -0.0000 -0.0000 12.8297 12.9946 28.1663 6.2168 -7.1250 0.0000 -0.0000 -19.4830 57.6894 -6.2087 -0.0000 -0.0000 0.0000 87.0931 -1.7114 17.3424 -16.4094 26.0726 -3.8241 0.0000 0.0000 5.7155 -12.3958 12.3221 -2.6855 7.1250 -0.0000 -0.0000 10.2995 -17.4943 6.8389
1.0595 17.8174 -16.2664 -0.2312 -0.9569 5.8775 0.0000 0.0000 0.0000 -20.4195 -6.2217 -7.4437 1.0632 6.5554 18.4048 0.5455 0.8008 -14.2651 0.0126 0.7242 1.9903 0.0000 0.0000 0.0000 21.2968 6.2156 -7.4466 -1.1533 -6.8185 19.1787 -0.1408 -8.5111 -14.5289 -0.0176 -0.8569 2.3552 -1.2933 -0.3396 4.0074 2.2713 -0.4496 -0.9788 3.1002 -0.1762 -3.2285 -9.6102 -4.0726 -18.4050 6.7965 -4.3215 16.1193 3.3228 -1.9495 8.4046 0.0000 -0.0000 0.0000 -91.1726 -0.8426 20.1079 13.6257 -22.1971 -2.6851 -0.0000 -0.0000 12.8376 13.4637 27.1017 6.2245 -7.1250 0.0000 -0.0000 -18.3183 56.7809 -5.4144 0.0000 -0.0000 0.0000 87.1038 -1.5400 17.3801 -16.3800 26.0331 -3.8112 0.0000 0.0000 5.9238 -12.7728 12.4521 -2.7984 7.1250 -0.0000 -0.0000 10.0361 -17.3401 6.6928
1.0567 17.8202 -16.2697 -0.3597 -1.0393 5.9396 0.0000 0.0000 0.0000 -20.2443 -6.3427 -7.6256 1.0677 6.5691 18.4448 0.5324 0.9545 -14.1622 0.0118 0.7018 1.9285 0.0000 0.0000 0.0000 21.4592 6.4172 -7.4363 -1.1483 -6.8042 19.1365 -0.1319 -8.7186 -14.6422 -0.0045 -0.4310 1.1842 -1.2023 -0.2964 4.0062 2.3141 -0.3854 -1.0127 3.0892 -0.1447 -3.2673 -9.7069 -4.0324 -18.1943 6.9428 -4.2879 16.0607 3.3943 -1.9284 8.3506 -0.0000 -0.0000 0.0000 -91.1419 -0.6693 20.2857 13.7802 -22.4196 -2.7437 -0.0000 -0.0000 13.0629 12.6978 27.8565 6.0101 -7.1250 0.0000 -0.0000 -19.5816 57.3347 -6.0725 -0.0000 -0.0000 0.0000 87.0919 -1.6563 17.4169 -16.4269 26.0960 -3.8318 0.0000 0.0000 5.5483 -12.2414 11.6555 -2.5098 7.1250 -0.0000 -0.0000 10.4247 -18.1727 6.7664
1.0533 17.8186 -16.2779 -0.4744 -0.9194 5.9252 0.0000 0.0000 0.0000 -20.0784 -6.2825 -7.6914 1.0865 6.6246 18.6080 0.5417 0.7493 -14.1945 0.0130 0.7360 2.0228 0.0000 0.0000 0.0000 21.6301 6.4857 -7.3762 -1.1384 -6.7758 19.0529 -0.1085 -8.9501 -14.5689 -0.0035 -0.3825 1.0509 -1.1197 -0.3202 4.5467 2.3601 -0.4077 -1.2592 3.1010 -0.1479 -3.8265 -9.6420 -3.9196 -18.1684 6.9169 -4.1615 16.3763 3.3953 -1.8700 8.4388 0.0000 0.0000 0.0000 -91.1526 -0.2215 20.2684 13.8896 -22.5767 -2.7856 -0.0000 -0.0000 13.2586 12.8182 27.8437 6.0660 -7.1250 0.0000 -0.0000 -19.4502 57.3482 -6.0360 0.0000 0.0000 0.0000 87.1198 -1.9800 17.4304 -16.4222 26.0897 -3.8297 0.0000 0.0000 5.4032 -11.6115 10.8945 -2.2240 7.1250 -0.0000 -0.0000 10.8901 -18.9694 6.8837
1.0541 17.8179 -16.2791 -0.3999 -1.0323 5.9141 0.0000 0.0000 0.0000 -20.1799 -6.1368 -7.8074 1.1016 6.6690 18.7384 0.5514 0.7137 -14.3044 0.0092 0.6196 1.7025 0.0000 0.0000 0.0000 21.5155 6.5564 -7.3489 -1.1318 -6.7570 18.9973 -0.1072 -8.8988 -14.4849 -0.0211 -0.9387 2.5802 -1.1552 -0.2555 4.1863 2.3056 -0.3296 -0.9278 3.0512 -0.1186 -3.2848 -9.4763 -4.0357 -18.4356 6.7963 -4.3092 16.2267 3.3034 -1.9354 8.4419 0.0000 0.0000 0.0000 -91.1050 -0.8496 20.2478 13.7561 -22.3849 -2.7345 -0.0000 -0.0000 13.4879 12.9539 27.4411 6.0509 -7.1250 0.0000 -0.0000 -19.0513 56.9968 -5.7425 0.0000 0.0000 0.0000 87.1697 -1.6351 17.6792 -16.4575 26.1370 -3.8453 0.0000 0.0000 4.4133 -12.6270 11.9753 -2.6613 7.1250 -0.0000 -0.0000 10.1481 -17.8288 6.6592
1.0530 17.8179 -16.2801 -0.4591 -1.0203 5.9281 0.0000 0.0000 0.0000 -20.0923 -6.2228 -7.8757 1.1037 6.6753 18.7570 0.5456 0.7141 -14.2300 0.0137 0.7561 2.0780 0.0000 0.0000 0.0000 21.5935 6.5175 -7.3463 -1.1249 -6.7370 18.9386 -0.1057 -8.9310 -14.5014 -0.0025 -0.3254 0.8940 -1.0789 -0.2762 4.2388 2.3241 -0.3529 -0.9051 3.0292 -0.1316 -3.2898 -9.5376 -4.0637 -18.3829 6.8942 -4.3533 16.1598 3.3410 -1.9506 8.4177 -0.0000 -0.0000 0.0000 -91.1521 -0.9150 20.1123 13.7815 -22.4215 -2.7442 -0.0000 -0.0000 13.4057 12.5839 28.1042 6.0031 -7.1250 0.0000 -0.0000 -19.8624 57.5433 -6.2654 -0.0000 -0.0000 0.0000 87.1780 -1.6493 17.7946 -16.4994 26.1931 -3.8638 0.0000 0.0000 4.3968 -12.7244 11.9527 -2.6775 7.1250 -0.0000 -0.0000 10.0811 -17.8456 6.6100
1.0517 17.8186 -16.2783 -0.4380 -0.8087 5.9531 0.0000 0.0000 0.0000 -20.0832 -6.3151 -7.8385 1.1046 6.6778 18.7642 0.5513 0.5802 -14.2495 0.0114 0.6885 1.8921 0.0000 0.0000 0.0000 21.6014 6.4839 -7.3899 -1.1294 -6.7498 18.9763 -0.0972 -9.0760 -14.5512 -0.0036 -0.3881 1.0664 -1.1952 -0.4121 4.2059 2.4632 -0.5352 -0.9762 3.2523 -0.2176 -3.3317 -9.6363 -3.9418 -17.8593 6.7340 -4.1696 15.9805 3.3279 -1.8947 8.2481 0.0000 0.0000 0.0000 -91.4392 -0.7549 19.6859 13.7329 -22.3516 -2.7257 -0.0000 -0.0000 13.5083 12.5437 27.8937 5.9426 -7.1250 0.0000 -0.0000 -19.7634 57.3373 -6.1331 0.0000 0.0000 0.0000 86.9361 -1.7213 18.0628 -16.4858 26.1749 -3.8577 0.0000 0.0000 4.4160 -12.1735 10.7800 -2.3106 7.1250 -0.0000 -0.0000 10.5007 -19.0553 6.6084
1.0493 17.8178 -16.2838 -0.4309 -0.8331 5.8646 0.0000 0.0000 0.0000 -20.0894 -6.1352 -7.7050 1.1036 6.6750 18.7560 0.5599 0.4222 -14.2961 0.0170 0.8408 2.3108 0.0000 0.0000 0.0000 21.6169 6.5863 -7.2422 -1.1324 -6.7587 19.0024 -0.1120 -9.0571 -14.7536 -0.0264 -1.0496 2.8853 -1.2321 -0.4123 4.4427 2.4600 -0.5377 -0.9753 3.2733 -0.2164 -3.4639 -9.3674 -3.9593 -17.9216 6.5326 -4.2206 16.0180 3.2082 -1.9215 8.2653 -0.0000 0.0000 0.0000 -91.3779 -0.5460 19.9210 13.8754 -22.5563 -2.7801 -0.0000 -0.0000 13.1710 12.5301 28.0577 5.9678 -7.1250 0.0000 -0.0000 -19.8864 57.4883 -6.2466 -0.0000 0.0000 0.0000 86.9905 -1.7206 17.9463 -16.4092 26.0724 -3.8240 0.0000 0.0000 4.5963 -12.1513 11.1948 -2.3938 7.1250 -0.0000 -0.0000 10.5019 -18.6401 6.7078
1.0530 17.8188 -16.2849 -0.4127 -0.7242 5.9887 0.0000 0.0000 0.0000 -20.0972 -6.3518 -7.9010 1.1062 6.6824 18.7779 0.5514 0.4828 -14.2116 0.0112 0.6825 1.8756 0.0000 0.0000 0.0000 21.5656 6.5234 -7.4316 -1.1325 -6.7587 19.0025 -0.1000 -9.0792 -14.5984 -0.0108 -0.6714 1.8451 -1.1822 -0.4105 4.2649 2.4372 -0.5342 -0.9038 3.2179 -0.2189 -3.2904 -9.4150 -3.9607 -18.1905 6.7062 -4.2321 16.3248 3.2754 -1.9095 8.4217 -0.0000 -0.0000 0.0000 -91.3655 -0.7450 20.0501 13.7197 -22.3326 -2.7207 -0.0000 -0.0000 13.0209 13.7860 26.9869 6.3533 -7.1250 0.0000 -0.0000 -17.9190 56.7383 -5.2723 -0.0000 -0.0000 0.0000 87.0338 -1.6247 17.6096 -16.5578 26.2712 -3.8896 0.0000 0.0000 5.4845 -11.4250 10.4773 -2.1046 7.1250 -0.0000 -0.0000 11.0379 -19.3959 6.8737
1.0521 17.8183 -16.2890 -0.4306 -0.7707 6.0429 0.0000 0.0000 0.0000 -20.0738 -6.2819 -7.9449 1.0998 6.6639 18.7235 0.5444 0.5011 -14.1292 0.0183 0.8738 2.4017 0.0000 0.0000 0.0000 21.5653 6.6303 -7.5207 -1.1358 -6.7683 19.0307 -0.1099 -9.0607 -14.7268 -0.0217 -0.9504 2.6122 -1.2001 -0.4234 4.3877 2.4877 -0.5490 -1.0267 3.2847 -0.2216 -3.4853 -9.4294 -3.9468 -17.8819 6.6168 -4.2236 16.3986 3.2512 -1.9216 8.3900 -0.0000 -0.0000 0.0000 -91.4742 -0.4123 19.8747 13.7985 -22.4459 -2.7507 -0.0000 -0.0000 13.0492 13.9362 26.4675 6.3110 -7.1250 0.0000 -0.0000 -17.4544 56.2726 -4.9308 -0.0000 -0.0000 0.0000 86.9045 -1.8531 17.8176 -16.6688 26.4191 -3.9388 0.0000 0.0000 6.5858 -13.2321 11.9907 -2.7967 7.1250 -0.0000 -0.0000 9.7278 -17.7761 6.3865
1.0529 17.8225 -16.2839 -0.4312 -0.8994 6.0721 0.0000 0.0000 0.0000 -20.0884 -6.3065 -7.8800 1.0931 6.6440 18.6649 0.5493 0.5777 -14.2226 0.0153 0.7977 2.1924 0.0000 0.0000 0.0000 21.5633 6.5007 -7.5106 -1.1382 -6.7752 19.0509 -0.1263 -8.8144 -14.6734 -0.0255 -1.0311 2.8344 -1.1580 -0.3518 4.3105 2.4385 -0.4544 -0.9088 3.2006 -0.1791 -3.3266 -9.3336 -4.0258 -18.2085 6.6586 -4.3393 16.4839 3.2331 -1.9604 8.4850 0.0000 -0.0000 0.0000 -91.4095 -0.6669 19.9192 13.7779 -22.4163 -2.7428 -0.0000 -0.0000 13.2375 13.8706 27.3581 6.4740 -7.1250 0.0000 -0.0000 -18.0615 57.1097 -5.4800 0.0000 -0.0000 0.0000 87.0308 -1.5095 17.5051 -16.5874 26.3106 -3.9027 0.0000 0.0000 6.9056 -14.0974 14.2760 -3.5437 7.1250 -0.0000 -0.0000 9.1076 -15.4038 6.4444
1.0528 17.8231 -16.2822 -0.4307 -0.9489 6.1327 0.0000 0.0000 0.0000 -20.0980 -6.2401 -7.9276 1.0987 6.6607 18.7141 0.5549 0.5891 -14.2980 0.0134 0.7483 2.0564 0.0000 0.0000 0.0000 21.5393 6.6308 -7.5722 -1.1335 -6.7619 19.0118 -0.1161 -8.8624 -14.5766 -0.0342 -1.1933 3.2808 -1.1816 -0.3247 4.3509 2.4718 -0.4176 -0.9701 3.2471 -0.1582 -3.4149 -9.2864 -3.9895 -17.8390 6.5857 -4.3106 16.2103 3.2040 -1.9563 8.3225 -0.0000 -0.0000 0.0000 -91.4686 -0.4119 20.1245 13.7788 -22.4177 -2.7432 -0.0000 -0.0000 12.7489 14.5666 26.3905 6.5887 -7.1250 0.0000 -0.0000 -16.7672 56.3270 -4.7511 -0.0000 -0.0000 0.0000 86.9914 -1.5971 17.4745 -16.6080 26.3381 -3.9118 0.0000 0.0000 7.3006 -15.2594 15.5247 -4.1762 7.1250 -0.0000 -0.0000 8.3293 -14.0369 6.1267
1.0535 17.8175 -16.2893 -0.4960 -0.8874 6.0625 0.0000 0.0000 0.0000 -20.0122 -6.3063 -7.8942 1.1011 6.6676 18.7343 0.5555 0.5507 -14.2900 0.0199 0.9117 2.5058 0.0000 0.0000 0.0000 21.6282 6.5502 -7.5379 -1.1300 -6.7517 18.9819 -0.1108 -8.9072 -14.5502 -0.0315 -1.1453 3.1487 -1.0539 -0.3397 4.4878 2.4706 -0.4313 -0.8923 3.1756 -0.1684 -3.4115 -9.2086 -3.9644 -17.9115 6.6351 -4.2973 16.1406 3.2087 -1.9383 8.3098 0.0000 0.0000 0.0000 -91.4274 -0.4853 19.9637 13.8026 -22.4518 -2.7523 -0.0000 -0.0000 13.2228 15.3653 20.5302 5.5047 -7.1250 0.0000 -0.0000 -13.1785 50.7356 -1.8908 0.0000 0.0000 0.0000 87.0574 -1.4620 17.4725 -16.5406 26.2482 -3.8820 0.0000 0.0000 7.0985 -14.5473 15.1543 -3.8809 7.1250 -0.0000 -0.0000 8.8051 -14.4762 6.4019
1.0539 17.8176 -16.2865 -0.4676 -0.9482 6.0326 0.0000 0.0000 0.0000 -20.0638 -6.3560 -7.8726 1.0955 6.6513 18.6864 0.5506 0.7256 -14.2983 0.0168 0.8379 2.3029 0.0000 0.0000 0.0000 21.5855 6.5628 -7.5044 -1.1314 -6.7556 18.9932 -0.1169 -8.8588 -14.5842 -0.0309 -1.1355 3.1217 -1.0260 -0.2877 4.6486 2.4201 -0.3632 -0.7835 3.1031 -0.1368 -3.3943 -9.1442 -4.0540 -18.3110 6.6338 -4.4030 16.1986 3.1813 -1.9773 8.4069 0.0000 0.0000 0.0000 -91.3237 -0.6674 20.1267 13.8190 -22.4754 -2.7585 -0.0000 -0.0000 13.0658 14.2785 30.9923 7.4659 -7.1250 0.0000 -0.0000 -20.2009 60.6275 -7.8826 0.0000 0.0000 0.0000 87.1752 -1.3736 17.5917 -16.5697 26.2870 -3.8949 0.0000 0.0000 5.8218 -11.9477 12.0796 -2.5355 7.1250 -0.0000 -0.0000 10.6161 -17.7644 6.9923
1.0542 17.8204 -16.2849 -0.4844 -1.0057 6.1098 0.0000 0.0000 0.0000 -20.0461 -6.4310 -7.8996 1.0861 6.6234 18.6043 0.5414 0.8398 -14.2283 0.0184 0.8755 2.4063 0.0000 0.0000 0.0000 21.5830 6.5866 -7.6021 -1.1356 -6.7677 19.0290 -0.1326 -8.7051 -14.6368 -0.0158 -0.8127 2.2336 -0.9257 -0.2404 4.5688 2.3753 -0.2961 -0.7748 2.9940 -0.1064 -3.3449 -9.1564 -4.0901 -18.2651 6.6968 -4.4640 16.1392 3.1967 -2.0009 8.3858 0.0000 0.0000 0.0000 -91.2291 -0.6285 20.3124 13.8259 -22.4853 -2.7612 -0.0000 -0.0000 12.4976 15.4202 19.7113 5.3150 -7.1250 0.0000 -0.0000 -12.8164 49.9297 -1.5805 0.0000 0.0000 0.0000 87.2666 -1.3378 17.6004 -16.6300 26.3674 -3.9216 0.0000 0.0000 5.4039 -12.1139 11.9345 -2.5414 7.1250 -0.0000 -0.0000 10.5051 -17.9001 6.8847
1.0540 17.8204 -16.2900 -0.3803 -1.0055 6.1027 0.0000 0.0000 0.0000 -20.1699 -6.4427 -7.9395 1.0757 6.5927 18.5142 0.5260 0.9710 -14.0857 0.0088 0.6051 1.6627 0.0000 0.0000 0.0000 21.4632 6.5649 -7.6597 -1.1450 -6.7948 19.1089 -0.1374 -8.7135 -14.7182 -0.0246 -1.0120 2.7819 -1.0538 -0.2098 4.7773 2.3836 -0.2611 -0.8329 3.0750 -0.0837 -3.5243 -9.1213 -4.0421 -17.9206 6.6231 -4.4142 15.9043 3.1726 -1.9877 8.2396 0.0000 -0.0000 0.0000 -91.2072 -0.4579 20.4968 13.8223 -22.4802 -2.7598 -0.0000 -0.0000 12.2705 15.5704 19.3574 5.2769 -7.1250 0.0000 -0.0000 -12.5447 49.5999 -1.4430 0.0000 -0.0000 0.0000 87.2220 -1.5640 17.6441 -16.7781 26.5644 -3.9876 0.0000 0.0000 5.1612 -11.6629 12.0726 -2.4720 7.1250 -0.0000 -0.0000 10.8134 -17.7881 7.1213
1.0531 17.8161 -16.2879 -0.4102 -1.0594 6.1551 0.0000 0.0000 0.0000 -20.1311 -6.4549 -8.0333 1.0774 6.5977 18.5289 0.5255 1.0296 -14.1050 0.0073 0.5535 1.5211 0.0000 0.0000 0.0000 21.4984 6.7362 -7.6995 -1.1486 -6.8050 19.1389 -0.1247 -8.8714 -14.7189 -0.0325 -1.1632 3.1980 -1.0206 -0.1749 4.7281 2.4028 -0.2133 -0.7452 3.0713 -0.0626 -3.4088 -9.3166 -4.0274 -17.9340 6.8295 -4.3780 15.8181 3.2789 -1.9612 8.2195 0.0000 0.0000 0.0000 -91.2337 -0.6096 20.3772 13.7104 -22.3192 -2.7171 -0.0000 -0.0000 12.6227 15.6801 19.1668 5.2657 -7.1250 0.0000 -0.0000 -12.3725 49.4262 -1.3691 0.0000 0.0000 0.0000 87.1790 -1.3942 17.7213 -16.7427 26.5173 -3.9718 0.0000 0.0000 5.2569 -12.0528 12.1977 -2.5831 7.1250 -0.0000 -0.0000 10.5399 -17.6399 6.9698
1.0554 17.8200 -16.2916 -0.3621 -1.0485 6.1018 0.0000 0.0000 0.0000 -20.1999 -6.4647 -7.9525 1.0946 6.6486 18.6785 0.5364 0.9210 -14.1989 0.0193 0.8970 2.4653 0.0000 0.0000 0.0000 21.4245 6.5676 -7.7161 -1.1487 -6.8055 19.1404 -0.1333 -8.6654 -14.5993 -0.0339 -1.1881 3.2665 -1.0254 -0.1463 4.9633 2.3975 -0.1755 -0.7148 3.0675 -0.0428 -3.5121 -9.3863 -4.0911 -17.9408 6.8375 -4.4487 15.8407 3.2840 -1.9981 8.2364 0.0000 -0.0000 0.0000 -91.1965 -0.7228 20.6286 13.6880 -22.2869 -2.7086 -0.0000 -0.0000 12.5208 14.7669 25.2782 6.4221 -7.1250 0.0000 -0.0000 -15.9440 55.2920 -4.1049 0.0000 -0.0000 0.0000 87.1626 -1.4734 17.8397 -16.8643 26.6786 -4.0262 0.0000 0.0000 5.4423 -12.1431 12.0336 -2.5685 7.1250 -0.0000 -0.0000 10.4821 -17.7992 6.8929
1.0542 17.8174 -16.2979 -0.3184 -1.0190 6.0673 0.0000 0.0000 0.0000 -20.2427 -6.5031 -8.0187 1.1089 6.6904 18.8012 0.5323 0.9612 -14.1634 0.0136 0.7540 2.0721 0.0000 0.0000 0.0000 21.4005 6.5665 -7.7383 -1.1598 -6.8372 19.2339 -0.1292 -8.7633 -14.6546 -0.0138 -0.7580 2.0832 -1.0202 -0.1817 5.1176 2.3774 -0.2253 -0.5513 3.0476 -0.0704 -3.4270 -9.1954 -4.0803 -18.3323 6.6278 -4.4127 15.9960 3.1842 -1.9840 8.3443 -0.0000 -0.0000 0.0000 -91.1221 -0.9047 20.7541 13.8264 -22.4860 -2.7614 -0.0000 -0.0000 12.4631 15.4507 19.8958 5.3735 -7.1250 0.0000 -0.0000 -12.8555 50.1183 -1.6458 -0.0000 -0.0000 0.0000 87.1719 -1.2724 18.2047 -17.1122 27.0055 -4.1382 0.0000 0.0000 5.2775 -11.4603 10.1829 -2.0527 7.1250 -0.0000 -0.0000 11.0258 -19.6885 6.7924
1.0565 17.8121 -16.3156 -0.1943 -0.9152 6.0888 0.0000 0.0000 0.0000 -20.3647 -6.5952 -8.1972 1.1259 6.7397 18.9465 0.5293 0.9260 -14.1095 0.0166 0.8326 2.2882 0.0000 0.0000 0.0000 21.2403 6.6307 -7.9577 -1.1788 -6.8909 19.3926 -0.1154 -8.9776 -14.7070 -0.0136 -0.7518 2.0660 -1.0659 -0.2152 5.6632 2.3290 -0.2725 -0.6514 3.0336 -0.0878 -3.8352 -9.0300 -4.1207 -18.6019 6.4029 -4.4519 16.2175 3.0747 -2.0115 8.4602 0.0000 0.0000 0.0000 -91.1085 -0.7389 20.5582 13.8614 -22.5362 -2.7747 -0.0000 -0.0000 12.4874 14.7331 23.7279 6.0403 -7.1250 0.0000 -0.0000 -15.1876 53.7765 -3.3368 0.0000 0.0000 0.0000 87.1843 -1.5837 18.4654 -17.3245 27.2836 -4.2350 0.0000 0.0000 5.5691 -11.4193 10.6587 -2.1395 7.1250 -0.0000 -0.0000 11.0342 -19.2148 6.9167
1.0568 17.8082 -16.3326 -0.4518 -0.7703 6.0922 0.0000 0.0000 0.0000 -20.0422 -6.7219 -8.5810 1.1787 6.8906 19.3916 0.5329 0.8710 -14.1328 0.0072 0.5472 1.5036 0.0000 0.0000 0.0000 21.5625 6.6678 -8.0315 -1.1952 -6.9371 19.5290 -0.0964 -9.0657 -14.5259 -0.0151 -0.7924 2.1777 -0.7122 -0.2755 5.8996 2.3740 -0.3270 -0.5447 2.8870 -0.1226 -3.8560 -9.1332 -4.0718 -18.5429 6.6127 -4.3864 15.7918 3.1687 -1.9643 8.3081 -0.0000 0.0000 0.0000 -91.0777 -0.9217 20.4723 13.8174 -22.4731 -2.7579 -0.0000 -0.0000 12.5305 14.9841 24.2935 6.2838 -7.1250 0.0000 -0.0000 -15.2157 54.3755 -3.5679 -0.0000 0.0000 0.0000 87.1816 -1.4130 18.7419 -17.3855 27.3632 -4.2630 0.0000 0.0000 4.9548 -9.8723 9.0574 -1.5693 7.1250 -0.0000 -0.0000 12.2084 -20.8739 7.2200
1.0605 17.8077 -16.3617 -0.5058 -0.7919 6.2455 0.0000 0.0000 0.0000 -19.9711 -6.8706 -9.0992 1.2618 7.1207 20.0734 0.5587 0.8639 -14.4590 0.0082 0.5856 1.6092 0.0000 0.0000 0.0000 21.5567 6.8655 -8.4771 -1.2388 -7.0578 19.8868 -0.1062 -9.0466 -14.6532 -0.0224 -0.9668 2.6575 -0.5338 -0.2173 6.2166 2.3648 -0.2366 -0.4271 2.7707 -0.0818 -3.9183 -9.2404 -4.1053 -18.8824 6.7365 -4.3850 15.5443 3.2239 -1.9500 8.2892 -0.0000 0.0000 0.0000 -90.9804 -1.3490 20.8961 13.8672 -22.5445 -2.7770 -0.0000 -0.0000 12.2518 14.6321 24.8969 6.2723 -7.1250 0.0000 -0.0000 -15.8778 54.8957 -3.9325 -0.0000 0.0000 0.0000 87.1731 -1.1290 18.6654 -17.7798 27.8743 -4.4458 0.0000 0.0000 5.8428 -15.0585 14.9478 -3.9698 7.1250 -0.0000 -0.0000 8.4584 -14.6423 6.1137
1.0691 17.7873 -16.3930 -0.4889 -0.8430 6.3842 0.0000 0.0000 0.0000 -19.9483 -7.1829 -9.9260 1.3763 7.4239 20.9774 0.5686 0.9101 -14.6032 0.0168 0.8374 2.3016 0.0000 0.0000 0.0000 21.4559 7.1615 -9.0878 -1.3177 -7.2705 20.5192 -0.1101 -9.1085 -14.7898 -0.0097 -0.6365 1.7491 -0.3748 -0.1879 6.8028 2.3127 -0.1828 -0.3925 2.6271 -0.0567 -4.2159 -9.1992 -4.1765 -19.1158 6.7017 -4.4533 15.2721 3.1917 -1.9774 8.2422 -0.0000 -0.0000 0.0000 -90.8881 -1.5742 21.0662 14.0075 -22.7454 -2.8310 -0.0000 -0.0000 12.4098 14.4666 25.6161 6.3646 -7.1250 0.0000 -0.0000 -16.4312 55.5599 -4.3434 -0.0000 -0.0000 0.0000 87.2194 -1.0642 18.9974 -18.1063 28.2931 -4.5995 0.0000 0.0000 5.3430 -13.0355 12.6166 -2.8950 7.1250 -0.0000 -0.0000 9.8515 -17.1574 6.6059
1.0737 17.7713 -16.4243 -0.7286 -0.6210 6.6602 0.0000 0.0000 0.0000 -19.5805 -7.2841 -11.1173 1.5401 7.8341 22.2112 0.6061 0.6146 -14.9436 0.0117 0.6973 1.9164 0.0000 0.0000 0.0000 21.6499 7.2688 -10.0174 -1.4418 -7.5910 21.4786 -0.1337 -8.9647 -14.9669 -0.0163 -0.8236 2.2636 -0.0246 -0.2078 7.2726 2.4200 -0.1692 -0.4189 2.5450 -0.0543 -4.5098 -9.5051 -4.2458 -19.3565 6.8652 -4.4615 15.0430 3.2926 -1.9771 8.2189 -0.0000 0.0000 0.0000 -90.9720 -1.5663 21.3573 14.2003 -23.0204 -2.9060 -0.0000 -0.0000 12.4246 15.4560 24.5701 6.5585 -7.1250 0.0000 -0.0000 -14.8808 54.7357 -3.6186 -0.0000 0.0000 0.0000 87.1326 -1.1410 19.1559 -18.3626 28.6190 -4.7216 0.0000 0.0000 5.2262 -14.0348 13.2665 -3.2831 7.1250 -0.0000 -0.0000 9.1550 -16.4315 6.2729
1.0764 17.7464 -16.4775 -0.8884 -0.3434 6.9378 0.0000 0.0000 0.0000 -19.2477 -7.3201 -12.7329 1.7686 8.3666 23.8331 0.6507 -0.1321 -15.1998 0.0094 0.6266 1.7218 0.0000 0.0000 0.0000 21.7378 7.5307 -11.1478 -1.6001 -7.9782 22.6478 -0.1793 -8.8099 -15.4436 -0.0613 -1.5969 4.3930 0.2732 -0.3072 7.9241 2.4483 -0.2612 -0.4996 2.4256 -0.1036 -4.9588 -9.5523 -4.2038 -19.1529 6.9106 -4.3992 14.5815 3.3212 -1.9470 8.0259 0.0000 0.0000 0.0000 -90.8215 -1.4010 21.8428 14.5243 -23.4793 -3.0339 -0.0000 -0.0000 11.6310 14.3708 26.3156 6.4800 -7.1250 0.0000 -0.0000 -16.9234 56.2150 -4.7507 0.0000 0.0000 0.0000 87.0344 -1.1234 19.6445 -18.5405 28.8437 -4.8071 0.0000 0.0000 4.9959 -13.9711 13.5727 -3.3415 7.1250 -0.0000 -0.0000 9.1966 -16.1259 6.3638
1.0820 17.7017 -16.5266 -1.1126 -0.2648 7.1179 0.0000 0.0000 0.0000 -18.8701 -7.0605 -14.4008 2.0195 8.9065 25.5034 0.6942 -0.9142 -15.4567 0.0059 0.4980 1.3683 0.0000 0.0000 0.0000 21.8951 7.9276 -12.3265 -1.7962 -8.4280 24.0219 -0.1804 -9.0322 -15.7180 -0.0007 -0.1701 0.4673 0.4064 -0.4080 8.5702 2.6653 -0.3599 -0.4623 2.5984 -0.1511 -5.2808 -9.6223 -4.1362 -19.5154 6.7080 -4.2071 14.4667 3.2851 -1.8727 8.0294 -0.0000 -0.0000 0.0000 -91.0262 -1.5772 21.9044 14.7012 -23.7282 -3.1047 -0.0000 -0.0000 11.5449 15.1419 23.7671 6.2240 -7.1250 0.0000 -0.0000 -14.7998 53.8903 -3.2902 -0.0000 -0.0000 0.0000 86.6915 -1.3194 20.8609 -19.0727 29.5089 -5.0666 0.0000 0.0000 3.6558 -14.6803 13.9170 -3.6054 7.1250 -0.0000 -0.0000 8.7107 -15.7222 6.0962
1.0961 17.6595 -16.5746 -1.2758 0.0103 7.3615 0.0000 0.0000 0.0000 -18.5489 -7.0674 -15.9221 2.3020 9.4686 27.2725 0.7560 -1.9515 -15.8804 0.0194 0.8994 2.4721 0.0000 0.0000 0.0000 21.9381 7.6534 -13.8510 -2.0419 -8.9528 25.6479 -0.2550 -8.5810 -16.2257 -0.0034 -0.3788 1.0408 0.9617 -0.4074 9.2137 2.5710 -0.2983 -0.1636 2.1831 -0.1379 -5.3365 -9.5977 -4.2912 -20.8366 6.9677 -4.3440 14.4138 3.3427 -1.8850 8.2541 0.0000 0.0000 0.0000 -90.7165 -2.0925 22.8127 15.1562 -24.3632 -3.2901 -0.0000 -0.0000 11.5492 15.1916 25.5534 6.6805 -7.1250 0.0000 -0.0000 -15.6619 55.6430 -4.1644 0.0000 0.0000 0.0000 86.6992 -0.8870 21.7922 -19.3952 29.9068 -5.2264 0.0000 0.0000 1.7118 -16.3380 14.9357 -4.3206 7.1250 -0.0000 -0.0000 7.5927 -14.5407 5.4925
1.1108 17.5967 -16.6362 -1.4895 0.0088 7.4221 0.0000 0.0000 0.0000 -18.2125 -6.8450 -17.4258 2.6205 10.0538 29.1512 0.8271 -2.7951 -16.4669 0.0210 0.9353 2.5707 0.0000 0.0000 0.0000 22.0007 7.5173 -15.3780 -2.3562 -9.5716 27.6003 -0.3534 -7.9292 -16.8185 -0.0665 -1.6635 4.5765 1.3279 -0.3236 9.9033 2.6171 -0.1392 0.3586 2.0047 -0.0696 -5.1827 -9.4716 -4.4491 -21.8517 6.8659 -4.4487 13.7436 3.2601 -1.9149 8.2022 -0.0000 0.0000 0.0000 -90.6452 -2.9124 23.6082 15.6787 -25.0830 -3.5086 -0.0000 -0.0000 11.2755 14.1952 29.0057 6.9927 -7.1250 0.0000 -0.0000 -18.8111 58.7435 -6.4651 -0.0000 0.0000 0.0000 86.4150 0.0210 21.7590 -20.2282 30.9163 -5.6481 0.0000 0.0000 4.3567 -15.3382 12.0839 -3.2863 7.1250 -0.0000 -0.0000 8.2628 -17.5418 5.4453
1.1258 17.5307 -16.6857 -1.5411 -0.3007 7.6167 0.0000 0.0000 0.0000 -18.0976 -6.3692 -19.2381 2.9789 10.6608 31.1443 0.8959 -3.4554 -17.0574 0.0105 0.6626 1.8210 0.0000 0.0000 0.0000 21.8218 7.6873 -17.0678 -2.7284 -10.2418 29.7635 -0.4563 -7.1569 -17.3489 -0.0567 -1.5360 4.2251 1.3730 -0.2512 10.6442 2.6893 -0.0132 0.4426 2.0440 -0.0076 -5.5136 -9.6438 -4.4394 -21.2597 6.9108 -4.4051 12.6855 3.3046 -1.9038 7.7499 -0.0000 0.0000 0.0000 -90.5732 -2.6783 24.3471 16.2891 -25.9111 -3.7714 -0.0000 -0.0000 10.7549 14.8303 24.9270 6.3675 -7.1250 0.0000 -0.0000 -15.6942 54.9633 -3.9114 -0.0000 0.0000 0.0000 85.9015 -0.2164 23.0331 -21.1738 32.0307 -6.1419 0.0000 0.0000 4.3324 -11.5470 10.3828 -2.1087 7.1250 -0.0000 -0.0000 10.9561 -19.4846 6.7987
1.1308 17.4539 -16.7446 -1.7223 -0.5443 7.6608 0.0000 0.0000 0.0000 -17.7438 -6.1595 -20.7827 3.3786 11.2840 33.2439 0.9793 -4.1282 -17.7752 0.0175 0.8537 2.3465 0.0000 0.0000 0.0000 21.8608 8.0210 -18.5637 -3.1269 -10.8977 31.9358 -0.5421 -6.7193 -17.9649 -0.0246 -1.0130 2.7846 1.4125 -0.1493 11.5469 2.7675 0.1544 0.6310 2.0845 0.0746 -5.8259 -9.5812 -4.3665 -21.0276 6.9321 -4.3136 11.7858 3.3091 -1.8542 7.4039 -0.0000 0.0000 0.0000 -90.4492 -2.8853 25.1854 16.7278 -26.4975 -3.9651 -0.0000 -0.0000 9.9904 15.1764 24.3644 6.3849 -7.1250 0.0000 -0.0000 -15.0586 54.4812 -3.5690 -0.0000 0.0000 0.0000 85.5274 0.0079 23.9988 -21.6627 32.5937 -6.4032 0.0000 0.0000 3.2769 -12.1498 11.4782 -2.4532 7.1250 -0.0000 -0.0000 10.4939 -18.3559 6.7697
1.1359 17.3740 -16.8023 -1.8899 -0.9529 7.9097 0.0000 0.0000 0.0000 -17.4498 -5.5675 -22.7335 3.7933 11.8802 35.3094 1.0453 -4.8363 -18.3152 0.0129 0.7340 2.0173 0.0000 0.0000 0.0000 21.8133 8.4657 -20.3346 -3.5589 -11.5491 34.1550 -0.6212 -6.2074 -18.4306 -0.0349 -1.2057 3.3150 1.5373 0.0865 12.2558 2.7052 0.4865 1.1199 1.8929 0.2327 -5.7127 -9.1893 -4.6388 -22.6160 6.7663 -4.6161 11.7557 3.1382 -1.9660 7.6645 -0.0000 -0.0000 0.0000 -90.1016 -3.7458 26.1550 17.3457 -27.3112 -4.2447 -0.0000 -0.0000 9.3135 15.1528 25.3080 6.6035 -7.1250 0.0000 -0.0000 -15.5696 55.3966 -4.0449 -0.0000 -0.0000 0.0000 85.4087 1.1100 24.2417 -22.1762 33.1755 -6.6820 0.0000 0.0000 3.6559 -12.0577 9.9894 -2.1221 7.1250 -0.0000 -0.0000 10.6126 -19.8543 6.4886
1.1416 17.2910 -16.8503 -1.4722 -1.0022 8.1240 0.0000 0.0000 0.0000 -17.7938 -5.3694 -24.4981 4.2305 12.4610 37.3831 1.1270 -5.4551 -18.9948 0.0062 0.5092 1.3991 0.0000 0.0000 0.0000 21.1397 8.4684 -22.2776 -4.0829 -12.2700 36.6938 -0.7390 -5.6407 -19.2518 -0.0557 -1.5231 4.1893 0.9933 0.0778 13.0768 2.6632 0.4183 1.1967 2.1721 0.2122 -6.0908 -9.1015 -4.5793 -22.8874 6.7425 -4.5209 11.4676 3.1258 -1.9128 7.6013 -0.0000 -0.0000 0.0000 -90.0913 -3.4200 26.5031 18.2369 -28.4595 -4.6616 -0.0000 -0.0000 8.9428 15.7164 23.7923 6.4766 -7.1250 0.0000 -0.0000 -14.2382 54.0219 -3.2074 -0.0000 -0.0000 0.0000 85.0521 1.4466 24.9128 -22.5328 33.5739 -6.8782 0.0000 0.0000 3.3198 -12.5437 11.2871 -2.4936 7.1250 -0.0000 -0.0000 10.2249 -18.5257 6.5513
1.1484 17.1798 -16.9085 -1.2569 -1.1443 8.6406 0.0000 0.0000 0.0000 -17.8313 -5.4394 -26.5528 4.7120 13.0519 39.5631 1.1923 -6.1376 -19.5184 0.0141 0.7679 2.1104 0.0000 0.0000 0.0000 20.6077 8.6701 -24.7151 -4.6942 -13.0309 39.4841 -0.8734 -5.0949 -20.2116 -0.0159 -0.8131 2.2346 0.8387 0.1120 13.4541 2.5274 0.4374 1.3374 2.1133 0.2233 -6.1519 -9.1243 -4.4602 -22.8985 7.0097 -4.3701 10.7989 3.2369 -1.8131 7.3760 -0.0000 -0.0000 0.0000 -89.6714 -3.3609 27.5558 19.0921 -29.5330 -5.0762 -0.0000 -0.0000 7.7427 15.1058 25.7658 6.6923 -7.1250 0.0000 -0.0000 -15.8650 55.8321 -4.2939 -0.0000 -0.0000 0.0000 84.9508 1.9664 25.1465 -22.8180 33.8892 -7.0366 0.0000 0.0000 3.1913 -12.6201 12.4132 -2.7554 7.1250 -0.0000 -0.0000 10.1425 -17.3887 6.7551
1.1508 17.0723 -16.9588 -0.9176 -1.2968 8.6863 0.0000 0.0000 0.0000 -18.0675 -5.3429 -28.1223 5.2392 13.6482 41.8462 1.2938 -6.6550 -20.3359 0.0138 0.7571 2.0808 0.0000 0.0000 0.0000 20.0161 8.6927 -26.5414 -5.3323 -13.7485 42.2392 -1.0301 -4.3544 -21.2117 -0.0028 -0.3401 0.9345 0.4625 0.1160 14.4392 2.3609 0.3901 1.5117 2.1635 0.2080 -6.5130 -9.1394 -4.4371 -22.8754 7.2578 -4.3518 10.1968 3.3225 -1.7799 7.1787 -0.0000 -0.0000 0.0000 -89.3756 -3.4062 27.9052 19.6812 -30.2564 -5.3698 -0.0000 -0.0000 7.6662 14.8572 24.5540 6.2907 -7.1250 0.0000 -0.0000 -15.4747 54.6055 -3.7186 -0.0000 -0.0000 0.0000 84.9061 2.4575 25.4025 -23.1689 34.2730 -7.2332 0.0000 0.0000 3.0609 -13.1716 13.5909 -3.1477 7.1250 -0.0000 -0.0000 9.7433 -16.1658 6.7447
1.1500 16.9467 -17.0007 -0.7907 -1.2401 8.9385 0.0000 0.0000 0.0000 -17.9806 -5.3618 -30.0388 5.8212 14.2528 44.2598 1.3801 -7.3909 -21.0070 0.0116 0.6961 1.9129 0.0000 0.0000 0.0000 19.6882 8.6622 -28.5491 -5.9847 -14.4135 44.9202 -1.1654 -4.0489 -22.2226 -0.0000 0.0154 -0.0422 0.3714 -0.0097 14.9810 2.2330 0.2059 1.6861 2.1185 0.1186 -6.6201 -8.7867 -4.4765 -23.0499 7.0714 -4.4491 9.7943 3.1872 -1.8253 7.0683 -0.0000 -0.0000 0.0000 -88.9692 -3.4718 28.1604 20.1818 -30.8608 -5.6243 -0.0000 -0.0000 7.2056 14.4849 25.1423 6.2637 -7.1250 0.0000 -0.0000 -16.1558 55.1053 -4.0874 -0.0000 -0.0000 0.0000 84.9968 2.6259 25.6822 -24.0906 35.2599 -7.7588 0.0000 0.0000 3.3754 -12.5008 10.8830 -2.3970 7.1250 -0.0000 -0.0000 10.2677 -18.9345 6.4850
1.1559 16.8165 -17.0489 -0.7770 -1.1425 9.2271 0.0000 0.0000 0.0000 -17.7706 -5.3862 -32.0504 6.4549 14.8551 46.7810 1.4662 -8.0949 -21.6664 0.0134 0.7473 2.0539 0.0000 0.0000 0.0000 19.4293 8.5879 -30.6808 -6.6705 -15.0480 47.6169 -1.2708 -3.6038 -22.8671 -0.0000 0.0322 -0.0885 0.4950 -0.0101 15.5513 2.1514 0.2259 1.8749 1.9601 0.1236 -6.7331 -8.7856 -4.6021 -23.1543 7.2982 -4.6243 9.3158 3.2374 -1.8855 6.9482 -0.0000 0.0000 0.0000 -88.5706 -3.4332 28.9465 20.9718 -31.7955 -6.0351 -0.0000 -0.0000 6.8030 14.9489 24.5534 6.3309 -7.1250 0.0000 -0.0000 -15.3822 54.6224 -3.7019 -0.0000 0.0000 0.0000 85.1175 3.0767 25.5031 -24.5949 35.7870 -8.0518 0.0000 0.0000 2.5185 -12.3635 10.3677 -2.2590 7.1250 -0.0000 -0.0000 10.3821 -19.4597 6.4361
1.1590 16.6775 -17.0860 -0.6276 -1.0576 9.3383 0.0000 0.0000 0.0000 -17.7366 -5.4806 -33.8383 7.1242 15.4356 49.3425 1.5750 -8.4452 -22.4713 0.0034 0.3770 1.0359 0.0000 0.0000 0.0000 19.0517 8.4469 -32.6324 -7.4034 -15.6624 50.3840 -1.4009 -3.2723 -23.7463 -0.0041 0.4139 -1.1374 0.3010 -0.1087 16.3327 2.1909 0.0766 1.9668 2.1514 0.0580 -7.0608 -9.1645 -4.4343 -22.6244 7.6227 -4.3456 8.5277 3.4428 -1.7461 6.6018 -0.0000 0.0000 0.0000 -88.4179 -3.6904 29.3484 21.0776 -31.9188 -6.0909 -0.0000 -0.0000 6.4013 15.7128 23.7358 6.4607 -7.1250 0.0000 -0.0000 -14.2149 53.9657 -3.1823 -0.0000 0.0000 0.0000 84.9497 3.2641 25.6606 -24.9528 36.1557 -8.2621 0.0000 0.0000 2.4302 -14.3296 11.1567 -2.8297 7.1250 -0.0000 -0.0000 8.9786 -18.5530 5.7258
1.1649 16.5252 -17.1141 -0.5631 -1.2073 9.5243 0.0000 0.0000 0.0000 -17.5960 -5.4634 -35.7131 7.8603 16.0155 52.0579 1.6956 -8.9945 -23.3373 0.0048 0.4461 1.2258 0.0000 0.0000 0.0000 18.6955 8.6419 -34.6111 -8.2113 -16.2725 53.3204 -1.5132 -3.1412 -24.5502 -0.0119 0.7052 -1.9381 0.2215 -0.0718 17.1022 2.1424 0.1167 2.0650 2.1428 0.0801 -7.3795 -8.8149 -4.5684 -23.7043 7.2403 -4.4925 8.8778 3.2353 -1.8177 6.8772 0.0000 -0.0000 0.0000 -88.1054 -3.9101 29.9091 21.2571 -32.1273 -6.1861 -0.0000 -0.0000 6.1346 15.8525 23.1646 6.3737 -7.1250 0.0000 -0.0000 -13.8101 53.4283 -2.9061 0.0000 -0.0000 0.0000 84.9069 3.4277 25.4382 -25.5754 36.7864 -8.6321 0.0000 0.0000 3.6861 -14.2390 11.3032 -2.8474 7.1250 -0.0000 -0.0000 9.0394 -18.4097 5.7946
1.1625 16.3636 -17.1582 -0.4941 -1.0869 9.9485 0.0000 0.0000 0.0000 -17.3005 -5.8480 -37.9000 8.6507 16.5776 54.8740 1.7967 -9.5503 -24.0475 0.0070 0.5416 1.4881 0.0000 0.0000 0.0000 18.3533 8.9755 -36.8366 -9.1003 -16.8718 56.4362 -1.6579 -3.0941 -25.6019 -0.0187 0.8827 -2.4260 0.1960 -0.0693 17.6113 2.0474 0.1145 2.0823 2.0609 0.0797 -7.6399 -8.5954 -4.5839 -23.9448 7.1994 -4.5437 8.6374 3.1776 -1.8332 6.8333 -0.0000 0.0000 0.0000 -87.7423 -4.4463 30.2638 21.1240 -31.9728 -6.1155 -0.0000 -0.0000 6.1323 16.3379 23.4940 6.6654 -7.1250 0.0000 -0.0000 -13.4766 53.8433 -2.9716 -0.0000 0.0000 0.0000 84.9515 3.1852 25.4916 -26.4020 37.6030 -9.1319 0.0000 0.0000 3.8677 -15.2646 13.1268 -3.5466 7.1250 -0.0000 -0.0000 8.3103 -16.4819 5.6716
1.1560 16.1945 -17.1969 -0.4532 -1.0775 10.2268 0.0000 0.0000 0.0000 -17.0056 -5.9820 -39.9488 9.4778 17.1055 57.7282 1.9122 -9.9508 -24.8287 0.0053 0.4700 1.2915 0.0000 0.0000 0.0000 18.0729 9.3857 -38.9093 -10.0173 -17.4196 59.5462 -1.7826 -3.2493 -26.5618 -0.0236 0.9909 -2.7238 0.1128 -0.0801 18.1274 2.0436 0.0904 2.1085 2.1154 0.0720 -7.8938 -8.7644 -4.7177 -23.8019 7.3404 -4.6904 8.3166 3.2321 -1.8997 6.7259 -0.0000 0.0000 0.0000 -87.6298 -4.9666 30.3280 20.8679 -31.6738 -5.9804 -0.0000 -0.0000 5.9102 16.4438 22.9117 6.5548 -7.1250 0.0000 -0.0000 -13.1085 53.2855 -2.7081 -0.0000 0.0000 0.0000 84.7908 3.5060 25.3131 -26.3342 37.5369 -9.0905 0.0000 0.0000 7.4162 -17.7926 15.0627 -4.7674 7.1250 -0.0000 -0.0000 6.6113 -14.2717 4.8102
1.1528 16.0127 -17.2300 -0.4554 -0.9481 10.6433 0.0000 0.0000 0.0000 -16.6589 -6.3294 -42.2897 10.3499 17.6020 60.6515 2.0393 -9.7547 -25.6416 0.0046 -0.4386 -1.2052 0.0000 0.0000 0.0000 17.7374 9.9071 -41.0811 -10.9359 -17.9036 62.5732 -1.9202 -3.5486 -27.6443 -0.0492 1.4320 -3.9384 0.1157 -0.0936 18.7962 2.0876 0.0893 1.9488 2.1716 0.0764 -8.4347 -9.0903 -4.7749 -23.7984 7.5854 -4.6946 8.1242 3.3650 -1.8907 6.6776 -0.0000 -0.0000 0.0000 -87.5891 -5.2627 30.2556 20.6625 -31.4323 -5.8729 -0.0000 -0.0000 5.9665 16.1478 23.6440 6.6235 -7.1250 0.0000 -0.0000 -13.7364 53.9561 -3.0688 -0.0000 -0.0000 0.0000 84.6502 3.4026 25.1981 -26.7255 37.9161 -9.3299 0.0000 0.0000 9.4655 -18.4269 14.4555 -4.7544 7.1250 -0.0000 -0.0000 6.1639 -14.8394 4.4057
1.1511 15.8348 -17.2548 -0.5981 -0.8116 10.9248 0.0000 0.0000 0.0000 -16.0863 -6.6915 -44.2814 11.2770 18.0680 63.6779 2.1236 -10.2797 -26.1895 0.0005 -0.1409 -0.3871 0.0000 0.0000 0.0000 17.6195 10.4003 -42.9379 -11.8300 -18.3178 65.4489 -1.9883 -4.1464 -28.3795 -0.1054 2.0932 -5.7633 0.3455 -0.1117 19.2985 2.0386 0.1139 2.0685 1.9851 0.0795 -8.5794 -8.5453 -4.8570 -24.2525 7.2093 -4.8632 7.8010 3.1265 -1.9785 6.6296 -0.0000 -0.0000 0.0000 -87.3800 -6.1355 30.0200 20.1606 -30.8354 -5.6134 -0.0000 -0.0000 6.4031 16.5105 23.8063 6.8228 -7.1250 0.0000 -0.0000 -13.4482 54.1846 -3.0781 -0.0000 -0.0000 0.0000 84.7214 3.6196 24.9824 -27.0189 38.1972 -9.5108 0.0000 0.0000 10.6303 -18.1311 13.9731 -4.5209 7.1250 -0.0000 -0.0000 6.3531 -15.3687 4.4701
1.1457 15.6655 -17.2841 -0.7755 -0.8463 11.2483 0.0000 0.0000 0.0000 -15.4539 -6.8842 -46.3890 12.1987 18.4734 66.6173 2.2185 -10.5315 -26.7840 0.0093 -0.6217 -1.7085 0.0000 0.0000 0.0000 17.4879 11.1460 -44.7818 -12.7200 -18.6787 68.2535 -2.0377 -4.4836 -28.8660 -0.1204 2.2370 -6.1611 0.4309 -0.1224 19.8089 2.0695 0.1305 2.0098 1.9723 0.0868 -8.9237 -8.3714 -4.8226 -24.4931 7.0483 -4.8277 7.8032 3.0482 -1.9657 6.6546 0.0000 -0.0000 0.0000 -87.3531 -6.5702 29.3995 19.7138 -30.2959 -5.3862 -0.0000 -0.0000 6.2728 17.5747 22.2916 6.8509 -7.1250 0.0000 -0.0000 -11.7189 52.8704 -2.2946 0.0000 -0.0000 0.0000 84.5096 3.6088 25.3958 -27.0014 38.1805 -9.5000 0.0000 0.0000 9.9858 -16.2520 12.0925 -3.4946 7.1250 -0.0000 -0.0000 7.6272 -17.4674 5.0311
1.1443 15.5016 -17.3055 -0.7070 -0.8943 11.5761 0.0000 0.0000 0.0000 -15.0485 -7.1807 -48.3335 13.1108 18.8218 69.4693 2.2660 -10.9192 -27.0882 0.0103 -0.6556 -1.8017 0.0000 0.0000 0.0000 17.0241 11.8470 -46.6155 -13.6028 -18.9891 70.9878 -1.9846 -5.4363 -29.0064 -0.2825 3.4184 -9.4460 0.4492 -0.0361 19.9417 1.9785 0.2338 2.3481 1.8319 0.1309 -8.6268 -8.4239 -4.9333 -25.4527 7.3349 -4.9057 7.4807 3.1355 -1.9596 6.7094 -0.0000 -0.0000 0.0000 -87.2636 -7.7502 28.9848 19.2618 -29.7427 -5.1601 -0.0000 -0.0000 6.3767 18.0664 20.2910 6.4540 -7.1250 0.0000 -0.0000 -10.4718 50.9361 -1.5461 -0.0000 -0.0000 0.0000 84.5165 4.3384 24.8603 -27.2744 38.4396 -9.6692 0.0000 0.0000 10.9011 -16.9821 12.3629 -3.7410 7.1250 -0.0000 -0.0000 7.1205 -17.1335 4.7438
1.1401 15.3327 -17.3350 -0.9372 -0.9450 11.6762 0.0000 0.0000 0.0000 -14.2660 -7.2973 -50.1261 14.0586 19.1317 72.3835 2.2909 -11.4422 -27.2651 0.0207 -0.9289 -2.5532 0.0000 0.0000 0.0000 16.8817 12.6750 -48.1381 -14.4974 -19.2580 73.7180 -2.0193 -5.7692 -29.4072 -0.3340 3.7143 -10.2741 0.4952 -0.0552 20.6111 2.1282 0.2424 2.4419 1.9723 0.1366 -8.8886 -8.4045 -4.9662 -26.1665 7.1677 -4.8768 7.6185 3.0761 -1.9465 6.8522 -0.0000 0.0000 0.0000 -87.5184 -8.5406 27.9384 18.6078 -28.9285 -4.8397 -0.0000 -0.0000 6.6429 18.6545 20.6909 6.8022 -7.1250 0.0000 -0.0000 -10.0380 51.4408 -1.6060 -0.0000 0.0000 0.0000 84.1655 4.6785 25.0620 -26.9911 38.1707 -9.4936 0.0000 0.0000 10.1700 -18.5004 13.0972 -4.3360 7.1250 -0.0000 -0.0000 6.0799 -16.2461 4.1599
1.1264 15.1678 -17.3607 -0.9052 -1.0024 11.8141 0.0000 0.0000 0.0000 -13.6991 -7.4624 -52.0523 14.9955 19.3886 75.2230 2.2710 -11.6462 -27.1591 0.0766 -1.7851 -4.9121 0.0000 0.0000 0.0000 16.4465 13.4865 -49.7917 -15.4031 -19.4856 76.4480 -1.9945 -6.2031 -29.4847 -0.3777 3.9471 -10.9280 0.2671 0.0286 21.0319 2.1266 0.3042 2.5767 2.0865 0.1737 -8.9710 -8.2267 -4.9922 -26.7339 7.1249 -4.9004 7.2548 3.0266 -1.9454 6.8112 -0.0000 0.0000 0.0000 -87.5098 -9.1992 27.3207 18.2303 -28.4511 -4.6585 -0.0000 -0.0000 6.8587 19.8075 19.4153 6.8272 -7.1250 0.0000 -0.0000 -8.4836 50.3254 -1.1205 -0.0000 0.0000 0.0000 84.0015 5.1222 24.8552 -26.8323 38.0188 -9.3957 0.0000 0.0000 10.1173 -19.4871 13.6163 -4.7621 7.1250 -0.0000 -0.0000 5.4145 -15.6129 3.7746
1.1085 14.9972 -17.3820 -0.9455 -1.1207 11.6650 0.0000 0.0000 0.0000 -12.9883 -7.4232 -53.5420 15.8994 19.5920 77.9319 2.1992 -13.1228 -26.8658 0.0532 -1.4886 -4.0944 0.0000 0.0000 0.0000 16.1547 14.2476 -51.1482 -16.3091 -19.6702 79.1513 -1.9729 -6.6193 -29.5797 -0.4649 4.3735 -12.1299 0.1350 0.0629 21.4973 2.0507 0.3129 2.7880 2.0785 0.1798 -8.9891 -8.1224 -4.9853 -26.2223 7.3390 -4.9483 6.1410 3.0780 -1.9583 6.3775 -0.0000 0.0000 0.0000 -87.2748 -10.0419 26.7015 17.6391 -27.6926 -4.3802 -0.0000 -0.0000 6.9369 28.8847 6.7366 3.7027 -7.1250 0.0000 -0.0000 1.8129 37.6572 -0.3278 -0.0000 0.0000 0.0000 83.9199 5.6207 24.6945 -26.1226 37.3295 -8.9619 0.0000 0.0000 9.7228 -16.3862 13.4915 -3.9245 7.1250 -0.0000 -0.0000 7.5408 -16.0192 5.2129
1.0921 14.8473 -17.3789 -0.8782 -1.1020 11.3683 0.0000 0.0000 0.0000 -12.5350 -7.3697 -54.3729 16.6192 19.7237 80.0713 2.1827 -14.4255 -26.9415 0.0493 -1.4324 -3.9394 0.0000 0.0000 0.0000 15.8808 14.5301 -52.0694 -17.0840 -19.7949 81.4462 -2.0040 -6.5998 -29.7674 -0.4716 4.4044 -12.2174 -0.0097 0.0183 21.6398 1.9808 0.2099 3.1163 2.1119 0.1309 -8.6992 -8.0763 -4.9748 -26.9675 7.4573 -4.9158 6.3442 3.1109 -1.9146 6.5534 -0.0000 -0.0000 0.0000 -87.0416 -10.8384 26.0252 17.1307 -27.0297 -4.1466 -0.0000 -0.0000 7.2010 28.8847 6.7366 3.7027 -7.1250 0.0000 -0.0000 1.8129 37.6572 -0.3278 -0.0000 -0.0000 0.0000 83.7472 5.9138 24.7043 -25.9926 37.2014 -8.8832 0.0000 0.0000 11.0843 -16.4957 13.5477 -3.9683 7.1250 -0.0000 -0.0000 7.4661 -15.9523 5.1713
1.0824 14.7301 -17.3610 -0.8661 -1.2530 11.0340 0.0000 0.0000 0.0000 -12.3285 -7.0852 -54.7687 17.1682 19.8066 81.6946 2.2259 -15.3578 -27.3406 0.0456 -1.3780 -3.7894 0.0000 0.0000 0.0000 15.8011 14.7029 -52.5065 -17.6320 -19.8650 83.0616 -2.0025 -7.0350 -30.0076 -0.5531 4.7640 -13.2366 -0.1358 0.0707 21.7885 1.9556 0.2446 3.2908 2.1461 0.1489 -8.5878 -8.0429 -5.0339 -27.1576 7.3590 -4.9795 6.4067 3.0627 -1.9495 6.6018 -0.0000 0.0000 0.0000 -86.8601 -11.7929 25.4826 16.2096 -25.8041 -3.7367 -0.0000 -0.0000 7.8912 28.8847 6.7366 3.7027 -7.1250 0.0000 -0.0000 1.8129 37.6572 -0.3278 -0.0000 0.0000 0.0000 83.6047 6.1601 24.3834 -25.3707 36.5805 -8.5099 0.0000 0.0000 11.8145 -17.7255 15.0072 -4.7313 7.1250 -0.0000 -0.0000 6.6551 -14.3356 4.8334
1.0678 14.6292 -17.3424 -0.9445 -1.2830 10.8092 0.0000 0.0000 0.0000 -12.0896 -6.8257 -55.2112 17.5749 19.8584 82.8933 2.3036 -15.3405 -27.7791 0.0601 -1.5814 -4.3501 0.0000 0.0000 0.0000 16.0108 14.7053 -52.7586 -18.0060 -19.9044 84.1611 -2.0678 -7.2929 -30.5671 -0.4695 4.3948 -12.1901 -0.1481 0.0646 21.8311 1.9663 0.2366 3.2099 2.1685 0.1469 -8.6997 -8.1488 -5.0073 -26.6024 7.4277 -4.9588 6.3114 3.1083 -1.9479 6.4935 -0.0000 0.0000 0.0000 -86.7040 -11.9959 24.9839 15.6307 -25.0173 -3.4883 -0.0000 -0.0000 8.9416 19.7070 22.7354 7.8814 -7.1250 0.0000 -0.0000 -9.7565 53.7105 -2.1051 -0.0000 0.0000 0.0000 83.4709 6.2229 23.8673 -24.4599 35.6469 -7.9730 0.0000 0.0000 13.4932 -17.7621 15.0607 -4.7581 7.1250 -0.0000 -0.0000 6.6319 -14.2768 4.8246
1.0567 14.5760 -17.3055 -0.8842 -0.6669 10.5485 0.0000 0.0000 0.0000 -12.0408 -7.2715 -55.0880 17.7608 19.8794 83.4404 2.3729 -14.8846 -28.0996 0.0985 -2.0242 -5.5724 0.0000 0.0000 0.0000 16.4068 13.7872 -52.6297 -18.1335 -19.9163 84.5355 -2.1241 -7.8034 -31.2145 -0.4065 4.0928 -11.3380 -0.1083 -0.1710 21.5049 2.0615 -0.0552 3.2845 2.3281 0.0066 -8.4313 -8.0784 -4.8615 -27.2492 7.1748 -4.7309 7.0135 3.0410 -1.8449 6.7917 0.0000 -0.0000 0.0000 -86.8760 -12.8446 23.4583 14.6788 -23.6967 -3.0957 -0.0000 -0.0000 10.9249 20.7948 22.4003 8.2345 -7.1250 0.0000 -0.0000 -8.5225 53.5720 -1.8067 0.0000 -0.0000 0.0000 83.2780 6.5637 23.2643 -23.6460 34.7876 -7.5036 0.0000 0.0000 14.0563 -16.9995 14.8773 -4.4882 7.1250 -0.0000 -0.0000 7.1436 -14.5394 5.1625
1.0458 14.5901 -17.2640 -0.9225 -0.0512 10.3961 0.0000 0.0000 0.0000 -11.9065 -7.8270 -54.5806 17.7314 19.8762 83.3538 2.4147 -14.8973 -28.3359 0.1127 -2.1641 -5.9594 0.0000 0.0000 0.0000 16.9822 12.9665 -52.1251 -17.9748 -19.9014 84.0693 -2.1229 -8.6945 -31.7492 -0.3648 3.8797 -10.7386 0.0835 -0.3962 21.0943 2.1012 -0.3036 3.1913 2.3256 -0.1169 -8.3046 -8.0910 -4.8532 -27.3440 7.2276 -4.7396 7.5300 3.0600 -1.8412 6.9807 -0.0000 0.0000 0.0000 -86.9038 -12.9821 22.4095 14.1821 -22.9944 -2.8989 -0.0000 -0.0000 11.7694 21.3029 21.5262 8.1426 -7.1250 0.0000 -0.0000 -7.6940 52.7639 -1.4769 -0.0000 0.0000 0.0000 83.1829 6.0043 22.7637 -23.5737 34.7102 -7.4624 0.0000 0.0000 13.7925 -16.0224 14.1562 -4.0174 7.1250 -0.0000 -0.0000 7.7962 -15.3678 5.5033
1.0364 14.6415 -17.2218 -1.0071 0.3522 10.2314 0.0000 0.0000 0.0000 -11.7340 -8.4150 -53.7500 17.4890 19.8482 82.6405 2.3380 -15.1933 -27.9496 0.0920 -1.9560 -5.3840 0.0000 0.0000 0.0000 17.5927 12.4319 -51.2556 -17.6461 -19.8666 83.1030 -2.1160 -9.2818 -32.0789 -0.2907 3.4674 -9.5830 0.1556 -0.5890 20.9533 2.2273 -0.5233 2.9157 2.4853 -0.2183 -8.5227 -8.3653 -4.8099 -26.7821 7.5060 -4.6630 7.2556 3.2103 -1.7982 6.8168 -0.0000 0.0000 0.0000 -87.2290 -12.7236 20.8613 13.8680 -22.5457 -2.7773 -0.0000 -0.0000 12.7855 21.6863 22.5358 8.6659 -7.1250 0.0000 -0.0000 -7.6623 53.8809 -1.6805 -0.0000 0.0000 0.0000 83.0091 5.7613 22.0290 -23.1396 34.2411 -7.2167 0.0000 0.0000 12.8868 -15.0235 13.5118 -3.5882 7.1250 -0.0000 -0.0000 8.4758 -16.1077 5.8567
1.0172 14.7654 -17.1794 -1.0945 0.5325 9.9223 0.0000 0.0000 0.0000 -11.6323 -8.7455 -52.3818 16.9496 19.7754 81.0492 2.2262 -15.0994 -27.2990 0.1127 -2.1643 -5.9600 0.0000 0.0000 0.0000 18.1908 12.3076 -49.6574 -17.0173 -19.7853 81.2490 -2.0986 -9.4422 -32.0789 -0.2030 2.9014 -8.0044 -0.0391 -0.5702 20.6512 2.3882 -0.5296 2.8275 2.7695 -0.2127 -8.4532 -8.4460 -4.8904 -26.7208 7.5913 -4.7668 7.3820 3.2380 -1.8433 6.8630 0.0000 -0.0000 0.0000 -87.5277 -12.6884 20.0269 13.5835 -22.1361 -2.6691 -0.0000 -0.0000 12.8639 21.6228 23.8209 9.0955 -7.1250 0.0000 -0.0000 -8.2220 55.1949 -2.0683 0.0000 -0.0000 0.0000 82.9177 4.7714 21.2055 -23.1910 34.2970 -7.2456 0.0000 0.0000 12.3212 -15.5158 13.3968 -3.6804 7.1250 -0.0000 -0.0000 8.1378 -16.1866 5.6041
0.9981 14.9815 -17.1246 -0.9151 0.7372 9.5731 0.0000 0.0000 0.0000 -12.1480 -9.0449 -50.1476 16.0093 19.6138 78.2595 2.1878 -13.9635 -26.9044 0.2995 -3.5188 -9.7266 0.0000 0.0000 0.0000 18.4357 11.9928 -47.3925 -16.0060 -19.6132 78.2495 -1.9784 -9.6053 -31.4617 -0.1919 2.8215 -7.7822 -0.4644 -0.5392 20.3090 2.4881 -0.5756 2.7472 3.1285 -0.2202 -8.3489 -8.7737 -4.9653 -26.2420 7.9940 -4.8254 6.7550 3.4184 -1.8550 6.6115 0.0000 -0.0000 0.0000 -87.8857 -12.1710 19.9902 13.5748 -22.1237 -2.6659 -0.0000 -0.0000 10.4914 24.0792 22.7803 9.8169 -7.1250 0.0000 -0.0000 -5.2705 54.6046 -1.2462 0.0000 -0.0000 0.0000 82.7816 4.3905 19.9985 -22.3139 33.3300 -6.7575 0.0000 0.0000 12.6501 -17.6123 15.0992 -4.7273 7.1250 -0.0000 -0.0000 6.7342 -14.2516 4.9038
0.9869 15.2510 -17.0595 -0.9562 0.6707 9.2071 0.0000 0.0000 0.0000 -12.5848 -9.0025 -47.4975 14.8157 19.3430 74.6809 2.0017 -13.5308 -25.7310 0.2807 -3.4077 -9.4161 0.0000 0.0000 0.0000 18.8462 11.8680 -44.6182 -14.7197 -19.3179 74.3908 -1.7803 -9.5571 -30.1932 -0.2200 3.0194 -8.3327 -0.5159 -0.4992 19.8296 2.4363 -0.5433 2.7162 3.0819 -0.2070 -8.1252 -8.3992 -5.0537 -26.5560 7.8528 -5.0337 6.9988 3.2815 -1.9492 6.7421 -0.0000 -0.0000 0.0000 -87.7485 -11.5368 19.7426 13.9774 -22.7024 -2.8194 -0.0000 -0.0000 11.8914 21.5864 23.9291 9.1171 -7.1250 0.0000 -0.0000 -8.3038 55.2989 -2.1102 -0.0000 -0.0000 0.0000 82.9678 3.9531 19.0484 -21.5998 32.5217 -6.3693 0.0000 0.0000 12.0743 -18.0051 13.7391 -4.4141 7.1250 -0.0000 -0.0000 6.4340 -15.6230 4.4924
0.9826 15.5827 -16.9803 -0.9979 0.8977 8.5155 0.0000 0.0000 0.0000 -13.1857 -8.9175 -43.9853 13.4139 18.9265 70.4061 1.7032 -13.5159 -23.8560 0.1480 -2.4788 -6.8308 0.0000 0.0000 0.0000 19.3638 11.0549 -41.0501 -13.2184 -18.8596 69.8026 -1.6205 -8.8836 -28.6820 -0.1889 2.7993 -7.7204 -0.2805 -0.5450 19.5640 2.3193 -0.5668 2.7423 2.8190 -0.2293 -7.9552 -8.4384 -5.0080 -26.7293 8.2003 -5.0064 7.1919 3.4088 -1.8992 6.8438 0.0000 0.0000 0.0000 -87.5884 -10.7756 20.4629 14.1147 -22.8984 -2.8726 -0.0000 -0.0000 9.8123 22.1410 23.6388 9.2663 -7.1250 0.0000 -0.0000 -7.6091 55.1113 -1.8973 0.0000 0.0000 0.0000 83.2310 3.3859 18.0142 -20.6202 31.3823 -5.8509 0.0000 0.0000 11.7983 -18.2802 14.0813 -4.5950 7.1250 -0.0000 -0.0000 6.2538 -15.2423 4.4165
0.9840 15.9571 -16.9119 -1.1071 1.0486 8.1240 0.0000 0.0000 0.0000 -13.7673 -8.6186 -40.8796 11.8532 18.3279 65.5228 1.3697 -12.4462 -21.4091 0.2788 -3.3958 -9.3828 0.0000 0.0000 0.0000 19.9151 10.0213 -37.8969 -11.6011 -18.2169 64.7186 -1.3225 -8.2683 -26.1438 -0.2012 2.8884 -7.9683 -0.1697 -0.6194 19.1886 2.4386 -0.6269 2.2855 2.9016 -0.2533 -8.2470 -8.9102 -4.9865 -25.8046 8.4780 -4.9468 7.3222 3.5902 -1.8799 6.7663 -0.0000 0.0000 0.0000 -87.8623 -9.3425 20.0506 14.2648 -23.1119 -2.9312 -0.0000 -0.0000 10.7922 20.4558 25.0888 8.9876 -7.1250 0.0000 -0.0000 -9.9907 56.2518 -2.7764 -0.0000 0.0000 0.0000 83.2391 2.4738 16.9786 -19.4587 29.9847 -5.2581 0.0000 0.0000 11.9725 -18.4353 14.6438 -4.8170 7.1250 -0.0000 -0.0000 6.1636 -14.6429 4.4315
0.9843 16.3704 -16.8257 -1.1528 1.1521 7.4855 0.0000 0.0000 0.0000 -14.4282 -7.9525 -37.1507 10.2023 17.5221 60.1625 0.9321 -11.9504 -17.9765 0.5112 -4.5829 -12.7227 0.0000 0.0000 0.0000 20.5306 8.5794 -34.3938 -9.8970 -17.3515 59.1437 -0.9080 -7.9976 -22.5990 -0.2821 3.4160 -9.4393 -0.0804 -0.6542 18.4206 2.4192 -0.6689 2.4094 2.8183 -0.2839 -7.6923 -8.6733 -4.9677 -25.8274 8.1455 -4.9662 7.6651 3.4385 -1.9108 6.8670 0.0000 -0.0000 0.0000 -87.8476 -8.9074 19.7609 14.1654 -22.9707 -2.8923 -0.0000 -0.0000 11.8704 20.6959 23.2925 8.4964 -7.1250 0.0000 -0.0000 -8.9690 54.4687 -2.0994 0.0000 -0.0000 0.0000 83.3584 2.5298 15.9850 -18.2490 28.4749 -4.6674 0.0000 0.0000 12.0623 -18.1324 14.1564 -4.5791 7.1250 -0.0000 -0.0000 6.3566 -15.1783 4.4988
0.9874 16.8657 -16.7404 -1.3292 1.0606 7.0940 0.0000 0.0000 0.0000 -14.7809 -7.1236 -33.6528 8.5200 16.4887 54.4148 0.3974 -11.7997 -13.0372 0.5843 -4.8945 -13.6080 0.0000 0.0000 0.0000 21.2209 7.1617 -30.9085 -8.1499 -16.2284 53.1010 -0.5148 -7.3463 -18.1886 -0.2491 3.2117 -8.8687 0.0298 -0.5922 17.7182 2.5421 -0.5618 2.1751 2.8506 -0.2339 -7.5677 -8.8332 -4.9903 -25.4486 7.9274 -4.9627 8.0504 3.3937 -1.9424 6.9329 -0.0000 0.0000 0.0000 -88.0803 -8.1194 19.7988 14.0000 -22.7347 -2.8281 -0.0000 -0.0000 12.0552 19.4088 24.0020 8.1559 -7.1250 0.0000 -0.0000 -10.5902 54.9388 -2.6066 -0.0000 0.0000 0.0000 83.3204 1.9889 14.7634 -17.2499 27.1860 -4.2009 0.0000 0.0000 12.2733 -16.6974 13.7252 -4.0710 7.1250 -0.0000 -0.0000 7.3299 -15.7526 5.1072
1.0041 17.4006 -16.6355 -1.0004 0.8069 6.6822 0.0000 0.0000 0.0000 -15.6579 -6.3395 -29.7319 6.8208 15.1791 48.1931 -0.0515 -11.0472 -6.9416 0.7677 -5.5950 -15.6138 0.0000 0.0000 0.0000 21.0518 5.7824 -27.2873 -6.4395 -14.8412 46.7213 -0.1148 -6.8941 -12.2020 -0.3282 3.6823 -10.1846 -0.1540 -0.4186 16.9275 2.4430 -0.3820 1.8911 2.7950 -0.1429 -7.4486 -8.7505 -5.0075 -25.2659 7.4335 -4.9919 8.8800 3.2129 -2.0033 7.1635 0.0000 0.0000 0.0000 -88.1900 -7.1034 20.2256 13.9156 -22.6139 -2.7956 -0.0000 -0.0000 11.7457 18.2147 26.2995 8.2952 -7.1250 0.0000 -0.0000 -12.9441 56.9959 -3.8487 0.0000 0.0000 0.0000 83.4830 1.4228 13.0082 -16.2157 25.8122 -3.7394 0.0000 0.0000 13.2359 -16.2562 14.3080 -4.1217 7.1250 -0.0000 -0.0000 7.6387 -15.1920 5.4191
1.0131 17.9834 -16.5607 -1.1027 0.6463 6.9133 0.0000 0.0000 0.0000 -15.7625 -6.1059 -26.8746 5.1932 13.5981 41.6509 -0.2790 -9.5084 1.4586 0.9796 -6.3002 -17.6580 0.0000 0.0000 0.0000 21.1308 5.2353 -24.3901 -4.8475 -13.2100 40.1597 0.1522 -7.1472 -4.6035 -0.2548 3.2480 -8.9701 -0.0167 -0.4124 15.7162 2.5631 -0.3475 1.4283 2.8227 -0.1275 -7.2801 -9.2173 -4.8935 -24.5752 7.4319 -4.7671 9.2597 3.3234 -1.9282 7.1757 0.0000 0.0000 0.0000 -88.4411 -5.9921 19.9438 14.0026 -22.7384 -2.8291 -0.0000 -0.0000 12.6487 17.2173 24.9632 7.4510 -7.1250 0.0000 -0.0000 -13.2890 55.4669 -3.4585 0.0000 0.0000 0.0000 83.3735 0.3568 12.6420 -15.8489 25.3153 -3.5811 0.0000 0.0000 13.0894 -16.7566 15.6696 -4.6492 7.1250 -0.0000 -0.0000 7.3256 -13.7475 5.4202
1.0234 18.5661 -16.4907 -1.1130 0.4098 7.3745 0.0000 0.0000 0.0000 -15.7653 -6.2172 -24.2817 3.7161 11.7728 34.9328 0.1389 -6.0493 11.7011 0.8573 -5.9047 -16.5081 0.0000 0.0000 0.0000 20.8944 5.3086 -21.7785 -3.4609 -11.4061 33.6621 0.1163 -9.0630 3.9016 -0.0744 1.7591 -4.8403 0.0847 -0.3474 14.3208 2.5544 -0.2609 1.1320 2.7169 -0.0912 -6.8270 -9.3007 -4.8270 -24.8792 7.3788 -4.6378 9.8050 3.3375 -1.8699 7.3935 -0.0000 -0.0000 0.0000 -88.2410 -5.3108 20.6931 13.9526 -22.6669 -2.8098 -0.0000 -0.0000 11.5148 16.8800 25.1532 7.3492 -7.1250 0.0000 -0.0000 -13.7298 55.5875 -3.6169 -0.0000 -0.0000 0.0000 83.4898 -0.2856 12.2385 -15.5870 24.9574 -3.4698 0.0000 0.0000 13.1932 -15.7676 14.6068 -4.0730 7.1250 -0.0000 -0.0000 7.9746 -14.9286 5.7075
1.0319 19.1337 -16.4168 -0.8233 0.3611 7.5654 0.0000 0.0000 0.0000 -15.9661 -7.0060 -21.4096 2.4828 9.8066 28.3527 1.2171 0.1550 20.8163 0.4499 -4.3031 -11.9310 0.0000 0.0000 0.0000 20.1929 5.6310 -19.0696 -2.3266 -9.5156 27.4217 -0.2843 -13.1984 12.5005 -0.0045 0.4317 -1.1861 0.1098 -0.2106 13.2266 2.3396 -0.1030 0.9004 2.4305 -0.0196 -6.4709 -9.2115 -4.8162 -24.8907 7.3582 -4.6319 9.4736 3.3156 -1.8640 7.2815 0.0000 -0.0000 0.0000 -87.8219 -4.3182 21.5516 14.2484 -23.0887 -2.9248 -0.0000 -0.0000 11.0484 15.8661 24.5305 6.7298 -7.1250 0.0000 -0.0000 -14.4473 54.7757 -3.5240 0.0000 -0.0000 0.0000 83.7653 -1.1617 11.8565 -15.6269 25.0121 -3.4867 0.0000 0.0000 12.7557 -15.5182 14.2966 -3.9225 7.1250 -0.0000 -0.0000 8.1411 -15.2670 5.7695
1.0455 19.6669 -16.3325 -0.7036 0.4802 7.7951 0.0000 0.0000 0.0000 -15.8803 -8.4653 -18.7244 1.6701 8.1423 23.1471 2.0953 5.4066 26.2129 0.1333 -2.3534 -6.4833 0.0000 0.0000 0.0000 19.7332 6.0033 -16.5700 -1.5125 -7.7667 22.0078 -0.5689 -19.4413 18.1116 -0.2436 -3.1759 8.7690 0.3354 -0.1726 11.7014 2.2018 -0.0509 0.7556 2.1313 -0.0056 -5.7736 -9.0224 -4.8402 -24.5852 7.1018 -4.7186 9.6303 3.1886 -1.9291 7.2814 0.0000 -0.0000 0.0000 -87.4608 -3.5727 22.2336 14.5865 -23.5669 -3.0587 -0.0000 -0.0000 10.4711 14.7951 25.2333 6.4242 -7.1250 0.0000 -0.0000 -15.8916 55.2538 -4.0760 0.0000 -0.0000 0.0000 83.9096 -2.2992 12.0181 -15.8686 25.3422 -3.5896 0.0000 0.0000 12.4595 -14.7781 13.0023 -3.3967 7.1250 -0.0000 -0.0000 8.6456 -16.6455 5.8747
1.0479 20.1374 -16.2659 -0.8624 0.3675 8.0875 0.0000 0.0000 0.0000 -15.6383 -9.1023 -17.4289 1.3116 7.2542 20.4708 2.2195 7.3171 26.8302 0.0358 -1.2208 -3.3565 0.0000 0.0000 0.0000 19.8530 5.8733 -15.0873 -1.0905 -6.6366 18.6431 -0.0697 -23.7079 17.2029 -0.5211 -4.6264 12.8459 0.5888 -0.1779 10.5032 2.1778 -0.0417 0.4020 1.9530 -0.0079 -5.4752 -9.1978 -4.7196 -24.1901 7.3391 -4.5968 10.0737 3.3184 -1.8638 7.3692 0.0000 -0.0000 0.0000 -86.8735 -2.1302 23.5085 15.2238 -24.4570 -3.3181 -0.0000 -0.0000 8.2056 13.9823 26.5531 6.3514 -7.1250 0.0000 -0.0000 -17.4580 56.3639 -4.9709 0.0000 -0.0000 0.0000 83.8350 -3.7314 13.6460 -16.4315 26.1022 -3.8338 0.0000 0.0000 11.2407 -14.9826 12.5899 -3.3385 7.1250 -0.0000 -0.0000 8.5065 -17.0506 5.7020
1.0499 20.5612 -16.2484 -0.7423 0.4096 8.2211 0.0000 0.0000 0.0000 -15.9689 -8.6343 -17.1474 1.2110 6.9812 19.6596 1.8704 7.6720 24.5378 0.0342 -1.1941 -3.2829 0.0000 0.0000 0.0000 19.7486 5.5152 -14.6512 -0.9820 -6.3077 17.6799 0.6330 -26.6635 14.6847 -0.8179 -5.7708 16.1209 0.6194 -0.1564 9.5474 2.0719 -0.0309 0.2620 1.8160 -0.0055 -5.0854 -9.2716 -4.8013 -23.4072 7.3893 -4.7655 10.0649 3.3285 -1.9584 7.2612 0.0000 0.0000 0.0000 -86.2092 -1.0188 24.7189 15.8494 -25.3160 -3.5813 -0.0000 -0.0000 6.0864 13.5172 24.9551 5.7914 -7.1250 0.0000 -0.0000 -17.0258 54.7382 -4.1629 0.0000 0.0000 0.0000 83.5186 -4.8506 15.4192 -17.0716 26.9521 -4.1198 0.0000 0.0000 9.9953 -15.5044 14.2612 -3.9094 7.1250 -0.0000 -0.0000 8.1502 -15.3044 5.7695
1.0484 20.9669 -16.2531 -0.7167 0.3808 8.0196 0.0000 0.0000 0.0000 -16.2555 -7.7401 -16.9323 1.2156 6.9938 19.6970 1.9524 9.1167 25.0688 0.0124 0.7204 1.9798 0.0000 0.0000 0.0000 19.8714 4.7928 -14.7276 -1.0498 -6.5154 18.2874 0.8097 -27.6228 14.3423 -1.2034 -6.9599 19.5966 0.5886 -0.0999 9.0971 2.0532 0.0307 0.2939 1.8018 0.0246 -4.8008 -9.4159 -4.8263 -23.5187 7.4751 -4.7981 10.9053 3.3800 -1.9716 7.5675 0.0000 0.0000 0.0000 -85.5903 -0.7750 25.9231 16.1718 -25.7531 -3.7203 -0.0000 -0.0000 4.7091 13.1108 24.0614 5.4245 -7.1250 0.0000 -0.0000 -16.9605 53.8019 -3.7538 0.0000 0.0000 0.0000 83.1067 -5.3636 17.3095 -17.5264 27.5464 -4.3280 0.0000 0.0000 9.1893 -16.0611 13.0041 -3.7066 7.1250 -0.0000 -0.0000 7.7612 -16.5458 5.2787
1.0551 21.3212 -16.2836 -0.5230 0.1041 7.3522 0.0000 0.0000 0.0000 -16.9117 -6.0687 -16.6696 1.3108 7.2522 20.4649 1.7953 7.6612 24.0262 0.0010 -0.2019 -0.5547 0.0000 0.0000 0.0000 19.7945 3.4624 -14.8665 -1.2336 -7.0434 19.8441 0.8118 -27.1838 13.9047 -1.3922 -7.4649 21.1001 0.5722 0.0467 9.4331 1.8966 0.2181 0.4832 1.6234 0.1152 -4.7958 -9.5850 -4.9229 -23.4719 7.5813 -4.9137 11.2216 3.4293 -2.0255 7.6836 0.0000 0.0000 0.0000 -84.8878 -0.4777 26.9793 16.8509 -26.6608 -4.0202 -0.0000 -0.0000 4.1980 12.2445 25.4533 5.3285 -7.1250 0.0000 -0.0000 -18.5700 54.9708 -4.6663 0.0000 0.0000 0.0000 82.7591 -5.4497 18.8161 -17.8873 28.0126 -4.4962 0.0000 0.0000 8.4647 -15.9341 13.0245 -3.6815 7.1250 -0.0000 -0.0000 7.8489 -16.5348 5.3414
1.0522 21.6288 -16.3325 -0.1502 -0.0084 6.7351 0.0000 0.0000 0.0000 -17.6425 -4.8217 -16.7335 1.4942 7.7217 21.8718 1.6801 5.9020 23.3134 0.0021 -0.2948 -0.8101 0.0000 0.0000 0.0000 19.4704 2.6832 -15.1297 -1.4954 -7.7248 21.8814 0.5015 -25.4027 14.4985 -1.3943 -7.4702 21.1161 0.1640 0.1648 10.3952 1.7587 0.3385 0.3485 1.6962 0.1848 -5.4812 -9.3997 -4.8363 -22.8592 7.4285 -4.8883 11.2423 3.3552 -2.0328 7.5807 0.0000 -0.0000 0.0000 -84.3731 -0.2799 27.4575 17.0767 -26.9588 -4.1221 -0.0000 -0.0000 3.9333 11.9121 23.1697 4.7447 -7.1250 0.0000 -0.0000 -17.6851 52.7311 -3.4513 0.0000 -0.0000 0.0000 82.3615 -5.7508 20.1241 -18.1567 28.3573 -4.6234 0.0000 0.0000 7.3014 -16.4161 12.6842 -3.7014 7.1250 -0.0000 -0.0000 7.5146 -16.8466 5.0583
1.0433 21.8947 -16.3725 0.0147 -0.2200 6.0643 0.0000 0.0000 0.0000 -18.0938 -3.4917 -16.7178 1.7333 8.2870 23.5892 1.6159 4.7997 22.9622 0.0000 -0.0051 -0.0140 0.0000 0.0000 0.0000 19.3066 2.2241 -15.2043 -1.7729 -8.3762 23.8626 -0.0629 -22.1859 16.0994 -1.0041 -6.3762 17.8800 -0.2165 0.1714 10.7640 1.7808 0.3030 0.5492 1.9397 0.1763 -5.4781 -9.1845 -4.9648 -22.1688 7.2576 -5.1298 10.5378 3.2318 -2.1674 7.2461 -0.0000 0.0000 0.0000 -84.0283 -0.0714 27.4329 17.7644 -27.8544 -4.4386 -0.0000 -0.0000 4.1515 11.5715 25.0597 4.9566 -7.1250 0.0000 -0.0000 -19.0150 54.4698 -4.5484 -0.0000 0.0000 0.0000 81.8068 -5.4932 21.3067 -18.5993 28.9177 -4.8356 0.0000 0.0000 7.5355 -15.4932 12.5129 -3.4369 7.1250 -0.0000 -0.0000 8.1533 -17.0920 5.4528
1.0415 22.1210 -16.4060 0.2534 -0.1690 5.6926 0.0000 0.0000 0.0000 -18.4386 -3.1175 -16.9677 2.0121 8.8912 25.4555 1.5053 3.6619 22.2958 0.0006 0.1611 0.4425 0.0000 0.0000 0.0000 18.9639 2.0322 -15.2182 -2.0174 -8.9022 25.4898 -0.2987 -20.0242 16.4511 -0.8095 -5.7418 16.0370 -0.5627 0.1650 11.0402 1.7943 0.2537 0.5745 2.1583 0.1617 -5.6063 -9.2873 -4.8684 -21.9234 7.1594 -4.9932 10.9167 3.2371 -2.1219 7.3198 -0.0000 -0.0000 0.0000 -83.6275 -0.0268 27.4275 18.0207 -28.1836 -4.5590 -0.0000 -0.0000 4.2159 12.9138 24.0755 5.3435 -7.1250 0.0000 -0.0000 -17.1620 53.7793 -3.7909 -0.0000 -0.0000 0.0000 81.4490 -5.1387 21.9721 -18.4893 28.7791 -4.7825 0.0000 0.0000 6.0876 -16.5110 14.1749 -4.1517 7.1250 -0.0000 -0.0000 7.4632 -15.3063 5.2740
1.0292 22.2960 -16.4411 0.0452 -0.0038 5.2520 0.0000 0.0000 0.0000 -18.2063 -2.6465 -17.0626 2.2522 9.3728 26.9685 1.4851 1.8773 22.5131 0.0040 -0.4070 -1.1183 0.0000 0.0000 0.0000 19.1612 2.2292 -14.8765 -2.1835 -9.2382 26.5434 -0.5597 -17.9230 17.2723 -0.6568 -5.1835 14.4328 -0.6251 0.1498 11.3324 2.0329 0.2398 0.6696 2.4476 0.1594 -5.6709 -9.4759 -4.9577 -21.7587 7.1290 -5.0746 11.0496 3.2480 -2.1757 7.3479 0.0000 0.0000 0.0000 -83.5881 -0.3287 26.9245 18.1154 -28.3047 -4.6038 -0.0000 -0.0000 4.2922 13.0593 24.1607 5.4234 -7.1250 0.0000 -0.0000 -17.0624 53.8881 -3.8138 0.0000 0.0000 0.0000 81.0552 -4.6214 21.3241 -18.4787 28.7657 -4.7774 0.0000 0.0000 8.1700 -16.2431 13.8202 -3.9810 7.1250 -0.0000 -0.0000 7.6420 -15.6936 5.3384
1.0231 22.4199 -16.4604 -0.0535 0.1547 4.8053 0.0000 0.0000 0.0000 -18.0660 -2.4440 -16.9277 2.4130 9.6780 27.9402 1.6320 1.0216 23.8637 0.0174 0.8514 2.3400 0.0000 0.0000 0.0000 19.2299 2.2039 -14.2563 -2.2397 -9.3485 26.8915 -0.6968 -16.6473 17.7237 -0.5500 -4.7509 13.1993 -0.6941 0.0536 11.3742 2.2007 0.1137 0.6546 2.6843 0.1018 -5.7048 -9.9504 -4.4317 -20.9854 7.3736 -4.3716 11.6926 3.5100 -1.8574 7.3913 0.0000 0.0000 0.0000 -83.4220 -0.0748 26.8036 18.1800 -28.3870 -4.6345 -0.0000 -0.0000 2.6033 14.6697 24.7307 6.2499 -7.1250 0.0000 -0.0000 -15.7535 54.7416 -3.8409 0.0000 0.0000 0.0000 80.6421 -4.1081 21.3282 -18.2760 28.5092 -4.6802 0.0000 0.0000 7.5125 -15.7505 13.6432 -3.8060 7.1250 -0.0000 -0.0000 7.9779 -15.9158 5.5390
1.0217 22.4936 -16.4710 -0.3155 0.3472 4.4529 0.0000 0.0000 0.0000 -17.7121 -2.6862 -16.4389 2.4838 9.8084 28.3583 1.5851 0.3715 23.7080 0.0004 0.1215 0.3338 0.0000 0.0000 0.0000 19.5097 2.1722 -13.5350 -2.2098 -9.2901 26.7072 -0.7642 -15.7300 17.8600 -0.4174 -4.1467 11.4899 -0.4445 -0.0255 11.4165 2.3109 0.0472 0.6754 2.6699 0.0640 -5.7031 -9.4815 -4.6853 -20.0619 6.8461 -4.8198 10.9987 3.2024 -2.1134 7.0258 0.0000 -0.0000 0.0000 -83.2424 -0.1390 25.9934 18.1830 -28.3908 -4.6359 -0.0000 -0.0000 2.9877 15.4955 24.2458 6.4951 -7.1250 0.0000 -0.0000 -14.6794 54.4257 -3.4561 0.0000 -0.0000 0.0000 80.5638 -3.7939 20.5187 -18.2030 28.4163 -4.6454 0.0000 0.0000 8.7007 -15.8890 12.2629 -3.4598 7.1250 -0.0000 -0.0000 7.8793 -17.3191 5.2264
1.0199 22.5005 -16.4814 -0.6554 0.6667 4.4962 0.0000 0.0000 0.0000 -17.2488 -3.3324 -16.2349 2.4618 9.7680 28.2287 1.6720 0.3304 24.3691 0.0106 0.6641 1.8249 0.0000 0.0000 0.0000 19.8345 2.3608 -13.1559 -2.1343 -9.1403 26.2353 -0.7002 -15.8491 17.4113 -0.4391 -4.2518 11.7862 0.0034 -0.0894 10.6948 2.3104 0.0066 0.8703 2.4130 0.0275 -5.0922 -8.9122 -4.7355 -20.1158 6.4736 -4.9847 11.1519 2.9660 -2.2006 7.0732 -0.0000 -0.0000 0.0000 -82.7953 -0.6800 25.1828 18.4241 -28.6968 -4.7511 -0.0000 -0.0000 4.0911 13.7789 27.1889 6.3935 -7.1250 0.0000 -0.0000 -18.0503 56.9294 -5.3970 -0.0000 -0.0000 0.0000 80.8743 -3.1293 19.3451 -18.1490 28.3476 -4.6198 0.0000 0.0000 8.7390 -15.8122 11.4031 -3.2048 7.1250 -0.0000 -0.0000 7.9366 -18.2062 5.1089
1.0187 22.4668 -16.4892 -0.7439 0.7350 4.3262 0.0000 0.0000 0.0000 -17.1318 -3.7718 -15.5137 2.3726 9.6025 27.6990 1.6419 -0.0577 24.2730 0.0111 0.6794 1.8672 0.0000 0.0000 0.0000 19.8621 2.6828 -12.4251 -2.0339 -8.9364 25.5966 -0.5810 -15.7524 16.4158 -0.4352 -4.2333 11.7339 0.0057 -0.1638 10.5691 2.3989 -0.0866 0.7542 2.5184 -0.0166 -5.1398 -9.0117 -4.5834 -19.4394 6.4521 -4.8188 11.3600 3.0032 -2.1409 7.0193 -0.0000 -0.0000 0.0000 -82.5439 -0.4960 24.9034 18.4155 -28.6859 -4.7470 -0.0000 -0.0000 2.6676 15.1133 27.4018 7.0851 -7.1250 0.0000 -0.0000 -16.8079 57.4141 -5.2087 -0.0000 -0.0000 0.0000 80.7649 -3.0852 19.0080 -18.1640 28.3666 -4.6269 0.0000 0.0000 8.2364 -16.0736 10.8089 -3.0930 7.1250 -0.0000 -0.0000 7.7578 -18.7988 4.8890
1.0195 22.3777 -16.4905 -0.8181 0.6304 4.5426 0.0000 0.0000 0.0000 -17.0283 -4.3921 -15.1510 2.2297 9.3290 26.8300 1.5416 0.3719 23.3770 0.0028 0.3419 0.9395 0.0000 0.0000 0.0000 19.8431 3.0828 -12.1399 -1.9198 -8.6969 24.8518 -0.5850 -14.7340 16.0072 -0.2571 -3.2626 9.0107 0.0117 -0.1180 9.9533 2.4709 -0.0277 0.6480 2.5765 0.0121 -4.9090 -9.2216 -4.4577 -19.1782 6.5604 -4.6594 11.9735 3.0977 -2.0721 7.1722 0.0000 0.0000 0.0000 -82.3483 -0.8457 24.1602 18.2716 -28.5035 -4.6781 -0.0000 -0.0000 3.7908 14.5076 28.7121 7.0861 -7.1250 0.0000 -0.0000 -18.2832 58.5348 -6.1835 0.0000 0.0000 0.0000 80.5984 -3.0751 18.9679 -17.9490 28.0918 -4.5252 0.0000 0.0000 6.6379 -19.2663 13.3645 -4.6191 7.1250 -0.0000 -0.0000 5.5588 -15.8975 3.8419
1.0268 22.2473 -16.4815 -0.6385 0.8766 4.8350 0.0000 0.0000 0.0000 -17.2427 -5.2763 -14.7104 2.0680 9.0062 25.8149 1.3466 0.4628 21.8037 0.0006 -0.1529 -0.4201 0.0000 0.0000 0.0000 19.5025 3.2676 -11.9957 -1.8071 -8.4522 24.0962 -0.4711 -14.4934 14.9116 -0.3437 -3.7671 10.4223 -0.0432 -0.2408 9.3927 2.4407 -0.2014 0.4068 2.5961 -0.0718 -4.8393 -9.3119 -4.6134 -18.8950 6.5873 -4.8857 12.1576 3.0964 -2.1883 7.2074 0.0000 0.0000 0.0000 -82.1335 -0.6654 23.7741 18.0249 -28.1890 -4.5610 -0.0000 -0.0000 1.7788 16.7670 24.4056 7.0963 -7.1250 0.0000 -0.0000 -13.4742 54.8266 -3.2967 0.0000 0.0000 0.0000 80.4917 -3.4844 18.5351 -18.3700 28.6283 -4.7252 0.0000 0.0000 7.5903 -22.1101 16.6246 -6.6298 7.1250 -0.0000 -0.0000 3.7867 -12.1462 2.9117
1.0280 22.0616 -16.4890 -0.6682 0.7350 5.1666 0.0000 0.0000 0.0000 -17.2066 -5.8166 -14.4633 1.9247 8.7075 24.8845 1.1775 0.8903 20.2416 0.0019 -0.2801 -0.7696 0.0000 0.0000 0.0000 19.4213 3.9435 -11.8855 -1.6856 -8.1779 23.2558 -0.4800 -13.5295 14.5687 -0.2178 -3.0040 8.2900 -0.0001 -0.2516 8.8303 2.4378 -0.2159 0.2415 2.5656 -0.0801 -4.6958 -9.3418 -4.4792 -19.0838 6.6428 -4.7183 12.9081 3.1429 -2.1050 7.4740 -0.0000 -0.0000 0.0000 -81.7458 -0.9862 23.3711 17.8741 -27.9956 -4.4900 -0.0000 -0.0000 1.1759 17.5171 23.2355 7.0978 -7.1250 0.0000 -0.0000 -12.1771 53.8054 -2.6668 -0.0000 -0.0000 0.0000 80.3832 -3.4622 18.4265 -18.4328 28.7078 -4.7553 0.0000 0.0000 7.7895 -18.6557 13.8982 -4.6363 7.1250 -0.0000 -0.0000 5.9923 -15.3974 4.2096
1.0325 21.8388 -16.4916 -0.8045 0.8496 5.2302 0.0000 0.0000 0.0000 -17.1238 -6.3631 -13.9390 1.8113 8.4615 24.1249 1.0147 1.3552 18.6337 0.0036 -0.3875 -1.0647 0.0000 0.0000 0.0000 19.4915 4.2301 -11.5715 -1.5750 -7.9182 22.4660 -0.4032 -13.0282 13.6201 -0.1699 -2.6557 7.3215 0.1661 -0.3590 8.5630 2.5261 -0.3391 0.1078 2.5776 -0.1432 -4.6803 -9.6464 -4.3719 -18.7861 6.9419 -4.5800 13.0862 3.3142 -2.0332 7.4862 -0.0000 -0.0000 0.0000 -81.4103 -1.0766 23.0920 17.9174 -28.0513 -4.5103 -0.0000 -0.0000 1.9931 16.6151 24.3621 7.0172 -7.1250 0.0000 -0.0000 -13.6072 54.7542 -3.3059 -0.0000 -0.0000 0.0000 80.0389 -3.3233 19.1847 -18.0715 28.2487 -4.5830 0.0000 0.0000 5.0288 -17.3185 12.5310 -3.8704 7.1250 -0.0000 -0.0000 6.8884 -16.9334 4.6172
1.0375 21.5558 -16.5085 -0.8062 1.0754 5.3460 0.0000 0.0000 0.0000 -17.1502 -6.8744 -13.7443 1.7163 8.2483 23.4709 0.9523 2.7612 17.7202 0.0023 0.3088 0.8485 0.0000 0.0000 0.0000 19.4287 4.3809 -11.5048 -1.4920 -7.7163 21.8556 -0.3949 -12.2818 13.2124 -0.2155 -2.9883 8.2463 0.2345 -0.3781 8.7104 2.4959 -0.3483 -0.2642 2.5157 -0.1447 -5.1525 -9.7057 -4.1779 -18.6856 7.0689 -4.3624 13.7732 3.4007 -1.9267 7.6814 -0.0000 0.0000 0.0000 -80.8530 -0.7532 23.0845 18.4888 -28.7786 -4.7823 -0.0000 -0.0000 4.1912 13.0077 28.8962 6.3695 -7.1250 0.0000 -0.0000 -19.9691 58.3774 -6.7059 -0.0000 0.0000 0.0000 79.8463 -4.1389 19.3366 -19.0364 29.4638 -5.0487 0.0000 0.0000 7.9410 -18.6314 13.1362 -4.3816 7.1250 -0.0000 -0.0000 5.9903 -16.1938 4.1047
1.0251 21.2406 -16.5439 -0.7816 1.1056 5.7036 0.0000 0.0000 0.0000 -17.1263 -7.1077 -13.8261 1.6253 8.0376 22.8284 0.8542 3.1631 16.6834 0.0158 -0.8122 -2.2324 0.0000 0.0000 0.0000 19.4089 5.0021 -11.8372 -1.4541 -7.6221 21.5719 -0.3593 -11.8552 12.6604 -0.1631 -2.6022 7.1732 -0.0035 -0.3410 8.4369 2.4987 -0.3227 -0.4793 2.6489 -0.1239 -5.2232 -9.6714 -4.3005 -18.0207 7.1116 -4.5953 13.3966 3.3822 -2.0424 7.4653 -0.0000 0.0000 0.0000 -80.2432 -0.6619 24.0291 18.6385 -28.9671 -4.8545 -0.0000 -0.0000 1.4764 16.5029 25.2941 7.2144 -7.1250 0.0000 -0.0000 -14.1878 55.6509 -3.7630 -0.0000 0.0000 0.0000 79.7312 -4.5608 20.3364 -19.2680 29.7503 -5.1632 0.0000 0.0000 5.3098 -20.3715 15.1474 -5.5421 7.1250 -0.0000 -0.0000 4.8706 -13.9146 3.5696
1.0172 20.8701 -16.5645 -0.7533 0.9974 5.6875 0.0000 0.0000 0.0000 -17.1599 -7.0463 -13.6157 1.5437 7.8429 22.2378 0.8197 4.0215 16.2243 0.0117 -0.6974 -1.9166 0.0000 0.0000 0.0000 19.3988 5.3194 -11.9065 -1.4302 -7.5617 21.3906 -0.3249 -11.3509 12.0705 -0.0565 -1.5332 4.2174 -0.1519 -0.2412 8.2743 2.4404 -0.2114 -0.4001 2.6545 -0.0676 -5.0531 -9.6585 -4.4207 -17.9323 7.2996 -4.8026 13.3408 3.4178 -2.1246 7.4552 -0.0000 0.0000 0.0000 -79.6435 -0.7525 24.3471 19.2643 -29.7458 -5.1613 -0.0000 -0.0000 1.6454 15.1898 25.2179 6.5985 -7.1250 0.0000 -0.0000 -15.4843 55.3163 -3.9915 -0.0000 0.0000 0.0000 79.6189 -4.3212 20.5469 -19.3356 29.8335 -5.1967 0.0000 0.0000 4.7281 -19.5909 15.6768 -5.4932 7.1250 -0.0000 -0.0000 5.4203 -13.4455 4.0298
1.0165 20.4681 -16.5823 -0.6395 0.6348 5.6895 0.0000 0.0000 0.0000 -17.3783 -6.9501 -13.4225 1.5121 7.7658 22.0050 0.8513 4.5618 16.4972 0.0258 -1.0365 -2.8493 0.0000 0.0000 0.0000 19.3206 5.2513 -12.0640 -1.4097 -7.5098 21.2348 -0.3770 -10.6355 12.3582 -0.0095 -0.6301 1.7317 -0.5183 -0.1548 8.4284 2.4950 -0.1270 -0.4761 2.9110 -0.0132 -5.2232 -9.7366 -4.3028 -18.3231 7.3239 -4.6035 13.6824 3.4633 -2.0254 7.6186 0.0000 0.0000 0.0000 -79.4974 -1.1316 24.2318 19.5959 -30.1524 -5.3269 -0.0000 -0.0000 2.2801 14.0163 27.9597 6.6755 -7.1250 0.0000 -0.0000 -18.2947 57.7129 -5.8228 0.0000 0.0000 0.0000 79.2062 -4.3462 21.0806 -19.5022 30.0379 -5.2799 0.0000 0.0000 4.7942 -17.8464 14.7673 -4.6915 7.1250 -0.0000 -0.0000 6.5669 -14.5722 4.7352
1.0137 20.0056 -16.5993 -0.9291 0.8182 5.6349 0.0000 0.0000 0.0000 -17.0625 -7.1586 -13.3361 1.5289 7.8068 22.1287 0.8428 4.6795 16.4037 0.0407 -1.3023 -3.5810 0.0000 0.0000 0.0000 19.7946 4.7994 -12.2957 -1.4025 -7.4912 21.1790 -0.4561 -10.1036 13.0365 -0.0014 0.2415 -0.6636 -0.2817 -0.2960 8.3972 2.5389 -0.2887 -0.5066 2.8438 -0.0987 -5.2295 -9.6382 -4.2976 -18.0812 7.3772 -4.6524 13.6116 3.4605 -2.0429 7.5575 0.0000 0.0000 0.0000 -79.0356 -1.0491 24.5913 19.9306 -30.5587 -5.4960 -0.0000 -0.0000 0.9188 15.8610 25.8639 7.0654 -7.1250 0.0000 -0.0000 -15.1476 56.0796 -4.1848 0.0000 0.0000 0.0000 78.9956 -4.4934 21.4851 -20.1767 30.8546 -5.6217 0.0000 0.0000 6.8610 -14.8926 11.7731 -3.1059 7.1250 -0.0000 -0.0000 8.5758 -17.8895 5.5900
1.0048 19.5110 -16.6274 -1.1014 0.8905 5.7394 0.0000 0.0000 0.0000 -16.7847 -7.5582 -13.2867 1.5584 7.8783 22.3452 0.8059 5.3576 16.0045 0.0720 -1.7315 -4.7642 0.0000 0.0000 0.0000 20.1913 4.3864 -12.9323 -1.4450 -7.5990 21.5027 -0.6005 -9.3742 14.3480 -0.0052 0.4676 -1.2847 -0.2160 -0.2124 7.9679 2.4441 -0.1851 -0.2783 2.6862 -0.0562 -4.7541 -9.5082 -4.3355 -18.0267 7.8207 -4.7925 12.9921 3.5664 -2.0611 7.3662 -0.0000 0.0000 0.0000 -78.3929 -1.6859 24.7861 20.3294 -31.0372 -5.7002 -0.0000 -0.0000 0.7457 15.2991 23.9059 6.3256 -7.1250 0.0000 -0.0000 -14.7100 54.0554 -3.3294 -0.0000 0.0000 0.0000 79.2097 -3.9408 21.7698 -19.8382 30.4469 -5.4491 0.0000 0.0000 3.8549 -17.9981 14.7587 -4.7312 7.1250 -0.0000 -0.0000 6.4637 -14.5664 4.6606
0.9980 18.9433 -16.6554 -1.1710 0.9504 5.4833 0.0000 0.0000 0.0000 -16.6464 -8.1260 -13.2177 1.8097 8.4580 24.1141 0.3519 3.5017 10.5498 1.3561 -7.3715 -20.8207 0.0000 0.0000 0.0000 20.3694 4.1151 -13.7644 -1.7300 -8.2794 23.5661 -0.2576 -6.7795 9.5431 -0.1016 2.0553 -5.6585 -0.4962 -0.3279 8.0375 2.6054 -0.3591 -0.1835 3.0337 -0.1349 -4.6835 -9.7658 -4.1676 -17.7755 8.0534 -4.5463 12.6922 3.7162 -1.9401 7.2151 -0.0000 0.0000 0.0000 -78.3584 -2.0437 24.5379 21.0288 -31.8619 -6.0651 -0.0000 -0.0000 0.0269 13.7148 27.5543 6.4411 -7.1250 0.0000 -0.0000 -18.3450 57.2636 -5.6388 -0.0000 0.0000 0.0000 78.6537 -3.9640 23.2057 -20.2797 30.9779 -5.6746 0.0000 0.0000 2.5012 -19.8704 14.2461 -5.0825 7.1250 -0.0000 -0.0000 5.1736 -14.9146 3.6830
0.9910 18.3433 -16.7257 -1.4244 1.0129 5.1124 0.0000 0.0000 0.0000 -16.5337 -6.6994 -13.9598 2.5130 9.8615 28.5294 -0.0145 -3.5355 -1.7104 0.6466 -5.1441 -14.3200 0.0000 0.0000 0.0000 21.2286 1.9394 -14.5820 -2.3764 -9.6096 27.7216 -0.0046 -1.0011 -2.0334 -0.1367 2.3832 -6.5659 -0.5637 -0.3596 8.4780 2.7063 -0.4016 -0.0399 3.1876 -0.1533 -4.7782 -9.9211 -4.1817 -17.7106 8.3287 -4.5926 12.9218 3.8313 -1.9472 7.2944 -0.0000 0.0000 0.0000 -78.0834 -2.3841 24.6473 21.7702 -32.7164 -6.4612 -0.0000 -0.0000 0.6106 12.6828 30.7596 6.5656 -7.1250 0.0000 -0.0000 -21.7018 60.0350 -8.1918 -0.0000 0.0000 0.0000 78.3652 -3.6477 23.7532 -20.3502 31.0620 -5.7109 0.0000 0.0000 2.5260 -16.7859 13.4843 -4.0235 7.1250 -0.0000 -0.0000 7.2662 -15.9932 5.0240
0.9806 17.7837 -16.8353 -1.6139 1.4382 4.7681 0.0000 0.0000 0.0000 -16.2091 -5.3817 -16.8284 3.3882 11.2983 33.2928 0.1748 -8.1688 -8.7778 0.3165 -3.6164 -10.0000 0.0000 0.0000 0.0000 21.7187 1.4282 -16.2005 -3.2160 -11.0368 32.4040 -0.2901 2.0226 -9.6726 -0.2101 2.9508 -8.1418 -0.4613 -0.4329 9.7749 2.6934 -0.4768 -0.0039 3.1479 -0.1856 -5.4673 -9.8495 -4.5646 -17.9268 8.2701 -5.1135 13.1224 3.7352 -2.1931 7.4439 -0.0000 0.0000 0.0000 -77.8123 -3.1170 24.8303 21.7983 -32.7483 -6.4764 -0.0000 0.0000 -0.1017 14.6076 28.3591 7.0570 -7.1250 0.0000 -0.0000 -17.9428 58.2212 -5.9272 -0.0000 0.0000 0.0000 78.4315 -2.8125 23.1445 -20.4562 31.1880 -5.7657 0.0000 0.0000 4.4113 -17.1975 11.7082 -3.5938 7.1250 -0.0000 -0.0000 6.9669 -17.7938 4.5384
0.9475 17.3948 -16.9545 -1.2178 1.7608 3.9701 0.0000 0.0000 0.0000 -16.6812 -4.5530 -18.9225 4.2521 12.4886 37.4830 0.6972 -7.9526 -15.0627 0.2065 -2.9262 -8.0734 0.0000 0.0000 0.0000 21.2944 2.6723 -18.0901 -4.2172 -12.4440 37.3212 -0.7349 1.3354 -15.7975 -0.0133 0.7455 -2.0488 -1.2359 -0.4450 11.9762 2.6453 -0.5837 0.1811 3.5956 -0.2035 -6.4984 -9.4964 -4.6522 -18.9767 7.7927 -5.1486 13.2796 3.5039 -2.2127 7.6534 0.0000 -0.0000 0.0000 -77.9728 -4.4525 23.8372 21.6181 -32.5427 -6.3792 -0.0000 -0.0000 1.9105 16.5117 23.0408 6.6179 -7.1250 0.0000 -0.0000 -13.0980 53.4260 -2.7513 0.0000 -0.0000 0.0000 78.8245 -1.5107 21.6517 -20.1646 30.8401 -5.6155 0.0000 0.0000 5.8430 -14.5269 12.4946 -3.2086 7.1250 -0.0000 -0.0000 8.8225 -17.1799 5.8937
0.9051 16.9759 -17.0901 -0.4671 1.7595 3.5227 0.0000 0.0000 0.0000 -17.4919 -4.1296 -21.4828 5.2955 13.7091 42.0843 1.2369 -8.8805 -19.9416 0.0345 -1.1993 -3.2973 0.0000 0.0000 0.0000 20.6836 3.6415 -20.9394 -5.5045 -13.9303 42.9591 -1.2548 0.7455 -20.9506 -0.0470 1.3992 -3.8480 -2.3303 -0.3098 13.5116 2.4146 -0.5937 0.6821 4.0001 -0.1776 -6.8175 -9.7800 -4.8309 -20.5816 8.2060 -5.2376 13.3067 3.6658 -2.1943 7.9621 -0.0000 0.0000 0.0000 -78.1385 -6.5905 22.5079 20.8341 -31.6342 -5.9627 -0.0000 -0.0000 3.1864 17.6953 15.8758 4.9880 -7.1250 0.0000 -0.0000 -9.4689 46.3808 -0.3255 -0.0000 0.0000 0.0000 79.8367 0.1325 19.2281 -19.8211 30.4262 -5.4404 0.0000 0.0000 7.3449 -15.2798 14.0979 -3.8070 7.1250 -0.0000 -0.0000 8.3022 -15.4897 5.8460
0.9034 16.6829 -17.1805 -0.7279 1.8457 3.0481 0.0000 0.0000 0.0000 -17.1797 -4.6686 -23.6137 6.4677 14.8667 46.8310 1.6974 -7.6348 -23.3445 0.0676 -1.6773 -4.6146 0.0000 0.0000 0.0000 21.0575 4.2049 -23.0551 -6.7250 -15.0959 47.8264 -1.6642 -0.5095 -24.5938 -0.0370 1.2413 -3.4129 -1.7087 -0.3192 14.4726 2.2731 -0.5326 1.3595 3.4906 -0.1801 -6.6413 -9.5571 -4.9275 -22.0043 7.9600 -5.2194 12.7216 3.5322 -2.1660 7.9877 -0.0000 -0.0000 0.0000 -78.4654 -7.5991 21.7001 19.9876 -30.6275 -5.5251 -0.0000 -0.0000 2.6673 17.6953 15.8758 4.9880 -7.1250 0.0000 -0.0000 -9.4689 46.3808 -0.3255 -0.0000 -0.0000 0.0000 81.4292 2.0438 15.2552 -18.9564 29.3645 -5.0095 0.0000 0.0000 8.8927 -16.4572 15.0774 -4.3940 7.1250 -0.0000 -0.0000 7.5146 -14.3843 5.4602
0.9245 16.4784 -17.2575 -0.9807 2.2322 2.5906 0.0000 0.0000 0.0000 -16.5442 -5.9026 -25.6180 7.7066 15.8992 51.4989 1.8791 -8.3047 -24.5828 0.0677 -1.6792 -4.6198 0.0000 0.0000 0.0000 21.0503 4.8095 -24.7175 -7.7901 -15.9627 51.8031 -1.8481 -1.0624 -26.1114 -0.0675 1.6764 -4.6122 -0.9070 -0.5322 14.8863 2.2643 -0.6925 1.9545 3.0543 -0.2909 -6.2335 -9.3892 -4.8364 -21.8148 7.4874 -4.9906 11.0009 3.3657 -2.0968 7.3430 -0.0000 0.0000 0.0000 -78.4654 -7.5991 21.7001 19.9876 -30.6275 -5.5251 -0.0000 -0.0000 2.6673 17.6953 15.8758 4.9880 -7.1250 0.0000 -0.0000 -9.4689 46.3808 -0.3255 -0.0000 0.0000 0.0000 82.7245 3.4162 11.6242 -18.0710 28.2480 -4.5828 0.0000 0.0000 10.0333 -17.2873 15.5219 -4.7609 7.1250 -0.0000 -0.0000 6.9648 -13.8473 5.1343
0.9309 16.2250 -17.3513 -1.1514 2.3420 1.6124 0.0000 0.0000 0.0000 -15.8385 -6.2864 -27.4416 8.9440 16.7716 55.8963 1.9765 -9.3583 -25.2290 0.1370 -2.3860 -6.5738 0.0000 0.0000 0.0000 20.9992 5.1095 -26.1457 -8.8108 -16.6844 55.4334 -1.8694 -1.9493 -26.6031 -0.2554 3.2517 -8.9802 -0.7690 -0.6294 16.2721 2.4747 -0.7795 2.2247 3.2466 -0.3297 -6.7006 -9.2883 -4.4894 -22.1208 6.7132 -4.3911 11.0333 3.1663 -1.8741 7.3262 0.0000 -0.0000 0.0000 -78.4654 -7.5991 21.7001 19.9876 -30.6275 -5.5251 -0.0000 -0.0000 2.6673 17.6953 15.8758 4.9880 -7.1250 0.0000 -0.0000 -9.4689 46.3808 -0.3255 0.0000 -0.0000 0.0000 83.3773 3.9432 9.5688 -17.0878 26.9734 -4.1271 0.0000 0.0000 9.2377 -19.2244 14.0710 -4.8460 7.1250 -0.0000 -0.0000 5.6085 -15.1625 3.9657
0.9475 16.1008 -17.4112 -1.4091 2.1120 0.9111 0.0000 0.0000 0.0000 -15.2881 -5.9771 -28.3393 9.6410 17.2030 58.2817 2.0417 -10.2841 -25.6751 0.0935 -1.9723 -5.4291 0.0000 0.0000 0.0000 21.1560 5.1345 -26.7559 -9.3968 -17.0564 57.4527 -1.9554 -2.4075 -27.3782 -0.3799 3.9585 -10.9601 -0.2901 -0.5877 17.0102 2.5233 -0.6336 2.5161 3.0056 -0.2708 -6.8055 -9.3428 -4.4279 -22.0662 6.4414 -4.2481 10.9684 3.1023 -1.8349 7.2779 0.0000 -0.0000 0.0000 -78.4654 -7.5991 21.7001 19.9876 -30.6275 -5.5251 -0.0000 -0.0000 2.6673 17.6953 15.8758 4.9880 -7.1250 0.0000 -0.0000 -9.4689 46.3808 -0.3255 0.0000 -0.0000 0.0000 84.0689 4.3956 7.7483 -16.0870 25.6384 -3.6835 0.0000 0.0000 8.6032 -19.6894 13.1975 -4.6706 7.1250 -0.0000 -0.0000 5.2626 -16.0330 3.6199
0.9671 16.0602 -17.4288 -1.3361 2.0507 1.0706 0.0000 0.0000 0.0000 -15.4274 -5.3726 -28.8727 9.7573 17.2711 58.6742 2.1448 -10.6541 -26.3365 0.1000 -2.0394 -5.6145 0.0000 0.0000 0.0000 20.9437 4.6598 -27.5216 -9.6136 -17.1868 58.1890 -2.0205 -2.0747 -27.6769 -0.3387 3.7397 -10.3455 -0.1660 -0.5927 16.5979 2.5395 -0.6215 2.4962 2.9404 -0.2700 -6.6036 -9.2211 -4.3508 -22.3084 6.0530 -4.1123 11.5838 2.9710 -1.8024 7.4977 -0.0000 0.0000 0.0000 -78.4654 -7.5991 21.7001 19.9876 -30.6275 -5.5251 -0.0000 -0.0000 2.6673 17.6953 15.8758 4.9880 -7.1250 0.0000 -0.0000 -9.4689 46.3808 -0.3255 -0.0000 0.0000 0.0000 84.4744 4.5528 6.9393 -15.0817 24.2598 -3.2594 0.0000 0.0000 8.0957 -18.8828 12.8632 -4.3545 7.1250 -0.0000 -0.0000 5.8106 -16.4565 3.9471
0.9910 16.0693 -17.4306 -1.2124 1.4893 1.0959 0.0000 0.0000 0.0000 -15.8219 -4.1069 -28.8049 9.5765 17.1647 58.0634 2.2146 -10.3464 -26.7539 0.1029 -2.0685 -5.6951 0.0000 0.0000 0.0000 20.5722 4.9376 -27.3839 -9.6052 -17.1818 58.1605 -2.1703 -0.2160 -27.9795 -0.0230 0.9788 -2.6904 -0.1990 -0.3747 16.0549 2.5159 -0.3485 2.4419 2.8648 -0.1388 -6.3787 -9.0485 -4.3272 -21.9904 5.7678 -4.1277 12.0118 2.8491 -1.8379 7.5794 0.0000 0.0000 0.0000 -78.4654 -7.5991 21.7001 19.9876 -30.6275 -5.5251 -0.0000 -0.0000 2.6673 17.6953 15.8758 4.9880 -7.1250 0.0000 -0.0000 -9.4689 46.3808 -0.3255 0.0000 0.0000 0.0000 84.8190 4.2354 6.4178 -14.2718 23.1219 -2.9340 0.0000 0.0000 8.5859 -17.3310 12.8600 -3.9731 7.1250 -0.0000 -0.0000 6.8833 -16.5921 4.6653
1.0159 16.1349 -17.4143 -0.8836 0.9607 1.0081 0.0000 0.0000 0.0000 -16.4250 -3.1591 -28.1612 9.2352 16.9567 56.9001 2.1906 -10.7339 -26.6216 0.0621 -1.6079 -4.4232 0.0000 0.0000 0.0000 20.1651 5.0236 -26.6897 -9.3451 -17.0248 57.2763 -2.1716 0.5108 -27.7578 -0.0000 0.0219 -0.0602 -0.6382 -0.2387 15.5684 2.5966 -0.2400 2.2578 3.1730 -0.0747 -6.3118 -9.3009 -4.0700 -20.9119 5.8773 -3.8270 11.9644 2.9734 -1.7127 7.3722 0.0000 0.0000 0.0000 -78.4654 -7.5991 21.7001 19.9876 -30.6275 -5.5251 -0.0000 -0.0000 2.6673 17.6953 15.8758 4.9880 -7.1250 0.0000 -0.0000 -9.4689 46.3808 -0.3255 0.0000 0.0000 0.0000 84.7773 3.1494 6.8025 -13.6991 22.3029 -2.7129 0.0000 0.0000 9.9234 -14.9514 12.2900 -3.2533 7.1250 -0.0000 -0.0000 8.5301 -17.3586 5.6600
1.0301 16.2228 -17.4150 -0.9702 0.9142 1.0245 0.0000 0.0000 0.0000 -16.4101 -2.8430 -27.6512 8.8358 16.7009 55.5206 2.0508 -10.9064 -25.7653 0.0699 -1.7060 -4.6938 0.0000 0.0000 0.0000 20.3644 4.8407 -25.9985 -8.8641 -16.7195 55.6189 -1.9595 -0.5988 -26.7121 -0.0811 1.8367 -5.0547 -0.5297 -0.2181 15.3712 2.6999 -0.1848 2.0229 3.2104 -0.0454 -6.4579 -9.3545 -4.0245 -20.6421 6.0539 -3.8234 12.4525 3.0467 -1.7052 7.4944 0.0000 0.0000 0.0000 -78.4654 -7.5991 21.7001 19.9876 -30.6275 -5.5251 -0.0000 -0.0000 2.6673 17.6953 15.8758 4.9880 -7.1250 0.0000 -0.0000 -9.4689 46.3808 -0.3255 0.0000 0.0000 0.0000 85.0051 2.4447 6.8169 -13.0660 21.3838 -2.4773 0.0000 0.0000 12.5860 -13.8370 13.0057 -3.1727 7.1250 -0.0000 -0.0000 9.2935 -16.7098 6.3133
1.0473 16.3345 -17.4113 -1.1289 1.0105 0.8506 0.0000 0.0000 0.0000 -16.3595 -2.7204 -26.6353 8.3533 16.3731 53.8255 1.8830 -11.1842 -24.7175 0.0267 -1.0543 -2.8983 0.0000 0.0000 0.0000 20.6938 4.5011 -24.9109 -8.2754 -16.3181 53.5487 -1.7526 -1.6317 -25.6558 -0.3006 3.5253 -9.7449 -0.2306 -0.2606 15.2498 2.7494 -0.1899 2.0571 3.0912 -0.0559 -6.3552 -9.4809 -4.0873 -20.9430 6.4806 -3.9292 12.7287 3.1979 -1.7176 7.6568 -0.0000 -0.0000 0.0000 -78.4654 -7.5991 21.7001 19.9876 -30.6275 -5.5251 -0.0000 -0.0000 2.6673 17.6953 15.8758 4.9880 -7.1250 0.0000 -0.0000 -9.4689 46.3808 -0.3255 -0.0000 -0.0000 0.0000 85.4487 1.6474 6.6575 -13.0025 21.2909 -2.4542 0.0000 0.0000 16.1352 -13.1265 13.1684 -3.0410 7.1250 -0.0000 -0.0000 9.7798 -16.5950 6.6782
1.0681 16.4731 -17.3937 -0.9972 1.0165 0.6919 0.0000 0.0000 0.0000 -16.8498 -2.5163 -25.1122 7.6830 15.8811 51.4128 1.7772 -10.6299 -23.9790 0.0461 -1.3864 -3.8127 0.0000 0.0000 0.0000 20.6374 4.5256 -23.2364 -7.6406 -15.8484 51.2576 -1.6464 -1.5577 -24.8559 -0.2094 2.9461 -8.1287 -0.2337 -0.2703 14.7745 2.7490 -0.2107 2.1036 3.0877 -0.0696 -6.0427 -9.2749 -4.1545 -20.8444 6.3552 -4.0673 12.7234 3.1045 -1.7868 7.6430 -0.0000 -0.0000 0.0000 -90.4742 -4.8489 12.4437 12.1107 -19.9704 -2.1399 -0.0000 -0.0000 20.4496 17.6953 15.8758 4.9880 -7.1250 0.0000 -0.0000 -9.4689 46.3808 -0.3255 -0.0000 -0.0000 0.0000 85.7349 0.6591 7.2053 -13.1043 21.4398 -2.4913 0.0000 0.0000 18.1278 -13.2885 13.1459 -3.0746 7.1250 -0.0000 -0.0000 9.6688 -16.6065 6.5977
1.0996 16.6307 -17.3703 -0.6747 1.0582 0.7864 0.0000 0.0000 0.0000 -17.6613 -2.4694 -23.5886 6.9331 15.2753 48.6208 1.6156 -9.6551 -22.8082 0.0631 -1.6210 -4.4595 0.0000 0.0000 0.0000 20.2956 4.5024 -21.7287 -6.9538 -15.2929 48.6994 -1.5894 -1.1030 -24.2550 -0.0631 1.6208 -4.4589 -0.3013 -0.3191 14.2284 2.6334 -0.2957 1.8827 3.0135 -0.1099 -5.9719 -9.1705 -4.0964 -20.5888 6.4908 -4.0791 13.0155 3.1358 -1.7800 7.6998 -0.0000 -0.0000 0.0000 -91.0162 -3.4767 13.1810 11.6009 -19.2035 -1.9690 -0.0000 -0.0000 22.0519 17.6953 15.8758 4.9880 -7.1250 0.0000 -0.0000 -9.4689 46.3808 -0.3255 -0.0000 -0.0000 0.0000 86.0725 -0.7014 7.9361 -13.1454 21.4999 -2.5063 0.0000 0.0000 18.2898 -14.6636 13.5587 -3.5104 7.1250 -0.0000 -0.0000 8.7224 -16.0879 6.0349
1.1199 16.7838 -17.3554 -0.6693 1.1955 1.1450 0.0000 0.0000 0.0000 -17.9518 -2.9377 -22.2732 6.2475 14.6640 45.9673 1.4717 -9.1929 -21.7494 0.0324 -1.1617 -3.1938 0.0000 0.0000 0.0000 20.3981 4.7609 -20.4383 -6.2441 -14.6608 45.9536 -1.3860 -1.8225 -22.9675 -0.0779 1.8007 -4.9553 -0.1952 -0.4370 13.4571 2.6678 -0.4385 1.6477 3.0058 -0.1822 -5.7873 -9.3967 -4.0292 -20.0910 6.8963 -4.0356 12.8045 3.3168 -1.7392 7.5575 0.0000 -0.0000 0.0000 -91.6644 -1.9390 13.7453 11.5218 -19.0836 -1.9431 -0.0000 -0.0000 22.8758 17.6953 15.8758 4.9880 -7.1250 0.0000 -0.0000 -9.4689 46.3808 -0.3255 0.0000 -0.0000 0.0000 86.3315 -2.0679 8.6264 -13.6679 22.2580 -2.7010 0.0000 0.0000 18.2828 -14.5573 12.4587 -3.2065 7.1250 -0.0000 -0.0000 8.8018 -17.2143 5.8728
1.1345 16.9386 -17.3501 -0.7977 0.9239 1.4646 0.0000 0.0000 0.0000 -18.0900 -3.0577 -21.0982 5.5742 14.0026 43.2479 1.3164 -8.1447 -20.5249 0.0328 -1.1692 -3.2144 0.0000 0.0000 0.0000 20.6771 5.4751 -18.9693 -5.5427 -13.9701 43.1178 -1.1980 -2.5150 -21.7214 -0.0545 1.5068 -4.1445 -0.0483 -0.3091 12.7664 2.6991 -0.2520 1.4541 2.9132 -0.0940 -5.6194 -9.3225 -4.2329 -19.9067 6.9687 -4.3651 12.8232 3.2879 -1.8889 7.5616 0.0000 -0.0000 0.0000 -92.2659 -0.5045 13.7561 11.6512 -19.2795 -1.9856 -0.0000 -0.0000 23.4308 15.2242 28.2650 7.3435 -7.1250 0.0000 -0.0000 -17.2375 58.2666 -5.7039 0.0000 -0.0000 0.0000 86.7326 -2.6771 7.6675 -13.6281 22.2005 -2.6860 0.0000 0.0000 17.9790 -14.5902 12.8999 -3.3258 7.1250 -0.0000 -0.0000 8.7757 -16.7633 5.9424
1.1705 17.0667 -17.3218 -0.7157 0.4652 1.3959 0.0000 0.0000 0.0000 -18.5613 -3.3312 -19.1080 4.9019 13.2725 40.3973 1.1955 -7.0802 -19.5321 0.0081 -0.5827 -1.6013 0.0000 0.0000 0.0000 20.6182 5.8739 -17.0589 -4.8912 -13.2602 40.3505 -1.1147 -2.4585 -20.9699 -0.0090 0.6141 -1.6876 0.0934 -0.1837 12.1148 2.6211 -0.0813 1.4362 2.7123 -0.0166 -5.2852 -9.2359 -4.2668 -19.5214 7.0218 -4.4807 12.8150 3.2796 -1.9419 7.5038 -0.0000 0.0000 0.0000 -92.8126 0.5898 12.8177 11.4595 -18.9891 -1.9228 -0.0000 -0.0000 23.6850 14.2219 28.4451 6.8835 -7.1250 0.0000 -0.0000 -18.4014 58.2184 -6.0842 -0.0000 0.0000 0.0000 87.1498 -3.4649 7.0876 -13.7757 22.4132 -2.7420 0.0000 0.0000 16.3431 -13.7722 12.5825 -3.0565 7.1250 -0.0000 -0.0000 9.3434 -17.1426 6.2586
1.1977 17.2014 -17.3049 -0.5297 0.3325 1.8088 0.0000 0.0000 0.0000 -19.0906 -3.8396 -17.6199 4.2714 12.5130 37.5719 1.0965 -5.9919 -18.7047 0.0024 -0.3178 -0.8732 0.0000 0.0000 0.0000 20.4249 6.3595 -15.7807 -4.2948 -12.5427 37.6800 -0.9630 -3.0703 -19.8863 -0.0090 0.6140 -1.6873 -0.1073 -0.1567 11.1823 2.7057 -0.0750 1.1821 2.9055 -0.0089 -5.0334 -9.4343 -4.3621 -19.2935 7.1037 -4.6023 13.0403 3.3271 -2.0075 7.5575 -0.0000 0.0000 0.0000 -93.5583 1.9494 12.3477 11.6480 -19.2747 -1.9846 -0.0000 -0.0000 22.1559 13.3880 27.7367 6.3210 -7.1250 0.0000 -0.0000 -18.7971 57.3676 -5.8322 -0.0000 0.0000 0.0000 87.1376 -4.5203 7.3048 -14.2847 23.1403 -2.9391 0.0000 0.0000 14.0804 -13.0766 12.3318 -2.8400 7.1250 -0.0000 -0.0000 9.8286 -17.4417 6.5279
1.2149 17.3054 -17.2850 -0.3015 0.5528 1.9354 0.0000 0.0000 0.0000 -19.6197 -4.3509 -15.9132 3.7416 11.8083 35.0573 1.0010 -5.0212 -17.8971 0.0000 -0.0436 -0.1199 0.0000 0.0000 0.0000 20.2602 6.3434 -14.3239 -3.7636 -11.8390 35.1646 -0.8257 -3.7453 -18.9177 -0.0102 0.6514 -1.7902 -0.2011 -0.2124 10.5470 2.6355 -0.1712 1.1223 2.8917 -0.0572 -4.7368 -9.4401 -4.4816 -19.6475 7.0998 -4.7380 13.2384 3.3077 -2.0667 7.6945 0.0000 -0.0000 0.0000 -93.7930 2.6961 12.5910 11.7933 -19.4940 -2.0328 -0.0000 -0.0000 20.1128 12.0718 28.2479 5.7798 -7.1250 0.0000 -0.0000 -20.4826 57.5689 -6.4848 0.0000 -0.0000 0.0000 87.3337 -5.1314 7.6631 -14.9034 24.0113 -3.1865 0.0000 0.0000 11.7986 -12.2186 9.8681 -2.1254 7.1250 -0.0000 -0.0000 10.5039 -19.9685 6.3925
1.2300 17.3909 -17.2794 -0.4656 0.2282 2.2361 0.0000 0.0000 0.0000 -19.6147 -4.5033 -14.8702 3.3071 11.1764 32.8770 0.9329 -4.2225 -17.3248 0.0006 0.1549 0.4257 0.0000 0.0000 0.0000 20.5219 6.9475 -13.1235 -3.3009 -11.1668 32.8447 -0.6961 -4.4459 -17.9954 -0.0045 0.4336 -1.1914 -0.0038 -0.1208 10.0108 2.6527 -0.0284 0.8775 2.7742 0.0109 -4.7011 -9.3302 -4.5414 -19.9600 6.9440 -4.8155 13.7579 3.2279 -2.1089 7.9198 -0.0000 -0.0000 0.0000 -94.0051 3.7160 12.2265 12.1099 -19.9692 -2.1397 -0.0000 -0.0000 18.6727 9.4449 31.4087 4.9548 -7.1250 0.0000 -0.0000 -25.5965 59.8703 -9.6701 -0.0000 -0.0000 0.0000 87.4593 -6.0515 8.1344 -15.5156 24.8595 -3.4398 0.0000 0.0000 10.0963 -11.9866 9.3761 -1.9810 7.1250 -0.0000 -0.0000 10.6898 -20.4728 6.3862
1.2486 17.4711 -17.2676 -0.5317 -0.1138 2.4330 0.0000 0.0000 0.0000 -19.7507 -4.7214 -13.7830 2.9300 10.5809 30.8792 0.8557 -3.2609 -16.6839 0.0000 0.0074 0.0203 0.0000 0.0000 0.0000 20.6272 7.3172 -11.9644 -2.8922 -10.5184 30.6724 -0.5879 -4.8966 -17.0950 -0.0031 0.3574 -0.9819 0.0935 -0.1134 9.2979 2.6776 -0.0158 0.7604 2.7373 0.0143 -4.4255 -9.5633 -4.4676 -19.6997 7.1642 -4.7233 13.9264 3.3565 -2.0620 7.9358 0.0000 0.0000 0.0000 -94.1227 4.6106 11.8991 12.0981 -19.9516 -2.1356 -0.0000 -0.0000 15.9570 10.5580 28.8714 5.1425 -7.1250 0.0000 -0.0000 -22.4602 57.8228 -7.2918 0.0000 0.0000 0.0000 87.4231 -6.4192 8.1046 -15.5084 24.8495 -3.4368 0.0000 0.0000 9.7270 -12.4432 10.4680 -2.2958 7.1250 -0.0000 -0.0000 10.3224 -19.3548 6.4224
1.2618 17.5325 -17.2595 -0.4273 -0.3255 2.6208 0.0000 0.0000 0.0000 -20.0170 -4.8179 -12.6872 2.5867 9.9939 28.9571 0.7991 -2.7064 -16.1911 0.0023 0.3105 0.8530 0.0000 0.0000 0.0000 20.5070 7.4967 -11.0555 -2.5762 -9.9751 28.8963 -0.5065 -5.1744 -16.3336 -0.0003 0.1027 -0.2820 -0.2141 -0.1049 8.8037 2.7886 -0.0305 0.4323 3.0280 0.0169 -4.4903 -9.6622 -4.4803 -19.3436 6.9883 -4.7302 14.2788 3.3175 -2.0969 7.9914 0.0000 -0.0000 0.0000 -94.3880 5.4719 11.5990 12.0515 -19.8819 -2.1198 -0.0000 -0.0000 14.8394 10.6765 28.6317 5.1620 -7.1250 0.0000 -0.0000 -22.1685 57.6279 -7.0852 0.0000 -0.0000 0.0000 87.1175 -7.3890 8.8867 -16.1274 25.6930 -3.7010 0.0000 0.0000 9.0471 -12.0068 9.2412 -1.9562 7.1250 -0.0000 -0.0000 10.6816 -20.6073 6.3483
1.2783 17.5822 -17.2561 -0.1106 -0.5246 2.7052 0.0000 0.0000 0.0000 -20.5274 -4.9241 -11.6101 2.2940 9.4534 27.2242 0.7449 -2.3389 -15.6788 0.0051 0.4598 1.2635 0.0000 0.0000 0.0000 20.1190 7.4266 -10.2679 -2.3137 -9.4911 27.3440 -0.4542 -5.2022 -15.7031 -0.0001 -0.0737 0.2026 -0.4306 0.0047 8.5695 2.6057 0.0882 0.1710 2.9446 0.0817 -4.6377 -9.7383 -4.5317 -18.8797 7.2120 -4.8688 14.2823 3.3918 -2.1540 7.9338 -0.0000 -0.0000 0.0000 -94.0260 6.4412 12.4060 12.3589 -20.3408 -2.2255 -0.0000 -0.0000 13.4024 10.6422 27.9062 5.0259 -7.1250 0.0000 -0.0000 -21.6995 56.9512 -6.5661 -0.0000 -0.0000 0.0000 87.2204 -7.8431 8.9430 -16.2720 25.8881 -3.7640 0.0000 0.0000 9.1037 -12.3185 9.3533 -2.0326 7.1250 -0.0000 -0.0000 10.4549 -20.4813 6.2391
1.2880 17.6288 -17.2538 -0.3261 -0.2042 2.9354 0.0000 0.0000 0.0000 -20.3188 -5.1409 -11.1408 2.0948 9.0608 25.9856 0.6865 -2.3144 -15.0351 0.0082 0.5837 1.6040 0.0000 0.0000 0.0000 20.3821 7.1376 -9.6837 -2.0691 -9.0085 25.8219 -0.3928 -5.4739 -15.1163 -0.0002 -0.0879 0.2415 -0.1657 -0.0937 8.0025 2.6027 -0.0206 0.0078 2.8014 0.0218 -4.4832 -9.5720 -4.5054 -18.8196 7.1629 -4.8855 14.5080 3.3482 -2.1597 7.9946 0.0000 0.0000 0.0000 -93.6410 7.0069 13.0248 12.5313 -20.5966 -2.2857 -0.0000 -0.0000 12.9875 10.5634 28.8183 5.1366 -7.1250 0.0000 -0.0000 -22.4165 57.7753 -7.2506 0.0000 0.0000 0.0000 87.2239 -8.1946 9.4452 -16.5608 26.2752 -3.8909 0.0000 0.0000 8.8430 -12.5283 9.7715 -2.1598 7.1250 -0.0000 -0.0000 10.2885 -20.0511 6.2376
1.2979 17.6580 -17.2650 -0.5791 -0.5044 2.7908 0.0000 0.0000 0.0000 -20.1014 -5.0591 -10.3661 1.9525 8.7664 25.0672 0.6584 -2.0727 -14.7616 0.0366 1.2341 3.3932 0.0000 0.0000 0.0000 20.6743 7.1736 -8.8412 -1.8731 -8.5965 24.5412 -0.3353 -5.5792 -14.4121 -0.0008 -0.1826 0.5017 -0.0127 -0.0176 7.7642 2.7232 0.0933 0.1559 2.8241 0.0731 -4.2008 -9.7529 -4.5024 -19.0015 7.2389 -4.8256 14.4496 3.4094 -2.1302 8.0077 -0.0000 -0.0000 0.0000 -93.4087 7.2043 13.8611 12.8027 -20.9974 -2.3821 -0.0000 -0.0000 12.5546 10.6605 28.8581 5.1912 -7.1250 0.0000 -0.0000 -22.3467 57.8327 -7.2578 -0.0000 -0.0000 0.0000 86.8714 -7.7404 9.8960 -16.5818 26.3032 -3.9002 0.0000 0.0000 8.7555 -13.3022 11.6314 -2.7291 7.1250 -0.0000 -0.0000 9.6867 -18.1344 6.2811
1.3068 17.6842 -17.2772 -0.4322 -0.2167 2.9770 0.0000 0.0000 0.0000 -20.2894 -5.4694 -9.9765 1.8281 8.4984 24.2385 0.6326 -1.9514 -14.4841 0.0294 1.1076 3.0450 0.0000 0.0000 0.0000 20.4287 6.7558 -8.7543 -1.7558 -8.3378 23.7450 -0.3344 -5.3349 -14.1916 -0.0001 -0.0681 0.1872 -0.1363 -0.1397 7.3689 2.6855 -0.0841 0.0025 2.8722 -0.0122 -4.1291 -9.6361 -4.5118 -18.9868 6.9304 -4.8267 14.7616 3.2877 -2.1565 8.0982 -0.0000 -0.0000 0.0000 -93.1750 7.3533 13.7439 12.7789 -20.9624 -2.3736 -0.0000 -0.0000 13.1970 11.5552 29.6953 5.7835 -7.1250 0.0000 -0.0000 -22.0485 58.7981 -7.6722 -0.0000 -0.0000 0.0000 86.6568 -7.5394 10.1523 -16.4779 26.1644 -3.8543 0.0000 0.0000 9.0769 -15.5595 16.5966 -4.5473 7.1250 -0.0000 -0.0000 8.1474 -12.9162 6.1843
1.3205 17.7052 -17.2898 -0.3185 -0.4804 3.1604 0.0000 0.0000 0.0000 -20.5152 -5.4969 -9.7691 1.7166 8.2491 23.4731 0.5945 -1.4546 -14.1386 0.0235 0.9898 2.7208 0.0000 0.0000 0.0000 20.1694 6.6256 -8.7739 -1.6791 -8.1631 23.2105 -0.3494 -4.7581 -13.9393 -0.0006 -0.1515 0.4162 -0.2499 -0.0708 7.2383 2.6217 -0.0020 -0.2053 2.8618 0.0329 -4.2760 -9.6907 -4.4420 -19.2700 6.9764 -4.7134 15.1277 3.3284 -2.0981 8.2624 -0.0000 -0.0000 0.0000 -92.6759 7.5672 14.2755 12.7243 -20.8819 -2.3541 -0.0000 -0.0000 13.2035 12.2024 28.8570 5.9583 -7.1250 0.0000 -0.0000 -20.7714 58.1648 -6.8831 -0.0000 -0.0000 0.0000 86.4334 -7.4052 10.4569 -16.4496 26.1264 -3.8418 0.0000 0.0000 8.6277 -14.5447 13.8198 -3.5464 7.1250 -0.0000 -0.0000 8.8033 -15.8318 6.1416
1.3292 17.7192 -17.3057 -0.2602 -0.7025 3.0376 0.0000 0.0000 0.0000 -20.6801 -5.3123 -9.4642 1.6292 8.0469 22.8565 0.5621 -1.0937 -13.8285 0.0091 0.6164 1.6939 0.0000 0.0000 0.0000 20.0552 6.5748 -8.4501 -1.6127 -8.0078 22.7379 -0.3458 -4.5313 -13.7097 -0.0058 -0.4902 1.3470 -0.3933 -0.0266 7.2052 2.6511 0.0442 -0.1367 2.9677 0.0580 -4.1886 -9.8400 -4.4990 -19.3648 6.9078 -4.7336 15.2993 3.3272 -2.1228 8.3405 -0.0000 -0.0000 0.0000 -92.5082 7.1867 13.6905 12.6333 -20.7476 -2.3218 -0.0000 -0.0000 13.8528 12.1282 29.4313 6.0278 -7.1250 0.0000 -0.0000 -21.2617 58.6817 -7.3222 -0.0000 -0.0000 0.0000 86.1869 -6.7431 10.3437 -16.3010 25.9270 -3.7766 0.0000 0.0000 8.2871 -14.0712 12.8854 -3.1992 7.1250 -0.0000 -0.0000 9.1335 -16.8152 6.1805
1.3392 17.7272 -17.3184 -0.2183 -0.5801 2.8060 0.0000 0.0000 0.0000 -20.7854 -5.4934 -8.6850 1.5358 7.8237 22.1800 0.5364 -0.8808 -13.5597 0.0163 0.8236 2.2637 0.0000 0.0000 0.0000 20.0001 6.2706 -7.9986 -1.5435 -7.8424 22.2364 -0.3299 -4.5813 -13.5144 -0.0051 -0.4624 1.2706 -0.3988 -0.0603 7.2394 2.6013 -0.0037 -0.1028 2.9239 0.0333 -4.1699 -9.8820 -4.5632 -19.4040 6.8780 -4.8072 15.4650 3.3149 -2.1634 8.4103 0.0000 -0.0000 0.0000 -92.0997 6.8085 13.3502 12.4999 -20.5501 -2.2747 -0.0000 -0.0000 14.7983 11.6265 30.8471 6.0224 -7.1250 0.0000 -0.0000 -22.8750 59.8694 -8.5712 0.0000 -0.0000 0.0000 86.1659 -6.3000 9.8498 -16.1208 25.6841 -3.6981 0.0000 0.0000 8.5661 -13.8377 12.4437 -3.0383 7.1250 -0.0000 -0.0000 9.3001 -17.2788 6.2008
1.3482 17.7431 -17.3329 -0.0668 -0.8778 2.7392 0.0000 0.0000 0.0000 -21.0363 -5.4662 -8.1533 1.4393 7.5848 21.4600 0.5148 -0.4842 -13.3958 0.0203 0.9203 2.5295 0.0000 0.0000 0.0000 19.7912 6.4311 -7.7737 -1.4968 -7.7282 21.8916 -0.3167 -4.5486 -13.2902 -0.0068 -0.5337 1.4665 -0.6227 0.0357 7.1030 2.5530 0.1030 -0.1428 2.9881 0.0905 -4.1407 -9.8998 -4.3093 -19.2193 7.0093 -4.4795 15.0253 3.4046 -1.9971 8.2041 -0.0000 -0.0000 0.0000 -91.8978 6.5589 12.5790 12.3376 -20.3090 -2.2181 -0.0000 -0.0000 14.9028 12.8835 29.8695 6.4987 -7.1250 0.0000 -0.0000 -20.8035 59.2577 -7.4452 -0.0000 -0.0000 0.0000 86.1328 -5.8546 9.3126 -16.0420 25.5776 -3.6641 0.0000 0.0000 8.8804 -13.4578 11.6743 -2.7722 7.1250 -0.0000 -0.0000 9.5775 -18.0817 6.2195
1.3489 17.7525 -17.3593 0.0499 -0.9807 2.6119 0.0000 0.0000 0.0000 -21.2084 -5.5337 -7.7713 1.3734 7.4166 20.9555 0.4834 -0.2174 -13.0619 0.0325 1.1639 3.2000 0.0000 0.0000 0.0000 19.6845 6.5064 -7.5177 -1.4533 -7.6199 21.5654 -0.2899 -4.6549 -12.9619 -0.0093 -0.6226 1.7109 -0.7920 0.0596 7.2121 2.4499 0.1155 -0.0687 2.9752 0.0984 -4.1259 -9.8253 -4.1710 -19.4626 7.1501 -4.3050 14.8141 3.4604 -1.8900 8.1606 -0.0000 0.0000 0.0000 -91.3924 5.8787 11.7865 12.0642 -19.9009 -2.1241 -0.0000 -0.0000 15.7486 13.0260 29.2876 6.4569 -7.1250 0.0000 -0.0000 -20.2280 58.7476 -6.9790 -0.0000 0.0000 0.0000 86.1819 -5.0441 9.2272 -15.9237 25.4171 -3.6132 0.0000 0.0000 8.6916 -13.7894 11.4788 -2.7962 7.1250 -0.0000 -0.0000 9.3503 -18.2592 6.0308
1.3518 17.7658 -17.3735 0.1052 -0.8362 2.3986 0.0000 0.0000 0.0000 -21.3540 -5.7262 -7.3660 1.3193 7.2748 20.5321 0.4552 0.1541 -12.8032 0.0102 0.6527 1.7936 0.0000 0.0000 0.0000 19.6718 6.4600 -7.1354 -1.4121 -7.5159 21.2529 -0.2733 -4.8340 -12.8484 -0.0136 -0.7517 2.0659 -0.8204 0.0401 7.5175 2.3231 0.0851 -0.1944 2.8652 0.0867 -4.4265 -9.6675 -4.1028 -19.1020 7.2064 -4.2946 14.6307 3.4556 -1.8762 8.0340 -0.0000 0.0000 0.0000 -90.9054 5.6785 11.4928 12.1256 -19.9928 -2.1450 -0.0000 -0.0000 15.4812 12.5542 29.9379 6.3416 -7.1250 0.0000 -0.0000 -21.1978 59.2465 -7.5885 -0.0000 0.0000 0.0000 86.3455 -4.6232 8.6736 -15.7085 25.1239 -3.5213 0.0000 0.0000 8.9469 -14.0067 11.5671 -2.8635 7.1250 -0.0000 -0.0000 9.1968 -18.1563 5.9503
1.3457 17.7762 -17.3868 0.1659 -0.7950 2.2109 0.0000 0.0000 0.0000 -21.4139 -5.8133 -6.9705 1.2839 7.1804 20.2509 0.4445 0.2734 -12.6979 0.0204 0.9217 2.5334 0.0000 0.0000 0.0000 19.6876 6.5531 -6.6360 -1.3507 -7.3573 20.7782 -0.2479 -5.1601 -12.7231 -0.0139 -0.7611 2.0917 -1.0780 0.0129 7.4986 2.3329 0.0264 -0.1959 3.0276 0.0634 -4.4144 -9.5320 -4.0769 -18.9171 6.9974 -4.2787 14.7328 3.3664 -1.8857 8.0268 -0.0000 -0.0000 0.0000 -90.5849 5.1595 11.2134 12.0049 -19.8119 -2.1039 -0.0000 -0.0000 15.1258 12.8983 29.0924 6.3534 -7.1250 0.0000 -0.0000 -20.2207 58.5368 -6.8732 -0.0000 -0.0000 0.0000 86.2559 -4.2683 8.9404 -15.7853 25.2287 -3.5540 0.0000 0.0000 8.7010 -13.6482 11.0338 -2.6607 7.1250 -0.0000 -0.0000 9.4589 -18.7182 6.0053
1.3436 17.7815 -17.3896 -0.3171 -0.9145 2.2560 0.0000 0.0000 0.0000 -20.8540 -5.9771 -6.8620 1.2643 7.1272 20.0928 0.4422 0.4863 -12.7469 0.0317 1.1502 3.1622 0.0000 0.0000 0.0000 20.2915 6.9098 -6.2852 -1.2816 -7.1742 20.2325 -0.2039 -5.5803 -12.3792 -0.0130 -0.7354 2.0211 -0.7047 0.0803 7.2283 2.4341 0.1530 -0.2418 2.9066 0.1184 -4.3169 -9.5881 -4.1652 -18.9024 7.0640 -4.4155 15.1054 3.3842 -1.9496 8.1642 0.0000 -0.0000 0.0000 -90.1922 4.8647 11.4580 12.2696 -20.2077 -2.1945 -0.0000 -0.0000 14.5556 13.2765 29.4083 6.6090 -7.1250 0.0000 -0.0000 -20.0547 58.9164 -6.9980 0.0000 -0.0000 0.0000 86.2363 -3.9403 9.1597 -15.9310 25.4270 -3.6163 0.0000 0.0000 8.4351 -13.7718 11.7727 -2.8629 7.1250 -0.0000 -0.0000 9.3568 -17.9626 6.0972
1.3442 17.7931 -17.3933 -0.3585 -0.8095 2.3897 0.0000 0.0000 0.0000 -20.7998 -6.1593 -6.8453 1.2440 7.0720 19.9288 0.4311 0.5884 -12.6302 0.0309 1.1346 3.1191 0.0000 0.0000 0.0000 20.3383 6.9187 -6.1203 -1.2184 -7.0014 19.7196 -0.1877 -5.7510 -12.2680 -0.0160 -0.8161 2.2430 -0.7229 0.0227 6.6089 2.4431 0.0693 -0.1114 2.9301 0.0714 -3.8280 -9.7068 -4.1651 -19.2099 7.2358 -4.3959 15.3165 3.4655 -1.9253 8.2935 0.0000 0.0000 0.0000 -89.8228 4.3613 11.7967 12.5415 -20.6118 -2.2894 -0.0000 -0.0000 13.8948 13.1403 29.4501 6.5477 -7.1250 0.0000 -0.0000 -20.2268 58.9250 -7.0654 0.0000 0.0000 0.0000 86.1637 -3.4679 9.6093 -16.1736 25.7555 -3.7211 0.0000 0.0000 8.1103 -13.4785 12.0912 -2.8742 7.1250 -0.0000 -0.0000 9.5547 -17.6590 6.2945
1.3455 17.7960 -17.3949 -0.4760 -1.0003 2.2911 0.0000 0.0000 0.0000 -20.6754 -5.8560 -6.6443 1.2083 6.9737 19.6374 0.4260 0.4950 -12.5189 0.0342 1.1931 3.2803 0.0000 0.0000 0.0000 20.4559 6.8382 -5.8755 -1.1825 -6.9013 19.4233 -0.1874 -5.5670 -12.0818 -0.0197 -0.9058 2.4897 -0.6968 0.0236 6.6815 2.4993 0.0782 -0.2801 2.9748 0.0794 -4.0447 -9.7066 -4.0806 -18.8123 7.0993 -4.2914 15.3063 3.4349 -1.8974 8.2084 -0.0000 0.0000 0.0000 -89.6486 4.4060 11.9175 12.7604 -20.9351 -2.3670 -0.0000 -0.0000 12.9316 14.2797 27.3590 6.6715 -7.1250 0.0000 -0.0000 -17.6419 57.1967 -5.3845 -0.0000 0.0000 0.0000 86.0310 -3.4606 10.3502 -16.4292 26.0992 -3.8328 0.0000 0.0000 7.7264 -13.6208 11.9071 -2.8621 7.1250 -0.0000 -0.0000 9.4593 -17.8361 6.1925
1.3497 17.7988 -17.3947 -0.2910 -1.0170 2.1661 0.0000 0.0000 0.0000 -20.9287 -5.5904 -6.3853 1.1739 6.8771 19.3519 0.4206 0.4797 -12.4342 0.0211 0.9375 2.5768 0.0000 0.0000 0.0000 20.1967 6.4367 -5.7667 -1.1580 -6.8320 19.2186 -0.2003 -5.1871 -11.9436 -0.0281 -1.0820 2.9745 -0.9184 0.0039 6.4513 2.4778 0.0315 -0.2129 3.0802 0.0578 -3.8428 -9.8606 -4.0868 -18.9073 7.1546 -4.2652 15.4545 3.4836 -1.8879 8.2772 0.0000 0.0000 0.0000 -89.4131 3.9340 12.1929 13.0396 -21.3453 -2.4677 -0.0000 -0.0000 12.9926 13.9563 27.8299 6.6179 -7.1250 0.0000 -0.0000 -18.2728 57.5767 -5.7550 0.0000 0.0000 0.0000 85.8857 -3.1180 11.2746 -16.6948 26.4536 -3.9504 0.0000 0.0000 7.2943 -14.1074 12.2342 -3.0485 7.1250 -0.0000 -0.0000 9.1161 -17.4731 6.0355
1.3470 17.8035 -17.4020 -0.2902 -0.9383 1.9965 0.0000 0.0000 0.0000 -20.9274 -5.4302 -6.1462 1.1504 6.8104 19.1548 0.4118 0.4012 -12.2749 0.0215 0.9469 2.6028 0.0000 0.0000 0.0000 20.1909 6.0405 -5.5882 -1.1371 -6.7721 19.0420 -0.2068 -4.9614 -11.8499 -0.0251 -1.0222 2.8100 -1.0231 -0.0730 6.5255 2.5177 -0.0766 -0.2641 3.1926 0.0081 -3.9312 -10.0536 -4.0169 -18.8988 7.2622 -4.1488 15.6978 3.5709 -1.8358 8.3537 -0.0000 -0.0000 0.0000 -89.3192 3.9501 12.5993 13.2535 -21.6576 -2.5461 -0.0000 -0.0000 10.3983 17.6945 24.6404 7.5766 -7.1250 0.0000 -0.0000 -12.6424 55.2411 -3.2164 -0.0000 -0.0000 0.0000 85.7835 -3.1177 12.2094 -17.1754 27.0884 -4.1669 0.0000 0.0000 6.8990 -13.9356 11.7420 -2.8908 7.1250 -0.0000 -0.0000 9.2433 -17.9834 6.0169
1.3411 17.8069 -17.4117 -0.4145 -0.8576 2.0828 0.0000 0.0000 0.0000 -20.7168 -5.2580 -6.2938 1.1374 6.7730 19.0446 0.4067 0.0646 -12.0721 0.0330 1.1733 3.2259 0.0000 0.0000 0.0000 20.3530 6.1368 -5.5623 -1.1112 -6.6970 18.8208 -0.1958 -5.1292 -11.8116 -0.0150 -0.7905 2.1725 -0.8760 -0.0891 6.3247 2.4394 -0.0899 -0.2980 3.0276 -0.0029 -3.8526 -9.9341 -4.1249 -18.9782 7.3751 -4.3458 15.6930 3.5634 -1.9083 8.3843 -0.0000 0.0000 0.0000 -88.9098 3.4251 12.9587 13.3741 -21.8329 -2.5908 -0.0000 -0.0000 9.3144 19.0443 22.0515 7.3843 -7.1250 0.0000 -0.0000 -10.1561 52.8926 -1.9887 -0.0000 0.0000 0.0000 86.0001 -2.9659 12.6837 -17.6178 27.6650 -4.3703 0.0000 0.0000 6.9263 -14.1933 12.3859 -3.1052 7.1250 -0.0000 -0.0000 9.0546 -17.3133 6.0259
1.3424 17.8119 -17.4135 -0.3148 -0.8896 2.0162 0.0000 0.0000 0.0000 -20.8529 -5.2940 -6.0642 1.1175 6.7156 18.8754 0.4094 0.1840 -12.1554 0.0285 1.0902 2.9970 0.0000 0.0000 0.0000 20.2361 6.0800 -5.4622 -1.0969 -6.6552 18.6979 -0.1890 -5.0712 -11.6346 -0.0246 -1.0134 2.7857 -0.8615 -0.0355 6.2779 2.2620 -0.0229 -0.4010 2.8288 0.0301 -3.9368 -9.6295 -4.1613 -18.9136 7.2410 -4.4734 15.9619 3.4536 -1.9663 8.4651 -0.0000 -0.0000 0.0000 -88.4180 3.5984 14.2713 14.7694 -23.8239 -3.1322 -0.0000 -0.0000 10.3628 13.7828 30.8767 7.1752 -7.1250 0.0000 -0.0000 -20.6356 60.4020 -7.9494 -0.0000 -0.0000 0.0000 86.2289 -3.1699 13.2230 -18.1620 28.3641 -4.6260 0.0000 0.0000 6.2673 -14.0318 12.1121 -3.0018 7.1250 -0.0000 -0.0000 9.1703 -17.6019 6.0461
1.3344 17.8162 -17.4342 -0.2265 -0.3212 2.2321 0.0000 0.0000 0.0000 -20.8502 -5.4228 -6.2618 1.0893 6.6330 18.6324 0.3922 -0.3250 -11.7214 0.0308 1.1327 3.1141 0.0000 0.0000 0.0000 20.1592 5.8084 -5.7826 -1.0916 -6.6397 18.6522 -0.1775 -5.2684 -11.6150 -0.0201 -0.9156 2.5167 -1.0520 -0.2357 6.2239 2.2828 -0.3001 -0.6462 2.9865 -0.0987 -4.1446 -9.8165 -4.1538 -18.4241 7.3997 -4.4898 15.9160 3.5396 -1.9789 8.3740 -0.0000 -0.0000 0.0000 -88.3233 3.5502 14.5429 14.7070 -23.7364 -3.1070 -0.0000 -0.0000 7.7928 18.4974 23.9118 7.7222 -7.1250 0.0000 -0.0000 -11.4837 54.6698 -2.7551 -0.0000 -0.0000 0.0000 86.1756 -3.4164 14.0638 -18.7785 29.1425 -4.9225 0.0000 0.0000 5.6652 -13.9732 12.7723 -3.1487 7.1250 -0.0000 -0.0000 9.2022 -16.9367 6.2035
1.3298 17.8235 -17.4416 -0.3586 -0.4054 2.2607 0.0000 0.0000 0.0000 -20.6920 -5.3086 -6.3225 1.0713 6.5798 18.4763 0.3867 -0.2531 -11.6619 0.0272 1.0637 2.9242 0.0000 0.0000 0.0000 20.3245 6.0008 -5.6939 -1.0784 -6.6008 18.5381 -0.1760 -5.3697 -11.6855 -0.0206 -0.9268 2.5473 -1.0896 -0.2198 6.0302 2.3817 -0.2783 -0.6191 3.1062 -0.0878 -4.0081 -9.6880 -4.1341 -18.5450 7.1302 -4.4322 15.9409 3.4327 -1.9689 8.3886 -0.0000 0.0000 0.0000 -88.3030 3.2659 14.8972 15.6183 -25.0004 -3.4831 -0.0000 -0.0000 8.3655 15.8889 29.0902 7.8792 -7.1250 0.0000 -0.0000 -17.0860 59.2057 -6.0392 -0.0000 0.0000 0.0000 86.0820 -3.0739 14.6357 -19.0991 29.5417 -5.0796 0.0000 0.0000 5.2233 -13.9100 12.6044 -3.0935 7.1250 -0.0000 -0.0000 9.2479 -17.1112 6.1994
1.3300 17.8215 -17.4389 -0.2608 -0.6647 2.1283 0.0000 0.0000 0.0000 -20.8240 -5.2804 -6.0522 1.0561 6.5343 18.3428 0.3828 0.1110 -11.7288 0.0152 0.7954 2.1860 0.0000 0.0000 0.0000 20.2393 6.1361 -5.5129 -1.0765 -6.5953 18.5217 -0.1745 -5.3339 -11.6235 -0.0247 -1.0144 2.7884 -1.2198 -0.1365 5.8939 2.3550 -0.1782 -0.5916 3.1410 -0.0370 -3.9086 -9.9255 -4.1871 -18.4642 7.2242 -4.4756 16.1314 3.5011 -1.9975 8.4509 0.0000 0.0000 0.0000 -88.2814 3.0218 15.2555 16.2443 -25.8507 -3.7518 -0.0000 -0.0000 8.1934 14.9219 32.0657 8.0526 -7.1250 0.0000 -0.0000 -20.3942 61.7829 -8.5226 0.0000 0.0000 0.0000 86.1128 -2.9654 14.9896 -19.4591 29.9851 -5.2583 0.0000 0.0000 4.8789 -14.3522 12.3701 -3.1374 7.1250 -0.0000 -0.0000 8.9447 -17.3185 5.9499
1.3318 17.8191 -17.4326 -0.2697 -0.9292 2.0713 0.0000 0.0000 0.0000 -20.8495 -5.3569 -5.8948 1.0579 6.5396 18.3584 0.3821 0.4365 -11.8427 0.0297 1.1117 3.0561 0.0000 0.0000 0.0000 20.2466 6.3072 -5.3643 -1.0723 -6.5826 18.4845 -0.1750 -5.2668 -11.5667 -0.0275 -1.0709 2.9440 -1.1588 -0.0536 5.6305 2.3170 -0.0659 -0.4991 3.0539 0.0134 -3.6713 -9.8038 -4.1843 -18.5405 7.0521 -4.4659 16.2113 3.4234 -2.0019 8.4833 -0.0000 0.0000 0.0000 -88.2943 2.7033 15.2994 16.5967 -26.3230 -3.9068 -0.0000 -0.0000 8.2608 15.3042 31.2580 8.0816 -7.1250 0.0000 -0.0000 -19.3135 61.1232 -7.7491 -0.0000 0.0000 0.0000 86.1964 -2.7997 15.2230 -19.7365 30.3236 -5.3977 0.0000 0.0000 4.7248 -14.2247 13.0629 -3.2792 7.1250 -0.0000 -0.0000 9.0261 -16.6241 6.1440
1.3303 17.8220 -17.4366 -0.3733 -0.9160 2.0067 0.0000 0.0000 0.0000 -20.7250 -5.2344 -6.0234 1.0791 6.6028 18.5439 0.3872 0.2636 -11.8535 0.0223 0.9630 2.6471 0.0000 0.0000 0.0000 20.3791 6.2064 -5.2053 -1.0408 -6.4882 18.2078 -0.1700 -5.3167 -11.5238 -0.0215 -0.9456 2.5991 -1.0678 -0.0615 5.6027 2.3523 -0.0696 -0.4500 3.0389 0.0088 -3.6046 -9.8246 -4.1941 -18.4834 6.9963 -4.4616 16.0729 3.4070 -2.0070 8.4253 -0.0000 -0.0000 0.0000 -88.3149 2.2495 15.3567 16.9504 -26.7923 -4.0649 -0.0000 -0.0000 8.7816 14.4455 31.9521 7.7631 -7.1250 0.0000 -0.0000 -20.8117 61.5595 -8.5951 -0.0000 -0.0000 0.0000 86.2312 -2.6336 15.5080 -20.0590 30.7133 -5.5614 0.0000 0.0000 4.4564 -13.9690 13.7499 -3.3837 7.1250 -0.0000 -0.0000 9.1969 -15.9467 6.4002
1.3256 17.8217 -17.4384 -0.4364 -0.9773 1.8103 0.0000 0.0000 0.0000 -20.6687 -5.2586 -5.8562 1.0958 6.6521 18.6886 0.3916 0.3638 -11.9587 0.0193 0.8966 2.4643 0.0000 0.0000 0.0000 20.4991 6.2683 -4.8500 -1.0186 -6.4208 18.0103 -0.1618 -5.4425 -11.4975 -0.0220 -0.9573 2.6313 -1.0588 -0.0800 5.7243 2.3814 -0.0922 -0.4684 3.0671 -0.0011 -3.6909 -9.8965 -4.1070 -18.0173 7.0501 -4.3685 15.8127 3.4500 -1.9692 8.2507 -0.0000 -0.0000 0.0000 -88.3539 2.1928 15.8449 17.2989 -27.2501 -4.2233 -0.0000 -0.0000 7.6730 15.6232 31.4394 8.2986 -7.1250 0.0000 -0.0000 -19.1147 61.3715 -7.7787 -0.0000 -0.0000 0.0000 86.2507 -2.7217 15.9701 -20.3569 31.0699 -5.7144 0.0000 0.0000 4.2126 -14.2903 13.2234 -3.3346 7.1250 -0.0000 -0.0000 8.9799 -16.4566 6.1449
1.3173 17.8145 -17.4394 -0.5996 -1.1678 1.6034 0.0000 0.0000 0.0000 -20.4789 -5.2303 -5.5766 1.1006 6.6662 18.7303 0.3951 0.6065 -12.1089 0.0219 0.9553 2.6257 0.0000 0.0000 0.0000 20.7425 6.3544 -4.5271 -1.0146 -6.4085 17.9744 -0.1646 -5.4289 -11.5352 -0.0251 -1.0236 2.8137 -0.9980 -0.0214 5.9306 2.4422 -0.0071 -0.4667 3.0900 0.0419 -3.8106 -10.0310 -4.0853 -17.9830 7.1604 -4.3322 15.9018 3.5160 -1.9506 8.2770 -0.0000 -0.0000 0.0000 -88.3904 2.2296 16.0439 17.4873 -27.4957 -4.3099 -0.0000 -0.0000 7.4701 15.5131 27.6250 7.3339 -7.1250 0.0000 -0.0000 -16.5302 57.7146 -5.2401 -0.0000 -0.0000 0.0000 86.2769 -2.8030 16.1835 -20.6306 31.3947 -5.8563 0.0000 0.0000 4.0382 -13.7911 12.1549 -2.9586 7.1250 -0.0000 -0.0000 9.3367 -17.5744 6.1645
1.3122 17.8148 -17.4283 -0.6460 -1.2289 1.4497 0.0000 0.0000 0.0000 -20.4375 -5.1036 -5.4225 1.1055 6.6805 18.7723 0.3998 0.5459 -12.1540 0.0239 0.9976 2.7423 0.0000 0.0000 0.0000 20.8270 6.1313 -4.3143 -1.0029 -6.3727 17.8697 -0.1667 -5.2910 -11.4378 -0.0169 -0.8401 2.3088 -1.0072 0.0159 5.9082 2.4562 0.0415 -0.4038 3.1046 0.0650 -3.7358 -9.9054 -4.0649 -18.1828 7.0821 -4.3043 15.9554 3.4714 -1.9341 8.3225 0.0000 0.0000 0.0000 -88.3420 2.0060 16.8207 17.7039 -27.7763 -4.4104 -0.0000 -0.0000 7.8652 15.6625 28.2108 7.5500 -7.1250 0.0000 -0.0000 -16.7433 58.3110 -5.5523 0.0000 0.0000 0.0000 86.3319 -2.7607 16.3673 -20.7716 31.5608 -5.9300 0.0000 0.0000 4.0462 -14.0049 11.7261 -2.9019 7.1250 -0.0000 -0.0000 9.1952 -17.9952 5.9824
1.3104 17.8236 -17.4233 -0.6746 -1.3833 1.4760 0.0000 0.0000 0.0000 -20.4085 -4.9666 -5.5455 1.1153 6.7089 18.8559 0.3997 0.5986 -12.1739 0.0246 1.0131 2.7850 0.0000 0.0000 0.0000 20.8465 6.1282 -4.1473 -0.9785 -6.2970 17.6487 -0.1781 -5.0935 -11.4578 -0.0360 -1.2247 3.3674 -0.9346 0.0605 5.7647 2.4096 0.1039 -0.4020 3.0087 0.0933 -3.6566 -9.8360 -4.0393 -18.3152 7.1138 -4.2854 16.0482 3.4737 -1.9158 8.3743 -0.0000 -0.0000 0.0000 -88.1906 1.6482 15.2634 17.7993 -27.8994 -4.4549 -0.0000 -0.0000 13.6899 7.7687 24.8929 3.2866 -7.1250 0.0000 -0.0000 -22.6264 53.6152 -4.9924 -0.0000 -0.0000 0.0000 86.4882 -2.7073 16.4117 -20.8956 31.7063 -5.9950 0.0000 0.0000 4.0860 -13.5775 12.1296 -2.9051 7.1250 -0.0000 -0.0000 9.4853 -17.6138 6.2570
1.3106 17.8184 -17.4189 -0.7424 -1.3503 1.3630 0.0000 0.0000 0.0000 -20.3318 -4.8806 -5.4292 1.1117 6.6986 18.8254 0.3997 0.5189 -12.1420 0.0297 1.1123 3.0578 0.0000 0.0000 0.0000 20.9254 5.9175 -4.1014 -0.9684 -6.2653 17.5562 -0.1717 -5.0841 -11.3312 -0.0149 -0.7872 2.1635 -0.7901 0.0488 5.8136 2.3907 0.0968 -0.3330 2.9079 0.0856 -3.6117 -9.7873 -4.0582 -18.6302 7.0959 -4.2948 16.1630 3.4576 -1.9137 8.4675 0.0000 0.0000 0.0000 -88.0996 1.8029 18.8243 18.2841 -28.5194 -4.6841 -0.0000 -0.0000 5.9158 16.9278 28.4402 8.2473 -7.1250 0.0000 -0.0000 -15.5543 58.8145 -5.3340 0.0000 0.0000 0.0000 86.5690 -2.5429 16.4868 -20.9061 31.7186 -6.0005 0.0000 0.0000 4.0915 -13.3208 12.4195 -2.9151 7.1250 -0.0000 -0.0000 9.6580 -17.3375 6.4337
1.3087 17.8172 -17.4175 -0.6005 -1.4858 1.2576 0.0000 0.0000 0.0000 -20.5063 -4.9490 -5.1975 1.1065 6.6833 18.7805 0.4049 0.7467 -12.3130 0.0279 1.0783 2.9644 0.0000 0.0000 0.0000 20.7356 5.6353 -4.0572 -0.9637 -6.2506 17.5133 -0.1922 -4.6904 -11.3433 -0.0112 -0.6825 1.8755 -0.9082 0.1227 5.8731 2.3379 0.1845 -0.2745 2.9118 0.1302 -3.5898 -9.7725 -4.1051 -18.8814 7.0546 -4.3381 16.3493 3.4357 -1.9339 8.5773 0.0000 -0.0000 0.0000 -88.0081 1.5429 20.3807 18.8047 -29.1752 -4.9353 -0.0000 -0.0000 4.3530 16.6521 31.4089 8.8597 -7.1250 0.0000 -0.0000 -17.9699 61.5968 -7.3913 0.0000 -0.0000 0.0000 86.6137 -2.4551 16.5343 -20.8637 31.6689 -5.9782 0.0000 0.0000 4.2817 -13.4267 12.1093 -2.8669 7.1250 -0.0000 -0.0000 9.5903 -17.6440 6.3219
1.3088 17.8169 -17.4077 -0.5371 -1.5401 1.1373 0.0000 0.0000 0.0000 -20.6123 -4.7174 -5.1785 1.1079 6.6875 18.7928 0.4037 0.7548 -12.2995 0.0069 0.5377 1.4776 0.0000 0.0000 0.0000 20.6393 5.3035 -3.9282 -0.9472 -6.1982 17.3606 -0.2042 -4.3875 -11.2938 -0.0073 -0.5520 1.5169 -0.9581 0.0756 5.9154 2.3736 0.1181 -0.1816 2.9827 0.0968 -3.5138 -9.9208 -4.0957 -19.3396 7.0739 -4.2483 16.5251 3.4785 -1.8918 8.7133 0.0000 0.0000 0.0000 -88.1638 1.4424 20.9064 18.7362 -29.0896 -4.9020 -0.0000 -0.0000 5.6799 17.4107 30.1656 8.9549 -7.1250 0.0000 -0.0000 -16.2022 60.5942 -6.2553 0.0000 0.0000 0.0000 86.4964 -2.1604 16.6874 -20.6839 31.4575 -5.8841 0.0000 0.0000 4.3381 -13.2909 12.2501 -2.8694 7.1250 -0.0000 -0.0000 9.6818 -17.5105 6.4127
1.2997 17.8166 -17.3996 -0.6973 -1.3626 1.0179 0.0000 0.0000 0.0000 -20.3974 -4.6900 -5.0848 1.1100 6.6936 18.8107 0.3983 0.6045 -12.1564 0.0081 0.5811 1.5969 0.0000 0.0000 0.0000 20.8734 5.3835 -3.5509 -0.9236 -6.1227 17.1409 -0.1886 -4.6575 -11.2473 -0.0157 -0.8100 2.2261 -0.7923 -0.0021 5.9346 2.3883 0.0253 -0.0975 2.9120 0.0462 -3.4320 -9.8799 -4.0851 -19.5238 7.1274 -4.2383 16.5314 3.4908 -1.8754 8.7471 -0.0000 -0.0000 0.0000 -88.0906 1.3909 21.3577 18.8758 -29.2641 -4.9700 -0.0000 -0.0000 7.1248 16.6017 28.6167 8.1267 -7.1250 0.0000 -0.0000 -16.0144 58.9118 -5.5345 -0.0000 -0.0000 0.0000 86.6574 -2.0198 16.4850 -20.5298 31.2754 -5.8039 0.0000 0.0000 4.5781 -13.2462 12.9403 -3.0175 7.1250 -0.0000 -0.0000 9.7009 -16.8169 6.5751
1.2990 17.8126 -17.3970 -0.6636 -1.2771 0.9870 0.0000 0.0000 0.0000 -20.4022 -4.7276 -4.8844 1.1031 6.6735 18.7517 0.4067 0.4562 -12.2207 0.0286 1.0916 3.0009 0.0000 0.0000 0.0000 20.8306 5.1950 -3.5740 -0.9229 -6.1205 17.1346 -0.1910 -4.5758 -11.2169 -0.0115 -0.6925 1.9032 -0.7963 -0.0785 5.8654 2.3903 -0.0771 -0.1022 2.9248 -0.0050 -3.3921 -9.9073 -4.0252 -19.1915 7.1390 -4.1754 16.3361 3.5073 -1.8513 8.6173 -0.0000 0.0000 0.0000 -88.1076 1.3264 21.7856 18.9193 -29.3183 -4.9913 -0.0000 -0.0000 8.5051 14.0098 32.7011 7.6771 -7.1250 0.0000 -0.0000 -21.9368 62.1403 -9.3863 -0.0000 0.0000 0.0000 86.7308 -2.0656 16.3296 -20.3865 31.1052 -5.7297 0.0000 0.0000 4.8521 -13.5338 12.7182 -3.0334 7.1250 -0.0000 -0.0000 9.5060 -17.0216 6.3962
1.2960 17.8124 -17.3883 -0.5959 -1.3569 1.0210 0.0000 0.0000 0.0000 -20.4931 -4.7948 -4.7506 1.0978 6.6578 18.7056 0.4147 0.5734 -12.3864 0.0282 1.0848 2.9823 0.0000 0.0000 0.0000 20.7677 5.2626 -3.6023 -0.9325 -6.1512 17.2237 -0.2002 -4.5672 -11.3780 -0.0094 -0.6273 1.7237 -0.9346 -0.0372 5.8299 2.4128 -0.0290 -0.2144 3.0227 0.0236 -3.4911 -9.9478 -3.9162 -18.9724 7.2708 -4.0542 16.1282 3.5745 -1.7858 8.5008 -0.0000 -0.0000 0.0000 -88.2349 1.5546 22.6596 18.7201 -29.0694 -4.8941 -0.0000 -0.0000 7.4725 17.1236 29.6934 8.6773 -7.1250 0.0000 -0.0000 -16.1799 60.0712 -6.0442 -0.0000 -0.0000 0.0000 86.7681 -2.3354 15.9896 -20.3642 31.0787 -5.7182 0.0000 0.0000 4.8754 -13.2574 12.2532 -2.8626 7.1250 -0.0000 -0.0000 9.7049 -17.5095 6.4287
1.2907 17.8125 -17.3764 -0.6277 -1.2963 0.9283 0.0000 0.0000 0.0000 -20.4523 -4.7310 -4.7008 1.0983 6.6594 18.7102 0.4028 0.5942 -12.2186 0.0323 1.1605 3.1905 0.0000 0.0000 0.0000 20.8524 5.3483 -3.3625 -0.9230 -6.1209 17.1356 -0.1929 -4.7712 -11.4280 -0.0101 -0.6488 1.7830 -0.8548 -0.0697 5.8957 2.3667 -0.0668 -0.3062 2.9343 0.0051 -3.6208 -9.7182 -3.9183 -18.9720 7.0963 -4.0989 16.4149 3.4740 -1.8124 8.5930 0.0000 -0.0000 0.0000 -88.1791 1.8403 22.7678 18.7984 -29.1673 -4.9322 -0.0000 -0.0000 9.5737 16.3996 30.9116 8.5975 -7.1250 0.0000 -0.0000 -17.8560 61.0630 -7.1163 0.0000 -0.0000 0.0000 86.9673 -2.4667 15.6037 -20.0636 30.7188 -5.5638 0.0000 0.0000 5.1438 -13.3556 12.1665 -2.8645 7.1250 -0.0000 -0.0000 9.6385 -17.5908 6.3660
1.2877 17.8135 -17.3641 -0.5637 -1.1715 0.9610 0.0000 0.0000 0.0000 -20.5242 -4.6896 -4.7310 1.0939 6.6466 18.6725 0.4068 0.4798 -12.2322 0.0180 0.8651 2.3776 0.0000 0.0000 0.0000 20.7759 5.1744 -3.3081 -0.9139 -6.0914 17.0498 -0.1956 -4.6692 -11.3850 -0.0190 -0.8910 2.4489 -0.8897 -0.1617 5.8621 2.3684 -0.1895 -0.4686 2.9679 -0.0523 -3.7631 -9.6774 -3.9111 -18.7182 6.9069 -4.0937 16.5864 3.4060 -1.8331 8.6012 -0.0000 -0.0000 0.0000 -88.2925 2.3221 23.4798 18.6436 -28.9734 -4.8570 -0.0000 -0.0000 8.4247 14.6900 30.3992 7.5566 -7.1250 0.0000 -0.0000 -19.3016 60.1700 -7.3046 -0.0000 -0.0000 0.0000 87.0489 -2.8161 15.3305 -19.8931 30.5133 -5.4770 0.0000 0.0000 5.3032 -13.4152 11.7939 -2.7910 7.1250 -0.0000 -0.0000 9.6046 -17.9634 6.2631
