HIERARCHY
ROOT Hips
{
	OFFSET 0.00000 0.00000 0.00000
	CHANNELS 6 Xposition Yposition Zposition Zrotation Yrotation Xrotation 
	JOINT LHipJoint
	{
		OFFSET 0 0 0
		CHANNELS 3 Zrotation Yrotation Xrotation
		JOINT LeftUpLeg
		{
			OFFSET 1.57358 -1.76629 0.73362
			CHANNELS 3 Zrotation Yrotation Xrotation
			JOINT LeftLeg
			{
				OFFSET 2.40600 -6.61045 0.00000
				CHANNELS 3 Zrotation Yrotation Xrotation
				JOINT LeftFoot
				{
					OFFSET 2.66168 -7.31291 0.00000
					CHANNELS 3 Zrotation Yrotation Xrotation
					JOINT LeftToeBase
					{
						OFFSET 0.20870 -0.57341 2.12506
						CHANNELS 3 Zrotation Yrotation Xrotation
						End Site
						{
							OFFSET 0.00000 -0.00000 1.10557
						}
					}
				}
			}
		}
	}
	JOINT RHipJoint
	{
		OFFSET 0 0 0
		CHANNELS 3 Zrotation Yrotation Xrotation
		JOINT RightUpLeg
		{
			OFFSET -1.49299 -1.76629 0.73362
			CHANNELS 3 Zrotation Yrotation Xrotation
			JOINT RightLeg
			{
				OFFSET -2.43663 -6.69460 0.00000
				CHANNELS 3 Zrotation Yrotation Xrotation
				JOINT RightFoot
				{
					OFFSET -2.62959 -7.22474 0.00000
					CHANNELS 3 Zrotation Yrotation Xrotation
					JOINT RightToeBase
					{
						OFFSET -0.25784 -0.70841 2.21862
						CHANNELS 3 Zrotation Yrotation Xrotation
						End Site
						{
							OFFSET -0.00000 -0.00000 1.16452
						}
					}
				}
			}
		}
	}
	JOINT LowerBack
	{
		OFFSET 0 0 0
		CHANNELS 3 Zrotation Yrotation Xrotation
		JOINT Spine
		{
			OFFSET -0.00034 2.12399 -0.25450
			CHANNELS 3 Zrotation Yrotation Xrotation
			JOINT Spine1
			{
				OFFSET 0.05594 2.14379 -0.03318
				CHANNELS 3 Zrotation Yrotation Xrotation
				JOINT Neck
				{
					OFFSET 0 0 0
					CHANNELS 3 Zrotation Yrotation Xrotation
					JOINT Neck1
					{
						OFFSET -0.09835 1.62725 0.24211
						CHANNELS 3 Zrotation Yrotation Xrotation
						JOINT Head
						{
							OFFSET 0.10849 1.66041 -0.22648
							CHANNELS 3 Zrotation Yrotation Xrotation
							End Site
							{
								OFFSET 0.04385 1.68267 -0.10541
							}
						}
					}
				}
				JOINT LeftShoulder
				{
					OFFSET 0 0 0
					CHANNELS 3 Zrotation Yrotation Xrotation
					JOINT LeftArm
					{
						OFFSET 3.29108 0.79398 -0.68179
						CHANNELS 3 Zrotation Yrotation Xrotation
						JOINT LeftForeArm
						{
							OFFSET 5.15310 -0.00000 -0.00000
							CHANNELS 3 Zrotation Yrotation Xrotation
							JOINT LeftHand
							{
								OFFSET 3.75138 -0.00000 -0.00000
								CHANNELS 3 Zrotation Yrotation Xrotation
								JOINT LeftFingerBase
								{
									OFFSET 0 0 0
									CHANNELS 3 Zrotation Yrotation Xrotation
									JOINT LeftHandIndex1
									{
										OFFSET 0.52917 -0.00000 0.00000
										CHANNELS 3 Zrotation Yrotation Xrotation
										End Site
										{
											OFFSET 0.42663 -0.00000 0.00000
										}
									}
								}
								JOINT LThumb
								{
									OFFSET 0 0 0
									CHANNELS 3 Zrotation Yrotation Xrotation
									End Site
									{
										OFFSET 0.43315 -0.00000 0.43315
									}
								}
							}
						}
					}
				}
				JOINT RightShoulder
				{
					OFFSET 0 0 0
					CHANNELS 3 Zrotation Yrotation Xrotation
					JOINT RightArm
					{
						OFFSET -3.07414 1.06285 -0.44338
						CHANNELS 3 Zrotation Yrotation Xrotation
						JOINT RightForeArm
						{
							OFFSET -5.29613 -0.00000 0.00000
							CHANNELS 3 Zrotation Yrotation Xrotation
							JOINT RightHand
							{
								OFFSET -3.76144 -0.00000 -0.00000
								CHANNELS 3 Zrotation Yrotation Xrotation
								JOINT RightFingerBase
								{
									OFFSET 0 0 0
									CHANNELS 3 Zrotation Yrotation Xrotation
									JOINT RightHandIndex1
									{
										OFFSET -0.74732 -0.00000 0.00000
										CHANNELS 3 Zrotation Yrotation Xrotation
										End Site
										{
											OFFSET -0.60251 -0.00000 0.00000
										}
									}
								}
								JOINT RThumb
								{
									OFFSET 0 0 0
									CHANNELS 3 Zrotation Yrotation Xrotation
									End Site
									{
										OFFSET -0.61171 -0.00000 0.61171
									}
								}
							}
						}
					}
				}
			}
		}
	}
}
MOTION
Frames: 130
Frame Time: 0.0166667
-8.6955 17.1152 -35.5737 0.0000 0.0000 0.0000 0.0000 0.0000 0.0000 -21.0000 0.0000 0.0000 0.0000 0.0000 0.0000 0.0000 0.0000 0.0000 0.0000 0.0000 0.0000 0.0000 0.0000 0.0000 21.0000 0.0000 0.0000 0.0000 0.0000 0.0000 0.0000 0.0000 0.0000 0.0000 0.0000 0.0000 0.0000 0.0000 0.0000 0.0000 0.0000 0.0000 0.0000 0.0000 0.0000 0.0000 0.0000 -16.0000 0.0000 0.0000 21.0000 0.0000 0.0000 11.0000 0.0000 0.0000 0.0000 -8.0000 0.0000 0.0000 0.0000 0.0000 0.0000 0.0000 0.0000 0.0000 0.0000 0.0000 0.0000 0.0000 0.0000 0.0000 0.0000 0.0000 0.0000 0.0000 0.0000 0.0000 8.0000 0.0000 0.0000 0.0000 0.0000 0.0000 0.0000 0.0000 0.0000 0.0000 0.0000 0.0000 0.0000 0.0000 0.0000 0.0000 0.0000 0.0000
-8.7456 17.1414 -35.0694 7.3130 -4.0816 1.8843 0.0000 0.0000 0.0000 -31.8864 4.7567 10.4136 0.8837 5.9927 16.7631 0.4241 -6.7141 -11.8086 1.3097 -7.2492 -20.4557 0.0000 0.0000 0.0000 13.8202 12.3219 -29.0870 -1.2511 -7.0916 19.9869 0.0299 -3.0771 -0.8708 -0.0035 -0.3848 1.0572 -8.7560 -0.7708 2.6392 1.2062 -1.2588 0.5017 6.2194 -0.6138 -0.7455 -10.9044 -1.5463 -11.5211 5.9920 -1.1400 16.6084 3.6508 -0.7083 7.0781 -0.0000 -0.0000 0.0000 -88.0099 -6.7495 16.4348 16.1540 -25.7290 -3.7125 -0.0000 -0.0000 7.7919 17.9945 23.2475 7.3057 -7.1250 0.0000 -0.0000 -11.7015 53.9068 -2.5895 -0.0000 -0.0000 0.0000 87.6763 -5.2728 5.1941 -12.4043 20.4082 -2.2413 0.0000 0.0000 14.1765 -14.4119 17.1054 -4.3225 7.1250 -0.0000 -0.0000 8.9185 -12.5110 6.8603
-8.7681 17.1691 -34.7145 6.7150 -3.6498 1.4867 0.0000 0.0000 0.0000 -31.2666 3.9712 11.4977 1.0372 6.4773 18.1756 0.2399 -6.6808 -9.2472 1.1595 -6.8363 -19.2314 0.0000 0.0000 0.0000 14.4477 12.4255 -28.4721 -1.4718 -7.6663 21.7050 0.0656 -4.5755 -1.0550 -0.0103 0.6560 -1.8026 -9.1445 -1.7898 3.6066 2.3566 -2.7479 -0.6343 7.7649 -1.2419 -2.1464 -12.2037 -0.5106 -8.3705 5.3038 0.2282 16.6624 3.7416 -0.2272 6.4302 0.0000 -0.0000 0.0000 -89.9648 -4.0044 12.5718 16.1293 -25.6956 -3.7018 -0.0000 -0.0000 8.6042 18.3622 23.0404 7.4018 -7.1250 0.0000 -0.0000 -11.2418 53.7676 -2.4473 0.0000 -0.0000 0.0000 85.4506 -7.2784 8.3880 -12.2815 20.2254 -2.1986 0.0000 0.0000 13.8955 -13.1182 12.9684 -2.9937 7.1250 -0.0000 -0.0000 9.7885 -16.7972 6.6405
-8.7794 17.2277 -34.3358 6.2737 -1.8926 1.3316 0.0000 0.0000 0.0000 -30.6421 2.0970 11.7925 1.3860 7.4491 21.0528 0.0825 -6.7329 -6.5388 1.2653 -7.1302 -20.1016 0.0000 0.0000 0.0000 14.9898 10.6409 -27.9816 -1.6080 -7.9967 22.7041 0.0574 -4.5124 -0.0164 -0.0069 -0.5369 1.4754 -12.2786 -3.2133 7.8501 5.7229 -5.3053 -3.3748 13.9896 -1.9425 -6.4276 -15.0906 0.8906 -7.8176 2.8763 2.9418 19.0068 3.6532 0.5887 6.8967 0.0000 -0.0000 0.0000 -96.2410 1.0536 7.0782 16.7136 -26.4786 -3.9588 -0.0000 -0.0000 9.3351 17.8449 22.1825 6.9302 -7.1250 0.0000 -0.0000 -11.4054 52.8092 -2.2147 0.0000 -0.0000 0.0000 78.6455 -10.3789 14.1254 -12.1143 19.9759 -2.1412 0.0000 0.0000 12.5184 -11.6091 10.9637 -2.2375 7.1250 -0.0000 -0.0000 10.8893 -18.9003 6.9002
-8.8081 17.2829 -33.9609 5.7050 -1.3117 1.2612 0.0000 0.0000 0.0000 -29.7660 1.2664 11.0592 1.8625 8.5736 24.4703 -0.0762 -7.0586 -2.8499 1.3577 -7.3756 -20.8330 0.0000 0.0000 0.0000 16.0077 9.5678 -27.3165 -1.7413 -8.3050 23.6445 0.0233 -3.0400 0.3676 -0.0524 -1.4774 4.0633 -13.2922 -3.2834 10.0948 7.1048 -5.7531 -4.6813 16.7257 -1.7256 -8.8525 -15.3887 1.3482 -8.2336 1.4983 4.0126 20.5257 3.3650 0.8704 7.4249 -0.0000 -0.0000 0.0000 -99.2302 3.3309 5.0101 16.6586 -26.4054 -3.9343 -0.0000 -0.0000 9.7619 18.5833 22.8747 7.4459 -7.1250 0.0000 -0.0000 -10.9493 53.6417 -2.3485 -0.0000 -0.0000 0.0000 76.0161 -12.0161 15.9915 -12.2407 20.1646 -2.1845 0.0000 0.0000 12.1031 -11.9776 12.2567 -2.5787 7.1250 -0.0000 -0.0000 10.5904 -17.5852 7.0173
-8.8655 17.3190 -33.6109 5.1842 -2.5517 1.2157 0.0000 0.0000 0.0000 -28.8016 2.0732 9.0821 2.4336 9.7162 28.0625 -0.1589 -7.3835 0.3554 2.1158 -9.1032 -26.1188 0.0000 0.0000 0.0000 16.8863 10.9962 -26.0541 -1.8702 -8.5903 24.5219 0.0288 -3.1866 -0.0387 -0.2023 -2.8960 7.9892 -11.6234 -1.6511 9.2585 5.8173 -3.2691 -3.6890 13.6751 -0.7617 -8.2892 -13.6968 -0.4173 -10.0387 2.0592 1.5199 21.0166 3.1074 -0.1625 8.1122 0.0000 0.0000 0.0000 -96.7095 1.6397 8.6847 15.7555 -25.1880 -3.5413 -0.0000 -0.0000 10.3600 18.2217 22.6197 7.2161 -7.1250 0.0000 -0.0000 -11.2076 53.3178 -2.3158 0.0000 0.0000 0.0000 79.8588 -10.8683 9.9342 -12.3250 20.2903 -2.2137 0.0000 0.0000 13.2029 -13.9307 15.0047 -3.6744 7.1250 -0.0000 -0.0000 9.2206 -14.6797 6.6714
-8.9270 17.3531 -33.2700 4.8772 -4.3845 1.1714 0.0000 0.0000 0.0000 -27.9922 3.3112 6.7336 3.0722 10.8110 31.6450 -0.1196 -7.2387 6.7646 1.3919 -7.4640 -21.0976 0.0000 0.0000 0.0000 17.7605 12.3990 -24.7257 -1.9557 -8.7732 25.0885 0.0257 -2.9693 -0.1697 -0.2302 -3.0883 8.5247 -9.7614 -1.5298 5.5227 4.5231 -2.5836 -2.0756 10.6367 -0.9098 -4.6780 -13.1457 -0.2148 -8.6482 3.4458 1.1604 18.9698 3.4018 -0.0748 7.1764 -0.0000 -0.0000 0.0000 -94.4446 0.1709 8.9531 15.3971 -24.6964 -3.3901 -0.0000 -0.0000 9.6405 18.2492 23.6201 7.5261 -7.1250 0.0000 -0.0000 -11.6067 54.3291 -2.6883 -0.0000 -0.0000 0.0000 82.5694 -8.4902 8.5761 -12.0552 19.8874 -2.1210 0.0000 0.0000 13.6959 -11.5087 14.6131 -2.9406 7.1250 -0.0000 -0.0000 10.8586 -15.2588 7.7608
-8.9844 17.4040 -32.9256 3.8789 -5.5853 0.9333 0.0000 0.0000 0.0000 -26.2260 4.2101 4.3469 3.8743 11.9912 35.7008 0.0428 -7.4995 11.5872 1.1980 -6.9447 -19.5516 0.0000 0.0000 0.0000 19.4893 13.0403 -22.7426 -1.9283 -8.7152 24.9084 0.0169 -2.3153 -0.6206 -0.3190 -3.6307 10.0398 -5.5979 -1.2194 0.9145 2.1318 -1.6662 0.8050 5.3552 -0.8743 0.5417 -11.4862 -0.5941 -8.4801 5.5312 -0.0208 16.7309 3.6808 -0.2855 6.4873 0.0000 -0.0000 0.0000 -89.9283 -3.3228 10.8568 14.6838 -23.7038 -3.0977 -0.0000 -0.0000 8.5996 18.3232 22.4614 7.2111 -7.1250 0.0000 -0.0000 -11.0410 53.1767 -2.2424 0.0000 -0.0000 0.0000 87.3098 -4.4759 6.5986 -12.0147 19.8267 -2.1073 0.0000 0.0000 14.8316 -14.2511 16.8764 -4.2170 7.1250 -0.0000 -0.0000 9.0214 -12.7580 6.8944
-9.0146 17.4661 -32.5896 3.0896 -4.6935 0.6077 0.0000 0.0000 0.0000 -24.6509 3.0841 2.3293 4.8507 13.2137 40.1738 0.3773 -7.6907 16.8851 0.6129 -5.0107 -13.9391 0.0000 0.0000 0.0000 20.7071 12.3804 -20.5903 -1.8216 -8.4841 24.1944 0.0345 -3.3367 -1.7957 -0.4077 -4.0990 11.3554 -8.0319 -1.3876 5.4352 4.7530 -2.2392 -1.7059 9.8235 -0.8220 -4.3625 -13.1041 -0.3160 -8.2398 3.7887 0.8899 19.2497 3.4892 -0.1847 7.2125 0.0000 0.0000 0.0000 -94.2620 0.5796 9.7364 14.5327 -23.4911 -3.0372 -0.0000 -0.0000 9.4561 18.3533 21.7856 7.0192 -7.1250 0.0000 -0.0000 -10.7426 52.4994 -2.0015 0.0000 0.0000 0.0000 82.8124 -8.0252 9.9877 -12.3514 20.3295 -2.2229 0.0000 0.0000 12.2908 -14.1128 15.7509 -3.9043 7.1250 -0.0000 -0.0000 9.1014 -13.9093 6.7338
-9.0092 17.5663 -32.2078 2.0968 1.8600 -0.2855 0.0000 0.0000 0.0000 -22.7050 -2.6557 2.2719 5.9145 14.3450 44.6377 0.9686 -7.8352 23.0016 0.2018 -2.8928 -7.9805 0.0000 0.0000 0.0000 21.6983 7.8764 -18.2067 -1.6758 -8.1553 23.1867 0.0964 -5.8901 -4.3994 -0.5685 -4.8290 13.4214 -6.4726 -3.3380 7.2560 5.1273 -4.8117 -2.0698 9.6678 -2.0849 -5.2813 -13.2116 -0.4472 -8.5165 3.5940 0.8117 19.6368 3.4450 -0.2607 7.4010 -0.0000 0.0000 0.0000 -94.8358 1.3113 10.6162 14.2003 -23.0203 -2.9060 -0.0000 -0.0000 10.5084 18.5592 22.3329 7.2704 -7.1250 0.0000 -0.0000 -10.7527 53.0898 -2.1598 -0.0000 0.0000 0.0000 82.1558 -8.2836 10.7188 -12.5423 20.6130 -2.2896 0.0000 0.0000 11.0891 -12.5927 14.3706 -3.1735 7.1250 -0.0000 -0.0000 10.1286 -15.4233 7.1849
-9.0319 17.6208 -31.9016 1.5408 2.3801 -0.5267 0.0000 0.0000 0.0000 -21.6021 -3.7915 -0.3058 7.0049 15.3360 48.8929 1.3604 -7.2347 25.7193 0.1004 -2.0433 -5.6254 0.0000 0.0000 0.0000 22.6742 6.6467 -16.4292 -1.5285 -7.8060 22.1263 0.0808 -5.7337 -5.0129 -0.5151 -4.6002 12.7717 -5.4543 -3.3931 7.1107 4.8600 -4.7932 -1.7882 8.7502 -2.1363 -5.0020 -12.8190 -0.5728 -8.4119 3.8641 0.5062 19.4990 3.4422 -0.3492 7.3566 -0.0000 -0.0000 0.0000 -94.3576 1.4898 11.7219 14.0417 -22.7943 -2.8442 -0.0000 -0.0000 11.7149 18.9545 22.6097 7.5216 -7.1250 0.0000 -0.0000 -10.4668 53.4426 -2.1921 -0.0000 -0.0000 0.0000 82.6982 -7.7245 11.9552 -12.8505 21.0678 -2.3993 0.0000 0.0000 10.1979 -13.2814 12.8777 -3.0114 7.1250 -0.0000 -0.0000 9.6776 -16.8776 6.5458
-9.0852 17.6273 -31.6177 0.8972 -1.8043 -0.1868 0.0000 0.0000 0.0000 -20.3192 -0.8222 -4.3890 8.0713 16.1715 52.8192 1.2573 -6.8056 24.6440 0.1021 -2.0606 -5.6732 0.0000 0.0000 0.0000 24.0117 9.0198 -14.5775 -1.4145 -7.5220 21.2714 0.0418 -4.5425 -4.5685 -0.4760 -4.4246 12.2745 -6.7266 -2.5912 7.0414 6.1364 -3.7753 -2.1849 10.8464 -1.5305 -5.4235 -13.8841 0.5159 -7.2843 3.6065 2.0295 18.8144 3.6241 0.3068 6.8036 -0.0000 0.0000 0.0000 -96.4057 2.8846 10.0672 14.0599 -22.8203 -2.8513 -0.0000 -0.0000 12.9059 19.6829 22.8725 7.9155 -7.1250 0.0000 -0.0000 -9.8357 53.8456 -2.1551 -0.0000 0.0000 0.0000 80.3657 -7.7866 15.7156 -12.7456 20.9133 -2.3617 0.0000 0.0000 8.2332 -14.3692 14.8250 -3.7503 7.1250 -0.0000 -0.0000 8.9238 -14.8255 6.4231
-9.0900 17.6726 -31.2804 0.5169 0.9301 -0.7764 0.0000 0.0000 0.0000 -19.4218 -3.4444 -5.8299 9.0165 16.8184 56.1473 0.9001 -6.3715 21.3234 0.1855 -2.7738 -7.6496 0.0000 0.0000 0.0000 24.5467 6.3739 -12.7454 -1.3019 -7.2286 20.3943 0.0317 -5.0981 -6.1186 -0.5687 -4.8297 13.4235 -4.0254 -2.4690 6.4529 4.4702 -3.4291 -1.1445 7.3029 -1.5486 -4.3047 -12.1791 -0.9849 -8.8582 4.3885 -0.2039 19.5912 3.4555 -0.5944 7.5174 -0.0000 0.0000 0.0000 -93.4934 1.4544 14.4001 13.8453 -22.5131 -2.7686 -0.0000 -0.0000 12.5379 19.6623 23.5642 8.1293 -7.1250 0.0000 -0.0000 -10.1415 54.5448 -2.3968 -0.0000 0.0000 0.0000 83.6157 -6.1637 13.1217 -12.9009 21.1419 -2.4174 0.0000 0.0000 6.2641 -16.9012 16.0533 -4.8029 7.1250 -0.0000 -0.0000 7.2385 -13.3389 5.4175
-9.1095 17.7084 -30.9767 0.0139 1.0098 -1.0989 0.0000 0.0000 0.0000 -18.4324 -3.9066 -8.1057 9.8060 17.2993 58.8380 0.6215 -6.0547 18.3169 0.0694 -1.6993 -4.6753 0.0000 0.0000 0.0000 25.4348 5.3233 -11.0938 -1.1869 -6.9137 19.4599 0.0138 -4.8862 -6.4805 -0.4201 -4.1601 11.5276 -3.5507 -2.3766 6.9937 4.5706 -3.2680 -1.2589 7.1649 -1.4587 -4.7754 -12.3210 -1.1458 -8.1570 4.3711 -0.4942 19.2079 3.4388 -0.7386 7.2940 0.0000 0.0000 0.0000 -93.7693 2.2178 14.7611 13.8454 -22.5132 -2.7686 -0.0000 -0.0000 12.7735 19.8805 23.8194 8.3086 -7.1250 0.0000 -0.0000 -10.0259 54.8466 -2.4430 0.0000 0.0000 0.0000 83.4343 -6.1028 14.1172 -14.2713 23.1212 -2.9338 0.0000 0.0000 9.4950 -15.1191 8.3188 -2.2385 7.1250 -0.0000 -0.0000 8.4884 -21.4042 4.8576
-9.1349 17.7243 -30.6839 -0.6230 -0.4594 -0.8434 0.0000 0.0000 0.0000 -17.2140 -3.1255 -11.1935 10.4542 17.6575 60.9960 0.2148 -6.1404 13.1046 0.2391 -3.1468 -8.6877 0.0000 0.0000 0.0000 26.4856 5.5415 -9.6310 -1.0754 -6.5917 18.5113 -0.0214 -4.2159 -6.7983 -0.4492 -4.2998 11.9216 -3.2087 -1.7794 6.5427 4.7957 -2.4232 -1.2225 7.1026 -1.0510 -4.6104 -12.3677 -1.2608 -7.9808 4.2678 -0.6493 19.5307 3.4038 -0.8367 7.3841 -0.0000 0.0000 0.0000 -94.1614 2.5647 14.6519 13.7539 -22.3818 -2.7337 -0.0000 -0.0000 13.0816 19.8452 22.8871 7.9901 -7.1250 0.0000 -0.0000 -9.6766 53.8911 -2.1305 -0.0000 0.0000 0.0000 83.0366 -5.6709 15.3119 -14.5676 23.5403 -3.0511 0.0000 0.0000 9.8641 -15.8385 7.0032 -1.9811 7.1250 -0.0000 -0.0000 8.0100 -22.7228 4.3355
-9.1684 17.7385 -30.4154 -0.8917 -4.0360 -0.5197 0.0000 0.0000 0.0000 -16.4768 -0.6067 -14.4096 10.8364 17.8541 62.2492 0.1218 -5.0534 10.3187 0.1514 -2.5072 -6.9096 0.0000 0.0000 0.0000 27.1078 6.7863 -8.0354 -0.9828 -6.3105 17.6879 -0.0601 -2.3688 -6.1269 -0.2588 -3.2729 9.0394 -3.5758 -0.7889 5.8155 5.0930 -1.1103 -1.0014 7.4801 -0.4036 -4.1460 -12.7345 -0.7865 -7.7832 4.4802 -0.0076 19.0534 3.5798 -0.5226 7.1352 -0.0000 0.0000 0.0000 -94.9263 2.7590 13.4818 13.7408 -22.3629 -2.7287 -0.0000 -0.0000 12.5516 20.0404 22.0950 7.8125 -7.1250 0.0000 -0.0000 -9.1720 53.1185 -1.8441 -0.0000 0.0000 0.0000 82.3197 -4.8486 17.3075 -14.9722 24.1074 -3.2146 0.0000 0.0000 8.5986 -15.1744 5.1994 -1.4079 7.1250 -0.0000 -0.0000 8.5782 -24.5945 4.2756
-9.1436 17.7557 -30.0927 -0.9810 -0.5637 -1.4134 0.0000 0.0000 0.0000 -16.3706 -4.4575 -14.8646 11.0082 17.9391 62.8082 0.0417 -4.1587 7.3741 0.1199 -2.2324 -6.1484 0.0000 0.0000 0.0000 27.1968 3.9068 -6.3603 -0.9308 -6.1458 17.2081 -0.0658 -3.5556 -7.4310 -0.1879 -2.7918 7.6995 -1.5107 -0.9767 6.4264 3.7758 -1.2745 -0.1880 4.8981 -0.5716 -3.6833 -11.2284 -1.8933 -10.0744 5.0570 -1.5963 19.5140 3.3944 -1.1121 7.8193 -0.0000 0.0000 0.0000 -92.9743 1.4651 16.2321 13.4347 -21.9208 -2.6133 -0.0000 -0.0000 11.4095 19.0174 21.1029 7.0740 -7.1250 0.0000 -0.0000 -9.8280 51.9225 -1.6887 -0.0000 0.0000 0.0000 84.4349 -3.2478 14.6789 -15.1423 24.3440 -3.2844 0.0000 0.0000 9.0857 -16.1250 6.1911 -1.7858 7.1250 -0.0000 -0.0000 7.8298 -23.5482 4.0865
-9.1529 17.7323 -29.8088 -1.0297 -0.5412 -1.4215 0.0000 0.0000 0.0000 -16.0538 -5.2813 -16.8997 11.0582 17.9634 62.9704 -0.0123 -3.7829 4.8156 0.1230 -2.2611 -6.2278 0.0000 0.0000 0.0000 27.3655 3.4490 -5.3214 -0.9430 -6.1849 17.3219 -0.1165 -3.3489 -8.5710 -0.0738 -1.7520 4.8208 -2.4569 -1.6056 6.6981 4.6378 -2.1402 -0.9474 6.4701 -0.9413 -4.4818 -12.6728 -1.3144 -7.8601 4.5302 -0.7427 19.8797 3.5398 -0.8922 7.4874 -0.0000 0.0000 0.0000 -95.0186 3.7863 14.1021 13.9236 -22.6254 -2.7986 -0.0000 -0.0000 10.7651 19.5742 21.4785 7.4179 -7.1250 0.0000 -0.0000 -9.4113 52.4037 -1.7275 -0.0000 0.0000 0.0000 82.2654 -4.0114 18.8202 -15.5083 24.8494 -3.4367 0.0000 0.0000 7.3962 -14.8219 8.3623 -2.2039 7.1250 -0.0000 -0.0000 8.7011 -21.3733 4.9883
-9.1577 17.7104 -29.5364 -1.2955 -1.2810 -1.5187 0.0000 0.0000 0.0000 -15.5416 -5.4519 -18.7974 10.9087 17.8901 62.4847 -0.0393 -3.5610 1.8981 0.1520 -2.5121 -6.9231 0.0000 0.0000 0.0000 27.7427 3.1304 -4.3689 -1.0039 -6.3758 17.8788 -0.1981 -2.8136 -9.9316 -0.0896 -1.9306 5.3138 -2.9481 -1.8686 7.4308 5.3068 -2.4915 -1.6670 7.5816 -1.0417 -5.5639 -13.1863 -0.3544 -6.2854 4.1169 0.5013 19.3603 3.5704 -0.3632 6.9320 0.0000 0.0000 0.0000 -96.7085 5.9526 11.9104 14.3421 -23.2216 -2.9617 -0.0000 -0.0000 10.2834 19.2835 21.0943 7.1769 -7.1250 0.0000 -0.0000 -9.5613 51.9600 -1.6510 0.0000 0.0000 0.0000 80.6691 -4.5092 21.9187 -15.8330 25.2937 -3.5743 0.0000 0.0000 7.1922 -14.6351 7.5159 -1.9563 7.1250 -0.0000 -0.0000 8.8673 -22.2446 4.9081
-9.1545 17.6806 -29.2520 -1.5583 -2.0241 -1.5158 0.0000 0.0000 0.0000 -15.0934 -5.6743 -20.5057 10.5627 17.7143 61.3529 -0.0137 -2.6361 -0.7739 0.0907 -1.9421 -5.3457 0.0000 0.0000 0.0000 28.1428 3.0503 -3.6007 -1.0571 -6.5373 18.3516 -0.2920 -1.8420 -11.0509 -0.0871 -1.9039 5.2401 -1.5819 -0.9055 7.1203 4.4496 -1.1323 -1.0244 5.6829 -0.4520 -4.9495 -12.0915 -1.0839 -7.5817 4.6631 -0.5725 19.0083 3.4871 -0.7318 7.1276 0.0000 -0.0000 0.0000 -95.1563 5.0389 14.6701 14.1163 -22.9007 -2.8732 -0.0000 -0.0000 9.7050 19.4013 20.9460 7.1758 -7.1250 0.0000 -0.0000 -9.3918 51.8288 -1.5909 0.0000 -0.0000 0.0000 82.1840 -3.2354 20.2161 -16.4124 26.0766 -3.8254 0.0000 0.0000 6.8832 -14.8074 6.3992 -1.6876 7.1250 -0.0000 -0.0000 8.7898 -23.3781 4.6333
-9.1470 17.6478 -28.9859 -1.7801 -2.6618 -1.5152 0.0000 0.0000 0.0000 -14.7451 -6.0756 -22.0026 10.0419 17.4334 59.6284 0.0240 -1.6231 -2.8088 0.0987 -2.0264 -5.5787 0.0000 0.0000 0.0000 28.3943 2.7339 -2.7941 -1.0916 -6.6396 18.6520 -0.3487 -1.7343 -11.9235 -0.0851 -1.8815 5.1782 -0.9353 -0.5558 7.3119 4.2079 -0.6224 -0.8013 4.9988 -0.2247 -4.8875 -11.7625 -1.2834 -8.4408 4.6133 -0.7757 19.1668 3.4034 -0.8065 7.3475 0.0000 -0.0000 0.0000 -94.9879 4.9246 15.0057 14.0387 -22.7900 -2.8431 -0.0000 -0.0000 10.0706 19.1032 21.1715 7.1299 -7.1250 0.0000 -0.0000 -9.7678 52.0073 -1.6986 0.0000 -0.0000 0.0000 82.3520 -2.3897 20.5906 -17.0146 26.8770 -4.0939 0.0000 0.0000 6.9943 -13.6823 8.8867 -2.1537 7.1250 -0.0000 -0.0000 9.5009 -20.8912 5.5641
-9.1436 17.6188 -28.7053 -2.1425 -3.1841 -1.4360 0.0000 0.0000 0.0000 -14.2103 -6.5588 -23.3134 9.3763 17.0439 57.3825 0.0452 -0.0733 -3.9909 0.0145 -0.7765 -2.1340 0.0000 0.0000 0.0000 28.8212 2.6499 -1.8895 -1.1291 -6.7491 18.9741 -0.4166 -1.5384 -12.8486 -0.1436 -2.4419 6.7285 0.8512 0.6312 7.4398 3.0348 1.0462 -0.0655 2.5555 0.5324 -4.2864 -10.2127 -2.6335 -11.1316 5.0619 -2.6956 19.7954 3.1158 -1.5510 8.1828 0.0000 0.0000 0.0000 -92.7466 3.4563 18.9305 13.8123 -22.4658 -2.7560 -0.0000 -0.0000 9.7164 19.0644 20.7677 6.9860 -7.1250 0.0000 -0.0000 -9.6617 51.5887 -1.5801 0.0000 0.0000 0.0000 84.3115 -0.2265 17.7413 -17.2335 27.1645 -4.1934 0.0000 0.0000 6.6264 -13.3459 9.1548 -2.1616 7.1250 -0.0000 -0.0000 9.7312 -20.6351 5.7598
-9.1354 17.5736 -28.4346 -2.4522 -3.4546 -1.0802 0.0000 0.0000 0.0000 -13.7314 -7.2558 -24.7317 8.5956 16.5403 54.6808 0.1086 1.1207 -6.7411 0.0388 -1.2706 -3.4936 0.0000 0.0000 0.0000 29.1175 2.4297 -1.3638 -1.1535 -6.8191 19.1806 -0.4950 -1.1793 -13.7695 -0.0782 -1.8037 4.9636 0.4215 -0.1401 7.0563 3.9019 0.0308 -0.7287 3.8239 0.0560 -4.7244 -11.4760 -1.5984 -8.3445 4.8113 -1.3023 18.7897 3.3700 -1.0121 7.2487 0.0000 -0.0000 0.0000 -94.7354 5.4696 16.0607 14.0521 -22.8091 -2.8483 -0.0000 -0.0000 9.6193 19.1726 21.0814 7.1287 -7.1250 0.0000 -0.0000 -9.6665 51.9275 -1.6617 0.0000 -0.0000 0.0000 82.3645 -0.9364 22.2649 -17.9003 28.0293 -4.5023 0.0000 0.0000 5.2700 -13.8219 9.0675 -2.2204 7.1250 -0.0000 -0.0000 9.3945 -20.7016 5.5408
-9.1260 17.5431 -28.1461 -2.5749 -3.9270 -0.9799 0.0000 0.0000 0.0000 -13.5144 -7.7142 -25.5653 7.6561 15.8604 51.3143 0.1674 2.4108 -9.0070 0.1427 -2.4344 -6.7078 0.0000 0.0000 0.0000 29.2080 2.1488 -0.3381 -1.1377 -6.7737 19.0468 -0.5509 -0.9194 -14.3835 -0.0534 -1.4913 4.1017 2.2208 1.4884 6.8515 2.3091 2.2164 0.9367 0.9314 1.0888 -2.8807 -8.9427 -3.6187 -14.0561 5.1356 -4.0508 19.5716 2.7499 -2.0457 8.7233 -0.0000 -0.0000 0.0000 -91.6711 1.7232 21.6665 13.5013 -22.0173 -2.6383 -0.0000 -0.0000 9.3393 19.4708 21.4716 7.3738 -7.1250 0.0000 -0.0000 -9.5119 52.3783 -1.7403 -0.0000 -0.0000 0.0000 84.9959 2.7425 17.5419 -18.3216 28.5670 -4.7020 0.0000 0.0000 5.3978 -13.6925 9.0822 -2.2024 7.1250 -0.0000 -0.0000 9.4864 -20.6926 5.5985
-9.1276 17.5155 -27.8742 -2.7660 -4.1850 -0.7463 0.0000 0.0000 0.0000 -13.1432 -8.3004 -26.2645 6.6051 14.9901 47.3644 0.1670 3.5418 -9.8593 0.1378 -2.3924 -6.5916 0.0000 0.0000 0.0000 29.4578 2.0610 0.6602 -1.0997 -6.6634 18.7219 -0.5971 -1.0741 -15.0243 -0.0635 -1.6263 4.4738 0.1527 -0.2528 7.0700 4.4510 -0.1129 -0.8605 4.5749 0.0019 -4.8615 -12.1523 -1.1243 -8.3571 4.7551 -0.5295 18.6303 3.5269 -0.6890 7.1384 -0.0000 -0.0000 0.0000 -96.2855 6.1171 14.5101 13.6133 -22.1791 -2.6804 -0.0000 -0.0000 10.4581 19.6210 20.3966 7.0824 -7.1250 0.0000 -0.0000 -8.9851 51.3037 -1.4048 -0.0000 -0.0000 0.0000 80.8441 0.0843 25.5741 -18.8966 29.2900 -4.9801 0.0000 0.0000 3.8946 -13.9628 9.3251 -2.3071 7.1250 -0.0000 -0.0000 9.2851 -20.4334 5.5314
-9.1242 17.4912 -27.6113 -2.9246 -3.8497 -0.5224 0.0000 0.0000 0.0000 -12.8225 -9.3466 -26.5948 5.5171 13.9435 43.0114 0.2176 3.9773 -11.1941 0.0315 -1.1449 -3.1477 0.0000 0.0000 0.0000 29.6653 1.6319 1.3663 -1.1013 -6.6682 18.7362 -0.6706 -1.3065 -15.9960 -0.0402 -1.2934 3.5565 2.2030 1.2748 7.3896 2.6409 1.9897 0.2326 1.2850 0.9693 -3.9242 -9.1690 -3.1896 -13.2605 5.0164 -3.4513 19.5202 2.8251 -1.8030 8.5171 -0.0000 0.0000 0.0000 -92.6633 2.8263 20.3572 12.7102 -20.8612 -2.3491 -0.0000 -0.0000 10.1200 19.3218 20.9438 7.1437 -7.1250 0.0000 -0.0000 -9.4697 51.8129 -1.6006 -0.0000 0.0000 0.0000 83.8690 2.5903 20.1226 -19.3596 29.8631 -5.2087 0.0000 0.0000 4.2160 -14.4807 9.1547 -2.3529 7.1250 -0.0000 -0.0000 8.9208 -20.5815 5.2788
-9.1372 17.4487 -27.3698 -3.0535 -3.1098 -0.0281 0.0000 0.0000 0.0000 -12.4273 -10.4316 -27.2252 4.4409 12.7251 38.3481 0.1896 4.0953 -10.7715 0.0779 -1.7999 -4.9530 0.0000 0.0000 0.0000 29.9850 1.3019 1.7472 -1.0829 -6.6142 18.5772 -0.7031 -2.0148 -16.6940 -0.0290 -1.0991 3.0215 2.3945 1.3436 7.2904 2.3690 2.0698 0.5730 0.8939 1.0077 -3.4987 -8.7821 -3.7275 -14.5968 5.3440 -4.2201 19.0764 2.7640 -2.0796 8.6661 0.0000 -0.0000 0.0000 -92.2604 1.6495 20.6970 12.2395 -20.1628 -2.1841 -0.0000 -0.0000 11.2273 19.5246 20.6681 7.1339 -7.1250 0.0000 -0.0000 -9.1729 51.5656 -1.4938 0.0000 -0.0000 0.0000 84.1997 4.2571 19.4707 -19.6885 30.2653 -5.3735 0.0000 0.0000 4.0808 -14.0179 9.7006 -2.4089 7.1250 -0.0000 -0.0000 9.2341 -20.0495 5.5809
-9.1266 17.4424 -27.0571 -3.2004 -3.6359 0.3117 0.0000 0.0000 0.0000 -12.0587 -11.1586 -26.9748 3.4193 11.3447 33.4514 0.1795 4.4712 -10.9072 0.1101 -2.1391 -5.8902 0.0000 0.0000 0.0000 30.0896 1.1056 2.8717 -1.0005 -6.3653 17.8480 -0.6982 -2.4152 -16.8400 -0.0109 -0.6749 1.8546 0.9578 0.1293 7.1181 3.9965 0.4531 -0.9593 3.5760 0.2558 -5.0243 -11.4077 -1.8344 -9.8002 5.1769 -1.5259 18.6337 3.4574 -1.0621 7.4757 0.0000 0.0000 0.0000 -95.7523 5.3580 15.0298 12.3123 -20.2713 -2.2093 -0.0000 -0.0000 12.0034 19.8448 20.9334 7.3475 -7.1250 0.0000 -0.0000 -8.9478 51.8929 -1.5288 0.0000 0.0000 0.0000 81.2070 1.9725 25.3661 -20.1638 30.8392 -5.6151 0.0000 0.0000 2.8226 -13.9598 9.1455 -2.2626 7.1250 -0.0000 -0.0000 9.2933 -20.6159 5.4977
-9.1211 17.4167 -26.7725 -2.9842 -3.3159 0.7253 0.0000 0.0000 0.0000 -11.9599 -12.6363 -27.0841 2.5314 9.8949 28.6369 0.1394 4.2430 -9.8959 0.1461 -2.4630 -6.7871 0.0000 0.0000 0.0000 29.8991 0.4687 3.9321 -0.8839 -5.9932 16.7646 -0.6828 -3.0918 -17.0328 -0.0045 -0.4314 1.1852 2.1847 1.3514 6.8932 2.4005 2.0622 0.2105 1.0500 1.0057 -3.6603 -8.8709 -3.6314 -14.7840 5.4077 -4.0742 19.4308 2.8204 -2.0114 8.8128 -0.0000 -0.0000 0.0000 -92.9178 2.0142 18.7155 11.5464 -19.1210 -1.9512 -0.0000 -0.0000 12.4808 19.7298 20.4696 7.1487 -7.1250 0.0000 -0.0000 -8.9026 51.3971 -1.4122 -0.0000 -0.0000 0.0000 83.7460 4.7913 20.3619 -20.3702 31.0858 -5.7213 0.0000 0.0000 3.6696 -13.9489 9.7704 -2.4136 7.1250 -0.0000 -0.0000 9.2810 -19.9823 5.6242
-9.1074 17.3941 -26.4584 -3.3387 -4.0107 0.9906 0.0000 0.0000 0.0000 -11.2467 -13.2809 -26.5903 1.8422 8.5294 24.3339 0.1483 3.9292 -9.7990 0.1547 -2.5344 -6.9849 0.0000 0.0000 0.0000 30.1564 0.3466 5.4240 -0.7957 -5.6939 15.8987 -0.7131 -2.9009 -17.2620 -0.0037 -0.3944 1.0837 0.7546 0.1783 6.4699 4.1987 0.5034 -1.3070 3.8987 0.2923 -5.0280 -11.1905 -1.6704 -9.1073 4.9745 -1.3775 18.1621 3.3606 -0.9906 7.1821 -0.0000 -0.0000 0.0000 -96.4732 6.0255 13.2653 11.7602 -19.4441 -2.0218 -0.0000 -0.0000 13.1308 19.5681 20.7360 7.1732 -7.1250 0.0000 -0.0000 -9.1533 51.6428 -1.5080 -0.0000 -0.0000 0.0000 80.7755 1.9979 26.0816 -20.8333 31.6333 -5.9623 0.0000 0.0000 2.5885 -14.2470 9.3914 -2.3726 7.1250 -0.0000 -0.0000 9.0804 -20.3522 5.4231
-9.0892 17.3670 -26.1433 -3.2466 -4.2153 0.8756 0.0000 0.0000 0.0000 -11.1791 -14.1115 -26.1520 1.3713 7.4110 20.9389 0.1742 3.5870 -10.0435 0.1899 -2.8066 -7.7408 0.0000 0.0000 0.0000 29.9454 -0.1317 7.0198 -0.7354 -5.4787 15.2792 -0.7239 -2.9942 -17.4297 -0.0011 -0.2170 0.5962 2.4218 1.6444 6.6108 2.4191 2.4528 0.3902 0.9095 1.1993 -3.3083 -8.4232 -3.8539 -15.7861 5.0675 -4.3270 19.3643 2.5860 -2.1171 8.9745 0.0000 -0.0000 0.0000 -93.1318 1.7940 17.7747 10.9044 -18.1416 -1.7460 -0.0000 -0.0000 13.0500 20.2789 21.1017 7.5774 -7.1250 0.0000 -0.0000 -8.5743 52.1421 -1.5168 0.0000 -0.0000 0.0000 83.6678 5.5022 20.4778 -20.9244 31.7400 -6.0101 0.0000 0.0000 3.2190 -14.0578 8.8300 -2.2012 7.1250 -0.0000 -0.0000 9.2341 -20.9317 5.3951
-9.0696 17.3510 -25.8449 -3.0706 -4.2330 1.3737 0.0000 0.0000 0.0000 -11.2382 -14.6485 -26.7185 1.1079 6.6874 18.7925 0.2223 2.8222 -10.4080 0.1312 -2.3346 -6.4314 0.0000 0.0000 0.0000 29.6250 -0.2973 7.7691 -0.6933 -5.3228 14.8317 -0.7079 -3.1834 -17.3613 -0.0077 0.5650 -1.5527 2.2111 1.7061 6.2699 2.3709 2.5072 0.3180 0.9820 1.2302 -3.1986 -8.4250 -3.7435 -16.4963 5.2853 -4.1781 19.9002 2.6794 -2.0177 9.2825 0.0000 0.0000 0.0000 -93.2831 1.5118 16.9918 10.4154 -17.3867 -1.5968 -0.0000 -0.0000 13.3514 19.0998 21.7320 7.3063 -7.1250 0.0000 -0.0000 -9.9786 52.5777 -1.8760 0.0000 0.0000 0.0000 83.6203 6.0914 20.2246 -20.8220 31.6200 -5.9563 0.0000 0.0000 3.1850 -14.2439 8.9210 -2.2543 7.1250 -0.0000 -0.0000 9.0976 -20.8306 5.3344
-9.0303 17.3217 -25.5059 -3.0608 -4.9745 1.2354 0.0000 0.0000 0.0000 -11.2344 -15.2181 -26.0123 1.0083 6.3893 17.9181 0.3095 3.2028 -12.1859 0.1612 -2.5869 -7.1308 0.0000 0.0000 0.0000 29.2792 -0.2607 9.3372 -0.6899 -5.3100 14.7949 -0.7230 -2.8745 -17.3554 -0.0294 1.1070 -3.0434 2.3608 1.9864 5.8474 2.3221 2.8632 0.5623 0.8373 1.4100 -2.7006 -8.3878 -3.8204 -16.5957 5.2950 -4.2810 19.6809 2.6598 -2.0587 9.2318 -0.0000 -0.0000 0.0000 -93.2839 1.2359 16.4774 10.1556 -16.9827 -1.5201 -0.0000 -0.0000 13.9302 19.8499 21.7904 7.6327 -7.1250 0.0000 -0.0000 -9.2501 52.7721 -1.7813 -0.0000 -0.0000 0.0000 83.6190 6.2268 19.9561 -20.8994 31.7108 -5.9970 0.0000 0.0000 2.9624 -14.1606 9.1484 -2.2972 7.1250 -0.0000 -0.0000 9.1497 -20.6034 5.4132
-9.0144 17.2998 -25.2159 -3.1575 -5.0534 1.3320 0.0000 0.0000 0.0000 -11.6482 -14.1746 -26.5201 1.0380 6.4798 18.1830 0.2857 2.1813 -11.1371 0.1326 -2.3472 -6.4662 0.0000 0.0000 0.0000 29.3079 -0.2402 10.2139 -0.7268 -5.4471 15.1884 -0.6539 -3.3448 -16.8526 -0.0646 1.6394 -4.5100 2.4531 1.9825 6.0797 2.2528 2.8763 0.4260 0.7019 1.4119 -2.9632 -8.7023 -3.4158 -17.6475 6.3281 -3.8474 21.3380 3.1515 -1.7614 10.0010 -0.0000 0.0000 0.0000 -93.0234 1.2840 15.7989 9.8610 -16.5219 -1.4352 -0.0000 -0.0000 14.8683 20.4491 18.4590 6.7332 -7.1250 0.0000 -0.0000 -7.5757 49.4379 -0.8333 -0.0000 0.0000 0.0000 83.9011 6.3926 19.7171 -20.6870 31.4612 -5.8857 0.0000 0.0000 3.0186 -14.1748 9.3380 -2.3468 7.1250 -0.0000 -0.0000 9.1335 -20.4101 5.4436
-8.9818 17.2893 -24.9127 -3.0752 -4.8454 1.0772 0.0000 0.0000 0.0000 -12.7278 -12.9410 -26.3066 1.0861 6.6234 18.6043 0.1726 1.6800 -8.6508 0.1412 -2.4214 -6.6717 0.0000 0.0000 0.0000 29.0591 -0.5802 10.5705 -0.8811 -5.9838 16.7375 -0.5764 -3.6599 -16.1417 -0.1061 2.1008 -5.7844 2.5170 1.8327 6.4600 2.1949 2.6999 0.2899 0.6055 1.3186 -3.3120 -8.5340 -3.5399 -17.0168 6.1476 -4.0669 20.9996 3.0261 -1.8783 9.7741 -0.0000 -0.0000 0.0000 -92.9868 1.9670 15.4596 9.8675 -16.5321 -1.4370 -0.0000 -0.0000 15.0571 13.1203 29.5037 6.5482 -7.1250 0.0000 -0.0000 -20.2866 58.9705 -7.1097 -0.0000 -0.0000 0.0000 84.1697 5.9687 19.4691 -20.6305 31.3945 -5.8563 0.0000 0.0000 3.2012 -14.3516 9.5504 -2.4308 7.1250 -0.0000 -0.0000 9.0012 -20.1851 5.4089
-8.9479 17.2760 -24.5826 -2.7519 -4.9559 0.7960 0.0000 0.0000 0.0000 -13.8884 -12.2505 -25.5816 1.1778 6.8881 19.3844 0.1250 1.6461 -7.4971 0.1924 -2.8246 -7.7907 0.0000 0.0000 0.0000 28.5255 -0.3703 10.9587 -1.1109 -6.6962 18.8184 -0.6296 -3.1197 -16.4445 -0.2698 3.3411 -9.2300 2.1518 1.8381 6.3519 2.2408 2.6692 0.5477 0.8680 1.3127 -3.0038 -8.6239 -3.7285 -17.2990 5.8948 -4.2044 20.6254 2.9248 -1.9707 9.7036 0.0000 0.0000 0.0000 -93.1123 1.3995 14.7099 9.5868 -16.0906 -1.3582 -0.0000 -0.0000 16.4397 17.5207 21.8541 6.7024 -7.1250 0.0000 -0.0000 -11.5954 52.4215 -2.1415 0.0000 0.0000 0.0000 84.1675 5.9923 18.8768 -20.5607 31.3120 -5.8199 0.0000 0.0000 3.5849 -14.2261 9.5559 -2.4100 7.1250 -0.0000 -0.0000 9.0904 -20.1860 5.4636
-8.9116 17.2803 -24.2264 -2.9171 -5.8028 0.3808 0.0000 0.0000 0.0000 -14.1153 -12.0225 -24.4179 1.3031 7.2316 20.4035 0.0939 1.3404 -6.4459 0.1664 -2.6282 -7.2452 0.0000 0.0000 0.0000 28.3345 -0.1618 11.5787 -1.3511 -7.3583 20.7814 -0.6259 -2.0700 -15.8355 -0.3656 3.8839 -10.7502 2.0880 1.9737 6.2711 2.5318 2.8579 0.3739 1.1866 1.4079 -3.1567 -8.8860 -3.5366 -15.6044 5.8154 -3.9789 20.0440 2.9764 -1.9181 9.1736 0.0000 0.0000 0.0000 -93.4599 2.3845 14.3698 9.7338 -16.3221 -1.3992 -0.0000 -0.0000 16.9695 15.3668 24.8507 6.5882 -7.1250 0.0000 -0.0000 -15.1136 54.9928 -3.7726 0.0000 0.0000 0.0000 83.9648 4.9519 18.9003 -20.3587 31.0720 -5.7153 0.0000 0.0000 3.4253 -14.1198 10.0365 -2.5102 7.1250 -0.0000 -0.0000 9.1522 -19.7031 5.6020
-8.8639 17.3059 -23.8603 -2.6653 -6.0536 0.0964 0.0000 0.0000 0.0000 -14.7631 -12.0248 -23.4664 1.3779 7.4281 20.9899 0.0258 0.2870 -3.1523 0.1231 -2.2618 -6.2299 0.0000 0.0000 0.0000 27.6910 -0.2070 11.6255 -1.6641 -8.1282 23.1040 -0.5268 -1.6138 -14.3899 -0.4868 4.4737 -12.4132 2.1382 2.0563 6.0719 2.3601 2.9496 0.6121 0.9862 1.4550 -2.7879 -8.7750 -3.5809 -16.3207 5.9504 -4.0575 20.5962 2.9968 -1.9243 9.5043 -0.0000 -0.0000 0.0000 -93.2561 1.9583 14.4960 9.5847 -16.0874 -1.3576 -0.0000 -0.0000 17.1376 16.0057 25.8589 7.1314 -7.1250 0.0000 -0.0000 -14.9965 56.1041 -4.1507 -0.0000 -0.0000 0.0000 84.3285 4.7413 18.1158 -20.1668 30.8428 -5.6166 0.0000 0.0000 3.8679 -14.1365 9.7251 -2.4361 7.1250 -0.0000 -0.0000 9.1491 -20.0187 5.5346
-8.8329 17.3432 -23.4986 -1.8798 -6.2684 -0.0522 0.0000 0.0000 0.0000 -15.8997 -12.0279 -22.4365 1.3741 7.4182 20.9604 0.0031 -0.6706 -1.0196 0.1249 -2.2783 -6.2755 0.0000 0.0000 0.0000 26.6154 0.1739 10.8425 -2.2091 -9.2886 26.7023 -0.3769 -1.5644 -12.2730 -0.5374 4.6971 -13.0466 1.2788 2.0578 6.1394 2.1899 2.9043 0.1844 1.2829 1.4401 -3.3011 -8.8120 -3.8791 -15.7132 5.5991 -4.4641 21.2888 2.8377 -2.1706 9.6625 -0.0000 -0.0000 0.0000 -93.1642 2.7169 13.9802 9.4065 -15.8060 -1.3086 -0.0000 -0.0000 17.3666 17.4529 23.5270 7.1532 -7.1250 0.0000 -0.0000 -12.3711 54.0846 -2.7951 -0.0000 -0.0000 0.0000 84.6376 3.8922 17.4088 -19.4713 30.0001 -5.2644 0.0000 0.0000 4.5715 -14.2788 9.8472 -2.4923 7.1250 -0.0000 -0.0000 9.0446 -19.8871 5.4968
-8.7919 17.3690 -23.1298 -1.0866 -6.3577 -0.5056 0.0000 0.0000 0.0000 -17.4514 -11.0225 -21.0708 1.3584 7.3774 20.8384 -0.0115 -1.9297 0.3366 0.0567 -1.5365 -4.2263 0.0000 0.0000 0.0000 25.3033 0.1719 9.4763 -3.0152 -10.7196 31.3401 -0.2161 -1.3978 -9.4063 -0.4897 4.4868 -12.4503 0.6478 2.0482 5.8712 1.9531 2.8300 0.3819 1.4120 1.4117 -2.9638 -9.0117 -3.8136 -16.3394 5.9135 -4.3766 22.2538 3.0022 -2.1089 10.1281 0.0000 0.0000 0.0000 -93.0041 2.7102 13.7196 9.4838 -15.9280 -1.3298 -0.0000 -0.0000 17.1282 15.9412 26.0899 7.1598 -7.1250 0.0000 -0.0000 -15.1892 56.3164 -4.2845 0.0000 0.0000 0.0000 85.1120 3.9552 16.0406 -18.5996 28.9181 -4.8357 0.0000 0.0000 5.6077 -14.3125 10.2167 -2.5910 7.1250 -0.0000 -0.0000 9.0111 -19.5096 5.5530
-8.7553 17.4174 -22.7729 -0.3573 -6.3960 -0.6606 0.0000 0.0000 0.0000 -18.8380 -9.9969 -20.0350 1.3859 7.4488 21.0519 -0.0065 -1.4572 0.2194 0.0242 -1.0039 -2.7595 0.0000 0.0000 0.0000 23.8954 0.2182 7.1244 -4.0148 -12.1801 36.3721 -0.0439 -1.6771 -4.9487 -0.3517 3.8105 -10.5440 -0.0632 2.0331 5.7119 1.7999 2.7622 0.1160 1.6581 1.3884 -3.1735 -9.0286 -3.7972 -15.8094 5.8328 -4.3890 22.4999 2.9824 -2.1364 10.1156 0.0000 -0.0000 0.0000 -92.9375 3.1153 13.0564 9.3281 -15.6818 -1.2874 -0.0000 -0.0000 17.2379 15.4179 28.4666 7.4886 -7.1250 0.0000 -0.0000 -17.1661 58.5025 -5.7773 0.0000 -0.0000 0.0000 85.5237 3.0832 14.6439 -18.0023 28.1600 -4.5503 0.0000 0.0000 6.8509 -14.3907 10.0882 -2.5734 7.1250 -0.0000 -0.0000 8.9590 -19.6358 5.4945
-8.7180 17.4523 -22.4421 0.1824 -6.1709 -0.6849 0.0000 0.0000 0.0000 -20.0052 -9.0350 -19.3443 1.4430 7.5942 21.4883 -0.0326 -3.3675 0.1120 0.0000 -0.0178 -0.0490 0.0000 0.0000 0.0000 22.6899 0.1856 4.1594 -5.1357 -13.5350 41.4058 0.0107 -2.2783 0.6089 -0.1384 2.3974 -6.6053 -0.4713 1.9458 5.6948 1.6054 2.6149 -0.0341 1.6965 1.3213 -3.3235 -9.0186 -3.8196 -16.0935 5.9386 -4.4405 22.8879 3.0149 -2.1459 10.3159 0.0000 -0.0000 0.0000 -92.7494 3.0902 12.3340 9.3687 -15.7461 -1.2984 -0.0000 -0.0000 17.8274 16.2749 26.4884 7.4189 -7.1250 0.0000 -0.0000 -15.0676 56.7740 -4.4172 0.0000 -0.0000 0.0000 86.0743 2.4252 13.1369 -17.4667 27.4690 -4.3004 0.0000 0.0000 7.4061 -15.8307 8.3144 -2.3480 7.1250 -0.0000 -0.0000 7.9752 -21.3757 4.5633
-8.6785 17.4789 -22.1164 0.2710 -6.5100 -1.0358 0.0000 0.0000 0.0000 -20.6446 -8.1547 -18.0594 1.4700 7.6617 21.6910 -0.0359 -3.8072 -0.5222 0.0003 0.1196 0.3287 0.0000 0.0000 0.0000 22.0189 0.5868 1.6033 -6.4005 -14.8056 46.5688 -0.1036 -2.5135 5.7294 -0.0006 0.1600 -0.4397 -0.5266 1.8696 5.9936 1.7510 2.5148 0.0166 1.8777 1.2736 -3.4444 -9.4846 -3.6664 -16.2754 6.0980 -4.1254 23.0364 3.1968 -2.0223 10.3925 -0.0000 0.0000 0.0000 -92.9377 3.2751 12.3164 9.7521 -16.3509 -1.4044 -0.0000 -0.0000 17.4187 11.3773 30.5405 5.8382 -7.1250 0.0000 -0.0000 -22.8870 59.5324 -8.3901 -0.0000 0.0000 0.0000 86.2426 1.7828 12.3652 -17.2755 27.2195 -4.2126 0.0000 0.0000 7.7224 -14.3146 9.7219 -2.4673 7.1250 -0.0000 -0.0000 9.0226 -20.0125 5.4574
-8.6479 17.5180 -21.8095 1.2143 -6.8143 -1.4383 0.0000 0.0000 0.0000 -22.1927 -7.3295 -16.4624 1.4066 7.5018 21.2107 -0.0302 -3.7955 -0.9732 0.0006 0.1633 0.4486 0.0000 0.0000 0.0000 20.5117 1.2286 -1.2468 -7.8220 -15.9867 51.9189 -0.3836 -4.1911 11.0149 -0.3792 -3.9547 10.9494 -1.3197 1.9227 6.2828 1.3469 2.5124 0.2424 1.9000 1.2800 -3.3889 -9.1049 -3.6726 -16.5981 6.0751 -4.1928 22.7596 3.1081 -2.0149 10.3491 0.0000 0.0000 0.0000 -92.3931 2.6830 12.5023 9.8475 -16.5007 -1.4313 -0.0000 -0.0000 17.3549 11.3676 31.6619 6.0242 -7.1250 0.0000 -0.0000 -23.8252 60.5486 -9.3403 0.0000 0.0000 0.0000 86.8964 1.8648 10.7738 -16.6054 26.3346 -3.9107 0.0000 0.0000 8.0643 -13.0219 10.4662 -2.4057 7.1250 -0.0000 -0.0000 9.9150 -19.3266 6.1673
-8.6186 17.5563 -21.4820 2.3053 -7.3039 -1.8917 0.0000 0.0000 0.0000 -23.9120 -6.5274 -14.3357 1.2624 7.1223 20.0781 -0.0201 -3.5362 -1.3595 0.0000 0.0428 0.1176 0.0000 0.0000 0.0000 18.8462 2.0833 -4.0358 -9.2468 -16.9639 56.9398 -0.6707 -6.1167 14.6084 -1.2639 -7.1261 20.0896 -2.2570 1.9982 6.4801 1.0216 2.5305 0.3065 2.0826 1.3011 -3.4601 -9.1639 -3.6588 -16.2919 6.1621 -4.1877 22.2313 3.1435 -2.0085 10.1032 0.0000 -0.0000 0.0000 -91.8060 2.8364 14.7520 10.2054 -17.0602 -1.5347 -0.0000 -0.0000 14.5220 13.2994 30.0212 6.7448 -7.1250 0.0000 -0.0000 -20.4831 59.4936 -7.4409 0.0000 -0.0000 0.0000 87.2057 1.3718 10.1585 -16.0738 25.6206 -3.6778 0.0000 0.0000 8.5326 -13.1514 10.4801 -2.4336 7.1250 -0.0000 -0.0000 9.8233 -19.3056 6.1132
-8.5933 17.5839 -21.1725 3.1692 -7.2348 -2.1462 0.0000 0.0000 0.0000 -25.3386 -5.7331 -12.5265 1.1235 6.7328 18.9261 -0.0157 -3.7113 -1.8137 0.0026 0.3280 0.9011 0.0000 0.0000 0.0000 17.4898 2.3730 -6.9460 -10.5757 -17.7211 61.3959 -0.5796 -7.0286 13.6938 -1.1198 -6.7222 18.8951 -3.0666 1.7338 6.6192 0.8198 2.1068 0.2700 2.3655 1.1038 -3.5747 -9.1563 -3.4197 -16.0639 6.1554 -3.8621 21.9236 3.1814 -1.8599 9.9207 0.0000 0.0000 0.0000 -91.3829 2.9257 15.9581 10.2708 -17.1620 -1.5539 -0.0000 -0.0000 12.0373 15.0146 28.5262 7.2994 -7.1250 0.0000 -0.0000 -17.6282 58.4701 -5.9252 0.0000 0.0000 0.0000 87.3644 1.0196 10.0490 -15.3685 24.6570 -3.3782 0.0000 0.0000 9.1005 -13.3584 11.2706 -2.6573 7.1250 -0.0000 -0.0000 9.6560 -18.4956 6.1824
-8.5733 17.6095 -20.8888 3.5406 -6.9504 -2.3847 0.0000 0.0000 0.0000 -26.1221 -4.9169 -11.1269 1.0595 6.5444 18.3723 -0.0147 -4.4945 -2.5628 0.0258 1.0365 2.8494 0.0000 0.0000 0.0000 16.7201 2.4831 -10.0181 -11.7258 -18.2723 65.1171 -0.3240 -8.3940 10.9408 -1.0016 -6.3687 17.8579 -3.3628 1.6034 6.7222 0.6935 1.9074 0.7432 2.4258 0.9946 -3.1345 -9.1549 -3.4381 -17.1457 6.3527 -3.8325 21.8724 3.2495 -1.8050 10.1075 0.0000 0.0000 0.0000 -90.8014 1.5461 17.2765 10.1975 -17.0479 -1.5323 -0.0000 -0.0000 10.7373 17.9949 27.5704 8.5498 -7.1250 0.0000 -0.0000 -13.8876 58.2033 -4.5428 0.0000 0.0000 0.0000 87.5407 1.7046 9.6281 -14.7022 23.7297 -3.1051 0.0000 0.0000 9.5998 -13.2937 10.9527 -2.5704 7.1250 -0.0000 -0.0000 9.7096 -18.8206 6.1468
-8.5496 17.5980 -20.6083 3.8340 -6.7913 -2.6362 0.0000 0.0000 0.0000 -26.7797 -4.2919 -9.9428 1.0510 6.5191 18.2983 0.0005 -4.8034 -3.3825 0.0317 1.1488 3.1584 0.0000 0.0000 0.0000 16.1219 2.4022 -12.7142 -12.6532 -18.6533 68.0448 -0.1404 -8.9306 8.6053 -0.7024 -5.3568 14.9289 -3.6672 1.3787 7.0571 0.7438 1.5730 0.6419 2.6740 0.8389 -3.4138 -9.2561 -3.2395 -16.4741 6.1392 -3.5199 21.4448 3.2290 -1.7004 9.7997 0.0000 0.0000 0.0000 -90.5998 1.5169 17.2153 10.0536 -16.8234 -1.4904 -0.0000 -0.0000 10.1090 20.6632 22.9517 8.3663 -7.1250 0.0000 -0.0000 -8.8677 54.1132 -1.9983 0.0000 0.0000 0.0000 87.6018 1.3280 8.7445 -14.1354 22.9279 -2.8806 0.0000 0.0000 11.1899 -12.9604 10.1554 -2.3237 7.1250 -0.0000 -0.0000 9.9686 -19.6433 6.1301
-8.5372 17.6033 -20.3250 4.1092 -6.7092 -2.6890 0.0000 0.0000 0.0000 -27.2983 -3.6799 -9.2306 1.0887 6.6310 18.6268 0.0223 -5.3016 -4.3796 0.0350 1.2075 3.3200 0.0000 0.0000 0.0000 15.5412 2.6549 -15.4673 -13.3182 -18.8940 70.1109 -0.0168 -8.8509 6.5164 -0.6215 -5.0452 14.0374 -3.8940 1.3454 7.3105 0.6611 1.4979 0.6874 2.7194 0.8051 -3.5064 -9.0664 -3.4741 -16.7197 5.8080 -3.7915 21.3124 3.0384 -1.8429 9.8131 -0.0000 -0.0000 0.0000 -90.1739 0.7462 16.7868 10.5980 -17.6695 -1.6518 -0.0000 -0.0000 14.2193 14.8991 27.8177 7.0777 -7.1250 0.0000 -0.0000 -17.2894 57.7675 -5.5125 -0.0000 -0.0000 0.0000 87.8675 1.0296 7.8587 -13.9275 22.6309 -2.8001 0.0000 0.0000 12.3237 -12.4451 9.8895 -2.1707 7.1250 -0.0000 -0.0000 10.3427 -19.9363 6.2987
-8.5219 17.5920 -20.0494 4.3663 -6.2052 -2.7042 0.0000 0.0000 0.0000 -27.8459 -3.1592 -8.5114 1.1199 6.7224 18.8955 0.0378 -6.1022 -5.2399 0.0382 1.2623 3.4707 0.0000 0.0000 0.0000 14.9971 2.6337 -18.1270 -13.7016 -19.0210 71.2910 0.0416 -8.3643 4.9870 -0.7109 -5.3887 15.0205 -4.1182 0.9459 7.1536 0.6991 0.9588 0.8471 2.9448 0.5321 -3.2155 -9.3100 -3.2039 -17.0735 5.8575 -3.3368 21.7180 3.1648 -1.6464 9.9907 0.0000 -0.0000 0.0000 -89.9838 -0.3833 16.5318 10.4872 -17.4980 -1.6184 -0.0000 -0.0000 13.8115 15.8875 31.3258 8.4173 -7.1250 0.0000 -0.0000 -18.7367 61.3296 -7.6001 0.0000 -0.0000 0.0000 87.9440 1.1612 7.0787 -13.5490 22.0863 -2.6562 0.0000 0.0000 13.6147 -12.1981 9.7406 -2.0946 7.1250 -0.0000 -0.0000 10.5237 -20.0976 6.3739
-8.5166 17.5769 -19.7719 4.5647 -5.9988 -2.7192 0.0000 0.0000 0.0000 -28.2685 -2.7526 -7.9255 1.1995 6.9491 19.5647 0.0795 -6.6664 -6.4472 0.0388 1.2710 3.4948 0.0000 0.0000 0.0000 14.6532 2.9992 -20.3264 -13.8095 -19.0552 71.6218 0.0671 -7.2419 3.3287 -0.6311 -5.0831 14.1458 -4.4379 0.7040 7.3392 0.7473 0.6001 0.5955 3.2097 0.3706 -3.5552 -9.4205 -2.9129 -16.3694 5.9451 -2.9936 21.8179 3.2660 -1.4991 9.8666 0.0000 0.0000 0.0000 -89.6646 -0.3803 16.1008 10.9405 -18.1970 -1.7573 -0.0000 -0.0000 14.9881 12.5579 33.5747 7.0228 -7.1250 0.0000 -0.0000 -24.3139 62.5634 -10.7094 0.0000 0.0000 0.0000 88.0032 0.0429 7.0243 -13.4846 21.9931 -2.6320 0.0000 0.0000 14.0754 -13.7076 12.0340 -2.9112 7.1250 -0.0000 -0.0000 9.3967 -17.7022 6.1785
-8.5106 17.5629 -19.5093 4.5024 -5.3425 -2.2839 0.0000 0.0000 0.0000 -28.3966 -2.8248 -7.8336 1.2936 7.2063 20.3280 0.1159 -7.1464 -7.3623 0.0412 1.3105 3.6037 0.0000 0.0000 0.0000 14.6387 3.1562 -23.0133 -13.6580 -19.0070 71.1572 0.0722 -5.6734 1.2185 -0.4657 -4.3771 12.1401 -4.5310 0.3948 7.0951 0.9324 0.2002 0.6390 3.4963 0.1687 -3.3385 -9.2608 -3.1216 -16.7715 5.4086 -3.1536 21.7040 3.0222 -1.6137 9.9066 0.0000 0.0000 0.0000 -89.5981 -1.3837 15.8512 11.1160 -18.4659 -1.8125 -0.0000 -0.0000 14.9344 11.0231 39.2503 7.0263 -7.1250 0.0000 -0.0000 -32.7854 66.9964 -18.1584 0.0000 0.0000 0.0000 87.9719 0.0795 6.3435 -13.3447 21.7901 -2.5798 0.0000 0.0000 14.2250 -13.8349 12.9838 -3.1670 7.1250 -0.0000 -0.0000 9.2952 -16.7322 6.3098
-8.4984 17.5264 -19.2413 4.9990 -4.6654 -2.1727 0.0000 0.0000 0.0000 -29.1489 -2.6864 -7.6139 1.4314 7.5648 21.3998 0.1628 -7.9047 -8.4803 0.0403 1.2964 3.5647 0.0000 0.0000 0.0000 13.9106 3.0945 -25.1174 -13.2997 -18.8877 70.0538 0.0475 -3.8777 -1.0710 -0.4158 -4.1393 11.4688 -5.0180 0.0740 7.2485 0.9059 -0.2779 0.4699 3.7933 -0.0529 -3.5534 -9.4048 -3.0048 -16.6222 5.4157 -2.9711 21.8366 3.0767 -1.5446 9.9133 -0.0000 0.0000 0.0000 -89.3684 -1.6608 16.1607 11.5122 -19.0691 -1.9400 -0.0000 -0.0000 14.3849 17.0416 25.5135 7.5211 -7.1250 0.0000 -0.0000 -13.7489 55.9755 -3.7524 -0.0000 0.0000 0.0000 87.8622 -0.4619 6.1026 -13.2557 21.6607 -2.5469 0.0000 0.0000 13.8270 -13.6162 13.4001 -3.2130 7.1250 -0.0000 -0.0000 9.4410 -16.3266 6.4960
-8.4915 17.4877 -18.9820 4.7666 -4.1412 -1.8647 0.0000 0.0000 0.0000 -29.0393 -2.8817 -7.6030 1.6042 7.9879 22.6773 0.2238 -8.3897 -9.5877 0.0775 1.7953 4.9404 0.0000 0.0000 0.0000 14.1709 3.3792 -27.0760 -12.6721 -18.6605 68.1038 -0.0000 -2.5873 -3.6952 -0.2239 -3.0461 8.4070 -4.6560 -0.1805 7.2357 0.9310 -0.5859 0.4520 3.6457 -0.2115 -3.5361 -9.2483 -3.0426 -16.9214 5.3766 -3.0358 22.0868 3.0306 -1.5654 10.0608 0.0000 -0.0000 0.0000 -88.8322 -2.3738 17.0314 11.8235 -19.5394 -2.0429 -0.0000 -0.0000 13.2116 19.2526 21.6333 7.3372 -7.1250 0.0000 -0.0000 -9.7893 52.5045 -1.8222 0.0000 -0.0000 0.0000 88.0208 -0.8687 6.1949 -13.4390 21.9270 -2.6149 0.0000 0.0000 12.9554 -13.2651 13.5458 -3.1605 7.1250 -0.0000 -0.0000 9.6798 -16.2046 6.6912
-8.4974 17.4314 -18.7047 5.0644 -4.5585 -2.0067 0.0000 0.0000 0.0000 -29.4842 -2.1306 -7.3226 1.7837 8.4003 23.9366 0.3243 -8.5882 -11.0070 0.1209 2.2414 6.1733 0.0000 0.0000 0.0000 13.9740 4.2212 -28.3427 -11.8660 -18.3334 65.5635 -0.0548 -2.2019 -5.8016 -0.0701 -1.7080 4.6995 -5.0809 -0.0606 7.4195 0.9452 -0.4674 0.5916 3.8901 -0.1498 -3.5022 -9.2667 -3.1561 -17.0821 5.3650 -3.1580 21.6517 3.0048 -1.6165 9.9463 0.0000 0.0000 0.0000 -88.5138 -3.0540 17.8592 12.2540 -20.1844 -2.1891 -0.0000 -0.0000 12.0368 21.5480 14.9606 5.8206 -7.1250 0.0000 -0.0000 -5.6771 45.9308 -0.1308 0.0000 0.0000 0.0000 87.9878 -1.2346 5.7278 -13.3226 21.7580 -2.5716 0.0000 0.0000 11.9618 -11.9680 13.9115 -2.9174 7.1250 -0.0000 -0.0000 10.5594 -15.9281 7.3841
-8.5004 17.3922 -18.4389 5.1244 -4.6447 -1.5211 0.0000 0.0000 0.0000 -29.6542 -2.0106 -7.2997 1.8903 8.6337 24.6561 0.4258 -8.6486 -12.2625 0.0701 1.7075 4.6981 0.0000 0.0000 0.0000 13.9921 4.9629 -30.0146 -10.8938 -17.8827 62.4363 -0.1277 -1.9350 -7.7532 -0.0026 -0.3272 0.8990 -5.3616 -0.0601 7.2097 1.0779 -0.4772 0.4127 4.1877 -0.1435 -3.5668 -9.2258 -3.1235 -16.9035 5.3088 -3.1230 21.4901 2.9810 -1.6036 9.8508 0.0000 -0.0000 0.0000 -88.3039 -3.4105 18.3916 12.7842 -20.9701 -2.3755 -0.0000 -0.0000 11.8337 19.6570 19.0612 6.6538 -7.1250 0.0000 -0.0000 -8.5201 49.9363 -1.0435 0.0000 -0.0000 0.0000 87.9769 -1.7610 5.8805 -13.4507 21.9440 -2.6193 0.0000 0.0000 11.9426 -13.3551 14.5929 -3.4230 7.1250 -0.0000 -0.0000 9.6103 -15.1418 6.8651
-8.5109 17.3665 -18.1801 5.3730 -4.3912 -1.2688 0.0000 0.0000 0.0000 -30.0239 -1.8785 -6.5757 1.8767 8.6044 24.5656 0.4725 -9.0279 -12.8979 0.0900 1.9346 5.3250 0.0000 0.0000 0.0000 13.8225 5.3935 -31.0537 -9.7152 -17.2465 58.5321 -0.1347 -2.5784 -8.3831 -0.0161 -0.8204 2.2547 -5.8392 -0.2321 7.2033 1.2024 -0.7392 0.4539 4.6143 -0.2689 -3.4838 -9.4332 -3.0102 -17.2657 5.3741 -2.8879 21.5824 3.0716 -1.5010 9.9368 0.0000 0.0000 0.0000 -88.0735 -4.0923 19.2200 13.2988 -21.7235 -2.5628 -0.0000 -0.0000 11.2504 21.4011 17.1245 6.5828 -7.1250 0.0000 -0.0000 -6.3070 48.1890 -0.4980 0.0000 0.0000 0.0000 87.7270 -2.0012 6.3121 -13.6448 22.2246 -2.6923 0.0000 0.0000 11.7387 -13.0331 13.5916 -3.1136 7.1250 -0.0000 -0.0000 9.8380 -16.1751 6.8102
-8.5151 17.3701 -17.9057 5.7093 -3.8627 -1.0064 0.0000 0.0000 0.0000 -30.4391 -1.3791 -5.6989 1.8074 8.4529 24.0983 0.4863 -9.7864 -13.2641 0.1256 2.2846 6.2930 0.0000 0.0000 0.0000 13.5452 5.3327 -31.7129 -8.3763 -16.3892 53.9070 -0.1223 -3.6443 -8.9697 -0.0031 -0.3594 0.9875 -6.1375 -0.4017 7.3076 1.0678 -1.0033 0.3679 4.6710 -0.3903 -3.5972 -9.0824 -3.1864 -17.4127 5.2389 -3.1847 21.5045 2.9215 -1.6217 9.9525 0.0000 -0.0000 0.0000 -87.5753 -4.5525 19.9635 13.8078 -22.4593 -2.7543 -0.0000 -0.0000 10.4880 19.7207 21.6726 7.5409 -7.1250 0.0000 -0.0000 -9.3361 52.6282 -1.7651 0.0000 -0.0000 0.0000 88.0228 -2.5563 6.1667 -13.8909 22.5785 -2.7861 0.0000 0.0000 11.6249 -13.1059 12.1848 -2.8132 7.1250 -0.0000 -0.0000 9.8112 -17.5881 6.4841
-8.5272 17.3612 -17.6421 5.4198 -3.6895 -0.8549 0.0000 0.0000 0.0000 -30.1824 -1.0814 -4.6277 1.7392 8.3003 23.6298 0.5372 -9.9240 -13.8403 0.0886 1.9200 5.2847 0.0000 0.0000 0.0000 14.0143 5.9159 -31.6327 -6.9323 -15.2746 48.6177 -0.0964 -4.8912 -9.5986 -0.0121 -0.7106 1.9527 -5.9109 -0.4911 7.2811 1.2180 -1.0911 0.5790 4.7053 -0.4501 -3.3520 -9.1825 -3.1394 -17.5889 5.4552 -3.1195 21.2900 3.0206 -1.5694 9.9084 0.0000 -0.0000 0.0000 -87.2912 -5.5189 20.5914 14.1995 -23.0192 -2.9057 -0.0000 -0.0000 10.0822 19.5006 22.0795 7.5823 -7.1250 0.0000 -0.0000 -9.7093 53.0039 -1.9264 0.0000 -0.0000 0.0000 87.9578 -2.2266 5.7012 -13.6952 22.2973 -2.7114 0.0000 0.0000 11.7569 -13.1747 13.0332 -3.0218 7.1250 -0.0000 -0.0000 9.7486 -16.7280 6.6276
-8.5496 17.3708 -17.3726 5.6364 -3.7383 -0.1429 0.0000 0.0000 0.0000 -30.3823 -0.6275 -4.1053 1.6239 8.0344 22.8187 0.5536 -10.1463 -14.0718 0.0802 1.8270 5.0277 0.0000 0.0000 0.0000 13.8875 6.6412 -32.0722 -5.4985 -13.9241 42.9344 -0.0157 -5.8453 -8.7714 -0.0058 -0.4899 1.3463 -6.3862 -0.4941 7.0080 1.2617 -1.1230 0.2363 5.0228 -0.4427 -3.5433 -9.1133 -3.0764 -17.4581 5.4712 -3.0721 21.4139 3.0240 -1.5435 9.9227 -0.0000 -0.0000 0.0000 -86.9977 -5.6025 21.4298 14.8403 -23.9232 -3.1609 -0.0000 -0.0000 9.0697 21.3734 16.6151 6.3852 -7.1250 0.0000 -0.0000 -6.2098 47.6499 -0.4075 -0.0000 -0.0000 0.0000 88.0112 -2.8614 5.4109 -13.8201 22.4769 -2.7589 0.0000 0.0000 11.6056 -12.8615 14.8720 -3.3538 7.1250 -0.0000 -0.0000 9.9425 -14.8991 7.1623
-8.5639 17.3765 -17.0975 5.6030 -3.4722 0.0311 0.0000 0.0000 0.0000 -30.3682 0.1060 -2.7650 1.4548 7.6237 21.5767 0.5420 -10.3518 -14.0132 0.0478 1.4104 3.8788 0.0000 0.0000 0.0000 13.9978 6.8916 -31.5485 -4.1765 -12.3916 37.1319 0.0414 -6.4960 -8.1136 -0.0024 -0.3172 0.8716 -6.4071 -0.5640 7.0817 1.3109 -1.2192 0.2956 5.0964 -0.4927 -3.5083 -8.9125 -3.1813 -17.7177 5.3914 -3.2233 21.1495 2.9357 -1.5991 9.8845 -0.0000 0.0000 0.0000 -86.7443 -6.0078 22.1158 15.4238 -24.7332 -3.4013 -0.0000 -0.0000 8.6992 16.7678 29.0553 8.3250 -7.1250 0.0000 -0.0000 -16.1266 59.3731 -5.7536 -0.0000 0.0000 0.0000 88.1126 -2.9295 5.1694 -13.8960 22.5858 -2.7880 0.0000 0.0000 11.9074 -12.8881 15.2790 -3.4505 7.1250 -0.0000 -0.0000 9.9226 -14.4877 7.2360
-8.5865 17.3715 -16.8177 5.7790 -3.3607 0.4484 0.0000 0.0000 0.0000 -30.5716 0.8402 -1.9269 1.3517 7.3601 20.7866 0.5627 -10.4811 -14.2603 0.0271 1.0623 2.9204 0.0000 0.0000 0.0000 13.7324 7.5981 -30.9543 -2.9920 -10.6821 31.2150 0.0831 -7.1468 -7.9299 -0.0456 -1.3785 3.7908 -6.7173 -0.6742 6.7494 1.3693 -1.3682 0.2045 5.3408 -0.5635 -3.3886 -9.0648 -3.1750 -17.6202 5.5374 -3.2139 21.0716 3.0136 -1.5909 9.8430 0.0000 -0.0000 0.0000 -86.5574 -6.3536 22.7305 15.9807 -25.4945 -3.6377 -0.0000 -0.0000 8.1431 19.3981 24.5719 8.3302 -7.1250 0.0000 -0.0000 -10.8566 55.5122 -2.8253 0.0000 -0.0000 0.0000 88.0500 -2.9908 5.0352 -13.6863 22.2845 -2.7080 0.0000 0.0000 12.6334 -13.3205 16.9384 -3.9460 7.1250 -0.0000 -0.0000 9.6384 -12.7814 7.3747
-8.6044 17.3599 -16.5372 5.7258 -3.0627 0.4731 0.0000 0.0000 0.0000 -30.5430 1.4894 -0.5113 1.2389 7.0581 19.8878 0.5790 -10.3421 -14.3835 0.0151 0.7941 2.1825 0.0000 0.0000 0.0000 13.9258 7.7846 -29.7090 -2.0322 -8.9328 25.5855 0.1197 -7.3512 -7.0212 -0.0039 -0.4016 1.1035 -6.5667 -0.7925 6.7342 1.3385 -1.5095 0.3723 5.2318 -0.6487 -3.1891 -9.0077 -3.1901 -17.9583 5.6193 -3.2456 21.2684 3.0307 -1.5889 9.9786 0.0000 -0.0000 0.0000 -86.1986 -6.9282 23.1392 16.3800 -26.0331 -3.8112 -0.0000 -0.0000 7.8953 19.1840 24.0337 8.0651 -7.1250 0.0000 -0.0000 -10.8351 54.9266 -2.6647 0.0000 -0.0000 0.0000 88.1949 -2.9199 4.6846 -13.6143 22.1806 -2.6808 0.0000 0.0000 12.7013 -13.1718 16.3840 -3.7768 7.1250 -0.0000 -0.0000 9.7334 -13.3525 7.3313
-8.6218 17.3561 -16.2475 5.9871 -2.5846 0.9463 0.0000 0.0000 0.0000 -30.8324 1.7635 0.6128 1.1229 6.7311 18.9213 0.5758 -10.2478 -14.3245 0.0108 0.6722 1.8473 0.0000 0.0000 0.0000 13.4280 8.1886 -28.9091 -1.3535 -7.3646 20.8001 0.1205 -7.4523 -7.2154 -0.0021 -0.2935 0.8063 -6.7654 -1.0691 6.1386 1.3605 -1.8541 0.2422 5.3799 -0.8237 -2.9361 -9.1555 -3.0926 -17.2307 5.5636 -3.1103 20.8550 3.0506 -1.5501 9.6874 -0.0000 -0.0000 0.0000 -86.1735 -6.8702 23.4444 16.8778 -26.6964 -4.0323 -0.0000 -0.0000 7.2173 21.2325 17.5849 6.6948 -7.1250 0.0000 -0.0000 -6.5846 48.6466 -0.5946 -0.0000 -0.0000 0.0000 88.0561 -3.0087 4.5567 -13.4516 21.9453 -2.6197 0.0000 0.0000 13.1352 -13.2971 16.4266 -3.8236 7.1250 -0.0000 -0.0000 9.6502 -13.2987 7.2778
-8.6487 17.3374 -15.9652 5.9074 -2.3834 0.7225 0.0000 0.0000 0.0000 -30.7433 2.0594 2.3640 1.0272 6.4471 18.0874 0.5863 -9.7568 -14.2984 0.0033 0.3719 1.0219 0.0000 0.0000 0.0000 13.4902 8.7970 -27.4479 -0.9385 -6.1704 17.2796 0.1020 -7.5631 -8.1090 -0.0304 1.1252 -3.0933 -6.5766 -1.0371 6.3851 1.2674 -1.8133 0.4108 5.1763 -0.8118 -2.9130 -8.9968 -3.1374 -17.3086 5.6975 -3.2403 20.7995 3.0527 -1.5806 9.6916 -0.0000 0.0000 0.0000 -85.7576 -7.4540 24.0458 17.0455 -26.9177 -4.1079 -0.0000 -0.0000 7.1075 18.6823 24.5306 7.9914 -7.1250 0.0000 -0.0000 -11.5765 55.3274 -2.9640 -0.0000 0.0000 0.0000 88.3597 -2.9577 4.1419 -13.2511 21.6540 -2.5452 0.0000 0.0000 13.7288 -13.7429 16.4403 -3.9595 7.1250 -0.0000 -0.0000 9.3538 -13.2454 7.0586
-8.6715 17.3109 -15.6677 6.1429 -2.7125 0.7341 0.0000 0.0000 0.0000 -31.0562 2.4119 3.6266 0.9732 6.2803 17.5999 0.5936 -9.3307 -14.2675 0.0049 -0.4526 -1.2437 0.0000 0.0000 0.0000 13.4075 9.2365 -26.7364 -0.7475 -5.5224 15.4048 0.0258 -6.6871 -8.8675 -0.0752 1.7694 -4.8688 -6.9219 -0.8626 6.3868 1.3239 -1.6045 0.3964 5.4154 -0.7013 -2.9470 -8.9404 -3.2623 -17.7420 5.4010 -3.3263 21.0819 2.9282 -1.6465 9.8743 0.0000 -0.0000 0.0000 -85.8200 -7.3712 24.6132 17.4730 -27.4771 -4.3033 -0.0000 -0.0000 6.7340 19.0688 24.3033 8.0970 -7.1250 0.0000 -0.0000 -11.0742 55.1757 -2.7920 0.0000 -0.0000 0.0000 88.1679 -3.0198 3.7559 -13.0804 21.4048 -2.4825 0.0000 0.0000 14.0748 -14.0000 16.7790 -4.1168 7.1250 -0.0000 -0.0000 9.1865 -12.8798 7.0002
-8.6964 17.2919 -15.3856 5.8609 -2.6894 0.8594 0.0000 0.0000 0.0000 -30.6917 2.2780 4.8137 0.9491 6.2044 17.3787 0.5705 -9.3702 -14.0395 0.0215 -0.9477 -2.6050 0.0000 0.0000 0.0000 14.1498 9.0198 -26.8468 -0.7502 -5.5322 15.4329 -0.0144 -5.6888 -8.5244 -0.1714 2.6667 -7.3523 -6.6920 -0.9162 6.2543 1.5122 -1.6465 0.3169 5.4840 -0.7219 -2.9501 -9.1781 -3.1159 -17.4934 5.4438 -3.0926 21.2280 3.0190 -1.5582 9.8660 0.0000 0.0000 0.0000 -86.0307 -7.3120 24.5407 17.6234 -27.6723 -4.3729 -0.0000 -0.0000 6.4517 18.4977 25.7609 8.2729 -7.1250 0.0000 -0.0000 -12.3671 56.5199 -3.5305 0.0000 0.0000 0.0000 87.9975 -3.2836 4.1449 -13.1585 21.5189 -2.5111 0.0000 0.0000 14.0082 -14.1568 15.8508 -3.9411 7.1250 -0.0000 -0.0000 9.0726 -13.8044 6.7324
-8.7235 17.2843 -15.0954 5.9192 -2.6033 0.5959 0.0000 0.0000 0.0000 -30.6358 2.1375 5.9680 1.0125 6.4020 17.9554 0.5538 -9.6199 -13.9295 0.0069 -0.5352 -1.4707 0.0000 0.0000 0.0000 14.8544 7.8962 -26.7659 -0.8637 -5.9262 16.5705 -0.0173 -4.4408 -6.9487 -0.2400 3.1528 -8.7045 -6.7187 -0.9074 6.6563 1.4918 -1.6660 0.2844 5.4923 -0.7203 -3.2069 -9.0461 -3.1975 -17.1670 5.2450 -3.2240 21.1091 2.9076 -1.6340 9.7686 0.0000 0.0000 0.0000 -86.0511 -7.5194 24.4087 17.4436 -27.4389 -4.2898 -0.0000 -0.0000 6.3376 18.7201 24.9801 8.1441 -7.1250 0.0000 -0.0000 -11.7497 55.7856 -3.1406 0.0000 0.0000 0.0000 88.0285 -3.6095 4.0970 -13.1453 21.4998 -2.5063 0.0000 0.0000 13.8918 -12.6107 11.6298 -2.5823 7.1250 -0.0000 -0.0000 10.1684 -18.1772 6.5936
-8.7611 17.2636 -14.8132 5.9431 -2.8899 0.8013 0.0000 0.0000 0.0000 -30.6207 1.7456 6.2657 1.1296 6.7506 18.9785 0.4973 -9.9526 -13.4307 0.0145 -0.7781 -2.1384 0.0000 0.0000 0.0000 15.4550 7.7096 -27.2119 -1.0812 -6.6089 18.5619 -0.0150 -3.4729 -5.6195 -0.2247 3.0511 -8.4211 -6.8537 -0.7473 6.4247 1.5391 -1.4435 0.3356 5.5927 -0.6150 -3.0510 -9.1042 -3.1883 -17.4892 5.2794 -3.1768 21.3038 2.9375 -1.6109 9.8957 -0.0000 -0.0000 0.0000 -86.2863 -7.7517 24.2578 17.4321 -27.4239 -4.2845 -0.0000 -0.0000 6.8797 18.9445 24.6223 8.1386 -7.1250 0.0000 -0.0000 -11.3488 55.4720 -2.9446 -0.0000 -0.0000 0.0000 88.0039 -3.3228 3.7811 -13.0511 21.3620 -2.4719 0.0000 0.0000 14.1326 -13.2396 13.4760 -3.1383 7.1250 -0.0000 -0.0000 9.6982 -16.2769 6.6888
-8.8017 17.2501 -14.5024 6.0053 -2.4626 0.6684 0.0000 0.0000 0.0000 -30.4771 1.5702 7.1637 1.2168 6.9972 19.7070 0.3911 -10.3582 -12.4113 0.0500 -1.4430 -3.9687 0.0000 0.0000 0.0000 15.8168 7.3879 -26.8887 -1.3224 -7.2828 20.5561 -0.0235 -2.8942 -5.2756 -0.1502 2.4975 -6.8828 -7.0096 -0.8983 6.3443 1.6005 -1.6486 0.3271 5.7605 -0.7174 -2.9786 -9.0580 -3.1499 -17.5446 5.0422 -3.0810 21.6172 2.8629 -1.5938 10.0062 -0.0000 -0.0000 0.0000 -86.5637 -7.3334 23.6647 17.5408 -27.5652 -4.3346 -0.0000 -0.0000 7.6623 19.2514 24.9964 8.3949 -7.1250 0.0000 -0.0000 -11.2063 55.9101 -3.0267 -0.0000 -0.0000 0.0000 87.9717 -3.4119 3.4938 -12.9563 21.2232 -2.4374 0.0000 0.0000 14.3838 -12.4105 9.5547 -2.0919 7.1250 -0.0000 -0.0000 10.3808 -20.2747 6.2425
-8.8528 17.2992 -14.1818 6.1891 -1.9754 0.7377 0.0000 0.0000 0.0000 -30.4537 1.0890 8.1174 1.2668 7.1342 20.1134 0.2522 -10.3932 -10.8019 0.0995 -2.0346 -5.6013 0.0000 0.0000 0.0000 15.5830 7.9034 -26.5433 -1.4961 -7.7264 21.8861 -0.0088 -2.0296 -3.5287 -0.0165 -0.8296 2.2800 -7.2719 -1.0346 6.2901 1.5434 -1.8538 0.0956 5.8687 -0.8020 -3.1532 -9.0163 -3.0310 -17.0226 5.1653 -3.0073 21.5783 2.9118 -1.5485 9.8887 0.0000 -0.0000 0.0000 -86.7718 -6.6965 23.4870 17.4565 -27.4557 -4.2957 -0.0000 -0.0000 7.1094 18.6129 25.6860 8.3052 -7.1250 0.0000 -0.0000 -12.2090 56.4693 -3.4694 0.0000 -0.0000 0.0000 88.1493 -3.6480 2.6597 -12.8346 21.0444 -2.3936 0.0000 0.0000 14.7664 -11.7864 10.0770 -2.0909 7.1250 -0.0000 -0.0000 10.8005 -19.7794 6.6261
-8.8937 17.3383 -13.8626 5.7500 -1.8932 0.5000 0.0000 0.0000 0.0000 -30.0182 0.4634 8.8193 1.4317 7.5656 21.4024 0.1584 -9.7592 -9.2765 0.1875 -2.7891 -7.6921 0.0000 0.0000 0.0000 15.9914 8.6278 -25.5816 -1.5848 -7.9418 22.5373 0.0242 -3.1259 -2.6982 -0.0078 -0.5704 1.5674 -6.7275 -1.0482 6.5189 1.6495 -1.8485 -0.0578 5.6818 -0.7903 -3.4559 -9.2593 -3.0236 -16.7626 5.2650 -2.9906 21.9480 2.9971 -1.5583 9.9765 0.0000 0.0000 0.0000 -87.0356 -6.1264 23.1134 17.1012 -26.9909 -4.1331 -0.0000 -0.0000 7.0583 19.0966 24.3823 8.1339 -7.1250 0.0000 -0.0000 -11.0814 55.2608 -2.8169 0.0000 0.0000 0.0000 88.2416 -3.9706 2.5728 -12.7634 20.9396 -2.3681 0.0000 0.0000 15.0521 -12.4866 9.8298 -2.1651 7.1250 -0.0000 -0.0000 10.3157 -19.9945 6.2680
-8.9312 17.3819 -13.5381 5.2176 -1.7917 0.2991 0.0000 0.0000 0.0000 -29.4619 -0.3131 8.7041 1.7912 8.4170 23.9880 0.0317 -9.2393 -7.0348 0.3437 -3.7671 -10.4223 0.0000 0.0000 0.0000 16.7530 8.7442 -24.4051 -1.6429 -8.0788 22.9538 0.0711 -4.7286 -1.9648 -0.0408 -1.3033 3.5838 -6.1573 -1.0571 6.4981 1.8464 -1.8050 0.1068 5.5570 -0.7879 -3.2885 -9.2076 -3.0767 -17.4459 4.9705 -2.9465 22.3355 2.8924 -1.5646 10.2370 -0.0000 -0.0000 0.0000 -87.4988 -5.8466 22.6678 16.8751 -26.6928 -4.0311 -0.0000 -0.0000 6.8673 18.4218 25.2562 8.0883 -7.1250 0.0000 -0.0000 -12.1931 56.0010 -3.3257 -0.0000 -0.0000 0.0000 88.1686 -3.8234 2.4970 -12.7846 20.9708 -2.3756 0.0000 0.0000 14.8422 -12.3305 9.8303 -2.1373 7.1250 -0.0000 -0.0000 10.4262 -20.0014 6.3358
-8.9661 17.4289 -13.2118 4.6489 -1.9535 0.2729 0.0000 0.0000 0.0000 -28.7361 -0.8014 7.7203 2.3309 9.5238 27.4480 -0.1034 -8.9158 -4.0627 0.3158 -3.6126 -9.9892 0.0000 0.0000 0.0000 17.7341 8.7308 -23.3163 -1.6821 -8.1700 23.2316 0.0531 -4.1717 -0.6108 -0.0967 -2.0059 5.5220 -5.6046 -1.1384 6.3246 2.1200 -1.8550 -0.0052 5.5314 -0.8162 -3.3085 -9.4135 -2.9244 -17.0407 4.8930 -2.6951 22.3213 2.9355 -1.4806 10.1380 -0.0000 -0.0000 0.0000 -88.1655 -5.1607 21.3531 16.5907 -26.3150 -3.9041 -0.0000 -0.0000 8.2336 19.3716 23.7872 8.0715 -7.1250 0.0000 -0.0000 -10.5347 54.7141 -2.5349 -0.0000 -0.0000 0.0000 87.9602 -3.7493 2.2227 -12.5477 20.6209 -2.2915 0.0000 0.0000 15.2670 -12.3949 9.8849 -2.1606 7.1250 -0.0000 -0.0000 10.3785 -19.9435 6.3195
-9.0189 17.4704 -12.8897 4.2211 -1.7407 0.1910 0.0000 0.0000 0.0000 -27.7867 -1.3615 6.3279 2.9702 10.6467 31.0975 -0.2491 -9.2629 0.3353 0.3907 -4.0137 -11.1152 0.0000 0.0000 0.0000 18.4875 8.9121 -21.9810 -1.7247 -8.2675 23.5296 0.0587 -4.2937 -1.5517 -0.2931 -3.4813 9.6218 -5.2689 -1.1216 6.2513 2.2115 -1.8017 -0.0555 5.4308 -0.7924 -3.3339 -9.2070 -2.9671 -17.0915 4.6825 -2.7604 22.5636 2.8197 -1.5208 10.2342 -0.0000 -0.0000 0.0000 -88.5210 -4.6896 20.8597 16.0688 -25.6139 -3.6757 -0.0000 -0.0000 7.7834 18.6088 24.9509 8.0841 -7.1250 0.0000 -0.0000 -11.8510 55.7339 -3.1533 -0.0000 -0.0000 0.0000 88.1402 -3.7188 1.5575 -12.4827 20.5246 -2.2687 0.0000 0.0000 15.6587 -11.9835 10.4734 -2.2096 7.1250 -0.0000 -0.0000 10.6455 -19.3725 6.6261
-9.0672 17.5034 -12.5738 3.9969 -1.8086 0.0982 0.0000 0.0000 0.0000 -26.9854 -1.7303 4.4225 3.6880 11.7332 34.7944 -0.2414 -9.0171 5.9447 0.3275 -3.6784 -10.1736 0.0000 0.0000 0.0000 18.9888 9.1508 -20.7165 -1.7582 -8.3432 23.7613 0.0611 -4.4594 -2.5119 -0.3987 -4.0539 11.2283 -5.0851 -1.0256 5.9811 2.2444 -1.6448 0.1049 5.3357 -0.7307 -3.0397 -9.1798 -3.0936 -17.5395 4.6686 -2.8989 22.6647 2.7902 -1.5800 10.3665 -0.0000 0.0000 0.0000 -88.8963 -4.4545 20.3446 15.7113 -25.1277 -3.5225 -0.0000 -0.0000 8.0371 18.5010 23.8453 7.7039 -7.1250 0.0000 -0.0000 -11.4503 54.6035 -2.7284 -0.0000 0.0000 0.0000 88.2214 -3.5951 1.9751 -12.6582 20.7844 -2.3306 0.0000 0.0000 15.0367 -12.1171 11.8202 -2.5181 7.1250 -0.0000 -0.0000 10.5062 -18.0147 6.8585
-9.1212 17.5479 -12.2769 3.1574 -1.8924 0.0470 0.0000 0.0000 0.0000 -25.3476 -2.0591 2.1194 4.5357 12.8410 38.7761 -0.0905 -9.1917 11.3196 0.4883 -4.4805 -12.4326 0.0000 0.0000 0.0000 20.3097 8.9693 -19.4270 -1.7167 -8.2491 23.4734 0.0453 -4.0080 -2.9029 -0.4209 -4.1640 11.5385 -4.4094 -0.9474 6.0399 2.4748 -1.4892 -0.0015 5.1847 -0.6538 -3.2138 -9.1816 -3.1019 -17.1450 4.6184 -2.9327 22.4799 2.7666 -1.6032 10.2270 0.0000 -0.0000 0.0000 -89.1484 -3.9384 19.8439 15.0878 -24.2682 -3.2619 -0.0000 -0.0000 9.7928 21.0593 15.9767 6.0498 -7.1250 0.0000 -0.0000 -6.3568 46.9353 -0.3048 0.0000 -0.0000 0.0000 88.2052 -3.5909 2.2638 -12.5102 20.5653 -2.2783 0.0000 0.0000 14.8623 -12.5199 12.6683 -2.7881 7.1250 -0.0000 -0.0000 10.2059 -17.1386 6.8555
-9.1554 17.5954 -11.9677 2.1814 -1.5942 -0.0454 0.0000 0.0000 0.0000 -23.7341 -2.9756 -0.1183 5.5171 13.9435 43.0114 -0.1216 -11.9016 15.1559 0.6553 -5.1779 -14.4167 0.0000 0.0000 0.0000 21.7687 7.9470 -17.6884 -1.5714 -7.9096 22.4398 0.0298 -3.6343 -3.4069 -0.2679 -3.3293 9.1969 -3.1949 -0.9004 6.0471 2.5994 -1.3369 0.0542 4.6107 -0.5975 -3.2020 -9.0934 -3.2355 -17.3464 4.6678 -3.1376 22.4824 2.7397 -1.6813 10.2810 0.0000 -0.0000 0.0000 -89.1859 -3.5017 20.4607 14.7689 -23.8231 -3.1320 -0.0000 -0.0000 9.9574 18.9344 22.7660 7.5617 -7.1250 0.0000 -0.0000 -10.5505 53.5971 -2.2499 0.0000 -0.0000 0.0000 88.2841 -3.8381 3.6115 -12.8404 21.0530 -2.3957 0.0000 0.0000 13.2992 -12.7674 11.6007 -2.6089 7.1250 -0.0000 -0.0000 10.0602 -18.1974 6.5166
-9.1966 17.6334 -11.6762 0.9972 -1.6756 -0.0350 0.0000 0.0000 0.0000 -21.7934 -3.8275 -2.7756 6.5592 14.9492 47.1870 0.1915 -12.7016 20.2939 0.1982 -2.8671 -7.9088 0.0000 0.0000 0.0000 23.4594 7.2682 -15.8959 -1.3980 -7.4797 21.1446 0.0283 -3.8102 -3.9125 -0.3148 -3.6068 9.9731 -2.0511 -0.7730 6.0583 2.9091 -1.0765 0.0740 4.2630 -0.4830 -3.2290 -9.1254 -3.3455 -17.6529 4.7159 -3.2693 22.6794 2.7444 -1.7378 10.4226 -0.0000 0.0000 0.0000 -89.3846 -3.3244 20.9541 14.3101 -23.1762 -2.9490 -0.0000 -0.0000 9.9662 13.9142 32.6664 7.6162 -7.1250 0.0000 -0.0000 -22.0086 62.0846 -9.3897 -0.0000 0.0000 0.0000 88.0899 -3.6647 4.6394 -13.0153 21.3097 -2.4589 0.0000 0.0000 12.1948 -12.2816 8.5568 -1.8552 7.1250 -0.0000 -0.0000 10.5183 -21.2833 6.0843
-9.2300 17.6689 -11.3961 0.5518 -1.9239 -0.2547 0.0000 0.0000 0.0000 -20.8069 -4.3948 -5.2172 7.6136 15.8275 51.1585 0.3903 -12.1317 21.6654 0.0952 -1.9897 -5.4771 0.0000 0.0000 0.0000 24.3237 6.2241 -14.0608 -1.2330 -7.0418 19.8394 0.0058 -3.1965 -4.2430 -0.3051 -3.5510 9.8168 -1.6152 -0.6015 6.2513 2.9884 -0.8164 0.1701 4.0787 -0.3602 -3.2657 -9.2380 -3.3122 -17.5954 4.8935 -3.2378 22.5743 2.8309 -1.7110 10.3757 -0.0000 0.0000 0.0000 -89.6322 -3.2741 20.6915 13.8288 -22.4895 -2.7623 -0.0000 -0.0000 11.2242 20.8387 17.3279 6.4679 -7.1250 0.0000 -0.0000 -6.8952 48.3190 -0.5670 -0.0000 0.0000 0.0000 87.8713 -3.4540 5.9233 -13.1336 21.4826 -2.5020 0.0000 0.0000 11.1157 -12.8918 9.8463 -2.2414 7.1250 -0.0000 -0.0000 10.0281 -19.9584 6.0960
-9.2628 17.7190 -11.1229 0.3352 -2.3431 -0.3772 0.0000 0.0000 0.0000 -20.0871 -4.6203 -8.0566 8.6207 16.5573 54.7688 0.3501 -10.9243 19.9141 0.4745 -4.4178 -12.2552 0.0000 0.0000 0.0000 24.9361 5.2156 -12.3699 -1.0940 -6.6467 18.6729 -0.0166 -2.5506 -4.5705 -0.1921 -2.8227 7.7856 -1.3624 -0.3108 6.5833 2.9357 -0.4109 0.1204 3.8498 -0.1577 -3.5390 -8.9893 -3.3827 -17.3766 4.7688 -3.3913 22.3115 2.7200 -1.7736 10.2440 0.0000 -0.0000 0.0000 -89.7223 -2.9191 20.8279 13.4684 -21.9697 -2.6259 -0.0000 -0.0000 12.0342 22.5805 12.7487 5.2433 -7.1250 0.0000 -0.0000 -4.3177 43.7061 0.1382 0.0000 -0.0000 0.0000 87.8095 -3.0233 6.3674 -12.9304 21.1851 -2.4281 0.0000 0.0000 10.8322 -13.5661 11.3845 -2.7270 7.1250 -0.0000 -0.0000 9.5083 -18.3682 6.1123
-9.2977 17.7339 -10.8571 0.0687 -2.8157 -0.6609 0.0000 0.0000 0.0000 -19.3228 -4.5813 -10.1887 9.4589 17.0941 57.6640 0.0718 -9.9136 15.2432 0.3629 -3.8698 -10.7106 0.0000 0.0000 0.0000 25.5131 4.9222 -10.7558 -1.0283 -6.4505 18.0973 -0.0306 -2.3802 -5.0248 -0.1519 -2.5110 6.9202 -1.2478 -0.0613 6.9123 3.0420 -0.0662 0.2009 3.8659 0.0136 -3.6668 -9.2848 -3.4155 -17.3718 4.9965 -3.4043 22.0905 2.8462 -1.7749 10.1747 -0.0000 -0.0000 0.0000 -90.0863 -2.5238 20.5679 13.2974 -21.7214 -2.5623 -0.0000 -0.0000 12.7475 23.0078 11.9755 5.0353 -7.1250 0.0000 -0.0000 -3.8103 42.9248 0.1954 -0.0000 -0.0000 0.0000 87.4789 -2.7190 7.9138 -13.1123 21.4515 -2.4942 0.0000 0.0000 9.4274 -14.4975 10.4786 -2.6924 7.1250 -0.0000 -0.0000 8.8743 -19.2328 5.5220
-9.3297 17.7481 -10.6084 -0.1559 -2.6357 -0.5333 0.0000 0.0000 0.0000 -18.5372 -5.1543 -12.8436 10.1779 17.5087 60.0813 0.0541 -8.2059 12.7227 0.2424 -3.1686 -8.7484 0.0000 0.0000 0.0000 25.9329 4.4887 -10.0674 -1.0232 -6.4349 18.0515 -0.0445 -2.3096 -5.5178 -0.1555 -2.5412 7.0039 -1.0589 -0.0572 7.0746 3.0509 -0.0412 0.0422 3.7687 0.0281 -3.9248 -9.2312 -3.3930 -17.1495 4.9896 -3.4060 22.0056 2.8347 -1.7736 10.1009 -0.0000 -0.0000 0.0000 -90.4253 -1.9302 19.7605 13.1455 -21.5001 -2.5064 -0.0000 -0.0000 13.2351 22.5065 14.3988 5.8827 -7.1250 0.0000 -0.0000 -4.6754 45.4583 -0.0530 -0.0000 -0.0000 0.0000 87.2351 -2.7863 9.4590 -13.7478 22.3731 -2.7314 0.0000 0.0000 9.0270 -14.4177 11.4702 -2.9266 7.1250 -0.0000 -0.0000 8.9115 -18.2289 5.7466
-9.3659 17.7453 -10.3645 -0.4258 -2.8459 -0.4702 0.0000 0.0000 0.0000 -17.7417 -5.2634 -15.3712 10.7382 17.8046 61.9285 -0.0176 -6.7488 9.1802 0.3642 -3.8766 -10.7298 0.0000 0.0000 0.0000 26.4549 4.7173 -9.0511 -1.0234 -6.4355 18.0533 -0.0609 -2.7269 -6.4746 -0.1524 -2.5155 6.9327 -0.9029 0.1206 7.1540 3.0352 0.2089 0.0325 3.6385 0.1503 -3.9971 -9.1624 -3.3770 -17.0919 5.1137 -3.4386 21.9688 2.8631 -1.7684 10.0795 0.0000 -0.0000 0.0000 -90.6355 -1.7244 18.7689 12.9575 -21.2249 -2.4379 -0.0000 -0.0000 13.6090 22.1315 12.7525 5.1300 -7.1250 0.0000 -0.0000 -4.7261 43.6593 0.1568 0.0000 -0.0000 0.0000 87.1612 -1.8724 8.0053 -14.3591 23.2458 -2.9684 0.0000 0.0000 15.7387 -10.2203 9.2534 -1.6606 7.1250 -0.0000 -0.0000 11.9497 -20.6667 7.1173
-9.3857 17.7505 -10.1169 -0.4233 -2.7250 -0.4684 0.0000 0.0000 0.0000 -17.4744 -5.8104 -17.3903 11.0048 17.9374 62.7972 -0.0192 -4.8039 6.1393 0.3563 -3.8350 -10.6128 0.0000 0.0000 0.0000 26.5766 4.3373 -8.1948 -1.0373 -6.4776 18.1766 -0.0910 -2.7330 -7.3822 -0.1177 -2.2122 6.0924 -0.6965 0.2462 7.1881 2.8259 0.3830 0.1418 3.2837 0.2287 -3.9117 -8.9606 -3.5205 -17.2225 5.0541 -3.6659 21.8746 2.7738 -1.8599 10.0832 -0.0000 0.0000 0.0000 -90.7268 -1.7001 18.2914 12.8744 -21.1029 -2.4079 -0.0000 -0.0000 12.9662 20.5896 15.9910 5.9086 -7.1250 0.0000 -0.0000 -6.8010 46.8860 -0.3180 -0.0000 0.0000 0.0000 87.2636 -1.0611 9.4478 -14.3719 23.2638 -2.9734 0.0000 0.0000 11.6117 -10.4343 7.1278 -1.3090 7.1250 -0.0000 -0.0000 11.9347 -22.7719 6.5233
-9.3951 17.7589 -9.8442 -0.3278 -3.2386 -0.7491 0.0000 0.0000 0.0000 -17.4960 -5.8951 -18.8316 11.0158 17.9428 62.8329 -0.0120 -2.9405 3.4200 0.3506 -3.8043 -10.5268 0.0000 0.0000 0.0000 26.5592 3.8992 -6.9545 -1.0518 -6.5216 18.3055 -0.1450 -2.1645 -8.3306 -0.1755 -2.6986 7.4406 -0.5793 0.4292 7.1796 2.6686 0.6283 0.2321 3.0270 0.3453 -3.8251 -9.1956 -3.5278 -16.9374 5.2595 -3.6892 21.8767 2.8852 -1.8706 10.0411 0.0000 0.0000 0.0000 -90.9577 -1.1497 17.9427 12.9424 -21.2027 -2.4324 -0.0000 -0.0000 11.4692 16.6024 24.0752 6.9348 -7.1250 0.0000 -0.0000 -13.4822 54.4682 -3.1801 0.0000 0.0000 0.0000 87.1445 -0.3412 10.6760 -13.7688 22.4032 -2.7394 0.0000 0.0000 7.4126 -14.2972 11.4478 -2.8956 7.1250 -0.0000 -0.0000 8.9961 -18.2591 5.7965
-9.4146 17.7588 -9.5925 -0.6353 -3.8138 -0.6300 0.0000 0.0000 0.0000 -16.9070 -6.1916 -20.6952 10.9164 17.8939 62.5098 -0.0083 -1.7164 1.2456 0.1856 -2.7744 -7.6512 0.0000 0.0000 0.0000 27.0522 3.9844 -6.0590 -1.0631 -6.5554 18.4046 -0.1902 -2.0099 -9.2318 -0.1379 -2.3931 6.5932 -0.2223 0.6207 7.1030 2.6491 0.9111 0.2277 2.7757 0.4789 -3.7969 -9.1501 -3.4400 -17.0795 5.2526 -3.5648 21.9522 2.8929 -1.8091 10.0833 -0.0000 -0.0000 0.0000 -91.1661 -0.5619 17.3275 13.0377 -21.3424 -2.4670 -0.0000 -0.0000 11.3689 11.6768 36.1051 6.9434 -7.1250 0.0000 -0.0000 -27.9568 64.5539 -13.7392 -0.0000 -0.0000 0.0000 86.9806 0.3376 10.3942 -14.4902 23.4311 -3.0203 0.0000 0.0000 11.7385 -12.0923 8.3933 -1.7912 7.1250 -0.0000 -0.0000 10.6622 -21.4548 6.1283
-9.4164 17.7298 -9.3614 -1.0234 -4.1017 -0.6271 0.0000 0.0000 0.0000 -16.3860 -6.7941 -22.2472 10.6706 17.7701 61.7072 0.0023 -1.1921 -1.1220 0.1369 -2.3846 -6.5697 0.0000 0.0000 0.0000 27.5044 3.6114 -5.3896 -1.1067 -6.6839 18.7822 -0.2307 -1.6995 -9.8591 -0.0954 -1.9920 5.4836 0.4531 0.7614 7.3269 2.5987 1.1540 0.2904 2.3150 0.5866 -3.8552 -9.0151 -3.4744 -17.2267 4.9921 -3.5734 22.0587 2.7763 -1.8309 10.1430 -0.0000 -0.0000 0.0000 -91.2632 -0.5186 17.1132 12.7160 -20.8697 -2.3512 -0.0000 -0.0000 11.7845 9.6626 39.4687 6.1769 -7.1250 0.0000 -0.0000 -34.5463 66.7663 -19.0504 -0.0000 -0.0000 0.0000 86.9071 1.0693 11.2185 -14.8132 23.8853 -3.1499 0.0000 0.0000 10.9160 -12.7977 8.5164 -1.9267 7.1250 -0.0000 -0.0000 10.1503 -21.3034 5.8599
-9.4283 17.6926 -9.1336 -1.3414 -4.1638 -0.5437 0.0000 0.0000 0.0000 -15.8856 -7.6210 -23.6339 10.2132 17.5280 60.1986 0.0292 -0.6528 -3.0620 0.0854 -1.8854 -5.1890 0.0000 0.0000 0.0000 27.9243 3.5605 -4.8098 -1.1649 -6.8515 19.2763 -0.2964 -1.5338 -10.9599 -0.1415 -2.4245 6.6804 0.8509 0.8546 7.3510 2.5623 1.3070 0.4037 2.0370 0.6545 -3.7472 -8.9336 -3.5736 -17.4326 5.0156 -3.7180 21.9388 2.7475 -1.8835 10.1488 -0.0000 -0.0000 0.0000 -91.2947 -0.3694 17.4327 12.6974 -20.8423 -2.3445 -0.0000 -0.0000 11.3601 13.0870 30.5694 6.7427 -7.1250 0.0000 -0.0000 -21.1271 59.9536 -7.9215 -0.0000 -0.0000 0.0000 86.8526 1.9978 11.7621 -15.0181 24.1713 -3.2333 0.0000 0.0000 10.2225 -13.7650 9.6268 -2.3459 7.1250 -0.0000 -0.0000 9.4161 -20.1372 5.6751
-9.4324 17.6635 -8.8933 -1.8180 -4.3645 -0.3977 0.0000 0.0000 0.0000 -15.2754 -8.4535 -24.7373 9.4987 17.1181 57.7992 0.0552 -0.0751 -4.4120 0.0869 -1.9014 -5.2334 0.0000 0.0000 0.0000 28.5087 3.4215 -4.3585 -1.2250 -7.0199 19.7744 -0.3464 -1.5961 -11.8157 -0.0552 -1.5167 4.1718 1.4832 0.9926 7.5190 2.5646 1.5532 0.2553 1.6545 0.7652 -3.9863 -9.0573 -3.6466 -17.1154 5.1201 -3.8395 21.8542 2.7895 -1.9410 10.0734 0.0000 -0.0000 0.0000 -91.3868 0.0538 17.5453 12.6893 -20.8303 -2.3416 -0.0000 -0.0000 11.3624 12.6676 33.3474 7.0436 -7.1250 0.0000 -0.0000 -23.9779 62.3873 -10.4526 0.0000 -0.0000 0.0000 86.6430 2.1860 13.0061 -15.5653 24.9277 -3.4607 0.0000 0.0000 9.4272 -13.7070 7.0876 -1.7237 7.1250 -0.0000 -0.0000 9.5614 -22.7140 5.1985
-9.4381 17.6315 -8.6656 -1.9863 -4.4475 -0.1128 0.0000 0.0000 0.0000 -14.9995 -9.3014 -25.7391 8.6136 16.5525 54.7440 0.0867 0.3679 -5.7067 0.0656 -1.6523 -4.5458 0.0000 0.0000 0.0000 28.7043 3.2172 -4.0349 -1.2669 -7.1345 20.1145 -0.4138 -1.4740 -12.7768 -0.0526 -1.4801 4.0709 1.6119 1.0238 7.5799 2.6327 1.6113 0.2347 1.6454 0.7919 -4.0416 -8.7212 -3.6568 -17.9093 4.5119 -3.7281 22.1878 2.5291 -1.9258 10.3161 0.0000 0.0000 0.0000 -91.7355 0.1790 17.2503 12.5081 -20.5623 -2.2776 -0.0000 -0.0000 11.8211 15.7521 25.6022 6.9494 -7.1250 0.0000 -0.0000 -15.1174 55.8024 -4.0737 0.0000 0.0000 0.0000 86.1828 2.6593 14.6501 -16.3204 25.9531 -3.7851 0.0000 0.0000 9.0622 -12.5645 5.0072 -1.1144 7.1250 -0.0000 -0.0000 10.5271 -24.8460 5.2136
-9.4363 17.6128 -8.4139 -2.2245 -4.5871 0.1432 0.0000 0.0000 0.0000 -14.7481 -9.8952 -26.2484 7.5805 15.8019 51.0373 0.1771 0.3934 -8.1010 0.2016 -2.8915 -7.9767 0.0000 0.0000 0.0000 28.9401 2.5926 -3.5534 -1.2870 -7.1886 20.2752 -0.4712 -1.1748 -13.4461 -0.0547 -1.5086 4.1494 2.0058 1.1701 7.4328 2.5872 1.8361 0.1388 1.3546 0.8952 -4.0489 -8.8687 -3.6223 -17.4691 4.7653 -3.7340 21.8578 2.6435 -1.9126 10.1223 -0.0000 -0.0000 0.0000 -91.8597 0.5338 17.0053 12.4389 -20.4596 -2.2534 -0.0000 -0.0000 12.7446 20.9077 12.9101 4.8784 -7.1250 0.0000 -0.0000 -5.8636 43.6886 0.1905 -0.0000 -0.0000 0.0000 85.9100 3.2331 15.4627 -16.7131 26.4780 -3.9586 0.0000 0.0000 8.8681 -13.6855 10.9777 -2.6549 7.1250 -0.0000 -0.0000 9.4342 -18.7729 5.9776
-9.4391 17.5959 -8.1780 -2.5825 -4.7465 0.4274 0.0000 0.0000 0.0000 -14.2897 -10.4289 -26.6948 6.4400 14.8416 46.7231 0.2258 0.9086 -9.3538 0.3251 -3.6648 -10.1356 0.0000 0.0000 0.0000 29.4069 2.5703 -2.9135 -1.2776 -7.1633 20.2002 -0.4865 -1.9593 -14.0333 -0.0241 -1.0026 2.7559 2.4323 1.2449 7.3129 2.6135 1.9655 0.1969 1.1320 0.9525 -3.9095 -8.8289 -3.7479 -17.7928 4.6720 -3.8664 21.8501 2.5816 -1.9767 10.1883 -0.0000 -0.0000 0.0000 -92.0530 0.2974 16.6284 12.1517 -20.0318 -2.1540 -0.0000 -0.0000 12.7241 21.9112 11.6390 4.6392 -7.1250 0.0000 -0.0000 -4.7444 42.4489 0.2994 -0.0000 -0.0000 0.0000 85.6024 3.9921 16.5385 -17.0183 26.8819 -4.0956 0.0000 0.0000 7.6844 -13.5101 9.5893 -2.2920 7.1250 -0.0000 -0.0000 9.5985 -20.1878 5.7771
-9.4375 17.5801 -7.9248 -2.5256 -5.1121 0.5814 0.0000 0.0000 0.0000 -14.4169 -10.8994 -26.3551 5.2827 13.6953 42.0303 0.1939 2.0896 -9.3578 0.1512 -2.5054 -6.9047 0.0000 0.0000 0.0000 29.2778 2.0679 -2.1238 -1.2490 -7.0858 19.9699 -0.5312 -1.8050 -14.5400 -0.0285 -1.0894 2.9948 2.3919 1.4581 7.1969 2.5035 2.2373 0.1801 1.0150 1.0875 -3.8596 -8.5720 -3.7827 -18.0857 4.5323 -3.9332 22.0673 2.4789 -2.0007 10.3178 0.0000 -0.0000 0.0000 -92.1942 0.5308 16.6104 11.9778 -19.7713 -2.0948 -0.0000 -0.0000 12.6872 14.2550 27.9227 6.7847 -7.1250 0.0000 -0.0000 -18.0241 57.7291 -5.7400 0.0000 -0.0000 0.0000 85.3957 4.1983 17.2524 -17.5775 27.6128 -4.3517 0.0000 0.0000 7.0548 -13.1894 9.2320 -2.1532 7.1250 -0.0000 -0.0000 9.8398 -20.5643 5.8420
-9.4382 17.5695 -7.6871 -2.9013 -5.2590 0.7484 0.0000 0.0000 0.0000 -14.0129 -11.3962 -26.0926 4.1826 12.3996 37.1605 0.1950 2.4941 -9.6472 0.1848 -2.7685 -7.6348 0.0000 0.0000 0.0000 29.6873 1.5970 -1.3136 -1.2069 -6.9697 19.6257 -0.5588 -1.7931 -14.8840 -0.0164 -0.8263 2.2710 2.6696 1.5060 7.3226 2.6468 2.3354 0.1752 0.9945 1.1313 -3.9307 -8.5501 -3.7926 -18.1753 4.2973 -3.8810 21.9473 2.3964 -2.0001 10.2828 0.0000 -0.0000 0.0000 -92.5464 0.6986 16.1080 11.9923 -19.7931 -2.0997 -0.0000 -0.0000 13.2029 13.2023 31.2129 6.9314 -7.1250 0.0000 -0.0000 -21.5211 60.5752 -8.3983 0.0000 -0.0000 0.0000 84.9858 4.8308 18.0247 -17.8997 28.0286 -4.5020 0.0000 0.0000 6.5343 -13.0223 8.3186 -1.9164 7.1250 -0.0000 -0.0000 9.9981 -21.4938 5.7254
-9.4348 17.5594 -7.4346 -2.8798 -5.4928 1.1152 0.0000 0.0000 0.0000 -14.0243 -12.1695 -25.7508 3.2079 11.0243 32.3617 0.1989 3.2554 -10.2721 0.2115 -2.9608 -8.1696 0.0000 0.0000 0.0000 29.5402 1.2460 -0.4117 -1.1337 -6.7622 19.0127 -0.5945 -1.3661 -15.1226 -0.0407 -1.3027 3.5821 2.5741 1.6229 7.0020 2.6556 2.4717 0.1120 1.0512 1.2020 -3.8207 -8.5754 -3.7150 -18.1250 4.3927 -3.7876 21.7273 2.4468 -1.9460 10.1893 0.0000 0.0000 0.0000 -92.7842 0.9169 16.5450 11.7648 -19.4510 -2.0233 -0.0000 -0.0000 11.3081 17.8719 23.8280 7.4220 -7.1250 0.0000 -0.0000 -12.0825 54.4651 -2.8412 0.0000 0.0000 0.0000 84.6044 5.1985 18.8304 -18.1680 28.3717 -4.6288 0.0000 0.0000 5.7048 -12.9744 7.9952 -1.8355 7.1250 -0.0000 -0.0000 10.0478 -21.8221 5.6786
-9.4321 17.5487 -7.1684 -2.9883 -5.9015 1.4488 0.0000 0.0000 0.0000 -13.8589 -12.6569 -25.5576 2.4253 9.7009 28.0134 0.2148 4.1113 -11.2522 0.1992 -2.8741 -7.9285 0.0000 0.0000 0.0000 29.5066 1.0672 0.6426 -1.0511 -6.5194 18.2992 -0.6221 -1.0795 -15.3289 -0.0597 -1.5771 4.3382 2.6170 1.7726 6.5132 2.6358 2.6520 0.1043 1.0043 1.2934 -3.5516 -8.7487 -3.7022 -18.0553 4.7115 -3.8077 21.7797 2.5881 -1.9338 10.2063 -0.0000 -0.0000 0.0000 -92.9138 0.8712 15.7093 11.7929 -19.4934 -2.0327 -0.0000 -0.0000 13.8361 21.4687 11.8196 4.6056 -7.1250 0.0000 -0.0000 -5.1694 42.5952 0.3076 -0.0000 -0.0000 0.0000 84.4455 5.5897 19.1885 -18.7133 29.0609 -4.8908 0.0000 0.0000 6.5101 -12.2504 7.9117 -1.7119 7.1250 -0.0000 -0.0000 10.5740 -21.9327 5.9589
-9.4287 17.5232 -6.9123 -3.0377 -6.1348 1.5996 0.0000 0.0000 0.0000 -13.9266 -12.7487 -25.4940 1.8628 8.5743 24.4726 0.2178 4.6857 -11.7973 0.2205 -3.0227 -8.3419 0.0000 0.0000 0.0000 29.3936 0.6691 1.6063 -1.0035 -6.3745 17.8750 -0.6470 -0.8259 -15.5162 -0.0248 -1.0160 2.7927 2.5376 1.8398 6.1893 2.6524 2.7156 0.2566 1.0733 1.3302 -3.2165 -8.8076 -3.6092 -18.3182 4.7955 -3.6560 21.7966 2.6484 -1.8557 10.2528 -0.0000 0.0000 0.0000 -93.1314 0.7931 15.7350 11.7586 -19.4416 -2.0212 -0.0000 -0.0000 13.4140 19.6411 17.9829 6.2877 -7.1250 0.0000 -0.0000 -8.2169 48.8210 -0.7792 -0.0000 0.0000 0.0000 84.1923 6.2928 19.9597 -18.8459 29.2267 -4.9554 0.0000 0.0000 5.4064 -13.4459 8.9522 -2.1306 7.1250 -0.0000 -0.0000 9.6676 -20.8356 5.6768
-9.4231 17.5159 -6.6520 -3.1419 -6.3486 1.9862 0.0000 0.0000 0.0000 -13.8093 -13.3303 -25.6850 1.4750 7.6742 21.7287 0.2173 5.5360 -12.5622 0.2071 -2.9298 -8.0835 0.0000 0.0000 0.0000 29.3878 0.6661 2.1797 -0.9964 -6.3526 17.8110 -0.6906 -0.5676 -15.9170 -0.0093 -0.6230 1.7119 2.6163 1.8718 5.8404 2.5908 2.7527 0.0937 0.9718 1.3471 -3.1826 -8.6974 -3.6231 -18.3521 4.7105 -3.6934 22.1347 2.5978 -1.8774 10.3803 0.0000 -0.0000 0.0000 -93.1145 1.1153 15.6631 11.6748 -19.3152 -1.9934 -0.0000 -0.0000 13.7545 21.4807 12.2652 4.7788 -7.1250 0.0000 -0.0000 -5.2324 43.0694 0.2500 0.0000 -0.0000 0.0000 84.1673 6.5235 20.3775 -19.0981 29.5404 -5.0791 0.0000 0.0000 5.0570 -12.8420 7.4378 -1.6903 7.1250 -0.0000 -0.0000 10.1718 -22.3893 5.6172
-9.4174 17.5048 -6.4003 -3.4889 -6.2889 2.1229 0.0000 0.0000 0.0000 -13.3760 -14.3153 -25.5239 1.2621 7.1213 20.0753 0.2734 5.9541 -13.8402 0.2442 -3.1802 -8.7809 0.0000 0.0000 0.0000 29.6235 -0.0496 2.7781 -0.9798 -6.3010 17.6604 -0.6266 -0.8098 -15.2694 -0.0039 -0.4019 1.1042 2.7841 1.8105 5.7832 2.6871 2.6876 -0.0206 0.9829 1.3116 -3.2659 -8.5817 -3.6135 -18.1118 4.7192 -3.7365 22.0198 2.5759 -1.8882 10.2939 0.0000 -0.0000 0.0000 -93.2117 1.3548 15.8755 11.7155 -19.3766 -2.0069 -0.0000 -0.0000 13.1211 13.9170 27.7596 6.5834 -7.1250 0.0000 -0.0000 -18.2681 57.5016 -5.7200 0.0000 -0.0000 0.0000 84.2267 6.9314 20.3252 -18.9717 29.3835 -5.0170 0.0000 0.0000 5.4454 -13.2142 8.6889 -2.0316 7.1250 -0.0000 -0.0000 9.8440 -21.1119 5.7210
-9.3965 17.4696 -6.1532 -3.4975 -6.0046 2.5337 0.0000 0.0000 0.0000 -13.3606 -15.5893 -25.7290 1.1926 6.9296 19.5069 0.2970 6.2145 -14.4276 0.2898 -3.4619 -9.5674 0.0000 0.0000 0.0000 29.4000 -0.5009 3.2695 -0.9690 -6.2671 17.5615 -0.6049 -0.8840 -15.0388 -0.0003 0.1025 -0.2815 2.7749 1.6551 5.6986 2.6609 2.4960 -0.5151 0.9723 1.2100 -3.7301 -8.6443 -3.4779 -17.6899 4.8928 -3.6236 22.4062 2.6733 -1.8314 10.3494 -0.0000 -0.0000 0.0000 -93.2650 2.1961 15.7760 11.6481 -19.2748 -1.9846 -0.0000 -0.0000 13.3547 18.3026 20.0708 6.4761 -7.1250 0.0000 -0.0000 -10.1647 50.7513 -1.4534 -0.0000 -0.0000 0.0000 84.2764 6.7227 20.5481 -18.8544 29.2374 -4.9595 0.0000 0.0000 5.1716 -13.2892 8.9243 -2.0984 7.1250 -0.0000 -0.0000 9.7807 -20.8708 5.7373
-9.3847 17.4542 -5.9066 -3.7077 -5.5215 2.6398 0.0000 0.0000 0.0000 -14.0751 -14.0493 -26.2685 1.2095 6.9769 19.6471 0.2457 4.4825 -12.1015 0.2055 -2.9187 -8.0524 0.0000 0.0000 0.0000 29.5862 -0.5832 4.0410 -0.9791 -6.2987 17.6536 -0.5707 -1.4672 -14.8765 -0.0021 0.2984 -0.8199 2.8488 1.4454 5.4648 2.7950 2.2083 -0.3528 1.1027 1.0705 -3.4334 -8.7288 -3.5837 -18.2042 4.8508 -3.6933 22.5793 2.6605 -1.8709 10.5170 -0.0000 -0.0000 0.0000 -93.5215 1.6664 15.6122 11.4630 -18.9945 -1.9239 -0.0000 -0.0000 13.2819 15.5791 25.5865 6.8660 -7.1250 0.0000 -0.0000 -15.2854 55.7524 -4.1018 -0.0000 -0.0000 0.0000 84.2277 7.4044 20.3511 -18.9062 29.3020 -4.9849 0.0000 0.0000 5.3103 -13.0978 8.0901 -1.8754 7.1250 -0.0000 -0.0000 9.9543 -21.7217 5.6473
-9.3778 17.4414 -5.6596 -4.0527 -5.1610 2.3360 0.0000 0.0000 0.0000 -14.6095 -12.8364 -26.1857 1.3039 7.2338 20.4099 0.1496 4.2035 -10.0717 0.2631 -3.2998 -9.1145 0.0000 0.0000 0.0000 29.9511 -0.6026 5.0780 -1.0163 -6.4138 17.9898 -0.5594 -1.8285 -14.9089 -0.0382 1.2608 -3.4666 2.8177 1.2562 5.7296 3.0770 1.9730 -0.2608 1.4260 0.9563 -3.4987 -8.7917 -3.5251 -17.9833 4.7083 -3.5743 22.5250 2.6378 -1.8411 10.4453 -0.0000 -0.0000 0.0000 -93.8849 1.5606 15.1020 11.2879 -18.7282 -1.8673 -0.0000 -0.0000 14.1316 16.0073 24.6316 6.8183 -7.1250 0.0000 -0.0000 -14.3551 54.9022 -3.5454 -0.0000 -0.0000 0.0000 84.1193 7.5264 20.2660 -19.1703 29.6297 -5.1148 0.0000 0.0000 5.8615 -13.1178 7.9065 -1.8360 7.1250 -0.0000 -0.0000 9.9486 -21.9063 5.6015
-9.3636 17.4326 -5.3895 -4.3328 -5.7133 1.9608 0.0000 0.0000 0.0000 -14.7967 -12.3402 -25.3490 1.4128 7.5177 21.2586 0.1473 3.6086 -9.4969 0.1673 -2.6352 -7.2646 0.0000 0.0000 0.0000 30.0603 -0.4020 6.1439 -1.1164 -6.7122 18.8654 -0.5933 -0.9059 -14.9064 -0.1326 2.3467 -6.4649 2.8686 1.4597 5.9858 3.1543 2.2597 -0.1809 1.4473 1.0980 -3.5630 -8.7293 -3.6560 -17.5377 4.6332 -3.7930 22.2578 2.5685 -1.9476 10.2783 0.0000 0.0000 0.0000 -93.8649 1.5112 15.0660 10.9109 -18.1515 -1.7481 -0.0000 -0.0000 13.9755 15.9006 24.4571 6.7263 -7.1250 0.0000 -0.0000 -14.3761 54.7103 -3.4830 0.0000 0.0000 0.0000 84.2242 7.3193 20.1441 -19.1861 29.6493 -5.1226 0.0000 0.0000 5.2401 -14.2054 8.8526 -2.2309 7.1250 -0.0000 -0.0000 9.1275 -20.9018 5.3374
-9.3440 17.4333 -5.1118 -4.4254 -6.0400 1.7014 0.0000 0.0000 0.0000 -14.9661 -12.3652 -24.5299 1.4942 7.7217 21.8721 0.0784 2.8295 -7.1059 0.0565 -1.5344 -4.2207 0.0000 0.0000 0.0000 30.0220 -0.2146 6.6587 -1.2813 -7.1733 20.2299 -0.5925 -0.7887 -14.8485 -0.2914 3.4714 -9.5940 2.9053 1.6105 5.8898 3.0847 2.4479 -0.0129 1.3430 1.1930 -3.3313 -8.6547 -3.6764 -17.5738 4.8020 -3.8823 22.2193 2.6032 -1.9614 10.2789 0.0000 0.0000 0.0000 -93.6886 1.1500 15.0239 10.7314 -17.8753 -1.6925 -0.0000 -0.0000 14.5246 15.8413 25.1974 6.8881 -7.1250 0.0000 -0.0000 -14.8123 55.4245 -3.8518 0.0000 0.0000 0.0000 84.6354 7.1516 19.5513 -19.3038 29.7944 -5.1809 0.0000 0.0000 4.8844 -13.9306 8.9840 -2.2182 7.1250 -0.0000 -0.0000 9.3197 -20.7812 5.4785
-9.3109 17.4628 -4.8196 -3.6479 -6.7682 1.6091 0.0000 0.0000 0.0000 -16.0773 -12.0590 -23.7585 1.5041 7.7462 21.9457 0.0185 2.2975 -4.3787 0.1129 -2.1669 -5.9671 0.0000 0.0000 0.0000 28.7884 0.0604 6.5948 -1.5492 -7.8562 22.2782 -0.5601 -0.2555 -14.2349 -0.4374 4.2438 -11.7635 2.1138 1.9105 5.6690 2.7531 2.7802 -0.1680 1.4187 1.3687 -3.3891 -8.5270 -3.7114 -17.4315 4.8753 -4.0153 22.6630 2.5955 -2.0096 10.4208 0.0000 0.0000 0.0000 -93.5603 1.3595 14.7189 10.4772 -17.4825 -1.6153 -0.0000 -0.0000 15.2635 17.4804 22.1564 6.7732 -7.1250 0.0000 -0.0000 -11.7574 52.7179 -2.2581 0.0000 0.0000 0.0000 85.0171 6.3019 19.0808 -19.5094 30.0468 -5.2835 0.0000 0.0000 5.0647 -13.6710 8.5594 -2.0733 7.1250 -0.0000 -0.0000 9.5218 -21.2235 5.5041
-9.2908 17.4914 -4.5328 -2.8120 -7.0906 1.2862 0.0000 0.0000 0.0000 -17.3875 -11.0686 -22.7663 1.4532 7.6197 21.5649 0.0154 -0.6153 -2.2080 0.0007 0.1753 0.4817 0.0000 0.0000 0.0000 27.6645 0.3113 6.1448 -1.9961 -8.8580 25.3523 -0.4861 -0.1308 -13.2216 -0.4321 4.2185 -11.6923 1.1557 2.0942 5.5753 2.4199 2.9421 0.0239 1.6035 1.4638 -3.1697 -8.1559 -3.8008 -18.0933 4.7485 -4.1718 23.0752 2.4634 -2.0585 10.6973 -0.0000 0.0000 0.0000 -93.3476 0.7912 14.4445 10.2970 -17.2027 -1.5616 -0.0000 -0.0000 15.6389 15.6039 25.1178 6.7607 -7.1250 0.0000 -0.0000 -15.0119 55.2999 -3.8596 -0.0000 0.0000 0.0000 85.6171 6.6166 17.9030 -19.0232 29.4475 -5.0422 0.0000 0.0000 6.0631 -13.5947 8.0491 -1.9394 7.1250 -0.0000 -0.0000 9.5980 -21.7436 5.4345
-9.2640 17.5216 -4.2413 -2.1033 -7.2178 1.0886 0.0000 0.0000 0.0000 -18.6137 -10.2481 -21.6565 1.4157 7.5251 21.2807 0.0036 -1.0713 -1.2158 0.0127 0.7274 1.9990 0.0000 0.0000 0.0000 26.4758 0.2844 4.8529 -2.5884 -9.9968 28.9665 -0.3871 0.3452 -11.6365 -0.5525 4.7614 -13.2293 0.4048 2.0474 5.5791 2.2336 2.8329 -0.2597 1.8349 1.4214 -3.4894 -8.6792 -3.7903 -17.2996 5.1786 -4.1936 23.1929 2.7124 -2.0762 10.6129 0.0000 -0.0000 0.0000 -93.3631 1.3470 13.7641 10.2260 -17.0924 -1.5407 -0.0000 -0.0000 15.7062 15.7516 25.3360 6.8823 -7.1250 0.0000 -0.0000 -14.9761 55.5422 -3.9390 0.0000 -0.0000 0.0000 86.0656 5.8689 17.4406 -18.5585 28.8664 -4.8159 0.0000 0.0000 5.8981 -13.6486 6.5198 -1.5793 7.1250 -0.0000 -0.0000 9.6333 -23.2915 5.1092
-9.2338 17.5629 -3.9475 -1.7484 -6.9080 0.7161 0.0000 0.0000 0.0000 -19.5778 -9.3204 -20.4596 1.4199 7.5357 21.3124 0.0021 -1.5610 -1.3094 0.0335 1.1811 3.2472 0.0000 0.0000 0.0000 25.5663 -0.0336 3.4588 -3.3024 -11.1691 32.8525 -0.2430 0.9037 -9.0352 -0.5311 4.6700 -12.9697 0.1515 1.8817 5.6547 2.0679 2.5929 -0.3642 1.8223 1.3058 -3.6359 -8.5158 -3.6981 -17.1184 5.0434 -4.1073 23.6270 2.6559 -2.0454 10.7234 0.0000 -0.0000 0.0000 -93.2541 1.6203 13.2880 10.1629 -16.9940 -1.5222 -0.0000 -0.0000 15.9236 15.8245 25.6495 6.9946 -7.1250 0.0000 -0.0000 -15.0688 55.8631 -4.0825 0.0000 -0.0000 0.0000 86.7848 5.3591 16.1848 -17.9858 28.1390 -4.5425 0.0000 0.0000 6.3008 -13.6266 7.8632 -1.8995 7.1250 -0.0000 -0.0000 9.5832 -21.9307 5.3845
-9.2000 17.5961 -3.6806 -2.0057 -6.8136 0.6005 0.0000 0.0000 0.0000 -19.7642 -8.4941 -19.6693 1.4467 7.6034 21.5159 -0.0128 -2.8261 -1.0883 0.0394 1.2816 3.5240 0.0000 0.0000 0.0000 25.2494 0.0308 1.5041 -4.1422 -12.3473 36.9718 -0.0707 0.9069 -4.7825 -0.1982 2.8671 -7.9089 0.4498 1.7562 5.6376 2.1688 2.4488 -0.3637 1.7728 1.2293 -3.6130 -8.7742 -3.6141 -17.1799 5.1644 -3.9448 23.7721 2.7690 -1.9810 10.7849 -0.0000 0.0000 0.0000 -93.3376 1.5258 12.9681 10.2708 -17.1621 -1.5539 -0.0000 -0.0000 15.7531 15.2540 26.2628 6.8806 -7.1250 0.0000 -0.0000 -15.9911 56.3439 -4.5295 -0.0000 0.0000 0.0000 87.2365 4.6265 15.6662 -17.9672 28.1152 -4.5338 0.0000 0.0000 6.4018 -12.9805 6.8139 -1.5666 7.1250 -0.0000 -0.0000 10.1052 -23.0142 5.4324
-9.1569 17.6211 -3.4084 -1.7879 -6.6680 0.4281 0.0000 0.0000 0.0000 -20.5846 -7.7966 -18.7957 1.4666 7.6533 21.6660 -0.0244 -3.5864 -1.1181 0.0555 1.5203 4.1816 0.0000 0.0000 0.0000 24.1949 -0.0264 -0.6933 -5.0913 -13.4859 41.2156 0.0033 1.0485 0.0926 -0.0434 1.3453 -3.6995 0.3831 1.6905 5.5263 2.1089 2.3535 -0.3927 1.7594 1.1828 -3.5776 -8.9974 -3.6776 -17.0097 5.2228 -4.0065 23.9006 2.8218 -2.0265 10.8117 0.0000 0.0000 0.0000 -93.3327 1.7203 13.4440 10.5185 -17.5465 -1.6278 -0.0000 -0.0000 15.3568 15.4151 25.4118 6.7479 -7.1250 0.0000 -0.0000 -15.3587 55.5495 -4.0458 0.0000 0.0000 0.0000 87.6015 3.9128 15.1235 -17.8785 28.0014 -4.4921 0.0000 0.0000 6.5164 -12.2164 5.9363 -1.2827 7.1250 -0.0000 -0.0000 10.7188 -23.9187 5.5462
-9.1180 17.6376 -3.1283 -1.0378 -6.6089 0.1210 0.0000 0.0000 0.0000 -21.9916 -7.2423 -17.4115 1.4077 7.5045 21.2190 -0.0273 -3.6483 -0.9850 0.1852 2.7719 7.6443 0.0000 0.0000 0.0000 22.5750 0.1119 -3.0052 -6.1449 -14.5673 45.5605 -0.0379 1.4414 4.5071 -0.0014 -0.2445 0.6719 -0.1837 1.5792 5.2828 1.8376 2.1513 -0.1228 1.8251 1.0880 -3.1658 -8.8019 -3.6570 -17.6950 5.0068 -3.9154 24.0468 2.7203 -1.9854 10.9824 0.0000 -0.0000 0.0000 -93.0252 1.3647 14.2856 10.6386 -17.7322 -1.6642 -0.0000 -0.0000 14.6442 15.7675 25.2646 6.8716 -7.1250 0.0000 -0.0000 -14.9226 55.4758 -3.9001 0.0000 -0.0000 0.0000 87.9256 3.7924 15.2903 -17.7538 27.8408 -4.4337 0.0000 0.0000 6.2619 -12.3048 7.2671 -1.5805 7.1250 -0.0000 -0.0000 10.5707 -22.5787 5.7983
-9.0842 17.6676 -2.8634 -0.0562 -6.7305 -0.2464 0.0000 0.0000 0.0000 -23.6031 -6.4868 -15.7983 1.2971 7.2157 20.3561 -0.0281 -3.8987 -1.2670 0.2077 2.9344 8.0961 0.0000 0.0000 0.0000 20.7970 0.6530 -5.4495 -7.3324 -15.6055 50.1205 -0.1034 2.5408 7.5626 -0.0894 -1.9289 5.3093 -0.9974 1.6331 5.3573 1.4583 2.1594 -0.0035 1.8894 1.1008 -3.1002 -8.8015 -3.7450 -17.8971 5.0135 -4.0234 24.0557 2.7047 -2.0311 11.0340 0.0000 0.0000 0.0000 -92.5752 1.2030 15.8954 10.9967 -18.2832 -1.7749 -0.0000 -0.0000 13.5553 15.3353 25.2902 6.6819 -7.1250 0.0000 -0.0000 -15.3751 55.4154 -3.9997 0.0000 0.0000 0.0000 88.2958 3.3163 15.3073 -17.6855 27.7526 -4.4018 0.0000 0.0000 6.6605 -12.8405 7.8157 -1.7754 7.1250 -0.0000 -0.0000 10.1533 -22.0081 5.6964
-9.0534 17.6805 -2.6155 0.7417 -6.8451 -0.3511 0.0000 0.0000 0.0000 -24.8609 -5.9767 -14.7141 1.2365 7.0515 19.8681 -0.0366 -4.1299 -1.0068 0.0170 0.8406 2.3103 0.0000 0.0000 0.0000 19.2987 1.4708 -8.2019 -8.5708 -16.5234 54.5935 -0.1221 1.4687 7.3116 -0.2124 -2.9673 8.1876 -1.7769 1.6352 5.4011 1.1903 2.1049 -0.0892 2.0522 1.0856 -3.2292 -8.6295 -3.6271 -17.8044 5.0010 -3.9120 23.9937 2.6881 -1.9670 10.9787 0.0000 0.0000 0.0000 -91.9926 1.2293 17.5245 11.3237 -18.7827 -1.8788 -0.0000 -0.0000 12.2774 16.2187 23.5804 6.6372 -7.1250 0.0000 -0.0000 -13.6358 53.9065 -3.0290 0.0000 0.0000 0.0000 88.4261 2.8009 16.0292 -17.6734 27.7370 -4.3962 0.0000 0.0000 6.4033 -11.0810 7.4981 -1.4640 7.1250 -0.0000 -0.0000 11.4421 -22.3851 6.3465
-9.0255 17.6674 -2.3778 1.5373 -6.6335 -0.5952 0.0000 0.0000 0.0000 -26.1409 -5.2561 -13.8731 1.2326 7.0408 19.8364 -0.0287 -4.4759 -1.9022 0.1397 2.4085 6.6362 0.0000 0.0000 0.0000 17.9216 1.5770 -10.6841 -9.6846 -17.2286 58.4290 -0.0630 -1.0101 4.4929 -0.0838 -1.8670 5.1382 -2.6406 1.5220 5.5775 1.0377 1.8901 -0.0193 2.3947 0.9911 -3.2687 -8.6740 -3.6187 -17.8147 4.8672 -3.8449 23.8610 2.6545 -1.9554 10.9249 0.0000 0.0000 0.0000 -91.8110 1.2058 18.6936 11.7911 -19.4907 -2.0321 -0.0000 -0.0000 11.7673 16.4092 24.1512 6.8704 -7.1250 0.0000 -0.0000 -13.7136 54.5064 -3.2491 0.0000 0.0000 0.0000 88.3503 2.4184 16.6445 -17.5977 27.6390 -4.3610 0.0000 0.0000 7.2165 -12.3166 6.6139 -1.4406 7.1250 -0.0000 -0.0000 10.6014 -23.2350 5.6533
-9.0013 17.6552 -2.1533 1.9772 -6.1810 -0.8267 0.0000 0.0000 0.0000 -26.9795 -4.6956 -13.0645 1.2434 7.0703 19.9239 -0.0221 -5.2029 -2.8813 0.2610 3.2866 9.0776 0.0000 0.0000 0.0000 16.9672 1.6713 -12.9965 -10.6018 -17.7347 61.4816 0.0256 -3.3158 0.6161 -0.1540 -2.5288 6.9695 -3.2098 1.2765 6.2213 1.0510 1.5051 -0.1434 2.7493 0.8184 -3.7509 -8.9811 -3.4830 -17.5163 4.9515 -3.5988 23.4041 2.7690 -1.8595 10.6879 0.0000 0.0000 0.0000 -91.7076 0.9051 18.9863 12.1159 -19.9782 -2.1417 -0.0000 -0.0000 12.0777 15.5133 24.7490 6.6283 -7.1250 0.0000 -0.0000 -14.9135 54.9217 -3.6950 0.0000 0.0000 0.0000 88.2284 1.9809 17.0962 -17.6015 27.6439 -4.3628 0.0000 0.0000 8.0075 -9.5772 3.9954 -0.6736 7.1250 -0.0000 -0.0000 12.8323 -25.8917 6.0856
-8.9798 17.6548 -1.9311 2.3029 -5.7667 -0.7521 0.0000 0.0000 0.0000 -27.5921 -4.3247 -12.5314 1.2577 7.1095 20.0402 -0.0191 -5.9688 -3.6200 0.2451 3.1861 8.7972 0.0000 0.0000 0.0000 16.2278 1.9722 -15.7364 -11.1969 -18.0301 63.4194 0.1060 -5.8294 -1.2046 -0.1277 -2.3039 6.3463 -3.6087 1.1771 6.3801 0.9953 1.3354 -0.1289 2.9303 0.7422 -3.8212 -9.0235 -3.5610 -18.2649 4.9145 -3.6214 23.7087 2.7588 -1.8721 10.9473 0.0000 0.0000 0.0000 -91.4304 0.3517 19.6692 12.4170 -20.4270 -2.2457 -0.0000 -0.0000 12.1908 13.7602 30.0788 6.9972 -7.1250 0.0000 -0.0000 -20.0427 59.6533 -7.3498 0.0000 0.0000 0.0000 88.3780 2.3544 16.4596 -17.1068 26.9983 -4.1357 0.0000 0.0000 8.7706 -9.8647 6.2328 -1.0816 7.1250 -0.0000 -0.0000 12.4168 -23.6733 6.5353
-8.9504 17.6516 -1.6927 2.2636 -5.4044 -0.9594 0.0000 0.0000 0.0000 -27.8650 -3.9738 -11.5745 1.2897 7.1958 20.2968 -0.0049 -6.3843 -4.3424 0.3326 3.7066 10.2527 0.0000 0.0000 0.0000 15.8343 2.2428 -17.5996 -11.5028 -18.1725 64.4039 0.1875 -7.6582 -3.1002 -0.1681 -2.6412 7.2814 -3.4613 1.0890 6.5600 0.9868 1.2237 -0.0039 2.8480 0.6810 -3.7801 -9.0144 -3.6548 -18.3833 4.7859 -3.7105 23.7326 2.6958 -1.9263 10.9844 -0.0000 0.0000 0.0000 -91.1408 -0.0456 20.1608 12.6686 -20.7998 -2.3343 -0.0000 -0.0000 10.5133 16.4148 24.1998 6.8857 -7.1250 0.0000 -0.0000 -13.7314 54.5555 -3.2700 -0.0000 0.0000 0.0000 88.6505 2.4185 15.4822 -16.9773 26.8279 -4.0771 0.0000 0.0000 9.6502 -10.6670 7.3682 -1.3837 7.1250 -0.0000 -0.0000 11.7497 -22.5264 6.4854
-8.9246 17.6386 -1.4732 2.3118 -5.0954 -0.8355 0.0000 0.0000 0.0000 -28.1399 -4.1603 -11.2260 1.3904 7.4603 21.0863 0.0268 -6.6791 -5.3226 0.4088 4.1047 11.3713 0.0000 0.0000 0.0000 15.4337 2.8286 -19.6357 -11.6128 -18.2221 64.7560 0.2426 -8.7506 -4.2661 -0.2639 -3.3047 9.1283 -3.5583 0.9475 6.6351 1.0625 1.0261 -0.2043 2.9994 0.5931 -4.0190 -9.1261 -3.4842 -17.7604 4.7766 -3.4871 23.4558 2.7451 -1.8400 10.7461 0.0000 0.0000 0.0000 -91.1280 -0.2379 19.7320 12.7680 -20.9464 -2.3697 -0.0000 -0.0000 10.8669 17.3905 25.7333 7.7439 -7.1250 0.0000 -0.0000 -13.5033 56.2637 -3.7785 0.0000 0.0000 0.0000 88.7334 1.9744 14.6952 -16.6829 26.4378 -3.9451 0.0000 0.0000 9.3533 -10.7984 7.1464 -1.3593 7.1250 -0.0000 -0.0000 11.6699 -22.7437 6.3802
-8.9054 17.5936 -1.2675 2.5593 -4.2451 -0.8177 0.0000 0.0000 0.0000 -28.6662 -4.3513 -11.1754 1.5364 7.8251 22.1841 0.0739 -7.2953 -6.6555 0.2284 3.0764 8.4916 0.0000 0.0000 0.0000 14.8451 3.0514 -21.4742 -11.5032 -18.1727 64.4052 0.1791 -8.2156 -6.6302 -0.1807 -2.7380 7.5502 -3.8223 0.6562 6.9946 1.0694 0.6027 -0.2659 3.1974 0.3944 -4.2552 -9.0006 -3.4447 -17.9965 4.4847 -3.3719 23.6808 2.6361 -1.8120 10.8585 -0.0000 0.0000 0.0000 -91.1125 -0.7229 19.4040 13.1933 -21.5698 -2.5239 -0.0000 -0.0000 10.0818 21.8133 14.1653 5.5941 -7.1250 0.0000 -0.0000 -5.2720 45.1230 -0.0160 -0.0000 0.0000 0.0000 88.8235 1.6435 14.2637 -16.7138 26.4789 -3.9589 0.0000 0.0000 8.4259 -11.7113 7.4283 -1.5352 7.1250 -0.0000 -0.0000 10.9910 -22.4355 6.0739
-8.8815 17.5643 -1.0364 2.4678 -3.7491 -0.7368 0.0000 0.0000 0.0000 -28.7943 -4.5965 -10.7970 1.6847 8.1760 23.2499 0.1193 -7.7057 -7.6782 0.2616 3.2906 9.0889 0.0000 0.0000 0.0000 14.6059 3.7674 -23.0023 -11.1430 -18.0044 63.2452 0.0807 -7.1854 -8.0830 -0.1857 -2.7752 7.6536 -3.7594 0.5034 6.7850 1.1781 0.4170 -0.2394 3.2952 0.2983 -4.0941 -9.0552 -3.3876 -17.3279 4.4463 -3.3170 23.0898 2.6358 -1.7953 10.5092 0.0000 0.0000 0.0000 -91.0474 -1.1220 19.7972 13.4566 -21.9526 -2.6215 -0.0000 -0.0000 8.4830 17.6946 23.7986 7.3359 -7.1250 0.0000 -0.0000 -12.2492 54.4018 -2.8623 0.0000 0.0000 0.0000 88.8161 1.3656 13.6921 -16.8026 26.5968 -3.9985 0.0000 0.0000 8.1079 -12.2834 7.2938 -1.5834 7.1250 -0.0000 -0.0000 10.5847 -22.5525 5.8127
-8.8539 17.5207 -0.8063 2.6371 -3.3521 -0.8189 0.0000 0.0000 0.0000 -29.2410 -4.6954 -10.3239 1.8470 8.5399 24.3665 0.1627 -8.0365 -8.5347 0.3547 3.8263 10.5885 0.0000 0.0000 0.0000 14.0488 4.3886 -24.0316 -10.5990 -17.7332 61.4722 -0.0347 -6.0195 -9.4832 -0.0790 -1.8136 4.9909 -3.8794 0.3934 6.6816 1.2059 0.2687 0.0122 3.4067 0.2159 -3.7623 -8.9936 -3.4926 -18.0257 4.2313 -3.3631 23.4126 2.5398 -1.8335 10.7609 0.0000 -0.0000 0.0000 -90.9600 -1.6108 20.3589 14.1086 -22.8897 -2.8702 -0.0000 -0.0000 8.1587 14.8854 35.8873 8.8562 -7.1250 0.0000 -0.0000 -24.2002 65.2523 -12.1712 0.0000 -0.0000 0.0000 88.6346 1.4760 13.5472 -16.7931 26.5843 -3.9943 0.0000 0.0000 7.8061 -12.0532 6.5177 -1.3884 7.1250 -0.0000 -0.0000 10.7998 -23.3387 5.7366
-8.8445 17.4858 -0.6076 2.4612 -2.6270 -0.7484 0.0000 0.0000 0.0000 -29.1780 -5.1036 -9.9809 1.9838 8.8323 25.2720 0.2048 -8.6986 -9.4424 0.4502 4.3047 11.9356 0.0000 0.0000 0.0000 14.0039 5.3521 -25.1733 -9.8414 -17.3197 58.9570 -0.1283 -4.9521 -10.3508 -0.0200 0.9119 -2.5065 -3.9140 0.1508 7.0560 1.3840 -0.0658 -0.1070 3.6482 0.0611 -4.0674 -8.9188 -3.3553 -17.7016 4.0715 -3.1773 23.2420 2.4969 -1.7621 10.6180 0.0000 0.0000 0.0000 -90.8478 -1.9147 20.8090 14.3904 -23.2901 -2.9807 -0.0000 -0.0000 7.3744 15.3993 33.8448 8.7213 -7.1250 0.0000 -0.0000 -21.4886 63.5469 -9.8952 0.0000 0.0000 0.0000 88.3890 0.9064 14.3360 -17.0925 26.9796 -4.1292 0.0000 0.0000 6.7635 -11.5835 6.3982 -1.3085 7.1250 -0.0000 -0.0000 11.1507 -23.4706 5.8954
-8.8351 17.4745 -0.3983 2.2692 -1.8448 -0.3215 0.0000 0.0000 0.0000 -29.0621 -5.6945 -9.7905 2.0898 9.0506 25.9537 0.2182 -9.2602 -9.8675 0.5136 4.5936 12.7528 0.0000 0.0000 0.0000 13.8854 6.3860 -26.2449 -8.8985 -16.7420 55.7386 -0.2414 -3.7619 -11.4474 -0.0220 0.9575 -2.6318 -3.9170 -0.0391 7.0152 1.5206 -0.3118 -0.0871 3.8176 -0.0615 -4.0003 -9.0444 -3.4002 -18.5022 4.3833 -3.2104 23.4786 2.6248 -1.7451 10.8681 0.0000 -0.0000 0.0000 -90.5761 -2.4608 22.1230 14.9895 -24.1315 -3.2216 -0.0000 -0.0000 6.1057 17.8174 28.2842 8.6593 -7.1250 0.0000 -0.0000 -14.5076 58.8633 -4.9821 0.0000 -0.0000 0.0000 88.1663 1.2548 14.4294 -16.9221 26.7549 -4.0522 0.0000 0.0000 6.6803 -11.5216 6.8555 -1.3939 7.1250 -0.0000 -0.0000 11.1649 -23.0145 6.0226
-8.8201 17.4453 -0.1795 2.1153 -1.3039 -0.2389 0.0000 0.0000 0.0000 -29.0219 -5.5663 -9.2381 2.1469 9.1655 26.3145 0.2346 -10.0542 -10.4308 0.5227 4.6336 12.8663 0.0000 0.0000 0.0000 13.7347 7.4661 -26.5131 -7.8303 -15.9930 51.9493 -0.4063 -2.3002 -13.1026 -0.3806 3.9618 -10.9692 -3.8521 -0.1226 7.3266 1.6451 -0.4246 -0.1923 3.9277 -0.1090 -4.2741 -9.1193 -3.3979 -18.1768 4.4088 -3.2184 23.2515 2.6442 -1.7523 10.7244 0.0000 0.0000 0.0000 -90.4036 -2.5620 23.0115 15.5034 -24.8427 -3.4347 -0.0000 -0.0000 5.6174 15.3222 36.8424 9.3295 -7.1250 0.0000 -0.0000 -24.8347 66.2226 -13.0598 0.0000 0.0000 0.0000 87.9283 1.0470 14.5410 -17.0502 26.9240 -4.1101 0.0000 0.0000 7.4470 -11.8191 7.1608 -1.4942 7.1250 -0.0000 -0.0000 10.9293 -22.7004 5.9711
-8.8077 17.4466 0.0460 2.2644 -0.5664 0.0291 0.0000 0.0000 0.0000 -29.3075 -5.7867 -8.5108 2.1556 9.1829 26.3691 0.2539 -10.7543 -10.9859 0.5411 4.7132 13.0922 0.0000 0.0000 0.0000 13.0424 8.6842 -26.7033 -6.6551 -15.0344 47.5574 -0.3389 -1.8364 -11.8227 -0.1689 2.6473 -7.2982 -4.1494 -0.2467 7.2092 1.6613 -0.6098 -0.1320 4.1306 -0.1993 -4.1245 -8.9709 -3.4960 -18.6149 4.3977 -3.3546 23.2490 2.5923 -1.7971 10.8144 -0.0000 0.0000 0.0000 -90.1476 -2.9452 24.0439 15.9929 -25.5110 -3.6429 -0.0000 -0.0000 5.7566 19.0907 25.2732 8.4053 -7.1250 0.0000 -0.0000 -11.5063 56.1551 -3.1779 -0.0000 0.0000 0.0000 87.8462 0.9881 14.6068 -17.5259 27.5458 -4.3277 0.0000 0.0000 8.3167 -11.6624 6.3466 -1.3071 7.1250 -0.0000 -0.0000 11.0966 -23.5203 5.8528
-8.8120 17.4467 0.2618 2.0266 0.5041 0.2226 0.0000 0.0000 0.0000 -29.0592 -6.0032 -7.6036 2.1080 9.0874 26.0692 0.2487 -11.6124 -11.3280 0.4866 4.4729 12.4112 0.0000 0.0000 0.0000 12.7534 10.1077 -26.3893 -5.4504 -13.8738 42.7341 -0.3095 -0.5394 -10.7170 -0.3144 3.6046 -9.9668 -4.2102 -0.4634 7.3689 1.8301 -0.9033 -0.1724 4.3765 -0.3385 -4.2232 -8.9783 -3.4567 -18.3622 4.5201 -3.3435 22.8228 2.6359 -1.7741 10.6101 0.0000 -0.0000 0.0000 -89.8873 -2.7958 25.3080 17.1531 -27.0592 -4.1568 -0.0000 -0.0000 4.3532 16.0839 33.6744 9.0831 -7.1250 0.0000 -0.0000 -20.5672 63.5714 -9.4641 0.0000 -0.0000 0.0000 87.7492 0.8042 14.4588 -17.6145 27.6607 -4.3688 0.0000 0.0000 8.1608 -12.0542 6.7519 -1.4382 7.1250 -0.0000 -0.0000 10.7840 -23.1036 5.7873
-8.8025 17.4618 0.4921 2.0592 1.5112 0.6072 0.0000 0.0000 0.0000 -29.1608 -6.2889 -6.6731 2.0252 8.9185 25.5406 0.2150 -12.2542 -11.2639 0.4277 4.1970 11.6315 0.0000 0.0000 0.0000 11.8661 11.9892 -25.8533 -4.2853 -12.5307 37.6361 -0.2740 1.2304 -9.5312 -0.3623 3.8665 -10.7013 -4.3263 -0.6466 7.0088 1.8270 -1.1432 -0.1592 4.4552 -0.4623 -3.9790 -8.8239 -3.5003 -18.6618 4.3714 -3.3831 22.8745 2.5489 -1.7935 10.6835 0.0000 0.0000 0.0000 -89.6549 -2.8737 25.8954 17.7537 -27.8407 -4.4336 -0.0000 -0.0000 4.5663 18.4500 27.0353 8.6230 -7.1250 0.0000 -0.0000 -13.0982 57.7753 -4.1431 0.0000 0.0000 0.0000 87.7106 1.0867 14.3374 -17.5055 27.5194 -4.3183 0.0000 0.0000 7.9803 -11.7541 6.2386 -1.2953 7.1250 -0.0000 -0.0000 11.0370 -23.6262 5.7928
-8.8079 17.4642 0.7153 1.9464 2.5517 0.7251 0.0000 0.0000 0.0000 -28.9871 -6.2609 -5.6984 1.9667 8.7963 25.1602 0.1561 -13.3558 -11.2101 0.4988 4.5280 12.5671 0.0000 0.0000 0.0000 10.9470 14.7630 -24.6511 -3.2618 -11.1073 32.6427 -0.2303 3.1873 -8.5271 -0.3261 3.6704 -10.1512 -4.4385 -0.7589 7.1364 1.8654 -1.3051 -0.0934 4.5774 -0.5419 -3.9616 -8.8610 -3.5955 -18.6658 4.6461 -3.5703 22.5958 2.6235 -1.8446 10.6014 0.0000 0.0000 0.0000 -89.4034 -3.2322 26.6111 18.3253 -28.5717 -4.7038 -0.0000 -0.0000 3.3788 18.7519 26.2736 8.5464 -7.1250 0.0000 -0.0000 -12.3664 57.0843 -3.6998 0.0000 0.0000 0.0000 87.8432 1.3042 13.8502 -17.5854 27.6231 -4.3553 0.0000 0.0000 7.3069 -11.6482 5.8296 -1.1995 7.1250 -0.0000 -0.0000 11.1435 -24.0384 5.7426
-8.8076 17.4549 0.9379 1.5059 3.7981 0.8676 0.0000 0.0000 0.0000 -28.4141 -6.3536 -5.0738 1.9927 8.8508 25.3296 0.0967 -14.6436 -11.3484 0.5133 4.5921 12.7487 0.0000 0.0000 0.0000 10.4877 16.9387 -23.3783 -2.4557 -9.7569 28.1930 -0.1598 5.8640 -7.6673 -0.8111 5.7473 -16.0531 -4.1988 -0.9392 7.0138 2.0886 -1.5105 0.0623 4.6889 -0.6572 -3.7072 -8.9886 -3.6393 -18.7743 4.8093 -3.6172 22.3604 2.6932 -1.8524 10.5453 -0.0000 0.0000 0.0000 -89.3425 -3.5772 27.2508 19.1600 -29.6170 -5.1097 -0.0000 -0.0000 2.9847 17.8018 27.4577 8.4219 -7.1250 0.0000 -0.0000 -14.0263 58.0500 -4.5374 -0.0000 0.0000 0.0000 87.7221 1.3457 13.8264 -17.6297 27.6804 -4.3758 0.0000 0.0000 6.4266 -11.9263 6.6907 -1.4097 7.1250 -0.0000 -0.0000 10.8811 -23.1685 5.8247
