HIERARCHY
ROOT Hips
{
	OFFSET 0.00000 0.00000 0.00000
	CHANNELS 6 Xposition Yposition Zposition Zrotation Yrotation Xrotation 
	JOINT LHipJoint
	{
		OFFSET 0 0 0
		CHANNELS 3 Zrotation Yrotation Xrotation
		JOINT LeftUpLeg
		{
			OFFSET 1.58895 -1.83665 0.71753
			CHANNELS 3 Zrotation Yrotation Xrotation
			JOINT LeftLeg
			{
				OFFSET 2.50528 -6.88321 0.00000
				CHANNELS 3 Zrotation Yrotation Xrotation
				JOINT LeftFoot
				{
					OFFSET 2.63244 -7.23257 0.00000
					CHANNELS 3 Zrotation Yrotation Xrotation
					JOINT LeftToeBase
					{
						OFFSET 0.23691 -0.65090 1.72750
						CHANNELS 3 Zrotation Yrotation Xrotation
						End Site
						{
							OFFSET 0.00000 -0.00000 0.92561
						}
					}
				}
			}
		}
	}
	JOINT RHipJoint
	{
		OFFSET 0 0 0
		CHANNELS 3 Zrotation Yrotation Xrotation
		JOINT RightUpLeg
		{
			OFFSET -1.51435 -1.83665 0.71753
			CHANNELS 3 Zrotation Yrotation Xrotation
			JOINT RightLeg
			{
				OFFSET -2.54551 -6.99375 0.00000
				CHANNELS 3 Zrotation Yrotation Xrotation
				JOINT RightFoot
				{
					OFFSET -2.66027 -7.30903 0.00000
					CHANNELS 3 Zrotation Yrotation Xrotation
					JOINT RightToeBase
					{
						OFFSET -0.22981 -0.63138 2.03959
						CHANNELS 3 Zrotation Yrotation Xrotation
						End Site
						{
							OFFSET -0.00000 -0.00000 1.07060
						}
					}
				}
			}
		}
	}
	JOINT LowerBack
	{
		OFFSET 0 0 0
		CHANNELS 3 Zrotation Yrotation Xrotation
		JOINT Spine
		{
			OFFSET -0.02651 1.86275 -0.11152
			CHANNELS 3 Zrotation Yrotation Xrotation
			JOINT Spine1
			{
				OFFSET 0.01019 1.86224 0.04087
				CHANNELS 3 Zrotation Yrotation Xrotation
				JOINT Neck
				{
					OFFSET 0 0 0
					CHANNELS 3 Zrotation Yrotation Xrotation
					JOINT Neck1
					{
						OFFSET -0.01926 1.80512 0.08867
						CHANNELS 3 Zrotation Yrotation Xrotation
						JOINT Head
						{
							OFFSET 0.05516 1.76451 -0.38475
							CHANNELS 3 Zrotation Yrotation Xrotation
							End Site
							{
								OFFSET 0.01592 1.82587 -0.14001
							}
						}
					}
				}
				JOINT LeftShoulder
				{
					OFFSET 0 0 0
					CHANNELS 3 Zrotation Yrotation Xrotation
					JOINT LeftArm
					{
						OFFSET 3.47116 1.51376 0.14491
						CHANNELS 3 Zrotation Yrotation Xrotation
						JOINT LeftForeArm
						{
							OFFSET 4.78095 -0.00000 0.00000
							CHANNELS 3 Zrotation Yrotation Xrotation
							JOINT LeftHand
							{
								OFFSET 3.58615 -0.00000 -0.00000
								CHANNELS 3 Zrotation Yrotation Xrotation
								JOINT LeftFingerBase
								{
									OFFSET 0 0 0
									CHANNELS 3 Zrotation Yrotation Xrotation
									JOINT LeftHandIndex1
									{
										OFFSET 0.65981 -0.00000 0.00000
										CHANNELS 3 Zrotation Yrotation Xrotation
										End Site
										{
											OFFSET 0.53196 -0.00000 0.00000
										}
									}
								}
								JOINT LThumb
								{
									OFFSET 0 0 0
									CHANNELS 3 Zrotation Yrotation Xrotation
									End Site
									{
										OFFSET 0.54008 -0.00000 0.54008
									}
								}
							}
						}
					}
				}
				JOINT RightShoulder
				{
					OFFSET 0 0 0
					CHANNELS 3 Zrotation Yrotation Xrotation
					JOINT RightArm
					{
						OFFSET -3.31725 1.61216 0.35156
						CHANNELS 3 Zrotation Yrotation Xrotation
						JOINT RightForeArm
						{
							OFFSET -4.48913 -0.00000 0.00000
							CHANNELS 3 Zrotation Yrotation Xrotation
							JOINT RightHand
							{
								OFFSET -3.70510 -0.00000 0.00000
								CHANNELS 3 Zrotation Yrotation Xrotation
								JOINT RightFingerBase
								{
									OFFSET 0 0 0
									CHANNELS 3 Zrotation Yrotation Xrotation
									JOINT RightHandIndex1
									{
										OFFSET -0.44914 -0.00000 0.00000
										CHANNELS 3 Zrotation Yrotation Xrotation
										End Site
										{
											OFFSET -0.36211 -0.00000 0.00000
										}
									}
								}
								JOINT RThumb
								{
									OFFSET 0 0 0
									CHANNELS 3 Zrotation Yrotation Xrotation
									End Site
									{
										OFFSET -0.36763 -0.00000 0.36763
									}
								}
							}
						}
					}
				}
			}
		}
	}
}
MOTION
Frames: 230
Frame Time: 0.0166667
-0.6850 18.1528 5.7723 0.0000 0.0000 0.0000 0.0000 0.0000 0.0000 -21.0000 0.0000 0.0000 0.0000 0.0000 0.0000 0.0000 0.0000 0.0000 0.0000 0.0000 0.0000 0.0000 0.0000 0.0000 21.0000 0.0000 0.0000 0.0000 0.0000 0.0000 0.0000 0.0000 0.0000 0.0000 0.0000 0.0000 0.0000 0.0000 0.0000 0.0000 0.0000 0.0000 0.0000 0.0000 0.0000 0.0000 0.0000 -16.0000 0.0000 0.0000 21.0000 0.0000 0.0000 11.0000 0.0000 0.0000 0.0000 -8.0000 0.0000 0.0000 0.0000 0.0000 0.0000 0.0000 0.0000 0.0000 0.0000 0.0000 0.0000 0.0000 0.0000 0.0000 0.0000 0.0000 0.0000 0.0000 0.0000 0.0000 8.0000 0.0000 0.0000 0.0000 0.0000 0.0000 0.0000 0.0000 0.0000 0.0000 0.0000 0.0000 0.0000 0.0000 0.0000 0.0000 0.0000 0.0000
-0.6750 18.1590 5.7148 -0.7080 -1.7983 2.4214 0.0000 0.0000 0.0000 -13.0573 -0.6186 11.1828 0.1391 -2.4039 -6.6232 -0.1494 10.6487 -12.5800 0.6454 -5.1392 -14.3060 0.0000 0.0000 0.0000 14.4125 -0.7403 13.0070 -0.5099 4.5773 -12.7067 -0.0409 -10.5498 -15.6357 -0.0136 -0.7533 2.0703 -0.8386 0.1991 2.2996 0.4842 0.2481 -2.6638 0.9546 0.1560 -4.0378 -1.4308 -2.8188 -10.5418 4.0956 -4.6952 23.6421 1.1246 -1.8930 9.2975 0.0000 0.0000 0.0000 -85.3178 3.6405 56.7190 30.7872 -41.5587 -11.9284 -0.0000 0.0000 -13.1025 -1.1834 -11.5951 0.2379 -7.1250 0.0000 -0.0000 -19.5983 18.6992 13.0653 0.0000 0.0000 0.0000 89.1503 -11.7511 27.5615 -37.8117 46.7186 -16.8284 0.0000 -0.0000 -41.0817 -1.2595 -51.1305 0.9807 7.1250 -0.0000 -0.0000 66.7457 -71.1418 -47.4579
-0.6712 18.1594 5.6962 -0.6160 -1.9933 2.4046 0.0000 0.0000 0.0000 -13.1594 -0.4139 11.1934 0.1454 -2.4574 -6.7715 -0.1614 10.6989 -12.4277 0.6564 -5.1821 -14.4286 0.0000 0.0000 0.0000 14.3063 -0.5394 12.9762 -0.5066 4.5627 -12.6655 -0.0340 -10.5979 -15.6005 -0.0100 -0.6461 1.7755 -0.7096 0.0813 2.3115 0.5388 0.0979 -2.5563 0.9473 0.0774 -3.9292 -1.4700 -2.8218 -10.8041 4.0891 -4.7034 23.8660 1.1247 -1.8942 9.4268 0.0000 -0.0000 0.0000 -85.4405 1.2301 59.2774 31.4851 -42.1328 -12.3940 -0.0000 0.0000 -13.6311 -0.8701 -10.6813 0.1613 -7.1250 0.0000 -0.0000 -19.4972 19.5572 12.5895 0.0000 -0.0000 0.0000 88.9107 -9.6134 27.4791 -38.2035 46.9688 -17.1142 0.0000 -0.0000 -44.3527 1.9309 -51.3697 -1.5086 7.1250 -0.0000 -0.0000 69.3938 -70.1259 -48.5958
-0.6709 18.1607 5.6814 -0.6451 -2.1293 2.4037 0.0000 0.0000 0.0000 -13.1309 -0.3132 11.0778 0.1413 -2.4225 -6.6749 -0.1593 10.6311 -12.3500 0.6374 -5.1079 -14.2165 0.0000 0.0000 0.0000 14.3406 -0.3845 12.9668 -0.5087 4.5719 -12.6916 -0.0321 -10.6262 -15.6118 -0.0111 -0.6794 1.8670 -0.4597 -0.0271 2.2734 0.5546 -0.0361 -2.4250 0.8306 0.0027 -3.7685 -1.2333 -2.7829 -11.0244 3.9098 -4.6567 23.8968 1.0252 -1.8675 9.4677 0.0000 -0.0000 0.0000 -85.7545 -1.1133 61.0474 31.6820 -42.2922 -12.5263 -0.0000 0.0000 -14.2395 -0.2026 -9.6467 0.0339 -7.1250 0.0000 -0.0000 -19.1719 20.5279 11.9063 0.0000 -0.0000 0.0000 88.8234 -7.5953 27.4799 -38.2407 46.9924 -17.1414 0.0000 -0.0000 -46.1979 1.9919 -51.3163 -1.5551 7.1250 -0.0000 -0.0000 69.2954 -70.0853 -48.4580
-0.7023 18.1554 5.6822 -0.5594 -1.7043 2.1534 0.0000 0.0000 0.0000 -13.1440 -0.7343 11.2880 0.1302 -2.3255 -6.4061 -0.1542 10.6031 -12.4030 0.6580 -5.1883 -14.4464 0.0000 0.0000 0.0000 14.5027 0.1050 13.7005 -0.5152 4.6004 -12.7723 -0.0615 -11.0976 -16.6635 -0.0132 -0.7431 2.0423 -0.7850 -0.2938 2.3075 0.6328 -0.4032 -2.1890 1.1126 -0.1723 -3.5346 -1.1519 -2.7627 -11.3417 3.9001 -4.6520 24.0353 1.0043 -1.8526 9.5749 0.0000 -0.0000 0.0000 -86.2912 -2.9808 61.8070 31.5230 -42.1636 -12.4195 -0.0000 0.0000 -14.5878 0.8369 -9.4289 -0.1371 -7.1250 0.0000 -0.0000 -18.4883 20.7246 11.3451 0.0000 -0.0000 0.0000 88.5472 -5.7188 27.9627 -37.9186 46.7872 -16.9063 0.0000 -0.0000 -46.8917 1.7449 -51.3527 -1.3630 7.1250 -0.0000 -0.0000 69.2333 -70.1834 -48.5221
-0.7040 18.1574 5.6731 -0.5211 -1.8533 2.1349 0.0000 0.0000 0.0000 -13.1933 -0.6631 11.0635 0.1145 -2.1821 -6.0092 -0.1334 10.4622 -12.5749 0.6647 -5.2142 -14.5205 0.0000 0.0000 0.0000 14.4391 0.0634 13.7013 -0.5248 4.6425 -12.8918 -0.0514 -11.0590 -16.4742 -0.0149 -0.7892 2.1691 -0.6818 -0.3865 2.3482 0.6472 -0.5226 -2.1258 1.0759 -0.2348 -3.4900 -1.0764 -2.7262 -11.4542 3.7385 -4.5790 24.0590 0.9427 -1.8281 9.5964 0.0000 0.0000 0.0000 -87.0886 -4.3100 61.4822 31.0502 -41.7767 -12.1033 -0.0000 0.0000 -14.2085 1.2551 -9.5542 -0.2084 -7.1250 0.0000 -0.0000 -18.1869 20.6009 11.1936 0.0000 0.0000 0.0000 88.1105 -4.3112 28.9183 -37.5286 46.5356 -16.6226 0.0000 -0.0000 -47.2947 1.3049 -51.2127 -1.0172 7.1250 -0.0000 -0.0000 68.5947 -70.2828 -48.0719
-0.7077 18.1584 5.6709 -0.4860 -2.0475 2.2362 0.0000 0.0000 0.0000 -13.2227 -0.5399 10.7929 0.1046 -2.0857 -5.7425 -0.1167 10.3338 -12.6863 0.6198 -5.0383 -14.0178 0.0000 0.0000 0.0000 14.3910 0.1074 13.5800 -0.5306 4.6676 -12.9628 -0.0386 -11.0272 -16.2528 -0.0128 -0.7306 2.0078 -0.5656 -0.4354 2.3078 0.5935 -0.5849 -2.1793 0.9587 -0.2691 -3.5226 -1.1318 -2.7383 -11.3886 3.8821 -4.6219 24.0551 0.9974 -1.8391 9.5890 0.0000 0.0000 0.0000 -87.4145 -5.0611 61.4306 30.9216 -41.6703 -12.0177 -0.0000 0.0000 -14.0785 1.1382 -9.5432 -0.1887 -7.1250 0.0000 -0.0000 -18.2683 20.6128 11.2440 0.0000 0.0000 0.0000 87.7914 -3.5766 29.9890 -37.4792 46.5034 -16.5867 0.0000 -0.0000 -47.7504 1.0833 -51.6641 -0.8498 7.1250 -0.0000 -0.0000 69.6341 -70.5243 -49.2968
-0.7124 18.1602 5.6711 -0.5149 -2.2579 2.2687 0.0000 0.0000 0.0000 -13.1517 -0.3542 10.7066 0.1019 -2.0584 -5.6672 -0.1024 10.2415 -12.8082 0.5552 -4.7729 -13.2620 0.0000 0.0000 0.0000 14.4294 0.1889 13.5374 -0.5335 4.6803 -12.9990 -0.0260 -11.0344 -16.0841 -0.0087 -0.6027 1.6561 -0.3975 -0.4348 2.2444 0.5582 -0.5786 -2.1268 0.8268 -0.2712 -3.4344 -1.0917 -2.7343 -11.5430 3.9072 -4.6353 24.1090 0.9957 -1.8361 9.6378 -0.0000 -0.0000 0.0000 -87.3944 -5.5184 61.7725 31.1299 -41.8424 -12.1564 -0.0000 0.0000 -14.1753 1.1295 -9.4599 -0.1857 -7.1250 0.0000 -0.0000 -18.2839 20.6920 11.2200 -0.0000 -0.0000 0.0000 87.5405 -3.0763 31.0569 -37.7262 46.6636 -16.7662 0.0000 -0.0000 -48.4165 0.2335 -51.4506 -0.1826 7.1250 -0.0000 -0.0000 68.5446 -70.7415 -48.5806
-0.7204 18.1601 5.6729 -0.5743 -2.4151 2.2409 0.0000 0.0000 0.0000 -13.0590 -0.1870 10.7620 0.1038 -2.0778 -5.7207 -0.1104 10.3464 -12.8277 0.6189 -5.0347 -14.0075 0.0000 0.0000 0.0000 14.5180 0.2214 13.5718 -0.5359 4.6907 -13.0284 -0.0218 -10.9962 -15.9720 -0.0074 -0.5546 1.5238 -0.3273 -0.4121 2.2527 0.5733 -0.5452 -2.0668 0.8009 -0.2565 -3.3782 -0.9969 -2.7998 -11.6334 3.8178 -4.7290 24.1502 0.9363 -1.8791 9.6678 0.0000 -0.0000 0.0000 -87.0456 -5.7710 62.6240 31.5684 -42.2004 -12.4500 -0.0000 0.0000 -14.8048 1.3622 -9.4085 -0.2227 -7.1250 0.0000 -0.0000 -18.1301 20.7381 11.0953 0.0000 -0.0000 0.0000 87.4457 -2.8170 31.5894 -38.0761 46.8878 -17.0211 0.0000 -0.0000 -48.8640 0.4269 -50.9793 -0.3317 7.1250 -0.0000 -0.0000 67.4273 -70.4967 -47.2931
-0.7301 18.1618 5.6735 -0.5595 -2.5782 2.2900 0.0000 0.0000 0.0000 -13.0593 -0.0373 10.6697 0.1022 -2.0620 -5.6770 -0.1210 10.4198 -12.7464 0.6934 -5.3232 -14.8328 0.0000 0.0000 0.0000 14.5052 0.1978 13.5105 -0.5423 4.7182 -13.1064 -0.0114 -10.9477 -15.7536 -0.0075 -0.5599 1.5385 -0.4640 -0.3586 2.2834 0.6458 -0.4769 -2.0453 0.9489 -0.2183 -3.3728 -1.1576 -2.9120 -11.8026 3.9581 -4.8935 24.2451 0.9900 -1.9503 9.7468 -0.0000 0.0000 0.0000 -86.7676 -6.0935 63.6485 31.8614 -42.4364 -12.6472 -0.0000 0.0000 -14.9966 1.2688 -9.4005 -0.2073 -7.1250 0.0000 -0.0000 -18.1952 20.7468 11.1357 -0.0000 0.0000 0.0000 87.4846 -2.6388 31.5853 -38.4350 47.1148 -17.2836 0.0000 -0.0000 -49.3337 0.2675 -50.8672 -0.2075 7.1250 -0.0000 -0.0000 67.0325 -70.5081 -46.9582
-0.7378 18.1629 5.6718 -0.5392 -2.6129 2.3001 0.0000 0.0000 0.0000 -13.0552 -0.0165 10.6390 0.1017 -2.0564 -5.6615 -0.1277 10.4763 -12.7113 0.6811 -5.2769 -14.7000 0.0000 0.0000 0.0000 14.4982 0.1533 13.5090 -0.5481 4.7430 -13.1771 -0.0034 -10.9552 -15.6465 -0.0111 -0.6794 1.8672 -0.6248 -0.3547 2.3308 0.7605 -0.4747 -1.9749 1.1569 -0.2124 -3.3249 -1.2976 -2.9665 -12.2476 4.1329 -5.0038 24.5904 1.0552 -1.9816 9.9681 0.0000 0.0000 0.0000 -86.5531 -6.6875 64.7982 32.1030 -42.6291 -12.8105 -0.0000 0.0000 -15.0421 0.1945 -8.7479 -0.0296 -7.1250 0.0000 -0.0000 -19.0128 21.3746 11.4067 0.0000 0.0000 0.0000 87.4791 -2.2427 31.5218 -38.6104 47.2247 -17.4123 0.0000 -0.0000 -49.9507 0.6092 -50.5354 -0.4703 7.1250 -0.0000 -0.0000 66.4052 -70.2581 -46.1081
-0.7433 18.1630 5.6689 -0.5605 -2.5864 2.3332 0.0000 0.0000 0.0000 -13.0104 -0.0354 10.6908 0.1077 -2.1163 -5.8272 -0.1442 10.6445 -12.6752 0.6990 -5.3443 -14.8931 0.0000 0.0000 0.0000 14.5316 0.1083 13.4562 -0.5497 4.7496 -13.1957 -0.0079 -10.8984 -15.6331 -0.0190 -0.8903 2.4472 -0.6099 -0.3584 2.3863 0.8689 -0.4760 -1.9022 1.2601 -0.2126 -3.2804 -1.3306 -3.1380 -12.8225 4.1147 -5.2650 25.1191 1.0136 -2.0887 10.2797 0.0000 -0.0000 0.0000 -86.3997 -7.5223 66.0884 32.2761 -42.7662 -12.9279 -0.0000 0.0000 -15.1537 -0.1177 -8.9764 0.0184 -7.1250 0.0000 -0.0000 -19.1980 21.1603 11.6311 0.0000 -0.0000 0.0000 87.5103 -1.6032 31.2174 -38.7091 47.2862 -17.4847 0.0000 -0.0000 -50.8773 -0.3453 -50.5294 0.2665 7.1250 -0.0000 -0.0000 65.7508 -70.5849 -45.9259
-0.7469 18.1655 5.6633 -0.5814 -2.5469 2.3354 0.0000 0.0000 0.0000 -12.9593 -0.0141 10.8742 0.1230 -2.2612 -6.2282 -0.1766 10.8911 -12.4639 0.6962 -5.3336 -14.8625 0.0000 0.0000 0.0000 14.5590 0.0818 13.3885 -0.5454 4.7313 -13.1439 -0.0114 -10.8599 -15.6306 -0.0233 -0.9853 2.7084 -0.5099 -0.3937 2.4451 0.9365 -0.5179 -1.7873 1.2755 -0.2358 -3.1942 -0.9340 -3.2182 -13.4445 3.6657 -5.3846 25.6297 0.7621 -2.1390 10.5664 0.0000 -0.0000 0.0000 -86.1050 -8.6663 67.4830 32.5546 -42.9849 -13.1174 -0.0000 0.0000 -14.8420 -0.4217 -8.8106 0.0646 -7.1250 0.0000 -0.0000 -19.4278 21.3183 11.7132 0.0000 -0.0000 0.0000 87.7524 -0.7292 30.5783 -38.7258 47.2966 -17.4970 0.0000 -0.0000 -51.6500 -1.1506 -50.5535 0.8885 7.1250 -0.0000 -0.0000 65.2750 -70.8743 -45.8528
-0.7485 18.1659 5.6535 -0.6147 -2.5040 2.2820 0.0000 0.0000 0.0000 -12.9166 -0.0109 11.0256 0.1336 -2.3563 -6.4915 -0.1906 11.0139 -12.4019 0.6599 -5.1957 -14.4675 0.0000 0.0000 0.0000 14.6112 0.1037 13.4519 -0.5496 4.7494 -13.1952 -0.0051 -10.9461 -15.6591 -0.0227 -0.9732 2.6749 -0.3976 -0.5459 2.6608 1.1411 -0.7111 -1.6773 1.4346 -0.3326 -3.1963 -0.8668 -3.2534 -14.4033 3.3708 -5.4211 26.4586 0.6229 -2.1548 11.0536 -0.0000 0.0000 0.0000 -86.0485 -10.0501 68.5875 32.8147 -43.1871 -13.2951 -0.0000 0.0000 -14.3433 0.0174 -10.3906 -0.0031 -7.1250 0.0000 -0.0000 -18.9333 19.8226 12.0605 -0.0000 0.0000 0.0000 87.8489 0.3490 29.9587 -38.7845 47.3330 -17.5401 0.0000 -0.0000 -52.5995 -1.6194 -50.0864 1.2423 7.1250 -0.0000 -0.0000 63.7314 -70.8411 -44.4786
-0.7486 18.1669 5.6403 -0.4108 -2.5337 2.2935 0.0000 0.0000 0.0000 -13.1644 -0.0118 10.9291 0.1331 -2.3515 -6.4782 -0.2009 11.0972 -12.3431 0.7106 -5.3875 -15.0171 0.0000 0.0000 0.0000 14.3689 0.1959 13.5553 -0.5713 4.8407 -13.4547 0.0147 -11.0953 -15.5776 -0.0312 -1.1409 3.1365 -0.3904 -0.6731 2.8915 1.2876 -0.8756 -1.6829 1.5938 -0.4123 -3.3257 -0.6082 -3.2495 -14.9534 2.6663 -5.3107 26.9375 0.3281 -2.1497 11.3100 -0.0000 0.0000 0.0000 -86.0371 -11.6012 70.0137 32.9543 -43.2949 -13.3907 -0.0000 0.0000 -13.9520 0.9501 -10.9121 -0.1799 -7.1250 0.0000 -0.0000 -18.2436 19.3153 11.7912 -0.0000 0.0000 0.0000 88.0467 1.4320 29.0222 -38.9458 47.4328 -17.6588 0.0000 -0.0000 -53.8451 -2.9412 -49.9439 2.2521 7.1250 -0.0000 -0.0000 62.4339 -71.2406 -43.8278
-0.7464 18.1668 5.6248 -0.1852 -2.6607 2.3189 0.0000 0.0000 0.0000 -13.4386 0.0680 10.7699 0.1298 -2.3222 -6.3969 -0.2055 11.1354 -12.3205 0.6983 -5.3415 -14.8853 0.0000 0.0000 0.0000 14.0759 0.2183 13.5905 -0.5945 4.9363 -13.7271 0.0351 -11.1877 -15.4044 -0.0352 -1.2117 3.3316 -0.2784 -0.8124 3.0435 1.4717 -1.0509 -1.6275 1.7326 -0.5002 -3.3478 -0.4632 -3.1600 -15.5332 2.0815 -5.0728 27.3163 0.1115 -2.0873 11.5429 0.0000 -0.0000 0.0000 -85.9634 -13.3991 71.5637 33.2814 -43.5452 -13.6155 -0.0000 0.0000 -13.3153 -0.6246 -9.5893 0.1040 -7.1250 0.0000 -0.0000 -19.4661 20.5849 12.0853 0.0000 -0.0000 0.0000 88.2549 2.7836 27.9139 -38.9758 47.4513 -17.6810 0.0000 -0.0000 -55.0034 -2.7569 -48.5150 2.0660 7.1250 -0.0000 -0.0000 58.9117 -70.5041 -40.0434
-0.7417 18.1719 5.6088 -0.0472 -2.7838 2.3067 0.0000 0.0000 0.0000 -13.6120 0.1760 10.7098 0.1326 -2.3473 -6.4664 -0.2231 11.2804 -12.2253 0.6899 -5.3099 -14.7947 0.0000 0.0000 0.0000 13.8980 0.2388 13.6695 -0.6174 5.0286 -13.9903 0.0810 -11.4510 -15.0913 -0.0235 -0.9896 2.7203 0.0506 -1.0165 3.3133 1.6983 -1.2991 -1.6140 1.8019 -0.6278 -3.4806 -0.1916 -2.9380 -15.8782 1.2940 -4.6061 27.4535 -0.1630 -1.9440 11.6265 -0.0000 0.0000 0.0000 -85.8191 -15.3002 73.3743 33.4890 -43.7026 -13.7588 -0.0000 0.0000 -12.4035 -1.6099 -9.7113 0.2716 -7.1250 0.0000 -0.0000 -20.1178 20.4747 12.5983 -0.0000 0.0000 0.0000 88.4928 4.1657 26.6360 -38.5917 47.2130 -17.3985 0.0000 -0.0000 -55.8727 -2.6488 -46.5422 1.9233 7.1250 -0.0000 -0.0000 54.3925 -69.4154 -35.2297
-0.7357 18.1728 5.5882 0.0263 -2.9227 2.2360 0.0000 0.0000 0.0000 -13.7317 0.3526 10.7958 0.1434 -2.4401 -6.7236 -0.2530 11.4758 -11.9633 0.7357 -5.4799 -15.2825 0.0000 0.0000 0.0000 13.8001 0.3298 13.8238 -0.6408 5.1215 -14.2554 0.1293 -11.7616 -14.8080 -0.0095 -0.6305 1.7327 0.4716 -1.2523 3.5513 2.0184 -1.5814 -1.5006 1.9177 -0.7745 -3.4921 0.1316 -2.6193 -16.2710 0.3627 -3.9661 27.4208 -0.4734 -1.7395 11.6548 0.0000 0.0000 0.0000 -85.7411 -17.5604 75.6105 33.6903 -43.8539 -13.8980 -0.0000 0.0000 -11.6261 -2.4379 -10.0221 0.4245 -7.1250 0.0000 -0.0000 -20.6333 20.1849 13.1132 0.0000 0.0000 0.0000 88.7158 5.4015 25.0897 -38.8998 47.4044 -17.6250 0.0000 -0.0000 -55.9314 -2.9018 -46.4900 2.1054 7.1250 -0.0000 -0.0000 54.0623 -69.4698 -35.0328
-0.7237 18.1739 5.5676 0.0586 -3.1988 2.1410 0.0000 0.0000 0.0000 -13.8056 0.6960 10.9487 0.1587 -2.5671 -7.0757 -0.2827 11.6845 -11.7277 0.7309 -5.4621 -15.2313 0.0000 0.0000 0.0000 13.7124 0.4840 14.0314 -0.6690 5.2307 -14.5678 0.1601 -11.9469 -14.6039 -0.0062 -0.5084 1.3971 1.1221 -1.4943 3.9577 2.3443 -1.8519 -1.4458 1.9189 -0.9196 -3.6677 0.4927 -2.2571 -16.6765 -0.6704 -3.2493 27.4795 -0.8183 -1.5110 11.7287 -0.0000 0.0000 0.0000 -85.7496 -19.7419 77.7644 33.7995 -43.9357 -13.9738 -0.0000 0.0000 -10.5351 -1.0946 -9.9635 0.1894 -7.1250 0.0000 -0.0000 -19.7372 20.2352 12.4425 -0.0000 0.0000 0.0000 88.9712 7.0097 23.4634 -37.9901 46.8330 -16.9584 0.0000 -0.0000 -56.0853 -6.3527 -45.5974 4.5477 7.1250 -0.0000 -0.0000 49.0612 -70.0928 -31.8707
-0.7056 18.1712 5.5485 0.2350 -3.4736 2.0114 0.0000 0.0000 0.0000 -14.0596 1.0464 11.1231 0.1733 -2.6820 -7.3946 -0.3010 11.8116 -11.5742 0.6966 -5.3351 -14.8669 0.0000 0.0000 0.0000 13.4329 0.6176 14.2895 -0.7042 5.3635 -14.9482 0.2030 -12.2235 -14.3473 -0.0040 -0.4100 1.1266 1.7140 -1.8061 4.3274 2.6701 -2.2152 -1.3219 1.9606 -1.1100 -3.7501 0.9101 -1.7638 -17.1132 -1.8730 -2.3093 27.3434 -1.2005 -1.2021 11.7463 0.0000 0.0000 0.0000 -85.9305 -21.9480 79.9891 33.7382 -43.8898 -13.9312 -0.0000 0.0000 -8.5142 -1.2340 -10.6193 0.2274 -7.1250 0.0000 -0.0000 -19.7491 19.6187 12.7444 0.0000 0.0000 0.0000 89.4798 9.0032 21.1099 -36.2971 45.7164 -15.7348 0.0000 -0.0000 -56.1395 -7.5683 -44.2807 5.2998 7.1250 -0.0000 -0.0000 45.1267 -69.6481 -28.5485
-0.6821 18.1679 5.5287 0.4671 -3.8843 1.9137 0.0000 0.0000 0.0000 -14.4015 1.5100 11.1886 0.1845 -2.7662 -7.6285 -0.3063 11.8030 -11.4292 0.7227 -5.4322 -15.1456 0.0000 0.0000 0.0000 13.0519 0.8240 14.6029 -0.7593 5.5650 -15.5272 0.2606 -12.5750 -13.9626 -0.0073 -0.5517 1.5159 2.3508 -2.1101 4.7391 2.9721 -2.5576 -1.2399 1.9588 -1.2910 -3.9063 1.2515 -1.2532 -17.5925 -2.9674 -1.3591 27.1463 -1.5272 -0.8847 11.7704 0.0000 0.0000 0.0000 -86.1734 -23.8520 82.3758 33.7060 -43.8657 -13.9089 -0.0000 0.0000 -7.0634 -1.2065 -11.4336 0.2392 -7.1250 0.0000 -0.0000 -19.6327 18.8516 13.0199 0.0000 0.0000 0.0000 89.9045 10.2097 18.8014 -35.2974 45.0233 -15.0233 0.0000 -0.0000 -56.2822 -5.9237 -42.3683 3.9998 7.1250 -0.0000 -0.0000 43.0689 -67.8056 -25.3909
-0.6522 18.1580 5.5095 0.6739 -4.3364 1.7965 0.0000 0.0000 0.0000 -14.7109 2.0735 11.4082 0.2093 -2.9454 -8.1267 -0.3267 11.9069 -11.1619 0.7180 -5.4148 -15.0956 0.0000 0.0000 0.0000 12.6563 0.8868 14.9619 -0.8317 5.8181 -16.2577 0.3228 -12.8822 -13.3840 -0.0038 -0.3960 1.0880 3.0444 -2.4592 5.2013 3.3812 -2.9435 -1.1425 2.0477 -1.4938 -4.0759 1.5172 -0.6224 -18.0947 -4.2828 -0.1555 26.7444 -1.8800 -0.4914 11.7470 -0.0000 0.0000 0.0000 -86.6352 -25.4288 84.8109 33.8227 -43.9529 -13.9899 -0.0000 0.0000 -6.4425 2.6777 -12.1668 -0.5648 -7.1250 0.0000 -0.0000 -16.9542 18.0807 11.3642 -0.0000 0.0000 0.0000 90.1900 10.9134 16.4776 -34.8612 44.7128 -14.7156 0.0000 -0.0000 -56.3071 -6.4714 -40.9173 4.2489 7.1250 -0.0000 -0.0000 40.0661 -66.9238 -22.6186
-0.6107 18.1433 5.4893 0.7947 -4.8042 1.6187 0.0000 0.0000 0.0000 -14.9518 2.7562 11.8976 0.2605 -3.2834 -9.0687 -0.3515 12.0445 -10.8491 0.6546 -5.1750 -14.4083 0.0000 0.0000 0.0000 12.3294 0.9922 15.4523 -0.9186 6.1066 -17.0941 0.4048 -13.3791 -12.7656 -0.0003 -0.1092 0.3001 4.0472 -2.7878 5.7715 3.6955 -3.2676 -1.0330 1.8742 -1.6743 -4.3213 1.6536 -0.0022 -18.5711 -5.2187 0.9509 26.2705 -2.0791 -0.1043 11.7087 0.0000 -0.0000 0.0000 -87.2984 -26.6755 87.1206 33.6544 -43.8270 -13.8732 -0.0000 0.0000 -4.5379 3.0634 -13.0177 -0.6907 -7.1250 0.0000 -0.0000 -16.6232 17.2537 11.4391 0.0000 -0.0000 0.0000 90.5500 11.7389 13.9159 -33.8886 44.0020 -14.0356 0.0000 -0.0000 -56.4944 -7.3906 -39.4670 4.7133 7.1250 -0.0000 -0.0000 36.8939 -66.0965 -19.9365
-0.5605 18.1237 5.4716 0.9849 -5.3964 1.3825 0.0000 0.0000 0.0000 -15.2557 3.8709 12.4806 0.3362 -3.7262 -10.3076 -0.3867 12.1531 -10.1326 0.6755 -5.2556 -14.6390 0.0000 0.0000 0.0000 11.8856 1.1731 16.0984 -1.0253 6.4412 -18.0701 0.4799 -13.8371 -12.1669 -0.0001 0.0636 -0.1746 5.0142 -3.1523 5.8231 3.9836 -3.6946 -0.5369 1.6612 -1.8967 -3.8781 1.8628 0.7640 -19.1098 -6.2312 2.2425 25.5079 -2.2811 0.3675 11.5992 -0.0000 -0.0000 0.0000 -88.0518 -28.0652 89.1626 33.6666 -43.8362 -13.8816 -0.0000 0.0000 -5.0510 0.5515 -13.5345 -0.1291 -7.1250 0.0000 -0.0000 -18.2467 16.8329 12.8549 -0.0000 -0.0000 0.0000 90.9015 12.5090 11.4455 -33.4745 43.6916 -13.7488 0.0000 -0.0000 -56.9443 -9.3110 -38.5461 5.8335 7.1250 -0.0000 -0.0000 33.5875 -65.9250 -17.8351
-0.5018 18.0963 5.4585 1.1930 -6.1306 1.1362 0.0000 0.0000 0.0000 -15.5426 5.3747 13.0231 0.4271 -4.1944 -11.6242 -0.4032 12.0375 -9.2389 0.6831 -5.2842 -14.7211 0.0000 0.0000 0.0000 11.3512 1.1803 16.7135 -1.1517 6.8141 -19.1657 0.5414 -14.1276 -11.3925 -0.0002 0.0920 -0.2528 6.1877 -3.5105 6.7797 4.1912 -3.9726 -0.7266 1.3357 -2.0672 -4.6882 2.2361 1.4567 -19.2249 -7.5823 3.4872 25.2629 -2.6522 0.7907 11.6330 -0.0000 0.0000 0.0000 -88.9862 -28.0346 91.8558 33.4031 -43.6376 -13.6995 -0.0000 0.0000 -4.5831 0.1099 -14.3036 -0.0272 -7.1250 0.0000 -0.0000 -18.4654 16.1143 13.3336 -0.0000 0.0000 0.0000 90.9995 11.9045 9.2014 -33.1847 43.4715 -13.5490 0.0000 -0.0000 -57.2988 -10.3909 -37.5393 6.3751 7.1250 -0.0000 -0.0000 31.0959 -65.4091 -16.0292
-0.4286 18.0660 5.4460 1.3704 -6.9245 0.7328 0.0000 0.0000 0.0000 -15.8099 7.0967 13.8342 0.5544 -4.7696 -13.2526 -0.4279 12.0128 -8.1466 0.6668 -5.2223 -14.5438 0.0000 0.0000 0.0000 10.7880 0.9052 17.3656 -1.2856 7.1849 -20.2643 0.6053 -14.3411 -10.1174 -0.0099 0.6436 -1.7687 7.1452 -3.9827 7.0595 4.5946 -4.5083 -0.2308 1.2898 -2.3367 -4.3837 2.7372 2.3375 -19.4777 -9.3276 5.0038 24.2281 -3.1272 1.3162 11.4585 0.0000 -0.0000 0.0000 -90.0762 -28.7442 94.3843 33.1774 -43.4660 -13.5440 -0.0000 0.0000 -3.5535 0.4750 -15.2059 -0.1246 -7.1250 0.0000 -0.0000 -18.1492 15.2473 13.4393 0.0000 -0.0000 0.0000 90.7860 12.1880 7.2962 -32.9507 43.2921 -13.3883 0.0000 -0.0000 -58.2308 -11.6643 -36.3174 6.9707 7.1250 -0.0000 -0.0000 28.2201 -64.7329 -13.9951
-0.3468 18.0239 5.4336 1.5286 -7.8739 0.1941 0.0000 0.0000 0.0000 -16.0518 8.9528 14.9116 0.7166 -5.4095 -15.0803 -0.4608 12.1476 -6.9571 0.6511 -5.1617 -14.3703 0.0000 0.0000 0.0000 10.2355 0.9244 18.2404 -1.4305 7.5626 -21.3932 0.6535 -14.5595 -9.1192 -0.0212 0.9408 -2.5860 8.2670 -4.5517 8.1616 4.9244 -5.0272 -0.0846 1.1773 -2.6175 -4.9377 3.2635 3.2737 -19.2924 -10.9873 6.5276 23.1143 -3.5656 1.8832 11.2124 -0.0000 -0.0000 0.0000 -91.2188 -28.6060 96.7091 33.0299 -43.3530 -13.4426 -0.0000 0.0000 -3.0019 0.9061 -16.0831 -0.2510 -7.1250 0.0000 -0.0000 -17.8008 14.3988 13.4948 -0.0000 -0.0000 0.0000 90.7036 11.7709 5.3467 -33.0150 43.3415 -13.4323 0.0000 -0.0000 -59.0751 -12.3039 -35.6786 7.2495 7.1250 -0.0000 -0.0000 26.7920 -64.3560 -13.0037
-0.2679 17.9783 5.4295 1.8819 -9.1306 -0.1591 0.0000 0.0000 0.0000 -16.5329 10.9219 15.7433 0.8932 -6.0237 -16.8531 -0.4891 12.3549 -6.0306 0.6085 -4.9931 -13.8889 0.0000 0.0000 0.0000 9.4351 0.9980 18.8916 -1.6066 7.9936 -22.6946 0.6928 -14.7100 -7.7838 -0.0348 1.2038 -3.3098 9.1125 -5.0546 8.8541 5.0492 -5.5310 0.1445 0.9766 -2.8806 -5.1767 4.0555 4.2525 -19.4482 -12.3943 7.9570 22.2096 -3.9703 2.4547 11.1427 0.0000 -0.0000 0.0000 -92.0357 -28.5311 99.0667 33.2171 -43.4963 -13.5713 -0.0000 0.0000 -3.0602 0.9780 -17.3214 -0.2912 -7.1250 0.0000 -0.0000 -17.6660 13.2165 13.8483 0.0000 -0.0000 0.0000 90.9967 11.4110 3.4064 -33.6172 43.7991 -13.8475 0.0000 -0.0000 -59.8436 -13.7204 -34.8639 7.9451 7.1250 -0.0000 -0.0000 24.3637 -64.0207 -11.5639
-0.1872 17.9333 5.4368 2.2714 -10.4027 -0.3488 0.0000 0.0000 0.0000 -17.0819 12.8068 16.2565 1.0582 -6.5407 -18.3615 -0.4979 12.4038 -5.2624 0.5875 -4.9076 -13.6452 0.0000 0.0000 0.0000 8.5737 0.9514 19.4468 -1.8365 8.5169 -24.2955 0.7348 -14.9819 -6.1042 -0.0753 1.7706 -4.8721 9.7098 -5.6151 9.2981 5.1699 -6.1551 0.3012 0.9178 -3.1972 -5.3441 4.9067 5.2785 -19.4247 -13.6830 9.3849 21.2758 -4.3348 3.0573 11.0624 0.0000 -0.0000 0.0000 -92.9472 -28.3728 101.2232 33.3178 -43.5729 -13.6406 -0.0000 -0.0000 0.0364 3.2933 -18.5204 -1.0471 -7.1250 0.0000 -0.0000 -16.1244 11.9594 12.9702 0.0000 -0.0000 0.0000 91.1477 10.6171 2.1291 -35.3804 45.0819 -15.0821 0.0000 -0.0000 -61.2970 -14.1931 -34.2592 8.1029 7.1250 -0.0000 -0.0000 23.2228 -63.6043 -10.7673
-0.1067 17.8815 5.4492 2.9329 -11.7885 -0.6321 0.0000 0.0000 0.0000 -17.9245 14.6937 16.8040 1.2239 -7.0168 -19.7653 -0.5021 12.4389 -4.7265 0.5747 -4.8548 -13.4948 0.0000 0.0000 0.0000 7.4041 0.8770 20.1338 -2.1244 9.1205 -26.1731 0.7684 -15.3503 -4.4180 -0.1040 2.0792 -5.7247 9.7131 -6.1068 9.7175 5.2776 -6.7661 0.5693 1.1557 -3.4882 -5.3167 5.9090 6.3051 -19.4786 -15.3537 10.8139 20.0653 -4.8512 3.6414 10.9739 0.0000 0.0000 0.0000 -94.2345 -28.5888 103.3753 33.9326 -44.0347 -14.0662 -0.0000 0.0000 -1.8039 3.5140 -18.7029 -1.1281 -7.1250 0.0000 -0.0000 -15.9760 11.7717 12.9052 0.0000 0.0000 0.0000 91.3731 10.1375 0.7934 -38.2042 46.9692 -17.1147 0.0000 -0.0000 -62.2413 -17.9849 -33.4105 10.1346 7.1250 -0.0000 -0.0000 18.1888 -63.8313 -8.4410
-0.0212 17.8150 5.4620 3.6275 -13.4316 -1.1932 0.0000 0.0000 0.0000 -18.7776 16.6437 17.6419 1.4038 -7.4947 -21.1896 -0.5240 12.7052 -4.3839 0.5666 -4.8211 -13.3991 0.0000 0.0000 0.0000 6.1841 0.8658 21.0277 -2.4511 9.7484 -28.1659 0.7701 -15.6344 -2.4695 -0.1495 2.4916 -6.8663 9.6016 -6.5141 10.6161 5.3024 -7.2009 0.7029 1.4136 -3.7003 -5.6830 6.6419 7.2625 -19.3233 -16.5388 12.1257 19.1006 -5.1619 4.2110 10.9090 -0.0000 0.0000 0.0000 -95.6555 -28.8062 104.9931 34.9916 -44.8061 -14.8074 -0.0000 0.0000 -3.3243 2.4128 -19.9110 -0.8221 -7.1250 0.0000 -0.0000 -16.6158 10.6734 13.8624 -0.0000 0.0000 0.0000 91.6577 8.9192 0.0147 -42.9590 49.7285 -20.6694 0.0000 -0.0000 -62.7808 -17.4584 -31.3618 9.2957 7.1250 -0.0000 -0.0000 17.0468 -61.7525 -7.0618
0.0464 17.7438 5.4884 4.2226 -14.8638 -1.8571 0.0000 0.0000 0.0000 -19.3871 18.4921 18.7695 1.6185 -8.0217 -22.7800 -0.5464 12.9883 -3.9691 0.5462 -4.7347 -13.1535 0.0000 0.0000 0.0000 5.1673 0.8633 22.1240 -2.7792 10.3288 -30.0481 0.7542 -15.8996 -0.7842 -0.2066 2.9266 -8.0745 9.2707 -6.9166 11.1946 5.4013 -7.7097 0.9140 1.8395 -3.9372 -5.7472 7.1328 8.1394 -19.1961 -17.7212 13.4016 18.2428 -5.4325 4.7440 10.8997 0.0000 -0.0000 0.0000 -97.1077 -29.5517 106.3908 36.2931 -45.7137 -15.7319 -0.0000 0.0000 -2.7913 2.6825 -21.9618 -1.0039 -7.1250 0.0000 -0.0000 -16.3711 8.6911 14.3228 0.0000 -0.0000 0.0000 91.9812 7.5424 -0.2645 -50.2279 53.0870 -26.3563 0.0000 -0.0000 -62.8433 -17.3919 -30.0918 8.9252 7.1250 -0.0000 -0.0000 16.1700 -60.5187 -6.2134
0.1134 17.6717 5.5279 4.5173 -15.8797 -2.1957 0.0000 0.0000 0.0000 -19.7526 19.9857 19.7369 1.8650 -8.5790 -24.4870 -0.5691 13.3230 -3.2010 0.5676 -4.8252 -13.4105 0.0000 0.0000 0.0000 4.4430 0.5004 22.8599 -3.0869 10.8345 -31.7237 0.6998 -15.9133 0.8335 -0.2793 3.3993 -9.3926 9.3941 -7.3466 11.1105 5.3978 -8.2797 0.9573 1.8638 -4.2172 -5.6966 7.5750 8.8900 -18.7798 -18.4894 14.4534 17.6369 -5.5886 5.2244 10.8697 0.0000 0.0000 0.0000 -98.2646 -30.7208 108.1680 38.6069 -47.2225 -17.4097 -0.0000 0.0000 -4.1936 4.3667 -22.9264 -1.7039 -7.1250 0.0000 -0.0000 -15.3185 7.6461 13.6544 0.0000 0.0000 0.0000 92.5053 5.9232 -0.0171 -60.3591 56.4049 -34.6400 0.0000 -0.0000 -60.3435 -18.3038 -28.9139 9.0867 7.1250 -0.0000 -0.0000 14.3824 -59.5908 -5.1894
0.1626 17.5990 5.5764 4.7330 -16.7458 -2.7803 0.0000 0.0000 0.0000 -19.8277 21.4631 21.0978 2.1274 -9.1265 -26.1919 -0.5848 13.6141 -2.4750 0.6258 -5.0621 -14.0857 0.0000 0.0000 0.0000 3.8681 -0.0173 23.8737 -3.3770 11.2817 -33.2359 0.6260 -15.8115 2.3289 -0.3591 3.8495 -10.6535 9.1743 -7.7073 11.1127 5.4807 -8.7872 0.9946 2.1566 -4.4598 -5.6340 8.0002 9.4848 -18.5786 -19.2154 15.3541 17.4800 -5.7616 5.6040 11.0309 0.0000 -0.0000 0.0000 -99.6851 -32.5544 109.3526 41.5645 -48.9700 -19.6114 -0.0000 0.0000 -5.0966 5.2476 -24.0042 -2.1397 -7.1250 0.0000 -0.0000 -14.7721 6.5347 13.4616 0.0000 -0.0000 0.0000 92.5184 4.6770 0.9185 -73.3061 58.9203 -45.5951 0.0000 -0.0000 -56.1294 -18.5327 -27.7771 8.8794 7.1250 -0.0000 -0.0000 13.4360 -58.5265 -4.4963
0.2055 17.5266 5.6243 4.7278 -17.5616 -3.4644 0.0000 0.0000 0.0000 -19.5092 23.0071 22.5923 2.3821 -9.6203 -27.7555 -0.5910 13.7667 -2.0586 0.5382 -4.7005 -13.0564 0.0000 0.0000 0.0000 3.5662 -0.3957 25.0220 -3.6444 11.6715 -34.5795 0.5731 -15.8499 3.4468 -0.3836 3.9775 -11.0134 8.8947 -7.9813 11.1666 5.6050 -9.1779 1.0054 2.5106 -4.6458 -5.6023 8.2047 9.9314 -18.2127 -19.6317 16.0375 17.3458 -5.8252 5.9116 11.0887 0.0000 -0.0000 0.0000 -101.1707 -35.0565 109.9525 45.3160 -50.9223 -22.4838 -0.0000 0.0000 -5.8685 6.6787 -25.2956 -2.8643 -7.1250 0.0000 -0.0000 -13.9145 5.1545 13.0061 0.0000 -0.0000 0.0000 91.8382 3.4633 3.2389 -89.9230 60.0000 -59.9333 0.0000 -0.0000 -52.1017 -20.7733 -26.5189 9.6129 7.1250 -0.0000 -0.0000 10.3454 -57.7681 -3.2565
0.2436 17.4559 5.6732 4.5747 -18.2477 -4.2545 0.0000 0.0000 0.0000 -18.9592 24.4405 24.2234 2.6238 -10.0597 -29.1702 -0.5868 13.8668 -1.4091 0.6051 -4.9794 -13.8499 0.0000 0.0000 0.0000 3.4465 -0.8333 26.2654 -3.8653 11.9790 -35.6576 0.5151 -15.7288 4.3039 -0.3819 3.9686 -10.9884 8.6807 -8.1495 11.2083 5.6428 -9.4291 1.0438 2.7089 -4.7652 -5.5506 8.4840 10.2101 -17.9692 -19.8637 16.4419 17.3818 -5.8883 6.1010 11.1744 -0.0000 0.0000 0.0000 -102.6550 -38.3611 110.2250 49.9736 -52.9849 -26.1531 -0.0000 0.0000 -6.2118 8.7076 -27.0393 -3.9828 -7.1250 0.0000 -0.0000 -12.7454 3.2436 12.3173 -0.0000 0.0000 0.0000 91.2779 4.8953 5.1074 -104.8937 59.1450 -72.8613 0.0000 -0.0000 -45.7649 -21.2966 -25.7137 9.5996 7.1250 -0.0000 -0.0000 9.3918 -57.0651 -2.7931
0.2738 17.4026 5.7299 4.3171 -18.7233 -4.8673 0.0000 0.0000 0.0000 -18.3276 25.4835 25.6723 2.8250 -10.4063 -30.3027 -0.5845 13.9732 -0.9199 0.6608 -5.1989 -14.4769 0.0000 0.0000 0.0000 3.4624 -1.2489 27.3037 -4.0264 12.1954 -36.4268 0.4481 -15.5078 5.1205 -0.4429 4.2702 -11.8382 8.4935 -8.2322 11.0354 5.6684 -9.5750 0.8810 2.8495 -4.8378 -5.5985 8.5367 10.3438 -17.6304 -19.8223 16.6789 17.6499 -5.8551 6.2197 11.2459 0.0000 -0.0000 0.0000 -104.1844 -42.2244 109.9844 55.5381 -54.9987 -30.6563 -0.0000 0.0000 -6.4772 10.4684 -28.7182 -5.0735 -7.1250 0.0000 -0.0000 -11.7854 1.3862 11.7500 0.0000 -0.0000 0.0000 90.0160 7.0293 7.9165 -119.3584 56.4785 -85.1245 0.0000 -0.0000 -38.8057 -23.2637 -24.9119 10.2646 7.1250 -0.0000 -0.0000 6.9336 -56.6638 -1.9890
0.2880 17.3621 5.7866 4.1340 -19.0019 -5.3617 0.0000 0.0000 0.0000 -17.8098 26.1533 26.8653 2.9694 -10.6454 -31.0931 -0.5982 14.2238 -0.6308 0.6467 -5.1444 -14.3209 0.0000 0.0000 0.0000 3.4671 -1.5398 28.1911 -4.1315 12.3334 -36.9218 0.4159 -15.4400 5.5473 -0.4474 4.2915 -11.8982 7.6853 -8.1287 10.5117 5.8761 -9.5962 0.7604 3.4116 -4.8375 -5.2700 8.2075 10.2945 -17.8144 -19.5563 16.7327 18.1995 -5.7036 6.2017 11.4321 -0.0000 -0.0000 0.0000 -106.4831 -47.0104 110.0433 61.3412 -56.6569 -35.4593 -0.0000 0.0000 -7.6293 11.8451 -31.1494 -6.1917 -7.1250 0.0000 -0.0000 -11.1517 -1.1924 11.6016 -0.0000 -0.0000 0.0000 87.1602 10.7360 11.1180 -130.4036 52.8314 -94.1478 0.0000 -0.0000 -33.3106 -23.4939 -23.6400 9.8876 7.1250 -0.0000 -0.0000 6.1900 -55.3876 -1.5828
0.2848 17.3377 5.8489 3.7961 -19.0760 -5.6674 0.0000 0.0000 0.0000 -17.1240 26.6283 27.7509 3.0388 -10.7576 -31.4667 -0.5898 14.1506 -0.5459 0.6845 -5.2895 -14.7360 0.0000 0.0000 0.0000 3.7543 -1.5628 28.9562 -4.1594 12.3695 -37.0521 0.4226 -15.4790 5.4900 -0.4121 4.1209 -11.4171 7.2208 -8.1048 9.8786 5.8017 -9.6725 0.3677 3.5278 -4.8743 -5.2751 7.9372 10.0947 -17.6452 -18.8150 16.4500 18.8418 -5.4627 6.1048 11.4740 0.0000 -0.0000 0.0000 -107.7784 -52.0250 110.3971 67.9068 -58.0729 -40.9905 -0.0000 0.0000 -7.3981 17.1542 -32.1463 -9.3271 -7.1250 0.0000 -0.0000 -8.2449 -3.0464 8.7607 0.0000 -0.0000 0.0000 83.6654 16.2026 14.4391 -136.9443 49.7796 -99.2567 0.0000 -0.0000 -29.7089 -23.4361 -22.4775 9.4102 7.1250 -0.0000 -0.0000 5.8378 -54.1589 -1.3175
0.2542 17.3394 5.9197 3.3705 -18.5594 -5.9340 0.0000 0.0000 0.0000 -16.2858 26.4773 28.5172 3.0122 -10.7148 -31.3239 -0.5758 13.9844 -0.5444 0.7781 -5.6319 -15.7200 0.0000 0.0000 0.0000 4.2389 -1.7771 29.6832 -4.0792 12.2650 -36.6761 0.4545 -15.3451 4.8042 -0.3925 4.0226 -11.1402 6.7661 -8.1263 8.8313 5.4625 -9.8701 0.1268 3.2981 -4.9710 -4.9343 7.8602 9.8472 -18.0579 -17.6048 15.9781 19.9390 -5.1077 5.9336 11.7391 -0.0000 0.0000 0.0000 -109.4281 -57.7054 110.0703 73.6388 -58.9640 -45.8801 -0.0000 0.0000 -8.1599 19.1974 -33.6704 -10.9259 -7.1250 0.0000 -0.0000 -7.3007 -4.9649 7.9677 -0.0000 0.0000 0.0000 79.2590 22.8249 16.7046 -140.0093 48.0644 -101.5677 0.0000 -0.0000 -26.7280 -23.4130 -21.1472 8.8786 7.1250 -0.0000 -0.0000 5.4325 -52.7556 -1.0392
0.2143 17.3643 5.9898 2.9337 -18.0654 -5.9746 0.0000 0.0000 0.0000 -15.5964 26.2256 28.6453 2.8779 -10.4948 -30.5944 -0.5535 13.6321 -0.8062 0.8840 -5.9934 -16.7652 0.0000 0.0000 0.0000 4.7995 -1.9203 29.9139 -3.8985 12.0241 -35.8171 0.4733 -14.9586 3.9375 -0.3461 3.7799 -10.4582 6.1010 -8.0089 7.7374 5.2193 -9.8838 -0.2323 3.2544 -4.9742 -4.6367 7.6086 9.5277 -18.4282 -16.5122 15.4673 21.0376 -4.7750 5.7294 12.0046 -0.0000 0.0000 0.0000 -111.3906 -63.6260 109.9186 78.4521 -59.4901 -50.0163 -0.0000 0.0000 -9.0732 21.8979 -35.4490 -13.1227 -7.1250 0.0000 -0.0000 -6.1001 -7.3304 6.8653 -0.0000 0.0000 0.0000 73.5402 30.2375 16.9753 -140.9198 47.5154 -102.2421 0.0000 -0.0000 -24.1114 -27.7723 -19.4229 9.9330 7.1250 -0.0000 -0.0000 0.5476 -51.7067 -0.0904
0.1576 17.4074 6.0615 2.3922 -17.6547 -5.8435 0.0000 0.0000 0.0000 -14.9265 25.5039 28.4158 2.6350 -10.0794 -29.2341 -0.5449 13.2863 -1.7182 0.9046 -6.0611 -16.9619 0.0000 0.0000 0.0000 5.6056 -1.8481 29.8496 -3.6520 11.6824 -34.6174 0.4814 -14.4723 3.0340 -0.3326 3.7064 -10.2521 5.2890 -7.7886 6.8449 5.1787 -9.7217 -0.7501 3.5251 -4.8862 -4.5561 7.0997 9.2351 -18.8091 -15.6860 15.1174 22.0176 -4.4634 5.5552 12.2737 -0.0000 -0.0000 0.0000 -113.7587 -69.4139 109.6772 82.0869 -59.7621 -53.1525 -0.0000 0.0000 -9.0794 24.5975 -37.3624 -15.5257 -7.1250 0.0000 -0.0000 -5.0163 -9.9050 5.8248 -0.0000 -0.0000 0.0000 65.8470 37.8983 14.3787 -140.7089 47.6443 -102.0864 0.0000 -0.0000 -22.6713 -24.6184 -19.9981 8.9063 7.1250 -0.0000 -0.0000 3.8840 -51.7563 -0.6470
0.0890 17.4649 6.1391 2.0540 -17.1986 -5.5974 0.0000 0.0000 0.0000 -14.6436 24.3427 27.7397 2.2972 -9.4595 -27.2436 -0.5351 12.9182 -3.1893 0.9076 -6.0708 -16.9900 0.0000 0.0000 0.0000 6.2914 -1.6251 29.4841 -3.3448 11.2333 -33.0709 0.4998 -13.9664 1.7093 -0.2975 3.5070 -9.6937 4.3331 -7.4240 5.8717 4.9640 -9.3654 -1.4574 3.6866 -4.6969 -4.6405 6.9552 8.8106 -19.0072 -14.9702 14.5352 23.2468 -4.3123 5.2991 12.6255 -0.0000 -0.0000 0.0000 -117.3540 -74.5452 110.7853 84.9280 -59.9026 -55.6089 -0.0000 0.0000 -10.7118 26.8950 -38.4997 -17.5235 -7.1250 0.0000 -0.0000 -4.0630 -11.6574 4.8109 -0.0000 -0.0000 0.0000 56.3236 44.8126 9.2462 -139.0483 48.6238 -100.8496 0.0000 -0.0000 -21.3366 -25.1190 -20.3637 9.2659 7.1250 -0.0000 -0.0000 3.4730 -52.2379 -0.6194
0.0098 17.5355 6.2221 1.5805 -16.8135 -5.2718 0.0000 0.0000 0.0000 -14.3100 22.7340 26.9091 1.8993 -8.6531 -24.7160 -0.5230 12.6989 -5.2164 0.7684 -5.5975 -15.6209 0.0000 0.0000 0.0000 7.2318 -1.2292 28.8944 -2.9702 10.6466 -31.0971 0.4966 -13.3021 0.3246 -0.2838 3.4265 -9.4684 3.6024 -6.9495 4.8097 4.7033 -8.8416 -2.0884 3.6595 -4.4266 -4.6462 6.2618 8.1470 -19.3869 -13.5139 13.5559 24.6647 -3.8552 4.9000 12.9344 -0.0000 0.0000 0.0000 -122.0418 -79.0226 113.0279 87.0603 -59.9673 -57.4545 -0.0000 0.0000 -12.4064 29.5611 -39.6952 -19.9135 -7.1250 0.0000 -0.0000 -2.9891 -13.6286 3.6135 -0.0000 0.0000 0.0000 44.5688 50.4029 1.3594 -136.4439 50.0412 -98.8739 0.0000 -0.0000 -21.1724 -26.4630 -20.1568 9.7331 7.1250 -0.0000 -0.0000 2.0488 -52.2637 -0.3665
-0.0732 17.6134 6.3076 1.2213 -16.4951 -4.9369 0.0000 0.0000 0.0000 -14.2468 20.7646 25.9091 1.4891 -7.7091 -21.8338 -0.5100 12.7865 -7.4439 0.7484 -5.5258 -15.4144 0.0000 0.0000 0.0000 8.1125 -0.6247 28.1207 -2.5580 9.9426 -28.7909 0.4766 -12.4669 -1.5036 -0.2067 2.9272 -8.0760 2.9556 -6.4871 3.9339 4.4284 -8.2982 -2.8382 3.6244 -4.1435 -4.9004 5.6430 7.5180 -19.2449 -12.3019 12.6294 25.8170 -3.4936 4.5441 13.0966 -0.0000 0.0000 0.0000 -127.1594 -82.7886 115.4688 88.6418 -59.9930 -58.8238 -0.0000 0.0000 -13.1002 31.9175 -40.9802 -22.2188 -7.1250 0.0000 -0.0000 -2.1564 -15.6551 2.6599 -0.0000 0.0000 0.0000 30.6558 54.3302 -8.7989 -133.1084 51.6622 -96.2867 0.0000 -0.0000 -21.4212 -27.2681 -20.3826 10.1773 7.1250 -0.0000 -0.0000 1.2738 -52.6605 -0.2402
-0.1553 17.6887 6.3827 0.9212 -16.1969 -4.8153 0.0000 0.0000 0.0000 -14.3782 18.2173 25.2202 1.1071 -6.6851 -18.7856 -0.4937 13.3093 -10.2723 0.6361 -5.1030 -14.2024 0.0000 0.0000 0.0000 8.9880 0.2394 27.5896 -2.1639 9.1994 -26.4211 0.4426 -11.7161 -3.5415 -0.1172 2.2071 -6.0784 2.4464 -6.0165 3.5484 4.0918 -7.7130 -3.3983 3.5053 -3.8393 -5.2664 4.9943 6.9215 -19.5364 -11.2558 11.7532 26.7009 -3.1573 4.1834 13.2841 0.0000 -0.0000 0.0000 -141.2772 -86.3012 127.0264 89.5692 -59.9993 -59.6269 -0.0000 0.0000 -13.7660 34.2209 -42.7131 -24.7663 -7.1250 0.0000 -0.0000 -1.5508 -18.1555 1.9574 0.0000 -0.0000 0.0000 15.3619 56.6989 -20.6904 -129.0258 53.3809 -93.0459 0.0000 -0.0000 -20.6131 -28.5283 -20.7410 10.8967 7.1250 -0.0000 -0.0000 0.0420 -53.2968 -0.0086
-0.2363 17.7538 6.4434 0.7011 -15.8778 -4.6183 0.0000 0.0000 0.0000 -14.6743 15.6835 24.4694 0.8000 -5.7087 -15.9417 -0.4763 14.0820 -12.8705 0.6166 -5.0253 -13.9807 0.0000 0.0000 0.0000 9.8021 1.0925 27.0508 -1.8436 8.5324 -24.3433 0.3978 -11.1488 -5.2724 -0.0869 1.9011 -5.2324 1.9611 -5.4713 3.4863 3.6313 -7.0184 -3.9833 3.2793 -3.4784 -5.8687 4.0902 6.1983 -20.3287 -9.6216 10.6410 28.1901 -2.5876 3.7371 13.7722 0.0000 -0.0000 0.0000 166.3322 -88.2799 176.9211 90.1778 -59.9999 -60.1540 -0.0000 0.0000 -14.6306 36.4358 -43.9462 -27.1268 -7.1250 0.0000 -0.0000 -0.9084 -20.1641 1.1659 0.0000 -0.0000 0.0000 1.9899 55.9749 -31.0446 -124.4608 54.9991 -89.3428 0.0000 -0.0000 -20.3881 -28.8806 -19.6629 10.5145 7.1250 -0.0000 -0.0000 -0.5440 -52.1780 0.0961
-0.3182 17.7966 6.4887 0.4677 -15.6846 -4.1100 0.0000 0.0000 0.0000 -14.7466 13.8955 23.4787 0.5926 -4.9282 -13.7040 -0.4001 14.2708 -14.7969 0.5558 -4.7756 -13.2695 0.0000 0.0000 0.0000 10.5592 1.8865 26.2519 -1.6031 7.9851 -22.6690 0.3371 -10.5454 -6.6265 -0.0693 1.6980 -4.6717 1.6860 -4.8106 3.3108 3.0262 -6.1766 -4.4326 2.7490 -3.0590 -6.3082 3.5541 5.4653 -21.0891 -8.4324 9.4575 29.2064 -2.2536 3.2724 14.1481 -0.0000 0.0000 0.0000 106.2432 -86.9949 -125.3864 91.3702 -59.9929 -61.1866 -0.0000 0.0000 -17.1937 37.8636 -44.6623 -28.6565 -7.1250 0.0000 -0.0000 -0.4991 -21.3996 0.6468 -0.0000 0.0000 0.0000 -10.1560 54.5470 -40.7085 -119.3928 56.4696 -85.1532 0.0000 -0.0000 -20.5049 -28.9052 -17.9566 9.6606 7.1250 -0.0000 -0.0000 -0.8662 -50.2925 0.1130
-0.3909 17.8301 6.5096 0.2933 -15.2589 -3.6453 0.0000 0.0000 0.0000 -14.7058 12.4473 22.7562 0.4769 -4.4288 -12.2864 -0.3132 14.2376 -16.1667 0.4996 -4.5313 -12.5763 0.0000 0.0000 0.0000 11.0857 2.1687 25.4383 -1.4249 7.5485 -21.3509 0.2711 -9.9029 -7.5885 -0.0399 1.2887 -3.5437 1.3393 -4.2975 3.5472 2.4258 -5.5314 -4.8143 2.3080 -2.7321 -6.8927 3.6120 5.2173 -21.1320 -7.8453 8.9437 29.9288 -2.1385 3.1193 14.3939 0.0000 0.0000 0.0000 88.7788 -84.9543 -110.4883 92.3502 -59.9791 -62.0352 -0.0000 0.0000 -19.2607 38.4017 -44.8664 -29.2127 -7.1250 0.0000 -0.0000 -0.3271 -21.8049 0.4253 0.0000 0.0000 0.0000 -18.9096 52.6457 -47.4545 -116.0257 57.2792 -82.3330 0.0000 -0.0000 -20.8167 -29.3986 -17.7536 9.7486 7.1250 -0.0000 -0.0000 -1.3936 -50.1528 0.1770
-0.4591 17.8515 6.5003 0.1789 -14.5645 -3.3648 0.0000 0.0000 0.0000 -14.6623 11.0233 22.3596 0.4132 -4.1263 -11.4324 -0.2980 14.4888 -16.8494 0.5204 -4.6235 -12.8377 0.0000 0.0000 0.0000 11.4943 2.0716 24.8207 -1.3051 7.2370 -20.4194 0.2208 -9.4824 -8.3704 -0.0157 0.8096 -2.2250 0.6599 -3.9186 4.0034 1.9696 -5.0896 -4.8125 2.2040 -2.4877 -7.1445 3.8880 5.1355 -20.7524 -7.8067 8.7319 30.0802 -2.2202 3.0749 14.3717 0.0000 -0.0000 0.0000 79.3895 -82.6489 -103.5364 93.4247 -59.9556 -62.9655 -0.0000 0.0000 -20.5455 39.0929 -45.4521 -30.0717 -7.1250 0.0000 -0.0000 -0.2300 -22.6411 0.3008 0.0000 -0.0000 0.0000 -26.4370 50.7449 -53.4547 -112.4057 58.0154 -79.2747 0.0000 -0.0000 -19.8998 -27.9321 -15.9596 8.2942 7.1250 -0.0000 -0.0000 -0.2061 -47.9159 0.0148
-0.5158 17.8707 6.4670 -0.0247 -13.6640 -3.0726 0.0000 0.0000 0.0000 -14.4621 9.6945 22.0806 0.3880 -4.0000 -11.0767 -0.3164 14.7584 -17.0621 0.5181 -4.6135 -12.8094 0.0000 0.0000 0.0000 11.9320 1.6624 24.1951 -1.2207 7.0080 -19.7389 0.1862 -9.2563 -8.9808 -0.0047 0.4432 -1.2177 0.1727 -3.6720 5.0572 1.5100 -4.8149 -4.9724 2.0579 -2.3257 -7.9348 3.6561 5.0556 -20.4094 -6.8392 8.4543 31.0479 -1.8626 3.0499 14.6297 -0.0000 0.0000 0.0000 70.4392 -80.8722 -96.3497 95.7132 -59.8763 -64.9457 -0.0000 0.0000 -22.3790 38.7843 -45.1584 -29.6735 -7.1250 0.0000 -0.0000 -0.2603 -22.2365 0.3394 -0.0000 0.0000 0.0000 -31.9869 49.4963 -57.7906 -109.3772 58.5326 -76.6984 0.0000 -0.0000 -18.6124 -27.1984 -14.7320 7.4454 7.1250 -0.0000 -0.0000 0.3275 -46.4488 -0.0117
-0.5620 17.8950 6.4140 -0.3070 -12.8164 -2.7706 0.0000 0.0000 0.0000 -14.1228 8.6038 21.8731 0.3944 -4.0325 -11.1680 -0.3747 15.1313 -16.8923 0.5418 -4.7162 -13.1008 0.0000 0.0000 0.0000 12.4418 1.2709 23.4629 -1.1425 6.7877 -19.0878 0.1643 -9.1470 -9.4015 -0.0021 0.2987 -0.8208 -0.3010 -3.4019 6.0876 1.1267 -4.5196 -4.9188 1.9567 -2.1544 -8.4817 3.3797 4.8198 -20.0067 -6.0770 8.0261 32.1258 -1.6091 2.9249 14.9376 -0.0000 0.0000 0.0000 64.6733 -79.1110 -91.7557 97.1331 -59.8069 -66.1734 -0.0000 0.0000 -23.9333 39.6866 -45.7323 -30.7197 -7.1250 0.0000 -0.0000 -0.0700 -23.1456 0.0919 -0.0000 0.0000 0.0000 -35.7294 48.8019 -60.6585 -107.8089 58.7670 -75.3591 0.0000 -0.0000 -18.1515 -27.3068 -13.6909 6.9668 7.1250 -0.0000 -0.0000 0.0929 -45.3110 -0.0007
-0.6021 17.9202 6.3340 -0.6119 -11.8433 -2.4740 0.0000 0.0000 0.0000 -13.7280 7.5289 21.7259 0.4259 -4.1885 -11.6077 -0.4542 15.5840 -16.5642 0.5244 -4.6408 -12.8870 0.0000 0.0000 0.0000 12.9225 0.6211 22.5131 -1.0647 6.5601 -18.4185 0.1523 -9.0093 -9.4637 -0.0004 0.1302 -0.3578 -0.9225 -3.1001 7.3206 0.8370 -4.2041 -4.6127 2.0246 -1.9635 -8.8592 3.3771 4.4040 -19.8536 -5.9915 7.4390 32.9649 -1.7045 2.6714 15.2491 -0.0000 0.0000 0.0000 61.3175 -77.7103 -89.1394 98.6205 -59.7173 -67.4585 -0.0000 0.0000 -24.7444 40.4983 -46.4689 -31.7646 -7.1250 0.0000 -0.0000 0.0037 -24.1759 -0.0049 -0.0000 0.0000 0.0000 -38.2844 48.5911 -62.9299 -107.2071 58.8511 -74.8443 0.0000 -0.0000 -17.3999 -26.9739 -12.9323 6.4982 7.1250 -0.0000 -0.0000 0.3141 -44.4277 0.0044
-0.6361 17.9516 6.2147 -0.8478 -10.5532 -2.0728 0.0000 0.0000 0.0000 -13.3365 6.4148 21.3013 0.4721 -4.4069 -12.2244 -0.5579 15.8850 -15.5018 0.5796 -4.8749 -13.5520 0.0000 0.0000 0.0000 13.3736 -0.0178 21.3734 -0.9955 6.3498 -17.8028 0.1534 -9.1522 -9.7191 -0.0001 -0.0548 0.1506 -1.7401 -2.8595 8.9614 0.5407 -4.0197 -4.1781 2.2258 -1.8221 -9.3227 3.3221 4.0872 -19.5650 -5.6786 6.8857 33.1462 -1.6774 2.4802 15.2101 -0.0000 -0.0000 0.0000 59.7528 -76.7795 -87.9801 100.1279 -59.6088 -68.7595 -0.0000 0.0000 -25.9648 39.6035 -46.4392 -30.9449 -7.1250 0.0000 -0.0000 -0.3777 -23.7888 0.4980 -0.0000 -0.0000 0.0000 -39.5699 49.1224 -64.7655 -107.1116 58.8642 -74.7626 0.0000 -0.0000 -16.3270 -25.5657 -12.6580 5.9844 7.1250 -0.0000 -0.0000 1.5783 -43.9545 0.0407
-0.6669 17.9872 6.0572 -1.0521 -9.0195 -1.6013 0.0000 0.0000 0.0000 -12.9045 5.4211 20.5083 0.5245 -4.6413 -12.8883 -0.6355 15.8835 -14.0312 0.5955 -4.9401 -13.7378 0.0000 0.0000 0.0000 13.8142 -0.7195 20.0287 -0.9390 6.1720 -17.2842 0.1702 -9.5480 -10.0581 -0.0028 -0.3387 0.9307 -2.7658 -2.6226 10.9113 0.3596 -3.8951 -3.5433 2.6800 -1.6947 -9.7254 2.8116 3.6167 -19.6199 -5.0979 6.1475 33.0385 -1.4824 2.1900 15.0754 0.0000 0.0000 0.0000 59.5229 -76.8278 -88.0282 101.8455 -59.4631 -70.2400 -0.0000 0.0000 -26.9825 37.9551 -46.3354 -29.4345 -7.1250 0.0000 -0.0000 -1.0662 -23.0488 1.3988 0.0000 0.0000 0.0000 -39.4891 50.4485 -65.5646 -107.8654 58.7590 -75.4074 0.0000 -0.0000 -16.6208 -25.0677 -12.4502 5.7584 7.1250 -0.0000 -0.0000 2.0072 -43.6689 0.0660
-0.6992 18.0374 5.8555 -1.2615 -7.3455 -0.8810 0.0000 0.0000 0.0000 -12.4471 4.4050 19.1724 0.5818 -4.8841 -13.5782 -0.7239 15.9253 -12.0701 0.6689 -5.2301 -14.5659 0.0000 0.0000 0.0000 14.3108 -1.4344 18.2637 -0.8924 6.0211 -16.8458 0.2068 -10.1727 -10.3791 -0.0073 -0.5508 1.5136 -3.8181 -2.3379 13.0373 0.2181 -3.7441 -2.5340 3.1781 -1.5672 -9.8122 1.7641 2.9793 -20.6025 -3.9231 5.1058 32.1692 -0.9840 1.7902 14.7570 -0.0000 0.0000 0.0000 60.3124 -77.5381 -88.9104 103.9840 -59.2480 -72.0799 -0.0000 0.0000 -27.6199 35.9263 -46.1231 -27.5780 -7.1250 0.0000 -0.0000 -1.8929 -22.0914 2.4669 -0.0000 0.0000 0.0000 -38.5076 52.3687 -66.0093 -108.9698 58.5956 -76.3509 0.0000 -0.0000 -17.9448 -24.3504 -13.0932 5.8538 7.1250 -0.0000 -0.0000 2.7541 -44.2836 0.0487
-0.7324 18.1036 5.6174 -1.7031 -5.6680 0.4181 0.0000 0.0000 0.0000 -11.7328 3.3534 17.0157 0.6433 -5.1312 -14.2830 -0.7877 15.9014 -9.8228 0.7212 -5.4266 -15.1295 0.0000 0.0000 0.0000 15.1242 -2.0589 15.7658 -0.8578 5.9064 -16.5131 0.2907 -11.1284 -10.2637 -0.0055 -0.4797 1.3180 -4.6706 -2.0944 14.7256 0.2787 -3.5993 -1.2470 3.7440 -1.4811 -9.3273 0.7280 2.3700 -21.5677 -2.7152 4.0564 29.4282 -0.4811 1.4321 13.6555 -0.0000 -0.0000 0.0000 60.3527 -79.1811 -89.1320 105.9720 -59.0138 -73.7863 -0.0000 0.0000 -28.3670 32.6208 -45.4649 -24.5240 -7.1250 0.0000 -0.0000 -3.1664 -20.3076 4.0734 -0.0000 -0.0000 0.0000 -36.8447 56.7896 -66.6648 -111.6346 58.1554 -78.6201 0.0000 -0.0000 -18.8066 -23.7637 -14.2172 6.1717 7.1250 -0.0000 -0.0000 3.4755 -45.4247 -0.0365
-0.7629 18.1701 5.3456 -1.9951 -4.1458 2.3934 0.0000 0.0000 0.0000 -11.2428 1.8222 14.1973 0.7189 -5.4181 -15.1051 -0.8606 16.2537 -7.9365 0.6876 -5.3013 -14.7699 0.0000 0.0000 0.0000 15.7977 -2.6384 12.3862 -0.8556 5.8990 -16.4916 0.4005 -12.1559 -9.7015 -0.0073 -0.5503 1.5121 -5.4014 -1.8241 16.1859 0.2064 -3.4203 -0.0914 4.0805 -1.3970 -8.8686 0.0480 1.7493 -22.9648 -1.5297 2.9336 25.9996 -0.0885 1.0784 12.4691 0.0000 0.0000 0.0000 57.2580 -83.2416 -86.1630 108.4221 -58.6780 -75.8832 -0.0000 0.0000 -29.9855 27.5000 -44.1007 -19.9141 -7.1250 0.0000 -0.0000 -5.1459 -17.3888 6.4700 0.0000 0.0000 0.0000 -31.3768 64.8172 -64.4219 -115.0446 57.4920 -81.5066 0.0000 -0.0000 -18.6441 -22.7583 -15.2232 6.2860 7.1250 -0.0000 -0.0000 4.6000 -46.3698 -0.1558
-0.7952 18.2276 5.0431 -2.2143 -2.7794 4.7030 0.0000 0.0000 0.0000 -10.7447 0.8660 10.8156 0.8237 -5.7907 -16.1782 -0.8967 16.5059 -5.3151 0.7630 -5.5783 -15.5657 0.0000 0.0000 0.0000 16.4706 -2.9142 8.7775 -0.8867 6.0023 -16.7912 0.5472 -13.4917 -8.9717 -0.0130 -0.7353 2.0208 -5.6781 -1.4053 18.0279 -0.0021 -3.0234 0.6625 3.9893 -1.2004 -9.1127 -0.7989 0.8649 -24.8839 0.0468 1.5042 22.9541 0.4038 0.6044 11.6138 -0.0000 0.0000 0.0000 -73.7393 -88.2369 44.3252 109.7660 -58.4710 -77.0300 -0.0000 0.0000 -31.0596 21.2550 -43.0780 -14.8781 -7.1250 0.0000 -0.0000 -7.8913 -14.7447 9.7188 -0.0000 0.0000 0.0000 -8.0057 74.6499 -43.6562 -120.3597 56.2133 -85.9580 0.0000 -0.0000 -18.6827 -22.4664 -17.1415 6.9489 7.1250 -0.0000 -0.0000 5.2915 -48.3654 -0.4404
-0.8266 18.2688 4.7735 -2.5826 -1.6727 7.4011 0.0000 0.0000 0.0000 -10.1175 0.5921 6.9880 0.9450 -6.1912 -17.3403 -0.8615 16.5272 -2.5088 0.8039 -5.7224 -15.9810 0.0000 0.0000 0.0000 17.2779 -2.9719 4.8961 -0.9242 6.1247 -17.1466 0.6788 -14.5999 -7.9620 -0.0184 -0.8747 2.4042 -5.1248 -0.8325 19.1118 -0.2701 -2.2203 1.2516 3.2111 -0.8528 -9.1802 -1.6162 -0.4274 -27.6956 1.3158 -0.2888 20.6335 0.7008 -0.0846 11.2586 -0.0000 -0.0000 0.0000 -107.5034 -77.4637 77.0052 106.7220 -58.9166 -74.4290 -0.0000 0.0000 -29.6859 18.7121 -42.0770 -12.7885 -7.1250 0.0000 -0.0000 -8.9328 -13.1864 10.8509 -0.0000 -0.0000 0.0000 59.8488 75.1075 21.6461 -122.0622 55.7349 -87.3690 0.0000 -0.0000 -17.6845 -23.6542 -17.8150 7.6327 7.1250 -0.0000 -0.0000 4.3005 -49.2641 -0.4530
-0.8516 18.2886 4.5766 -2.4291 -0.6981 10.0924 0.0000 0.0000 0.0000 -10.1682 0.3209 3.2940 1.0396 -6.4847 -18.1974 -0.7786 16.3474 -0.1912 0.9233 -6.1216 -17.1377 0.0000 0.0000 0.0000 17.4108 -2.7458 1.3723 -0.9557 6.2252 -17.4393 0.7397 -15.1192 -7.4761 -0.0261 -1.0422 2.8648 -4.6914 -0.1648 19.4886 -0.4330 -1.2780 1.4582 2.5458 -0.4262 -9.2566 -3.1077 -1.9748 -30.3266 2.2354 -1.9676 19.6986 0.9831 -0.8201 11.4200 0.0000 0.0000 0.0000 -110.6213 -63.8866 76.4697 94.0370 -59.9383 -63.4954 -0.0000 0.0000 -29.6024 18.9295 -38.4173 -12.0301 -7.1250 0.0000 -0.0000 -8.1716 -9.6381 9.5135 0.0000 0.0000 0.0000 91.6213 59.4354 51.3191 -114.6924 57.5659 -81.2095 0.0000 -0.0000 -16.2581 -27.4428 -22.4553 11.2192 7.1250 -0.0000 -0.0000 1.6125 -54.9441 -0.3939
-0.8684 18.2911 4.4413 -2.1659 0.3614 11.5992 0.0000 0.0000 0.0000 -10.3212 -0.2527 1.1085 1.0955 -6.6512 -18.6861 -0.7016 16.1101 1.2386 0.9637 -6.2506 -17.5132 0.0000 0.0000 0.0000 17.3469 -2.6042 -0.4040 -1.0111 6.3979 -17.9434 0.8261 -15.9310 -7.7240 -0.0338 -1.1872 3.2640 -4.0917 0.4495 20.1620 -0.6551 -0.3822 1.9358 1.7244 -0.0377 -9.1711 -3.9594 -3.4156 -32.5394 2.7114 -3.6139 19.7654 0.9819 -1.5387 11.8997 -0.0000 0.0000 0.0000 -112.4351 -50.9884 71.6627 67.6677 -58.0290 -40.7876 -0.0000 0.0000 -38.0927 25.8599 -23.1790 -10.8013 -7.1250 0.0000 -0.0000 -2.0045 4.5474 1.8404 -0.0000 0.0000 0.0000 100.0429 45.0145 53.1177 -89.1306 59.9971 -59.2471 0.0000 -0.0000 -16.5316 -24.2672 -37.6546 15.3982 7.1250 -0.0000 -0.0000 15.0362 -69.6915 -8.9530
-0.8769 18.2781 4.3376 -1.9743 1.5053 12.0508 0.0000 0.0000 0.0000 -10.4386 -0.5964 0.1712 1.1546 -6.8221 -19.1894 -0.6073 15.7260 2.5656 0.9732 -6.2804 -17.6003 0.0000 0.0000 0.0000 17.3272 -3.1345 -0.9055 -1.1014 6.6685 -18.7369 0.9284 -16.8260 -7.8712 -0.0418 -1.3197 3.6289 -3.6714 0.7085 21.8294 -0.5749 0.0033 2.7186 1.4678 0.1232 -9.2315 -3.8905 -3.6540 -31.6171 3.0432 -4.0317 17.2298 1.0247 -1.6922 10.7991 -0.0000 -0.0000 0.0000 -111.0622 -41.4602 63.9122 44.8000 -50.6701 -22.0839 -0.0000 0.0000 -50.1814 14.0835 -35.3548 -8.2598 -7.1250 0.0000 -0.0000 -10.3114 -5.6857 11.4614 -0.0000 -0.0000 0.0000 100.4827 41.3350 49.0966 -48.5440 52.3911 -25.0160 0.0000 -0.0000 -18.6880 -25.8122 -35.9616 15.8566 7.1250 -0.0000 -0.0000 11.1196 -68.5452 -6.3112
-0.8651 18.2685 4.2477 -2.0738 2.6051 11.9104 0.0000 0.0000 0.0000 -10.3336 -0.6703 -0.0629 1.2198 -7.0053 -19.7311 -0.5033 15.2993 3.8870 0.9519 -6.2133 -17.4045 0.0000 0.0000 0.0000 17.6356 -4.5365 -0.8971 -1.2268 7.0248 -19.7887 1.0282 -17.6100 -7.0335 -0.0325 -1.1643 3.2010 -2.6159 0.8325 24.4558 -0.6109 0.3430 3.7962 0.7159 0.2393 -9.4382 -2.7171 -3.5406 -30.8328 2.9899 -4.3586 15.7955 0.7717 -1.7875 10.1258 -0.0000 0.0000 0.0000 -100.6627 -35.6020 65.3305 47.5411 -51.9543 -24.2238 -0.0000 0.0000 -60.5186 20.3089 -27.3771 -9.6582 -7.1250 0.0000 -0.0000 -5.8722 1.2067 5.7778 -0.0000 0.0000 0.0000 89.9759 36.9072 51.7699 -45.3226 50.9256 -22.4890 0.0000 -0.0000 -33.5963 -36.6057 -24.3918 17.0542 7.1250 -0.0000 -0.0000 -8.4645 -59.2405 2.9578
-0.8613 18.2583 4.1667 -1.9840 3.4979 12.2518 0.0000 0.0000 0.0000 -10.3637 -0.9927 -0.7402 1.2673 -7.1356 -20.1177 -0.4217 14.9172 4.7950 0.8922 -6.0205 -16.8438 0.0000 0.0000 0.0000 17.7194 -5.3165 -1.1393 -1.3673 7.4007 -20.9081 1.1436 -18.5312 -6.4071 -0.0244 -1.0077 2.7700 -2.0213 1.2376 26.6541 -0.2763 1.0090 4.6051 0.5112 0.5336 -9.6851 -3.2835 -4.1333 -28.2596 3.7508 -5.0982 13.3805 1.0436 -2.1259 8.9138 -0.0000 0.0000 0.0000 -99.0032 -30.9337 66.5938 56.0961 -55.1766 -31.1138 -0.0000 0.0000 -59.6941 28.5479 -8.1763 -4.4243 -7.1250 0.0000 -0.0000 1.2165 20.6912 -0.7084 -0.0000 0.0000 0.0000 86.7856 32.2762 50.8829 -53.6853 54.3778 -29.1443 0.0000 -0.0000 -34.6528 -45.3811 -46.4630 36.3024 7.1250 -0.0000 -0.0000 -27.1555 -85.8153 25.1838
-0.8584 18.2325 4.0947 -1.5246 3.9439 13.1655 0.0000 0.0000 0.0000 -10.7928 -1.4783 -1.9034 1.2986 -7.2198 -20.3682 -0.3761 14.7250 5.3143 0.8507 -5.8826 -16.4441 0.0000 0.0000 0.0000 17.3600 -5.4500 -1.8276 -1.5134 7.7689 -22.0143 1.2246 -19.1684 -6.0556 -0.0140 -0.7641 2.1001 -2.4589 1.4603 27.2712 0.3048 1.2245 4.7951 1.3332 0.6567 -9.8119 -2.9683 -3.9254 -26.5336 2.3687 -4.7067 13.3572 0.5968 -2.1075 8.5692 -0.0000 -0.0000 0.0000 -102.9530 -30.9025 65.6942 53.3106 -54.2465 -28.8400 -0.0000 0.0000 -58.9019 29.0115 -8.6842 -4.7864 -7.1250 0.0000 -0.0000 1.5143 20.0745 -0.9028 -0.0000 -0.0000 0.0000 88.9831 31.9107 49.3112 -54.2496 54.5720 -29.6036 0.0000 -0.0000 -34.0606 -31.8612 -61.7184 28.6927 7.1250 -0.0000 -0.0000 118.5084 80.6384 127.1357
-0.8594 18.2098 4.0288 -1.0960 4.2121 13.9452 0.0000 0.0000 0.0000 -11.2200 -1.7480 -2.8793 1.3412 -7.3326 -20.7046 -0.3229 14.5694 5.9800 0.8898 -6.0125 -16.8207 0.0000 0.0000 0.0000 16.9541 -5.1550 -2.3177 -1.6337 8.0574 -22.8885 1.3224 -19.8831 -6.2406 -0.0139 -0.7606 2.0904 -2.4490 1.3438 27.6100 0.3621 1.0755 4.6918 1.4399 0.5920 -10.0965 -2.5358 -3.6856 -26.0513 1.9136 -4.4726 13.8968 0.4094 -2.0267 8.6506 0.0000 0.0000 0.0000 -103.9136 -32.4470 65.2897 52.2350 -53.8581 -27.9692 -0.0000 0.0000 -59.0085 29.4525 -8.9472 -5.0189 -7.1250 0.0000 -0.0000 1.8097 19.7336 -1.0929 0.0000 0.0000 0.0000 92.3941 33.5269 48.4046 -51.5510 53.6022 -27.4177 0.0000 -0.0000 -30.4362 -28.0129 -62.0395 25.1688 7.1250 -0.0000 -0.0000 111.0559 79.9153 120.8910
-0.8452 18.1971 3.9940 -0.8909 4.2893 14.0687 0.0000 0.0000 0.0000 -11.4459 -1.9628 -2.9361 1.3775 -7.4270 -20.9867 -0.3201 14.7314 6.2016 0.9195 -6.1096 -17.1027 0.0000 0.0000 0.0000 16.7057 -5.2223 -2.3122 -1.7059 8.2245 -23.3982 1.3769 -20.2741 -6.2433 -0.0173 -0.8489 2.3332 -1.8023 0.9865 28.4457 0.0195 0.7420 4.3185 0.7902 0.4173 -10.9234 -1.8603 -3.3347 -25.9168 1.9762 -4.2724 14.6366 0.3500 -1.8815 8.8689 0.0000 -0.0000 0.0000 -102.6114 -33.0837 65.0918 53.7803 -54.4108 -29.2215 -0.0000 0.0000 -58.9816 30.0712 -8.3877 -4.8278 -7.1250 0.0000 -0.0000 2.2948 20.3143 -1.3565 0.0000 -0.0000 0.0000 93.0687 34.7262 49.1577 -50.5261 53.2055 -26.5948 0.0000 -0.0000 -29.6969 -36.6691 -50.7243 29.9572 7.1250 -0.0000 -0.0000 42.4966 -85.6003 -39.4378
-0.8271 18.1940 3.9963 -0.7241 3.8617 13.6465 0.0000 0.0000 0.0000 -11.6454 -2.0357 -2.2090 1.3884 -7.4552 -21.0711 -0.3785 15.1479 5.7790 0.8967 -6.0353 -16.8869 0.0000 0.0000 0.0000 16.4256 -5.4485 -1.8951 -1.7226 8.2626 -23.5146 1.3507 -20.1109 -5.8922 -0.0097 -0.6344 1.7432 -1.5235 1.0713 29.1539 -0.0737 0.9042 4.0412 0.4532 0.4814 -11.6048 -2.0348 -3.4184 -26.1604 2.2346 -4.4055 15.8449 0.4361 -1.9097 9.3466 -0.0000 0.0000 0.0000 -102.0321 -33.6362 66.0792 53.3505 -54.2606 -28.8723 -0.0000 0.0000 -59.6292 30.5241 -8.7175 -5.1066 -7.1250 0.0000 -0.0000 2.5917 19.8919 -1.5568 -0.0000 0.0000 0.0000 90.7057 35.4491 49.6825 -51.1081 53.4328 -27.0616 0.0000 -0.0000 -30.5330 -27.6930 -59.8964 24.4210 7.1250 -0.0000 -0.0000 100.8700 80.9411 110.0082
-0.8080 18.1936 4.0196 -0.7140 3.5321 13.0062 0.0000 0.0000 0.0000 -11.7517 -1.8066 -1.3647 1.3828 -7.4407 -21.0277 -0.4066 15.2252 5.4317 0.8512 -5.8841 -16.4485 0.0000 0.0000 0.0000 16.2784 -5.6152 -1.2191 -1.7069 8.2269 -23.4053 1.3063 -19.7953 -5.7936 -0.0086 -0.5985 1.6447 -1.7572 1.1214 29.1236 0.1435 0.9246 4.0796 0.8293 0.5054 -11.5525 -2.1802 -3.3584 -26.4277 2.3216 -4.3126 16.8838 0.4952 -1.8527 9.7645 -0.0000 0.0000 0.0000 -102.4356 -33.5486 66.0083 53.2793 -54.2354 -28.8146 -0.0000 0.0000 -59.6364 30.7476 -8.6797 -5.1299 -7.1250 0.0000 -0.0000 2.7542 19.9134 -1.6533 -0.0000 0.0000 0.0000 89.6428 35.4051 49.9558 -51.7902 53.6925 -27.6104 0.0000 -0.0000 -30.9884 -28.5204 -60.3951 25.2896 7.1250 -0.0000 -0.0000 105.1248 80.8976 114.1984
-0.7933 18.1910 4.0469 -0.7923 3.3739 12.5637 0.0000 0.0000 0.0000 -11.7282 -1.6455 -0.7167 1.3899 -7.4589 -21.0822 -0.4169 15.2038 5.2401 0.8252 -5.7957 -16.1928 0.0000 0.0000 0.0000 16.2693 -5.6323 -0.6848 -1.6888 8.1854 -23.2785 1.2840 -19.6332 -5.7639 -0.0007 -0.1648 0.4528 -1.6709 0.8873 28.4705 0.0230 0.6498 4.1693 0.7514 0.3705 -11.1041 -1.8001 -3.1874 -26.3365 2.4559 -4.2712 17.4269 0.4869 -1.7858 9.9385 -0.0000 0.0000 0.0000 -101.8314 -33.1237 65.4539 53.8563 -54.4372 -29.2834 -0.0000 0.0000 -59.6986 30.9045 -8.6855 -5.1651 -7.1250 0.0000 -0.0000 2.8655 19.8910 -1.7218 -0.0000 0.0000 0.0000 90.0265 35.3506 50.4651 -51.5649 53.6075 -27.4289 0.0000 -0.0000 -30.8308 -27.9267 -60.4416 24.7536 7.1250 -0.0000 -0.0000 104.0230 80.7453 113.2894
-0.7782 18.1834 4.0674 -0.8360 3.1771 12.2367 0.0000 0.0000 0.0000 -11.7527 -1.4745 -0.1900 1.4086 -7.5070 -21.2263 -0.4154 15.1562 5.2052 0.8471 -5.8702 -16.4082 0.0000 0.0000 0.0000 16.2329 -5.6619 -0.2962 -1.6841 8.1746 -23.2456 1.2661 -19.5088 -5.6477 -0.0001 0.0764 -0.2099 -1.5763 0.7411 28.1472 -0.0830 0.4820 4.0402 0.6397 0.2877 -11.0810 -1.8905 -3.2612 -26.3107 2.8261 -4.4512 18.1160 0.6015 -1.8200 10.2001 -0.0000 -0.0000 0.0000 -101.6412 -32.4944 65.1268 53.9269 -54.4615 -29.3408 -0.0000 0.0000 -59.7713 31.2582 -9.0663 -5.4638 -7.1250 0.0000 -0.0000 3.0832 19.4143 -1.8857 -0.0000 -0.0000 0.0000 89.9109 35.0546 50.8578 -51.3572 53.5284 -27.2618 0.0000 -0.0000 -30.9200 -25.8679 -61.4682 23.0737 7.1250 -0.0000 -0.0000 104.4595 79.8033 114.7018
-0.7658 18.1786 4.0863 -0.8560 2.8685 11.9629 0.0000 0.0000 0.0000 -11.8033 -1.3475 0.3550 1.4302 -7.5619 -21.3911 -0.4496 15.4443 5.0158 0.8687 -5.9428 -16.6184 0.0000 0.0000 0.0000 16.1575 -5.6223 0.0521 -1.6818 8.1692 -23.2291 1.2439 -19.3449 -5.5988 -0.0001 0.0670 -0.1841 -1.6312 0.7192 28.0152 -0.1617 0.4273 3.8708 0.6022 0.2642 -11.2064 -1.8269 -3.3085 -26.1843 2.6398 -4.5051 18.3685 0.5162 -1.8622 10.2642 0.0000 -0.0000 0.0000 -101.6305 -31.8613 64.9948 53.9149 -54.4574 -29.3310 -0.0000 0.0000 -59.8157 31.7215 -9.3797 -5.7526 -7.1250 0.0000 -0.0000 3.3816 19.0005 -2.1000 0.0000 -0.0000 0.0000 90.0759 34.7895 51.0133 -50.7506 53.2938 -26.7748 0.0000 -0.0000 -30.9758 -22.9005 -63.0764 20.6384 7.1250 -0.0000 -0.0000 105.8055 78.4280 117.4614
-0.7556 18.1745 4.1028 -0.8725 2.3728 11.8590 0.0000 0.0000 0.0000 -11.8903 -0.8869 0.6052 1.4500 -7.6118 -21.5411 -0.4582 15.4557 4.8883 0.8387 -5.8419 -16.3265 0.0000 0.0000 0.0000 16.0737 -5.3711 0.2060 -1.6734 8.1497 -23.1697 1.2174 -19.1483 -5.5393 -0.0000 -0.0237 0.0651 -1.9006 0.8441 27.6232 -0.1902 0.5122 3.9043 0.6973 0.3113 -10.9693 -1.9564 -3.4041 -26.4848 2.6463 -4.5871 18.4643 0.5219 -1.9040 10.3563 -0.0000 0.0000 0.0000 -101.7030 -31.5539 64.9092 53.8708 -54.4422 -29.2952 -0.0000 0.0000 -60.3104 32.2995 -9.8103 -6.1477 -7.1250 0.0000 -0.0000 3.7455 18.4327 -2.3741 -0.0000 0.0000 0.0000 90.0392 34.7296 51.2115 -50.2020 53.0766 -26.3356 0.0000 -0.0000 -30.7962 -21.1357 -63.0306 19.0110 7.1250 -0.0000 -0.0000 102.9589 78.0718 115.1017
-0.7464 18.1732 4.1068 -0.9508 2.0466 11.8867 0.0000 0.0000 0.0000 -11.8860 -0.5913 0.6236 1.4622 -7.6422 -21.6324 -0.4638 15.4458 4.7826 0.8044 -5.7242 -15.9862 0.0000 0.0000 0.0000 16.1080 -5.2135 0.1437 -1.6661 8.1330 -23.1188 1.2020 -19.0460 -5.3418 -0.0000 0.0310 -0.0853 -2.0556 0.9436 27.3043 -0.2162 0.5983 3.8836 0.7288 0.3553 -10.8316 -2.0229 -3.4662 -26.6073 2.6483 -4.6412 18.3440 0.5235 -1.9335 10.3365 0.0000 0.0000 0.0000 -101.5190 -31.1727 64.9550 53.6599 -54.3690 -29.1237 -0.0000 0.0000 -60.6298 32.7623 -10.2123 -6.5090 -7.1250 0.0000 -0.0000 4.0268 17.9059 -2.6002 0.0000 0.0000 0.0000 90.0405 34.5297 51.3966 -49.6230 52.8423 -25.8734 0.0000 -0.0000 -31.0376 -20.1857 -60.3020 17.7111 7.1250 -0.0000 -0.0000 90.1851 78.6676 101.7496
-0.7362 18.1757 4.1057 -0.9537 1.9351 11.9785 0.0000 0.0000 0.0000 -11.9390 -0.5337 0.5284 1.4639 -7.6465 -21.6455 -0.4643 15.4393 4.7657 0.8281 -5.8056 -16.2214 0.0000 0.0000 0.0000 16.1052 -5.2108 -0.0411 -1.6543 8.1056 -23.0353 1.1917 -18.9856 -5.1286 -0.0022 0.3060 -0.8409 -2.1415 0.9615 27.1396 -0.2385 0.5981 3.8979 0.7546 0.3573 -10.7305 -2.1696 -3.6126 -26.7990 2.7010 -4.7853 18.0445 0.5413 -2.0048 10.2691 -0.0000 0.0000 0.0000 -101.2539 -30.9524 65.1843 53.7021 -54.3837 -29.1579 -0.0000 0.0000 -60.3777 34.9796 -9.7260 -6.7411 -7.1250 0.0000 -0.0000 5.6279 18.1978 -3.6063 -0.0000 0.0000 0.0000 90.0933 34.2907 51.5509 -49.0977 52.6250 -25.4553 0.0000 -0.0000 -31.0373 -19.4419 -59.3037 16.8841 7.1250 -0.0000 -0.0000 84.7632 78.5791 96.2616
-0.7295 18.1788 4.1025 -0.9707 1.9598 12.0921 0.0000 0.0000 0.0000 -11.8978 -0.7676 0.4384 1.4518 -7.6161 -21.5541 -0.4876 15.5505 4.5239 0.7911 -5.6777 -15.8522 0.0000 0.0000 0.0000 16.0795 -5.0508 -0.1704 -1.6424 8.0778 -22.9507 1.2011 -19.0348 -5.3924 -0.0000 0.0449 -0.1235 -2.2734 0.9886 27.0257 -0.2239 0.6008 3.9443 0.8472 0.3628 -10.6199 -2.1212 -3.6859 -27.0577 2.6962 -4.8739 17.3326 0.5179 -2.0484 10.0556 -0.0000 0.0000 0.0000 -100.9328 -30.8447 65.4018 53.5519 -54.3313 -29.0359 -0.0000 0.0000 -60.7554 35.8592 -9.5846 -6.8624 -7.1250 0.0000 -0.0000 6.2577 18.2512 -4.0071 -0.0000 0.0000 0.0000 90.2002 34.1777 51.5665 -48.4466 52.3495 -24.9389 0.0000 -0.0000 -31.2222 -18.8698 -60.3354 16.5410 7.1250 -0.0000 -0.0000 88.7234 78.2431 100.7054
-0.7219 18.1819 4.1004 -0.8459 1.9918 12.3103 0.0000 0.0000 0.0000 -12.0373 -0.9928 0.1914 1.4352 -7.5744 -21.4287 -0.4901 15.5277 4.4492 0.8570 -5.9036 -16.5050 0.0000 0.0000 0.0000 15.9032 -4.8711 -0.3767 -1.6330 8.0557 -22.8834 1.2114 -19.1007 -5.5627 -0.0000 0.0135 -0.0370 -2.5712 1.0276 26.8325 -0.2390 0.5720 4.0272 1.0141 0.3583 -10.4266 -2.2291 -3.8357 -27.4595 3.0332 -5.0619 16.0160 0.6266 -2.1120 9.6676 -0.0000 0.0000 0.0000 -100.3186 -30.7890 65.5777 53.5561 -54.3328 -29.0393 -0.0000 0.0000 -62.1087 36.3213 -9.5725 -6.9699 -7.1250 0.0000 -0.0000 6.5803 18.2031 -4.2234 -0.0000 0.0000 0.0000 89.9906 34.1898 52.1956 -46.8905 51.6617 -23.7125 0.0000 -0.0000 -29.5188 -18.7491 -58.3654 16.1193 7.1250 -0.0000 -0.0000 91.2426 -78.5731 -79.6094
-0.7187 18.1816 4.1000 -0.8592 2.0820 12.4975 0.0000 0.0000 0.0000 -12.0148 -1.1999 -0.0614 1.4107 -7.5123 -21.2422 -0.4949 15.4617 4.2741 0.8736 -5.9589 -16.6653 0.0000 0.0000 0.0000 15.8597 -4.6104 -0.5088 -1.6204 8.0262 -22.7936 1.2262 -19.1859 -5.9654 -0.0001 -0.0693 0.1905 -2.7605 1.1172 26.6912 -0.2574 0.6376 4.0758 1.0809 0.3938 -10.3021 -2.1205 -4.0185 -27.6729 3.5121 -5.3769 14.0261 0.7367 -2.2188 9.0191 -0.0000 -0.0000 0.0000 -99.9864 -30.9706 65.9840 53.1312 -54.1829 -28.6944 -0.0000 0.0000 -63.0741 36.5177 -8.4103 -6.1809 -7.1250 0.0000 -0.0000 6.8701 19.5942 -4.1984 -0.0000 -0.0000 0.0000 89.4099 34.2734 52.2573 -46.1332 51.3117 -23.1199 0.0000 -0.0000 -30.7032 -18.4976 -60.0644 16.1677 7.1250 -0.0000 -0.0000 87.1136 78.1635 99.1322
-0.7144 18.1856 4.1026 -0.9017 2.2435 12.5471 0.0000 0.0000 0.0000 -11.9300 -1.4963 -0.1409 1.3870 -7.4515 -21.0600 -0.5105 15.5073 4.0637 0.8694 -5.9452 -16.6254 0.0000 0.0000 0.0000 15.8790 -4.5396 -0.6060 -1.5920 7.9589 -22.5893 1.2226 -19.1482 -6.1568 -0.0000 0.0032 -0.0089 -2.9637 1.2049 26.6511 -0.1752 0.7050 4.0804 1.2671 0.4340 -10.2819 -2.1391 -4.1952 -27.9118 3.8455 -5.5946 12.1703 0.8309 -2.3086 8.4278 -0.0000 0.0000 0.0000 -99.6782 -31.2604 66.6451 52.8025 -54.0651 -28.4281 -0.0000 0.0000 -64.8467 37.4212 -7.1779 -5.4612 -7.1250 0.0000 -0.0000 7.6709 21.0036 -4.4511 -0.0000 0.0000 0.0000 88.4737 34.4309 52.3736 -45.0890 50.8120 -22.3077 0.0000 -0.0000 -32.2519 -18.2619 -61.3312 16.1472 7.1250 -0.0000 -0.0000 92.2669 77.8608 104.7295
-0.7112 18.1930 4.1137 -0.9620 2.3189 12.5539 0.0000 0.0000 0.0000 -11.9191 -1.4006 -0.2797 1.3611 -7.3844 -20.8593 -0.4807 15.1964 4.1468 0.9361 -6.1628 -17.2576 0.0000 0.0000 0.0000 15.9111 -4.4158 -0.6707 -1.5510 7.8604 -22.2909 1.2144 -19.0732 -6.4697 -0.0002 -0.0969 0.2663 -3.2305 1.2665 26.4734 -0.1555 0.7170 3.9845 1.4395 0.4511 -10.3025 -2.3221 -4.3892 -28.1316 4.3945 -5.8396 11.0839 1.0152 -2.3856 8.1201 0.0000 0.0000 0.0000 -99.1106 -31.5942 67.0262 52.5659 -53.9794 -28.2366 -0.0000 0.0000 -67.3733 38.5039 -5.7258 -4.5381 -7.1250 0.0000 -0.0000 8.6427 22.7014 -4.6896 0.0000 0.0000 0.0000 87.7924 34.7189 52.7764 -43.8620 50.1986 -21.3608 0.0000 -0.0000 -33.2814 -17.5180 -62.8398 15.6868 7.1250 -0.0000 -0.0000 97.4456 77.2643 110.5760
-0.7087 18.2013 4.1372 -1.0394 2.3940 12.3235 0.0000 0.0000 0.0000 -11.8403 -1.4428 -0.0441 1.3321 -7.3085 -20.6326 -0.4881 15.1472 3.9414 0.9805 -6.3031 -17.6663 0.0000 0.0000 0.0000 15.9363 -4.3335 -0.4367 -1.5036 7.7450 -21.9421 1.1943 -18.9125 -6.7939 -0.0000 -0.0182 0.0501 -3.3895 1.2967 26.1465 -0.2493 0.7147 3.9877 1.4291 0.4519 -10.1294 -2.4045 -4.5387 -28.4682 4.8133 -6.0588 10.6389 1.1370 -2.4485 8.0449 0.0000 -0.0000 0.0000 -98.5051 -32.1147 67.3837 52.5585 -53.9767 -28.2306 -0.0000 0.0000 -69.7674 39.8157 -3.8436 -3.1984 -7.1250 0.0000 -0.0000 9.8643 24.9757 -4.8454 0.0000 -0.0000 0.0000 87.3306 35.4312 53.1130 -42.6070 49.5408 -20.4012 0.0000 -0.0000 -34.6044 -18.2153 -64.3222 16.5194 7.1250 -0.0000 -0.0000 103.8040 76.9142 117.1830
-0.7062 18.2056 4.1645 -1.1334 2.4324 11.8084 0.0000 0.0000 0.0000 -11.7264 -1.5398 0.5944 1.3044 -7.2350 -20.4136 -0.5142 15.2232 3.5689 0.9067 -6.0679 -16.9817 0.0000 0.0000 0.0000 15.9656 -4.3407 0.0736 -1.4507 7.6136 -21.5463 1.1616 -18.6614 -7.1496 -0.0003 -0.1024 0.2813 -3.6099 1.3165 25.9713 -0.3012 0.6810 3.9644 1.5105 0.4426 -10.0645 -2.7771 -4.7444 -28.5920 5.2340 -6.2731 10.6851 1.3043 -2.5163 8.1162 -0.0000 -0.0000 0.0000 -98.0247 -32.9457 67.3767 51.9414 -53.7491 -27.7323 -0.0000 0.0000 -72.7894 39.9320 -1.9132 -1.6008 -7.1250 0.0000 -0.0000 10.2275 27.4409 -4.4292 -0.0000 -0.0000 0.0000 86.8022 36.4212 53.6066 -41.0319 48.6695 -19.2105 0.0000 -0.0000 -35.3563 -17.3694 -66.0386 15.9520 7.1250 -0.0000 -0.0000 108.5449 76.0155 122.6846
-0.7063 18.2107 4.1984 -1.3303 2.3413 11.3768 0.0000 0.0000 0.0000 -11.5541 -1.3870 1.0881 1.2778 -7.1638 -20.2016 -0.5262 15.1875 3.2821 0.9533 -6.2177 -17.4174 0.0000 0.0000 0.0000 16.0893 -4.1505 0.5460 -1.3980 7.4797 -21.1446 1.1369 -18.4779 -7.5035 -0.0011 -0.2120 0.5824 -3.8124 1.3749 25.3831 -0.3774 0.7193 3.9344 1.5336 0.4626 -9.7952 -3.0825 -5.0250 -29.0308 5.4662 -6.6012 11.3030 1.3716 -2.6385 8.4294 -0.0000 -0.0000 0.0000 -97.6486 -34.0302 67.2861 50.8481 -53.3319 -26.8530 -0.0000 0.0000 -76.5227 38.6223 -1.4304 -1.1425 -7.1250 0.0000 -0.0000 9.2964 28.1048 -3.8677 -0.0000 -0.0000 0.0000 85.6205 37.7669 54.1433 -39.8314 47.9697 -18.3139 0.0000 -0.0000 -37.3295 -17.1336 -67.2243 15.8675 7.1250 -0.0000 -0.0000 111.8872 75.4086 126.4564
-0.7138 18.2162 4.2376 -1.3884 2.4288 10.8646 0.0000 0.0000 0.0000 -11.4930 -1.2671 1.6206 1.2426 -7.0681 -19.9173 -0.5326 15.0577 2.9417 0.9068 -6.0683 -16.9826 0.0000 0.0000 0.0000 16.1186 -4.1339 1.0935 -1.3375 7.3228 -20.6752 1.1002 -18.2085 -7.8763 -0.0007 -0.1678 0.4610 -4.1750 1.3669 24.9841 -0.4266 0.6231 3.7657 1.7205 0.4314 -9.7741 -3.6273 -5.2449 -29.6089 5.8393 -6.8057 12.3849 1.5405 -2.6848 8.9402 0.0000 0.0000 0.0000 -97.3927 -35.0669 67.1262 49.8638 -52.9404 -26.0654 -0.0000 0.0000 -78.8572 38.9965 0.0499 0.0404 -7.1250 0.0000 -0.0000 9.7710 29.9695 -3.6310 0.0000 0.0000 0.0000 84.6968 39.3257 54.6801 -38.2858 47.0209 -17.1744 0.0000 -0.0000 -39.4362 -17.3095 -68.7168 16.1929 7.1250 -0.0000 -0.0000 116.1883 74.6417 131.1853
-0.7120 18.2237 4.2842 -1.5269 2.5822 10.3141 0.0000 0.0000 0.0000 -11.3359 -1.3223 2.2784 1.2066 -6.9687 -19.6226 -0.5445 14.9887 2.5738 0.8778 -5.9729 -16.7059 0.0000 0.0000 0.0000 16.1967 -4.0861 1.6285 -1.2558 7.1042 -20.0243 1.0507 -17.8631 -8.4918 -0.0007 -0.1762 0.4840 -4.2384 1.3094 24.4799 -0.4958 0.5481 3.6363 1.7069 0.3972 -9.6503 -3.8993 -5.3812 -30.2937 5.8469 -6.9379 13.7003 1.5501 -2.7206 9.5296 -0.0000 -0.0000 0.0000 -97.7556 -36.7903 67.5044 48.1157 -52.2067 -24.6771 -0.0000 0.0000 -80.9887 39.1007 0.9161 0.7445 -7.1250 0.0000 -0.0000 9.9607 31.0679 -3.4376 -0.0000 -0.0000 0.0000 83.6518 41.1645 54.8940 -36.8015 46.0565 -16.0969 0.0000 -0.0000 -41.0126 -17.6817 -70.3067 16.7068 7.1250 -0.0000 -0.0000 120.4163 73.7512 135.8434
-0.7112 18.2329 4.3357 -1.7328 2.4887 9.7977 0.0000 0.0000 0.0000 -11.1577 -1.1521 2.8830 1.1718 -6.8711 -19.3341 -0.5514 14.8854 2.2350 0.9273 -6.1347 -17.1757 0.0000 0.0000 0.0000 16.3317 -3.8114 2.0838 -1.1610 6.8404 -19.2435 0.9851 -17.4182 -9.1750 -0.0032 -0.3681 1.0115 -4.4221 1.3122 23.9899 -0.5157 0.5204 3.3608 1.8002 0.3952 -9.7009 -4.2298 -5.4497 -30.8518 5.9194 -6.9834 15.2230 1.6092 -2.7117 10.1866 -0.0000 0.0000 0.0000 -98.0656 -37.8484 67.3685 47.0020 -51.7124 -23.8000 -0.0000 0.0000 -82.3145 39.3397 1.7263 1.4145 -7.1250 0.0000 -0.0000 10.2516 32.0991 -3.2827 -0.0000 0.0000 0.0000 82.6827 42.8793 55.2480 -35.4714 45.1458 -15.1466 0.0000 -0.0000 -42.4029 -17.8584 -71.4507 16.9854 7.1250 -0.0000 -0.0000 123.0409 73.0511 138.8108
-0.7092 18.2418 4.3888 -1.7853 2.5117 9.2613 0.0000 0.0000 0.0000 -11.1250 -1.1648 3.5193 1.1283 -6.7468 -18.9674 -0.5615 14.7827 1.8042 0.9606 -6.2409 -17.4849 0.0000 0.0000 0.0000 16.3442 -3.8426 2.4894 -1.0698 6.5752 -18.4627 0.9147 -16.9141 -9.5916 -0.0013 -0.2358 0.6479 -4.2907 1.2719 23.7610 -0.7252 0.4777 2.9097 1.5036 0.3791 -10.0819 -4.5925 -5.5951 -31.0598 6.0611 -7.1567 16.8276 1.6820 -2.7620 10.8437 0.0000 0.0000 0.0000 -98.2356 -38.6885 67.6998 46.1017 -51.2969 -23.0954 -0.0000 0.0000 -83.4024 39.7247 2.3413 1.9442 -7.1250 0.0000 -0.0000 10.6386 32.8899 -3.2039 0.0000 0.0000 0.0000 81.8196 44.2362 55.3300 -34.2825 44.2930 -14.3100 0.0000 -0.0000 -43.3783 -18.9413 -72.7167 18.1433 7.1250 -0.0000 -0.0000 126.3703 72.2788 142.3528
-0.7072 18.2482 4.4464 -1.8771 2.2948 8.7294 0.0000 0.0000 0.0000 -11.0530 -1.0540 4.1651 1.0798 -6.6049 -18.5500 -0.5781 14.7137 1.2476 0.9595 -6.2374 -17.4747 0.0000 0.0000 0.0000 16.3505 -3.5787 3.0346 -0.9946 6.3470 -17.7946 0.8473 -16.4572 -10.1162 -0.0033 -0.3697 1.0159 -4.5922 1.2807 23.0405 -0.6714 0.4552 2.7812 1.7471 0.3790 -9.8420 -4.3413 -5.3443 -31.4784 5.2629 -6.7842 18.2414 1.4110 -2.6524 11.3779 0.0000 -0.0000 0.0000 -98.4424 -40.0342 67.6384 45.4045 -50.9651 -22.5525 -0.0000 0.0000 -84.2157 39.9483 2.6798 2.2426 -7.1250 0.0000 -0.0000 10.8632 33.3284 -3.1565 0.0000 -0.0000 0.0000 81.3950 45.8697 55.3932 -33.3798 43.6200 -13.6834 0.0000 -0.0000 -42.9959 -18.8516 -73.3104 18.1103 7.1250 -0.0000 -0.0000 127.3293 71.8709 143.5400
-0.7031 18.2471 4.4999 -1.9421 2.0136 8.1864 0.0000 0.0000 0.0000 -11.0236 -0.9181 4.8515 1.0371 -6.4770 -18.1750 -0.5985 14.7024 0.6705 0.9373 -6.1668 -17.2691 0.0000 0.0000 0.0000 16.3358 -3.3377 3.6061 -0.9311 6.1468 -17.2110 0.7901 -16.0693 -10.5293 -0.0028 -0.3404 0.9353 -4.6075 1.2878 22.7253 -0.7087 0.4634 2.4422 1.7113 0.3915 -10.0536 -4.2122 -5.1481 -31.5854 4.5059 -6.4558 19.9559 1.1652 -2.5749 12.0018 0.0000 0.0000 0.0000 -98.5665 -40.8386 67.5313 45.0962 -50.8155 -22.3133 -0.0000 0.0000 -84.3841 40.0606 2.9259 2.4579 -7.1250 0.0000 -0.0000 10.9866 33.6469 -3.1073 0.0000 0.0000 0.0000 82.7241 45.9304 54.1742 -33.1778 43.4663 -13.5442 0.0000 -0.0000 -40.0104 -17.9554 -73.5615 17.2659 7.1250 -0.0000 -0.0000 127.0827 71.6638 143.5552
-0.6995 18.2531 4.5485 -1.9484 1.7610 7.7377 0.0000 0.0000 0.0000 -11.0547 -0.7606 5.4192 1.0049 -6.3787 -17.8873 -0.6147 14.6997 0.1857 0.8939 -6.0260 -16.8599 0.0000 0.0000 0.0000 16.2670 -3.0135 4.1131 -0.8743 5.9616 -16.6730 0.7398 -15.7444 -10.9351 -0.0045 -0.4344 1.1935 -4.6113 1.2302 22.3569 -0.8027 0.3878 2.1208 1.6324 0.3616 -10.2102 -4.0353 -4.8042 -31.2725 3.9938 -6.0049 21.5091 1.0316 -2.4199 12.5113 -0.0000 0.0000 0.0000 -98.5001 -41.4059 67.1167 44.6528 -50.5973 -21.9702 -0.0000 0.0000 -83.5182 39.0554 2.8037 2.2728 -7.1250 0.0000 -0.0000 10.1526 33.4605 -2.9112 -0.0000 0.0000 0.0000 82.9157 46.9321 54.4387 -32.5643 42.9924 -13.1240 0.0000 -0.0000 -39.3987 -17.4618 -72.0139 16.6568 7.1250 -0.0000 -0.0000 123.8381 72.6634 139.8815
-0.6919 18.2600 4.5935 -1.9589 1.6282 7.5077 0.0000 0.0000 0.0000 -11.0802 -0.8979 5.8357 0.9777 -6.2943 -17.6407 -0.6433 14.8651 -0.2655 0.8794 -5.9782 -16.7213 0.0000 0.0000 0.0000 16.2323 -2.8521 4.3203 -0.8230 5.7882 -16.1712 0.6923 -15.4146 -11.2154 -0.0036 -0.3899 1.0713 -4.3648 1.1272 21.9689 -0.9221 0.3109 1.7646 1.3822 0.3200 -10.3927 -3.9572 -4.6212 -30.7029 3.5649 -5.7499 22.9769 0.9090 -2.3564 12.9687 -0.0000 0.0000 0.0000 -98.5397 -41.4085 66.8903 44.7486 -50.6447 -22.0442 -0.0000 0.0000 -81.7323 38.7915 2.9105 2.3371 -7.1250 0.0000 -0.0000 9.9500 33.5876 -2.8205 -0.0000 0.0000 0.0000 83.2407 47.2333 54.5931 -32.4430 42.8975 -13.0414 0.0000 -0.0000 -38.6649 -15.6726 -71.6080 14.9085 7.1250 -0.0000 -0.0000 121.5050 72.7910 137.7964
-0.6900 18.2623 4.6274 -1.9227 1.4591 7.5391 0.0000 0.0000 0.0000 -11.1350 -0.9196 5.9387 0.9652 -6.2552 -17.5267 -0.6572 14.9290 -0.5418 0.8336 -5.8245 -16.2761 0.0000 0.0000 0.0000 16.1628 -2.6095 4.3711 -0.8050 5.7261 -15.9918 0.6716 -15.3081 -11.4616 -0.0042 -0.4165 1.1445 -4.2725 1.0919 21.5527 -1.0233 0.2884 1.4378 1.2241 0.3090 -10.5300 -3.7831 -4.4114 -29.7098 3.2601 -5.5166 23.7800 0.8202 -2.2897 13.0851 -0.0000 -0.0000 0.0000 -98.4486 -40.9407 67.0476 44.5747 -50.5584 -21.9098 -0.0000 0.0000 -78.3126 37.0623 1.9982 1.5085 -7.1250 0.0000 -0.0000 8.4537 32.4051 -2.6317 -0.0000 -0.0000 0.0000 83.8209 46.7048 54.5734 -32.8715 43.2311 -13.3340 0.0000 -0.0000 -37.9366 -14.8102 -72.0994 14.1226 7.1250 -0.0000 -0.0000 121.8590 72.4235 138.4883
-0.6897 18.2600 4.6459 -1.7680 1.2663 7.6851 0.0000 0.0000 0.0000 -11.3045 -0.9496 5.8981 0.9668 -6.2603 -17.5417 -0.6759 15.0838 -0.7086 0.7923 -5.6817 -15.8637 0.0000 0.0000 0.0000 15.9717 -2.4781 4.4595 -0.8369 5.8358 -16.3088 0.6885 -15.4345 -11.4003 -0.0051 -0.4611 1.2670 -4.2806 1.0867 21.2807 -1.1578 0.2740 1.2651 1.0846 0.3018 -10.5732 -3.3994 -4.1447 -28.8834 2.7538 -5.2071 24.3342 0.6308 -2.1986 13.1135 -0.0000 0.0000 0.0000 -98.1979 -40.0439 67.0704 44.9660 -50.7518 -22.2124 -0.0000 0.0000 -75.7465 36.7969 0.8406 0.6287 -7.1250 0.0000 -0.0000 8.1300 30.9697 -2.8125 -0.0000 0.0000 0.0000 84.1175 45.7532 55.0836 -33.2724 43.5383 -13.6093 0.0000 -0.0000 -38.8729 -16.9802 -68.3506 15.8446 7.1250 -0.0000 -0.0000 114.8785 74.8017 129.8394
-0.6894 18.2501 4.6402 -1.6014 1.2020 7.8522 0.0000 0.0000 0.0000 -11.4750 -0.9308 5.7768 0.9841 -6.3143 -17.6990 -0.6722 15.0846 -0.5780 0.7747 -5.6198 -15.6852 0.0000 0.0000 0.0000 15.8031 -2.7843 4.5187 -0.9110 6.0818 -17.0220 0.7317 -15.6610 -10.8756 -0.0026 -0.3308 0.9088 -4.2286 1.0791 21.0766 -1.3189 0.2757 1.4150 0.8802 0.2895 -10.2912 -3.1718 -4.0007 -28.3984 2.6939 -5.1167 24.7202 0.5938 -2.1481 13.1672 0.0000 -0.0000 0.0000 -98.0585 -39.3675 67.3790 45.8216 -51.1647 -22.8769 -0.0000 0.0000 -73.6610 38.5089 0.5483 0.4362 -7.1250 0.0000 -0.0000 9.4498 30.6032 -3.3635 0.0000 -0.0000 0.0000 84.1662 44.8711 55.1774 -33.8405 43.9662 -14.0022 0.0000 -0.0000 -39.7098 -15.2247 -66.4525 14.0089 7.1250 -0.0000 -0.0000 107.4737 75.4487 122.3069
-0.6975 18.2392 4.6049 -1.4693 1.1544 7.9996 0.0000 0.0000 0.0000 -11.5984 -0.7221 5.5359 1.0124 -6.4019 -17.9551 -0.6557 15.0390 -0.1691 0.7984 -5.7032 -15.9256 0.0000 0.0000 0.0000 15.7120 -3.1048 4.5169 -0.9952 6.3490 -17.8003 0.7888 -15.9940 -10.2313 -0.0019 -0.2801 0.7696 -4.4442 1.1555 21.3024 -1.3119 0.3245 1.7505 0.9983 0.3140 -10.0429 -3.2146 -3.9676 -28.3383 2.5777 -5.0222 24.9244 0.5741 -2.1268 13.2336 0.0000 -0.0000 0.0000 -98.3304 -38.9381 67.6449 46.0195 -51.2583 -23.0313 -0.0000 0.0000 -73.3163 38.8081 -0.8423 -0.6774 -7.1250 0.0000 -0.0000 9.5129 28.8427 -3.7914 0.0000 -0.0000 0.0000 84.5703 44.2667 54.7948 -34.1042 44.1618 -14.1856 0.0000 -0.0000 -38.3874 -10.9040 -67.2353 10.0727 7.1250 -0.0000 -0.0000 105.7313 74.3354 121.9196
-0.7081 18.2416 4.5638 -1.3774 0.9424 8.5495 0.0000 0.0000 0.0000 -11.6615 -0.5274 4.8488 1.0403 -6.4867 -18.2032 -0.6457 15.0379 0.1389 0.8079 -5.7361 -16.0205 0.0000 0.0000 0.0000 15.7069 -3.2223 3.9562 -1.0661 6.5643 -18.4309 0.8400 -16.2774 -9.4578 -0.0006 -0.1519 0.4172 -4.5893 1.2512 21.4619 -1.4042 0.4007 1.8959 0.9568 0.3506 -9.9719 -3.2148 -3.9363 -28.0941 2.6416 -5.0065 24.9548 0.6056 -2.1131 13.2008 0.0000 -0.0000 0.0000 -98.5060 -38.2876 67.6321 46.0563 -51.2756 -23.0599 -0.0000 0.0000 -72.5509 38.8709 -1.6446 -1.3252 -7.1250 0.0000 -0.0000 9.4587 27.8253 -4.0003 0.0000 -0.0000 0.0000 84.8398 43.6682 54.8015 -34.3877 44.3699 -14.3835 0.0000 -0.0000 -38.3219 -10.4412 -66.7266 9.6081 7.1250 -0.0000 -0.0000 103.7324 74.4205 119.9150
-0.7150 18.2345 4.5225 -1.3574 0.7374 9.0894 0.0000 0.0000 0.0000 -11.6496 -0.4702 4.2523 1.0735 -6.5861 -18.4947 -0.6515 15.2027 0.3976 0.8423 -5.8542 -16.3620 0.0000 0.0000 0.0000 15.7434 -3.2270 3.3695 -1.1230 6.7315 -18.9224 0.8740 -16.4685 -8.8238 -0.0001 -0.0646 0.1775 -4.6352 1.3164 21.7770 -1.4837 0.4534 2.0828 0.8784 0.3720 -9.9370 -3.3898 -3.9734 -28.0166 2.8378 -5.0468 24.9629 0.7044 -2.1198 13.2028 0.0000 -0.0000 0.0000 -98.6068 -37.7059 67.4055 46.3565 -51.4160 -23.2943 -0.0000 0.0000 -72.3632 38.9875 -2.0051 -1.6222 -7.1250 0.0000 -0.0000 9.5003 27.3640 -4.1232 0.0000 -0.0000 0.0000 84.0045 43.8316 56.3628 -34.4766 44.4348 -14.4457 0.0000 -0.0000 -43.0990 -21.8940 -63.1173 19.7200 7.1250 -0.0000 -0.0000 104.4106 78.2003 116.3658
-0.7238 18.2298 4.4726 -1.4352 0.6955 9.5707 0.0000 0.0000 0.0000 -11.5018 -0.5531 3.7645 1.1218 -6.7279 -18.9117 -0.6619 15.4451 0.7091 0.8397 -5.8452 -16.3360 0.0000 0.0000 0.0000 15.9015 -3.2165 2.8011 -1.1727 6.8738 -19.3419 0.9114 -16.7221 -8.3076 -0.0000 -0.0150 0.0411 -4.6304 1.3423 22.3175 -1.4780 0.4625 2.2936 0.8754 0.3741 -9.9947 -3.4588 -3.9688 -28.1262 2.8162 -5.0056 25.1669 0.7137 -2.1084 13.3079 -0.0000 0.0000 0.0000 -98.6623 -37.3941 67.2204 46.5107 -51.4875 -23.4150 -0.0000 0.0000 -72.8822 39.0804 -2.0135 -1.6344 -7.1250 0.0000 -0.0000 9.5695 27.3495 -4.1574 -0.0000 0.0000 0.0000 83.4445 43.9764 56.8955 -34.3656 44.3538 -14.3680 0.0000 -0.0000 -43.8002 -21.8953 -63.3240 19.7544 7.1250 -0.0000 -0.0000 105.1927 78.1092 117.2164
-0.7382 18.2264 4.4257 -1.5294 0.6802 10.1114 0.0000 0.0000 0.0000 -11.3185 -0.5993 3.2085 1.1721 -6.8720 -19.3366 -0.6713 15.6792 1.0137 0.8060 -5.7295 -16.0015 0.0000 0.0000 0.0000 16.0931 -3.0823 2.2298 -1.2210 7.0087 -19.7412 0.9522 -17.0245 -7.8772 -0.0000 0.0248 -0.0683 -4.6501 1.3685 22.7493 -1.5491 0.4643 2.5023 0.8050 0.3712 -9.9936 -3.7859 -3.9950 -28.1577 3.4151 -5.0932 25.2604 0.9861 -2.0896 13.3875 -0.0000 0.0000 0.0000 -98.5175 -37.2954 67.0901 46.7223 -51.5849 -23.5806 -0.0000 0.0000 -73.5176 39.3128 -1.8245 -1.4934 -7.1250 0.0000 -0.0000 9.7707 27.5800 -4.1933 -0.0000 0.0000 0.0000 83.0778 44.1355 57.3755 -34.2905 44.2988 -14.3156 0.0000 -0.0000 -44.7939 -22.0366 -63.5065 19.9135 7.1250 -0.0000 -0.0000 106.0818 78.0549 118.1270
-0.7557 18.2198 4.3771 -1.5772 0.6321 10.7457 0.0000 0.0000 0.0000 -11.1566 -0.7419 2.5678 1.2222 -7.0120 -19.7510 -0.6844 15.9539 1.3056 0.7710 -5.6066 -15.6472 0.0000 0.0000 0.0000 16.2512 -3.0109 1.5872 -1.2859 7.1856 -20.2664 0.9873 -17.2911 -7.4957 -0.0007 -0.1711 0.4702 -4.6740 1.4368 23.1936 -1.6680 0.5078 2.5727 0.6680 0.3911 -10.1553 -4.0425 -4.1066 -27.8573 3.8854 -5.2913 25.0317 1.1776 -2.1385 13.2688 -0.0000 -0.0000 0.0000 -98.4326 -37.2078 67.1049 46.7907 -51.6162 -23.6342 -0.0000 0.0000 -74.4894 39.4885 -1.6567 -1.3647 -7.1250 0.0000 -0.0000 9.9269 27.7869 -4.2129 -0.0000 -0.0000 0.0000 83.2112 44.0938 56.7598 -34.0753 44.1404 -14.1655 0.0000 -0.0000 -42.0198 -12.9307 -68.2067 12.0345 7.1250 -0.0000 -0.0000 110.4788 74.2923 126.4040
-0.7748 18.2110 4.3297 -1.5507 0.6108 11.2814 0.0000 0.0000 0.0000 -11.0773 -0.8570 2.0099 1.2684 -7.1384 -20.1260 -0.6748 16.0700 1.7727 0.8399 -5.8458 -16.3376 0.0000 0.0000 0.0000 16.3244 -2.9054 1.1273 -1.3620 7.3869 -20.8669 1.0383 -17.6939 -7.1334 -0.0009 -0.1953 0.5367 -4.8786 1.5263 23.7302 -1.7615 0.5313 2.7140 0.6675 0.4081 -10.2861 -4.2602 -4.2302 -27.9476 4.2869 -5.4905 24.9126 1.3309 -2.1876 13.2694 0.0000 0.0000 0.0000 -98.4037 -37.3083 67.0917 46.9704 -51.6980 -23.7752 -0.0000 0.0000 -74.9767 39.6046 -1.2602 -1.0425 -7.1250 0.0000 -0.0000 10.0691 28.2889 -4.1536 0.0000 0.0000 0.0000 82.7973 44.3283 56.8012 -34.0891 44.1506 -14.1751 0.0000 -0.0000 -42.5253 -14.2256 -68.5337 13.2750 7.1250 -0.0000 -0.0000 112.6257 74.3336 128.3206
-0.7928 18.2024 4.2861 -1.6191 0.6032 11.8340 0.0000 0.0000 0.0000 -10.9166 -0.8459 1.3879 1.3162 -7.2666 -20.5077 -0.6662 16.1664 2.1505 0.8370 -5.8362 -16.3100 0.0000 0.0000 0.0000 16.5417 -2.9515 0.6027 -1.4439 7.5963 -21.4946 1.0806 -18.0307 -6.5590 -0.0008 -0.1870 0.5138 -4.9424 1.5530 24.2115 -1.8706 0.5093 2.8470 0.5841 0.3976 -10.3917 -4.5754 -4.3944 -27.9208 4.9459 -5.7723 24.4429 1.5838 -2.2509 13.1236 0.0000 -0.0000 0.0000 -98.4152 -37.4618 66.9436 47.1753 -51.7907 -23.9361 -0.0000 0.0000 -75.0754 39.6287 -1.0844 -0.8979 -7.1250 0.0000 -0.0000 10.1115 28.5128 -4.1171 0.0000 -0.0000 0.0000 82.6544 44.5807 56.8899 -34.0543 44.1249 -14.1509 0.0000 -0.0000 -42.5450 -13.8652 -68.8813 12.9665 7.1250 -0.0000 -0.0000 113.2428 74.1119 129.1269
-0.8160 18.1925 4.2501 -1.6671 0.5602 12.3607 0.0000 0.0000 0.0000 -10.7848 -0.7351 0.8534 1.3740 -7.4180 -20.9597 -0.6568 16.3073 2.6083 0.8539 -5.8933 -16.4752 0.0000 0.0000 0.0000 16.7272 -2.9674 0.1836 -1.5337 7.8186 -22.1643 1.1202 -18.3622 -5.9969 -0.0021 -0.2930 0.8050 -5.1402 1.6276 24.6858 -2.0123 0.5073 2.9377 0.5331 0.4023 -10.5421 -4.7758 -4.5649 -27.8845 5.6663 -6.1093 23.6643 1.8262 -2.3239 12.8582 -0.0000 0.0000 0.0000 -98.3436 -37.6578 66.8551 47.4333 -51.9063 -24.1389 -0.0000 0.0000 -76.2368 39.9493 -0.9330 -0.7814 -7.1250 0.0000 -0.0000 10.3780 28.6974 -4.1827 -0.0000 0.0000 0.0000 82.2693 44.8528 57.0911 -34.0898 44.1511 -14.1755 0.0000 -0.0000 -42.6629 -14.1649 -69.4218 13.2942 7.1250 -0.0000 -0.0000 114.9653 73.8771 130.9341
-0.8391 18.1800 4.2185 -1.6938 0.6360 12.8645 0.0000 0.0000 0.0000 -10.6662 -0.7518 0.3395 1.4296 -7.5604 -21.3866 -0.6436 16.4606 3.1328 0.9113 -6.0830 -17.0256 0.0000 0.0000 0.0000 16.9095 -3.1042 -0.2256 -1.6296 8.0478 -22.8594 1.1656 -18.7534 -5.4562 -0.0046 -0.4391 1.2064 -5.2696 1.6490 25.0497 -2.1690 0.4622 3.0862 0.4432 0.3813 -10.5642 -4.9820 -4.7502 -27.8967 6.5396 -6.4760 22.5381 2.1157 -2.3964 12.4811 0.0000 0.0000 0.0000 -98.3596 -37.9614 66.7086 47.5262 -51.9477 -24.2121 -0.0000 0.0000 -77.1687 40.0533 -0.7726 -0.6495 -7.1250 0.0000 -0.0000 10.4803 28.9004 -4.1738 0.0000 0.0000 0.0000 81.8013 45.2954 57.1663 -34.0944 44.1546 -14.1788 0.0000 -0.0000 -43.2686 -14.4649 -69.9929 13.6255 7.1250 -0.0000 -0.0000 116.6997 73.6090 132.7664
-0.8665 18.1715 4.1986 -1.6177 0.8302 13.3790 0.0000 0.0000 0.0000 -10.6749 -0.7167 -0.2542 1.4758 -7.6762 -21.7350 -0.6193 16.5346 3.6964 0.9489 -6.2036 -17.3762 0.0000 0.0000 0.0000 16.9701 -3.0873 -0.5802 -1.7069 8.2269 -23.4053 1.2167 -19.1622 -5.3058 -0.0148 -0.7866 2.1618 -5.4461 1.6375 25.2417 -2.3207 0.3743 3.2127 0.4027 0.3420 -10.5178 -5.5276 -5.0529 -27.8718 7.8360 -6.9479 21.0888 2.5938 -2.4985 12.0262 0.0000 0.0000 0.0000 -98.4972 -38.3060 66.6336 47.6234 -51.9908 -24.2887 -0.0000 0.0000 -78.2953 40.3737 -0.5434 -0.4620 -7.1250 0.0000 -0.0000 10.7594 29.1879 -4.2137 0.0000 0.0000 0.0000 81.8357 45.3534 56.9521 -34.3115 44.3142 -14.3302 0.0000 -0.0000 -43.9716 -7.5798 -72.8757 7.2475 7.1250 -0.0000 -0.0000 118.4347 71.3321 136.8074
-0.8906 18.1752 4.1937 -1.6555 1.0142 13.8603 0.0000 0.0000 0.0000 -10.5865 -0.7882 -0.7100 1.5149 -7.7726 -22.0255 -0.6199 16.8022 4.1008 0.9766 -6.2909 -17.6307 0.0000 0.0000 0.0000 17.1100 -2.8920 -0.9407 -1.7427 8.3081 -23.6539 1.2627 -19.5202 -5.2285 -0.0134 -0.7472 2.0535 -5.4532 1.6130 25.2690 -2.4165 0.3340 3.3256 0.3148 0.3182 -10.4013 -6.0677 -5.4120 -27.9225 9.1803 -7.4460 19.2307 3.0695 -2.6192 11.4567 -0.0000 -0.0000 0.0000 -98.6505 -38.7930 66.6626 47.5433 -51.9553 -24.2256 -0.0000 0.0000 -79.5285 40.6993 -0.6116 -0.5260 -7.1250 0.0000 -0.0000 11.0002 29.0921 -4.3368 -0.0000 -0.0000 0.0000 82.9600 45.0443 55.9898 -34.2989 44.3050 -14.3214 0.0000 -0.0000 -43.0506 -15.0066 -72.6460 14.3523 7.1250 -0.0000 -0.0000 123.1478 72.1003 139.9062
-0.9102 18.1830 4.2051 -1.6736 1.1344 14.0211 0.0000 0.0000 0.0000 -10.6564 -0.4508 -0.9763 1.5261 -7.8000 -22.1084 -0.5960 16.7396 4.4030 1.0285 -6.4510 -18.0988 0.0000 0.0000 0.0000 17.2167 -2.9546 -1.1376 -1.7343 8.2892 -23.5958 1.2613 -19.5230 -5.0982 -0.0148 -0.7845 2.1560 -5.3798 1.5576 25.3511 -2.4981 0.2687 3.3612 0.2027 0.2829 -10.4007 -6.2310 -5.6930 -28.2734 10.0649 -7.8321 17.5443 3.3268 -2.7174 10.9780 0.0000 0.0000 0.0000 -98.7741 -39.2761 66.4845 47.2338 -51.8171 -23.9821 -0.0000 0.0000 -80.5384 41.1397 -0.2376 -0.2075 -7.1250 0.0000 -0.0000 11.3958 29.5684 -4.3665 0.0000 0.0000 0.0000 82.9274 45.6587 55.8199 -34.0698 44.1363 -14.1616 0.0000 -0.0000 -45.4603 -12.6127 -75.9704 12.2480 7.1250 -0.0000 -0.0000 127.7590 69.8256 145.9911
-0.9217 18.1924 4.2529 -1.6049 0.7807 13.5801 0.0000 0.0000 0.0000 -10.8177 0.0339 -0.5938 1.4712 -7.6648 -21.7004 -0.6101 16.6247 3.9961 1.0492 -6.5136 -18.2820 0.0000 0.0000 0.0000 17.0207 -2.7019 -0.5695 -1.6810 8.1674 -23.2237 1.2283 -19.2629 -5.1799 -0.0130 -0.7351 2.0201 -5.4586 1.6172 25.2335 -2.4883 0.3331 3.3506 0.2389 0.3150 -10.3540 -6.1179 -5.7230 -28.7357 10.0866 -7.8158 16.6559 3.3040 -2.7059 10.7238 -0.0000 0.0000 0.0000 -99.0081 -40.0897 66.2303 46.5239 -51.4936 -23.4253 -0.0000 0.0000 -80.9090 40.8255 0.2974 0.2569 -7.1250 0.0000 -0.0000 11.2315 30.2676 -4.1101 -0.0000 0.0000 0.0000 81.1902 47.2618 57.7151 -33.1476 43.4432 -13.5235 0.0000 -0.0000 -47.7024 -21.4591 -73.9351 20.6934 7.1250 -0.0000 -0.0000 130.2782 71.5049 146.2264
-0.9171 18.2081 4.3361 -1.3669 -0.2241 12.3081 0.0000 0.0000 0.0000 -11.3155 1.0959 0.6161 1.3528 -7.3628 -20.7949 -0.6411 16.3744 3.0322 1.0802 -6.6060 -18.5531 0.0000 0.0000 0.0000 16.3584 -1.9486 0.9685 -1.5729 7.9132 -22.4506 1.1544 -18.6397 -5.8371 -0.0275 -1.0715 2.9455 -5.8550 1.8469 24.8283 -2.3325 0.5698 3.3215 0.5675 0.4401 -10.1881 -5.8801 -5.4277 -28.5425 9.3155 -7.3701 17.2237 3.0712 -2.5778 10.8076 -0.0000 0.0000 0.0000 -99.4661 -42.3511 66.7517 45.7642 -51.1374 -22.8323 -0.0000 0.0000 -79.0680 41.3568 2.4464 2.1518 -7.1250 0.0000 -0.0000 11.9712 33.0643 -3.5683 -0.0000 0.0000 0.0000 80.6960 48.9167 57.3618 -32.6978 43.0964 -13.2151 0.0000 -0.0000 -49.3893 -33.6012 -66.0706 31.2710 7.1250 -0.0000 -0.0000 132.3507 77.4557 142.3998
-0.8919 18.2347 4.4431 -1.2139 -1.3961 10.2414 0.0000 0.0000 0.0000 -11.7351 2.3058 2.7805 1.2219 -7.0111 -19.7484 -0.7062 16.3324 1.6106 0.9899 -6.3325 -17.7522 0.0000 0.0000 0.0000 15.7816 -1.3440 3.2038 -1.4090 7.5079 -21.2290 1.0480 -17.7700 -6.3616 -0.0215 -0.9477 2.6050 -5.8451 1.8183 24.4518 -2.1424 0.5793 3.2132 0.7760 0.4473 -10.1137 -5.3129 -4.5957 -27.5778 8.1429 -6.3504 19.2112 2.7611 -2.2131 11.2176 -0.0000 -0.0000 0.0000 -99.3138 -45.6211 66.9746 48.3015 -52.2871 -24.8240 -0.0000 0.0000 -71.6095 38.3768 2.9717 2.3510 -7.1250 0.0000 -0.0000 9.6184 33.6518 -2.7090 -0.0000 -0.0000 0.0000 81.3070 50.5156 53.9570 -35.9068 45.4489 -15.4561 0.0000 -0.0000 -51.0658 -26.3684 -62.0180 23.6421 7.1250 -0.0000 -0.0000 107.7000 79.6335 117.9955
-0.8170 18.2572 4.5458 -1.9172 -1.6360 7.9126 0.0000 0.0000 0.0000 -11.0995 2.3677 5.4312 1.0855 -6.6218 -18.5996 -0.7767 16.4167 0.0568 0.8374 -5.8376 -16.3140 0.0000 0.0000 0.0000 16.2216 -2.0687 5.5439 -1.2885 7.1925 -20.2870 0.9512 -16.9609 -6.3750 -0.0092 -0.6195 1.7023 -3.7943 0.8232 24.3488 -1.8271 -0.1399 2.9816 0.1891 0.0439 -10.2845 -4.1619 -3.3573 -26.0615 6.4947 -4.8938 22.2035 2.2648 -1.6722 11.8759 0.0000 -0.0000 0.0000 -97.6647 -49.3581 66.4755 54.5996 -54.6901 -29.8890 -0.0000 0.0000 -60.3149 31.2561 0.7361 0.4468 -7.1250 0.0000 -0.0000 3.7271 30.8288 -1.2928 0.0000 -0.0000 0.0000 80.7964 52.0975 50.1707 -44.7328 50.6369 -22.0320 0.0000 -0.0000 -49.9658 -14.6913 -62.4090 13.0815 7.1250 -0.0000 -0.0000 92.6865 76.5962 106.5317
-0.7970 18.2682 4.6839 -1.2218 -1.7315 7.0847 0.0000 0.0000 0.0000 -11.8910 1.5432 6.5315 0.9629 -6.2480 -17.5056 -0.8377 16.6076 -1.2371 0.7902 -5.6744 -15.8426 0.0000 0.0000 0.0000 15.2126 -1.3653 7.0121 -1.2363 7.0509 -19.8662 0.9773 -17.2209 -7.7190 -0.0117 -0.6985 1.9195 -3.7668 -0.1289 22.1944 -1.6634 -1.2562 2.4892 0.6980 -0.4827 -9.6416 -2.9918 -2.1804 -24.2462 5.2745 -3.5538 25.2099 1.8933 -1.1352 12.5652 0.0000 -0.0000 0.0000 -95.8360 -53.2893 66.0653 61.5492 -56.7088 -35.6331 -0.0000 0.0000 -55.7098 29.5718 -1.6533 -0.9379 -7.1250 0.0000 -0.0000 2.3165 28.0764 -0.9543 0.0000 -0.0000 0.0000 78.2409 54.8417 47.5827 -54.4886 54.6529 -29.7985 0.0000 -0.0000 -45.2747 -12.3253 -59.9924 10.7143 7.1250 -0.0000 -0.0000 95.3449 -76.1425 -81.2898
-0.7388 18.2799 4.8031 -0.8234 -1.6848 6.9808 0.0000 0.0000 0.0000 -12.5346 0.4809 6.7628 0.8306 -5.8144 -16.2469 -0.8702 16.5663 -2.7293 0.7416 -5.5011 -15.3436 0.0000 0.0000 0.0000 14.5488 -1.6269 7.5252 -1.2520 7.0939 -19.9940 0.9695 -17.1625 -7.8026 -0.0036 -0.3885 1.0675 -2.9490 -0.8217 20.1898 -1.3679 -1.8839 1.5238 0.7117 -0.8003 -9.6137 -1.6540 -1.4403 -22.4577 4.0046 -2.7599 27.7067 1.3527 -0.8298 13.1306 0.0000 0.0000 0.0000 -96.0795 -55.0663 68.6328 62.9606 -57.0486 -36.8152 -0.0000 0.0000 -55.1031 30.6332 -3.5937 -2.1257 -7.1250 0.0000 -0.0000 3.0344 25.8038 -1.4128 0.0000 0.0000 0.0000 78.1385 55.2061 44.9240 -59.4422 56.1595 -33.8774 0.0000 -0.0000 -42.5507 -18.2887 -58.7071 15.7707 7.1250 -0.0000 -0.0000 92.6058 -78.3470 -80.7719
-0.7368 18.2754 4.9050 -0.3954 -1.3063 6.5658 0.0000 0.0000 0.0000 -13.0012 0.1865 7.1361 0.7382 -5.4890 -15.3087 -0.8123 15.8848 -3.4726 0.7184 -5.4162 -15.0995 0.0000 0.0000 0.0000 14.0410 -1.4751 8.7618 -1.2788 7.1664 -20.2094 0.9848 -17.4006 -9.0494 -0.0116 -0.6942 1.9078 -2.7916 -1.3509 19.0835 -0.7047 -2.4510 1.0399 1.4766 -1.0602 -9.4948 -1.0445 -0.9457 -22.2098 3.3039 -2.1088 29.0271 1.1054 -0.5722 13.5888 0.0000 0.0000 0.0000 -96.0554 -54.5598 71.1039 61.2405 -56.6315 -35.3752 -0.0000 0.0000 -54.7624 30.7406 -5.1726 -3.0691 -7.1250 0.0000 -0.0000 3.0160 23.9685 -1.5328 0.0000 0.0000 0.0000 76.1404 54.1417 43.1761 -59.2140 56.0968 -33.6879 0.0000 -0.0000 -43.1407 -21.0060 -58.4583 18.1209 7.1250 -0.0000 -0.0000 93.3271 -79.2939 -82.5071
-0.7093 18.2607 4.9363 -0.2722 -1.5665 6.1982 0.0000 0.0000 0.0000 -13.2608 0.6607 7.4561 0.7163 -5.4085 -15.0774 -0.7727 15.4428 -3.8850 0.7334 -5.4712 -15.2577 0.0000 0.0000 0.0000 13.7559 -1.5629 9.4556 -1.3261 7.2929 -20.5859 1.0002 -17.5160 -8.9935 -0.0114 -0.6907 1.8982 -2.2484 -1.7267 19.1790 0.0915 -2.7563 0.8246 2.1257 -1.2023 -9.7568 -0.2084 -0.4343 -22.3468 2.2171 -1.3031 28.1020 0.6692 -0.2888 13.1898 -0.0000 0.0000 0.0000 -95.4872 -52.8142 72.0175 59.8106 -56.2593 -34.1836 -0.0000 0.0000 -54.1611 29.3577 -4.1474 -2.3296 -7.1250 0.0000 -0.0000 2.0442 25.2236 -0.9787 -0.0000 0.0000 0.0000 74.6694 51.2159 43.1449 -59.6353 56.2120 -34.0378 0.0000 -0.0000 -44.3498 -21.0983 -57.0207 17.9349 7.1250 -0.0000 -0.0000 85.7592 -79.6125 -75.1564
-0.6727 18.2471 4.9234 -0.1527 -2.2376 6.0166 0.0000 0.0000 0.0000 -13.5428 1.6436 7.6696 0.7564 -5.5545 -15.4972 -0.7458 15.1956 -3.6817 0.7397 -5.4943 -15.3239 0.0000 0.0000 0.0000 13.5024 -1.7210 9.5301 -1.3573 7.3745 -20.8298 1.0099 -17.5198 -8.2282 -0.0024 -0.3184 0.8748 -1.7576 -1.9798 19.5500 1.0332 -2.8895 1.0676 2.9205 -1.2679 -9.6596 0.7741 0.1364 -22.8192 0.7924 -0.3603 25.6682 0.1075 0.0192 12.2800 0.0000 -0.0000 0.0000 -95.4751 -50.7885 72.1707 59.4398 -56.1588 -33.8754 -0.0000 0.0000 -52.4000 27.7654 -3.5958 -1.8911 -7.1250 0.0000 -0.0000 0.8663 25.9174 -0.4006 0.0000 -0.0000 0.0000 74.5074 47.5887 43.5947 -62.7302 56.9946 -36.6220 0.0000 -0.0000 -45.2411 -19.4833 -55.8940 16.3274 7.1250 -0.0000 -0.0000 78.9738 -79.0887 -67.8764
-0.6251 18.2346 4.9109 0.0504 -3.3879 6.5417 0.0000 0.0000 0.0000 -14.0340 2.6530 7.2465 0.8193 -5.7755 -16.1344 -0.7481 15.2517 -3.4189 0.7909 -5.6771 -15.8503 0.0000 0.0000 0.0000 13.1338 -1.2676 8.8015 -1.3722 7.4132 -20.9455 0.9752 -17.1892 -7.4472 -0.0023 0.3112 -0.8551 -0.9380 -2.1356 18.7037 1.8039 -2.8404 1.7036 3.2130 -1.2943 -8.4943 1.9668 0.8240 -23.6082 -0.6476 0.5982 22.7260 -0.4673 0.3549 11.3053 0.0000 0.0000 0.0000 -95.4320 -49.5219 72.4496 59.7191 -56.2346 -34.1075 -0.0000 0.0000 -51.1658 27.9083 -4.7629 -2.5182 -7.1250 0.0000 -0.0000 0.9302 24.5935 -0.4587 0.0000 0.0000 0.0000 75.6911 44.9388 44.0283 -65.7486 57.6567 -39.1629 0.0000 -0.0000 -45.4178 -18.0526 -54.5019 14.8613 7.1250 -0.0000 -0.0000 71.7243 -78.4257 -60.1803
-0.5870 18.2132 4.8809 0.4632 -4.7440 7.1893 0.0000 0.0000 0.0000 -14.7103 3.8093 6.5303 0.8780 -5.9738 -16.7085 -0.7395 15.2138 -3.0726 0.7181 -5.4151 -15.0963 0.0000 0.0000 0.0000 12.5350 -0.2313 7.9420 -1.3685 7.4038 -20.9172 0.9316 -16.8098 -7.1517 -0.0070 0.5403 -1.4846 0.1544 -2.1697 18.2498 2.2425 -2.6334 2.0275 2.9797 -1.2379 -7.9326 2.8563 1.3309 -23.8010 -1.5639 1.2137 20.0713 -0.8399 0.5818 10.3793 -0.0000 0.0000 0.0000 -95.3429 -48.3245 72.6660 60.0872 -56.3331 -34.4136 -0.0000 0.0000 -49.3553 26.6842 -5.4053 -2.7106 -7.1250 0.0000 -0.0000 -0.0066 23.9347 0.0033 -0.0000 0.0000 0.0000 77.2053 42.9103 43.9721 -67.8839 58.0687 -40.9711 0.0000 -0.0000 -45.7290 -17.5658 -54.1072 14.3836 7.1250 -0.0000 -0.0000 69.8650 -78.1672 -58.1495
-0.5607 18.2053 4.8543 0.3687 -5.9563 7.6183 0.0000 0.0000 0.0000 -14.7665 4.4070 6.0471 0.8870 -6.0034 -16.7943 -0.7577 15.3731 -3.2482 0.6431 -5.1305 -14.2811 0.0000 0.0000 0.0000 12.4543 1.0471 7.6292 -1.3990 7.4823 -21.1523 0.9466 -16.9387 -7.1881 -0.0068 0.5326 -1.4635 1.3355 -2.1895 18.3312 2.9931 -2.3622 2.1434 3.0546 -1.1347 -7.8801 3.3568 1.7530 -23.7204 -2.2442 1.7699 18.1452 -1.0712 0.7871 9.6983 -0.0000 0.0000 0.0000 -95.6575 -47.4826 73.0951 60.0654 -56.3273 -34.3955 -0.0000 0.0000 -46.3723 25.6345 -6.1060 -2.9219 -7.1250 0.0000 -0.0000 -0.8073 23.2132 0.4238 -0.0000 0.0000 0.0000 78.1813 41.0050 43.8098 -69.4076 58.3355 -42.2661 0.0000 -0.0000 -45.7682 -16.2592 -52.2973 12.9936 7.1250 -0.0000 -0.0000 62.1231 -77.1681 -49.9704
-0.5322 18.2031 4.8402 1.4327 -7.3918 8.1108 0.0000 0.0000 0.0000 -16.1931 4.6459 5.1818 0.8353 -5.8302 -16.2926 -0.7904 15.6047 -4.0059 0.5929 -4.9297 -13.7081 0.0000 0.0000 0.0000 11.0344 2.1047 7.0601 -1.4406 7.5880 -21.4695 0.9574 -17.0156 -6.6748 -0.0122 0.7128 -1.9588 1.2938 -2.1419 18.0607 3.2494 -2.2985 2.1631 3.3257 -1.1022 -7.7008 4.1210 2.2207 -23.7249 -2.8225 2.2617 16.9010 -1.3201 0.9971 9.2922 -0.0000 0.0000 0.0000 -95.7131 -47.2135 73.6402 59.9070 -56.2851 -34.2637 -0.0000 0.0000 -44.4062 25.4186 -6.8197 -3.2299 -7.1250 0.0000 -0.0000 -0.9893 22.4375 0.5369 -0.0000 0.0000 0.0000 79.4386 39.3361 43.5129 -71.3978 58.6512 -43.9630 0.0000 -0.0000 -44.7343 -16.4240 -49.3500 12.6064 7.1250 -0.0000 -0.0000 50.6294 -75.9491 -38.7576
-0.5087 18.2111 4.8386 1.8235 -8.4200 8.2186 0.0000 0.0000 0.0000 -16.8234 4.7272 4.6566 0.7483 -5.5253 -15.4130 -0.8080 15.7021 -4.9536 0.6012 -4.9636 -13.8048 0.0000 0.0000 0.0000 10.4346 2.8002 7.0043 -1.4786 7.6831 -21.7555 0.9654 -17.0818 -6.3092 -0.0188 0.8845 -2.4312 1.7198 -2.3750 18.1511 3.6894 -2.4806 2.1059 3.6129 -1.1956 -7.8031 4.6639 2.6148 -23.6096 -3.2894 2.7137 16.3223 -1.5024 1.1891 9.1026 -0.0000 -0.0000 0.0000 -95.4778 -46.9333 73.6623 59.7062 -56.2311 -34.0967 -0.0000 0.0000 -41.8582 24.3056 -6.9988 -3.1499 -7.1250 0.0000 -0.0000 -1.8100 22.3093 0.9879 -0.0000 -0.0000 0.0000 80.3636 39.2060 43.6729 -70.2892 58.4799 -43.0171 0.0000 -0.0000 -44.9867 -14.5573 -43.8982 10.2073 7.1250 -0.0000 -0.0000 37.2840 -71.7465 -24.7260
-0.4920 18.2117 4.8502 2.1738 -9.0647 8.1400 0.0000 0.0000 0.0000 -17.3168 4.7273 4.4288 0.6752 -5.2542 -14.6349 -0.8089 15.6867 -5.8496 0.5489 -4.7462 -13.1862 0.0000 0.0000 0.0000 9.9027 3.4101 7.1253 -1.4760 7.6766 -21.7360 0.9578 -17.0175 -6.5489 -0.0098 0.6396 -1.7575 2.3447 -2.7498 18.1089 3.9360 -2.8287 2.0294 3.6129 -1.3783 -7.8652 5.2456 2.9952 -23.4014 -3.7059 3.1317 15.9910 -1.6798 1.3754 8.9873 -0.0000 -0.0000 0.0000 -95.1644 -46.9058 74.0179 58.9336 -56.0190 -33.4553 -0.0000 0.0000 -38.3646 23.0249 -7.4350 -3.1478 -7.1250 0.0000 -0.0000 -2.7557 21.9127 1.5299 -0.0000 -0.0000 0.0000 81.5103 38.0487 43.5780 -70.5231 58.5169 -43.2165 0.0000 -0.0000 -46.6484 -13.3923 -53.4084 10.8224 7.1250 -0.0000 -0.0000 67.8663 -76.3780 -54.3727
-0.4837 18.2171 4.8640 2.2750 -9.3918 7.9797 0.0000 0.0000 0.0000 -17.4860 4.8186 4.2869 0.6109 -5.0027 -13.9162 -0.7857 15.4798 -6.4291 0.5156 -4.6022 -12.7772 0.0000 0.0000 0.0000 9.7263 3.7612 7.3348 -1.4654 7.6503 -21.6570 0.9557 -17.0005 -6.6312 -0.0085 0.5970 -1.6404 3.0593 -3.1407 17.7206 4.2781 -3.2028 2.1267 3.6402 -1.5794 -7.5513 5.6458 3.2913 -23.4081 -4.1189 3.4832 15.6915 -1.8351 1.5175 8.9174 -0.0000 0.0000 0.0000 -95.1245 -47.3150 74.5158 57.7501 -55.6800 -32.4758 -0.0000 0.0000 -35.2332 20.0141 -6.5584 -2.3823 -7.1250 0.0000 -0.0000 -4.9569 23.0107 2.6344 -0.0000 0.0000 0.0000 82.3460 37.1246 42.8994 -70.3771 58.4939 -43.0920 0.0000 -0.0000 -48.3327 -15.3232 -51.8040 12.1525 7.1250 -0.0000 -0.0000 60.5646 -76.6223 -48.0136
-0.4799 18.2152 4.8776 2.4215 -9.7600 7.7601 0.0000 0.0000 0.0000 -17.6957 5.0769 4.1952 0.5620 -4.8017 -13.3439 -0.7584 15.2406 -6.8088 0.4840 -4.4611 -12.3777 0.0000 0.0000 0.0000 9.5182 4.1174 7.6111 -1.4591 7.6345 -21.6094 0.9535 -16.9821 -6.6729 -0.0092 0.6210 -1.7066 3.4242 -3.3233 17.4285 4.7257 -3.3612 2.1672 3.9347 -1.6635 -7.3360 5.9277 3.4630 -23.4634 -4.7365 3.7463 15.4755 -2.0549 1.5874 8.8853 0.0000 -0.0000 0.0000 -95.4973 -47.8165 75.5912 56.2954 -55.2391 -31.2775 -0.0000 0.0000 -33.0938 16.1691 -5.0682 -1.4673 -7.1250 0.0000 -0.0000 -7.8448 24.7040 3.8830 0.0000 -0.0000 0.0000 82.4473 35.8860 41.6905 -70.5519 58.5215 -43.2410 0.0000 -0.0000 -49.9582 -13.5736 -47.2381 10.0518 7.1250 -0.0000 -0.0000 46.5097 -73.6536 -33.2892
-0.4716 18.2119 4.8925 2.5401 -10.1317 7.5073 0.0000 0.0000 0.0000 -17.8862 5.4368 4.2283 0.5300 -4.6652 -12.9561 -0.7350 15.0442 -7.1445 0.4411 -4.2613 -11.8131 0.0000 0.0000 0.0000 9.3375 4.3155 7.9158 -1.4635 7.6454 -21.6423 0.9386 -16.8548 -6.6378 -0.0066 0.5238 -1.4393 4.0036 -3.5429 17.2899 5.0257 -3.5270 2.1383 3.9649 -1.7568 -7.3014 6.2729 3.5929 -23.5605 -5.4075 3.9421 15.3716 -2.3138 1.6233 8.9003 -0.0000 0.0000 0.0000 -95.5407 -48.1725 76.8028 54.9105 -54.7937 -30.1428 -0.0000 0.0000 -30.8370 13.2964 -3.9172 -0.9249 -7.1250 0.0000 -0.0000 -10.0617 25.9347 4.7167 -0.0000 0.0000 0.0000 82.9361 34.8162 40.5984 -70.1042 58.4502 -42.8594 0.0000 -0.0000 -50.9839 -11.5182 -45.2654 8.2370 7.1250 -0.0000 -0.0000 43.4526 -71.6478 -29.1469
-0.4619 18.2050 4.9059 2.7003 -10.5910 7.3632 0.0000 0.0000 0.0000 -18.1576 5.8430 4.2427 0.5160 -4.6043 -12.7832 -0.7257 14.9673 -7.2748 0.4853 -4.4672 -12.3948 0.0000 0.0000 0.0000 9.0604 4.8507 8.2119 -1.4755 7.6754 -21.7324 0.9375 -16.8456 -6.6767 -0.0071 0.5432 -1.4928 4.4343 -3.7377 17.0093 5.3863 -3.7024 2.1680 4.1320 -1.8513 -7.1128 6.4911 3.7734 -23.5666 -5.9778 4.2149 14.8602 -2.5036 1.7013 8.7619 -0.0000 0.0000 0.0000 -95.5288 -48.6713 77.2442 53.2802 -54.2357 -28.8153 -0.0000 0.0000 -26.5701 8.6122 -2.9921 -0.4529 -7.1250 0.0000 -0.0000 -13.6603 26.8830 6.1721 -0.0000 0.0000 0.0000 83.3589 34.4625 39.5495 -68.4304 58.1669 -41.4351 0.0000 -0.0000 -52.7401 -10.5899 -46.0300 7.6635 7.1250 -0.0000 -0.0000 46.1524 -71.8221 -31.3356
-0.4447 18.1974 4.9196 2.9132 -11.1271 7.1410 0.0000 0.0000 0.0000 -18.5049 6.2922 4.3723 0.5089 -4.5730 -12.6945 -0.7245 14.9671 -7.3953 0.5328 -4.6774 -12.9906 0.0000 0.0000 0.0000 8.7113 5.2372 8.5579 -1.5030 7.7435 -21.9376 0.9408 -16.8727 -6.5758 -0.0070 0.5414 -1.4878 4.9584 -3.9317 16.8422 5.7368 -3.8606 2.2833 4.2346 -1.9395 -6.9012 6.3433 3.8805 -23.6880 -6.1663 4.4148 14.2775 -2.5112 1.7654 8.5974 -0.0000 0.0000 0.0000 -95.4223 -49.0275 78.7679 52.0422 -53.7867 -27.8136 -0.0000 0.0000 -26.2951 8.8468 -2.0724 -0.3225 -7.1250 0.0000 -0.0000 -13.5925 27.7882 5.8409 -0.0000 0.0000 0.0000 83.6737 34.1803 38.6608 -66.5058 57.8080 -39.8032 0.0000 -0.0000 -55.9729 -11.2693 -48.7266 8.5173 7.1250 -0.0000 -0.0000 52.7737 -73.6513 -38.3326
-0.4209 18.1876 4.9313 3.2353 -11.5315 6.9484 0.0000 0.0000 0.0000 -18.9775 6.8392 4.3996 0.5099 -4.5772 -12.7065 -0.7005 14.7438 -7.4504 0.5065 -4.5622 -12.6639 0.0000 0.0000 0.0000 8.2261 5.4658 8.8955 -1.5485 7.8546 -22.2732 0.9489 -16.9413 -6.3675 -0.0114 0.6888 -1.8930 5.5885 -4.1387 16.5225 6.0828 -4.0448 2.5004 4.2585 -2.0421 -6.5035 7.0441 4.2525 -23.9907 -7.5925 4.9353 13.8162 -3.0368 1.8898 8.5881 -0.0000 0.0000 0.0000 -95.7643 -49.6144 80.1007 50.0942 -53.0334 -26.2494 -0.0000 0.0000 -24.1528 9.0373 -2.1122 -0.3359 -7.1250 0.0000 -0.0000 -13.4438 27.7502 5.7860 -0.0000 0.0000 0.0000 84.0232 34.1802 37.6991 -64.5497 57.4052 -38.1514 0.0000 -0.0000 -59.5084 -11.2345 -46.5664 8.2077 7.1250 -0.0000 -0.0000 46.8803 -72.3882 -32.4186
-0.3986 18.1746 4.9358 3.4000 -12.0301 6.7106 0.0000 0.0000 0.0000 -19.2738 7.6289 4.5194 0.5251 -4.6439 -12.8957 -0.6826 14.5629 -7.3824 0.4818 -4.4510 -12.3490 0.0000 0.0000 0.0000 7.9163 5.7398 9.3300 -1.6114 8.0048 -22.7287 0.9628 -17.0614 -6.1298 -0.0101 0.6496 -1.7852 6.2812 -4.2451 16.4409 6.6331 -4.0601 2.7607 4.4500 -2.0604 -6.1833 7.4631 4.6227 -24.3431 -8.9497 5.5238 13.4014 -3.4834 2.0367 8.6136 0.0000 -0.0000 0.0000 -96.7848 -50.0666 81.7827 48.1737 -52.2319 -24.7230 -0.0000 0.0000 -22.0704 7.6773 -1.6934 -0.2282 -7.1250 0.0000 -0.0000 -14.5239 28.1501 6.1365 0.0000 -0.0000 0.0000 84.0247 34.4230 36.6101 -62.6730 56.9811 -36.5739 0.0000 -0.0000 -61.6502 -13.4660 -47.1247 9.9529 7.1250 -0.0000 -0.0000 46.2928 -73.5438 -33.0188
-0.3781 18.1565 4.9417 3.8210 -12.6992 6.3595 0.0000 0.0000 0.0000 -19.8651 8.6744 4.7259 0.5510 -4.7552 -13.2115 -0.6620 14.3417 -7.2130 0.4562 -4.3331 -12.0157 0.0000 0.0000 0.0000 7.2984 6.2942 9.9587 -1.6894 8.1868 -23.2828 0.9911 -17.3076 -5.9136 -0.0164 0.8262 -2.2708 6.8187 -4.2815 16.6097 7.1556 -3.9866 3.0011 4.7039 -2.0316 -6.0137 7.9779 4.9877 -24.8477 -10.4973 6.1000 13.0784 -4.0158 2.1567 8.7203 -0.0000 0.0000 0.0000 -98.0344 -50.5636 83.8010 46.0851 -51.2891 -23.0824 -0.0000 0.0000 -20.8906 6.4619 -2.1844 -0.2473 -7.1250 0.0000 -0.0000 -15.3719 27.6599 6.7046 -0.0000 0.0000 0.0000 84.0621 34.7756 35.5059 -60.1998 56.3630 -34.5074 0.0000 -0.0000 -62.9945 -14.1426 -44.6840 10.0478 7.1250 -0.0000 -0.0000 39.4730 -72.1691 -26.6492
-0.3275 18.1356 4.9531 4.4119 -12.5587 5.9204 0.0000 0.0000 0.0000 -20.6417 9.1182 5.1182 0.5841 -4.8937 -13.6057 -0.6367 14.0489 -6.8420 0.5196 -4.6199 -12.8275 0.0000 0.0000 0.0000 6.4558 5.9573 10.6260 -1.7842 8.4012 -23.9395 1.0112 -17.4857 -5.6828 -0.0219 0.9548 -2.6243 7.9647 -4.7509 16.7103 7.6482 -4.3754 3.2056 4.6927 -2.2346 -5.8775 8.3288 5.4466 -25.5226 -11.9670 6.8359 12.8309 -4.4717 2.3422 8.9072 -0.0000 0.0000 0.0000 -99.0826 -51.0849 86.2461 43.8357 -50.1852 -21.3407 -0.0000 0.0000 -16.0233 8.6178 -3.6560 -0.5537 -7.1250 0.0000 -0.0000 -13.5814 26.2304 6.3490 -0.0000 0.0000 0.0000 84.0208 35.1866 34.6576 -58.0852 55.7777 -32.7527 0.0000 -0.0000 -64.6486 -16.4534 -43.1775 11.4246 7.1250 -0.0000 -0.0000 33.6883 -71.8624 -22.2579
-0.2798 18.1139 4.9718 5.0306 -12.4302 5.9105 0.0000 0.0000 0.0000 -21.5107 9.6022 4.9642 0.6135 -5.0129 -13.9454 -0.5951 13.5683 -6.3201 0.5595 -4.7910 -13.3134 0.0000 0.0000 0.0000 5.5365 5.5431 10.8977 -1.9096 8.6751 -24.7843 1.0424 -17.7626 -5.3851 -0.0185 0.8787 -2.4151 9.1079 -5.1803 16.4775 8.1400 -4.7317 3.1500 4.6692 -2.4224 -5.8496 8.6245 5.8581 -26.1583 -13.2151 7.4805 12.5733 -4.8557 2.5044 9.0776 -0.0000 -0.0000 0.0000 -100.4101 -51.3573 87.9916 42.6435 -49.5604 -20.4291 -0.0000 0.0000 -16.0983 4.4346 -4.7031 -0.3643 -7.1250 0.0000 -0.0000 -16.5327 25.2169 8.2439 -0.0000 -0.0000 0.0000 84.2978 35.3093 33.5932 -56.7062 55.3664 -31.6153 0.0000 -0.0000 -67.7442 -20.5628 -41.6512 13.9992 7.1250 -0.0000 -0.0000 25.8613 -72.0534 -16.9616
-0.2489 18.0842 5.0011 5.9028 -12.8495 5.5584 0.0000 0.0000 0.0000 -22.6125 10.7095 4.9422 0.6291 -5.0752 -14.1232 -0.5403 12.9432 -6.0228 0.5614 -4.7992 -13.3366 0.0000 0.0000 0.0000 4.3567 5.7240 11.7311 -2.0769 9.0244 -25.8716 1.0975 -18.2240 -5.2745 -0.0089 0.6088 -1.6731 9.6554 -5.4205 16.4218 8.5827 -4.9392 3.1929 4.8970 -2.5289 -5.7730 9.1071 6.4451 -26.5025 -14.6391 8.3257 12.0642 -5.2960 2.7662 9.1725 -0.0000 -0.0000 0.0000 -101.5140 -51.7860 90.9734 41.2110 -48.7712 -19.3451 -0.0000 0.0000 -12.7456 5.1566 -6.4037 -0.5767 -7.1250 0.0000 -0.0000 -15.8057 23.5748 8.4806 -0.0000 -0.0000 0.0000 84.8254 35.0685 32.2122 -55.9501 55.1305 -30.9941 0.0000 -0.0000 -70.3404 -23.0524 -39.1722 15.0457 7.1250 -0.0000 -0.0000 18.6390 -70.7107 -11.5647
-0.2061 18.0545 5.0448 6.7380 -13.1713 5.2806 0.0000 0.0000 0.0000 -23.6842 11.3078 4.9721 0.6270 -5.0669 -14.0996 -0.5069 12.5763 -6.1711 0.5269 -4.6516 -12.9174 0.0000 0.0000 0.0000 3.1827 5.6379 12.5263 -2.2728 9.4125 -27.0944 1.1494 -18.6661 -4.9897 -0.0069 0.5381 -1.4785 10.2748 -5.8650 16.1761 9.0646 -5.3979 2.9758 5.1918 -2.7625 -5.8776 9.2013 7.0469 -25.7976 -15.5646 9.2701 11.2999 -5.4680 3.1646 8.9882 0.0000 0.0000 0.0000 -102.2137 -51.8926 92.9843 39.8675 -47.9912 -18.3408 -0.0000 0.0000 -9.2017 6.6184 -8.6774 -1.0029 -7.1250 0.0000 -0.0000 -14.5401 21.3446 8.5234 0.0000 0.0000 0.0000 85.6773 34.2427 31.2037 -55.9928 55.1440 -31.0291 0.0000 -0.0000 -70.6668 -25.8779 -36.9667 16.2627 7.1250 -0.0000 -0.0000 12.0976 -69.5467 -7.1442
-0.1707 18.0201 5.0954 7.7704 -13.7205 4.6883 0.0000 0.0000 0.0000 -24.9138 12.6399 5.2148 0.6475 -5.1475 -14.3296 -0.4559 11.9415 -5.8646 0.5412 -4.7134 -13.0928 0.0000 0.0000 0.0000 1.8425 5.6683 13.6199 -2.4786 9.7989 -28.3280 1.1898 -19.0443 -4.4696 -0.0150 0.7917 -2.1758 10.7572 -6.1432 15.9301 9.3284 -5.6927 2.8686 5.2737 -2.9130 -5.8747 9.4994 7.5065 -25.0096 -16.7148 9.9560 10.3210 -5.7960 3.4490 8.7224 -0.0000 0.0000 0.0000 -103.5535 -52.1052 95.7252 39.1186 -47.5390 -17.7863 -0.0000 0.0000 -6.8587 7.8852 -9.5933 -1.3222 -7.1250 0.0000 -0.0000 -13.5755 20.4133 8.2186 -0.0000 0.0000 0.0000 85.7754 32.3271 29.2950 -58.5832 55.9204 -33.1649 0.0000 -0.0000 -71.1863 -27.0305 -35.5299 16.5145 7.1250 -0.0000 -0.0000 9.0794 -68.4959 -5.1352
-0.1135 17.9787 5.1530 8.6836 -14.5702 4.4650 0.0000 0.0000 0.0000 -26.2018 13.8113 5.2235 0.6930 -5.3217 -14.8285 -0.4333 11.6422 -5.6651 0.5226 -4.6329 -12.8644 0.0000 0.0000 0.0000 0.4804 5.7148 14.1235 -2.7058 10.2029 -29.6364 1.2231 -19.4389 -3.5929 -0.0184 0.8755 -2.4063 11.3940 -6.3079 15.3677 9.5937 -5.8622 2.6541 5.2178 -3.0075 -5.8341 9.5922 7.9481 -25.1493 -17.4109 10.6445 10.1757 -5.9363 3.7035 8.8579 -0.0000 0.0000 0.0000 -105.3893 -52.3091 98.7344 38.1484 -46.9338 -17.0739 -0.0000 0.0000 -3.6239 5.9844 -12.5816 -1.3081 -7.1250 0.0000 -0.0000 -14.6849 17.5672 9.8997 -0.0000 0.0000 0.0000 86.2725 31.1736 27.0097 -60.5797 56.4624 -34.8239 0.0000 -0.0000 -71.5704 -26.7154 -34.1533 15.7775 7.1250 -0.0000 -0.0000 8.2847 -67.0227 -4.4058
-0.0477 17.9309 5.2216 9.6849 -15.7191 4.2070 0.0000 0.0000 0.0000 -27.6768 14.8837 5.4032 0.7629 -5.5778 -15.5643 -0.4423 11.7474 -5.5834 0.5424 -4.7188 -13.1081 0.0000 0.0000 0.0000 -1.0233 5.8517 14.4982 -2.9330 10.5858 -30.8953 1.2249 -19.6654 -2.5433 -0.0293 1.1042 -3.0356 11.7964 -6.4293 14.8667 9.8080 -6.0335 2.5729 5.2239 -3.0972 -5.6642 9.5692 8.3693 -26.3582 -18.0464 11.3098 10.3906 -6.0384 3.8743 9.2866 0.0000 -0.0000 0.0000 -107.0994 -53.1866 100.5693 37.8457 -46.7405 -16.8532 -0.0000 0.0000 -0.2758 3.2566 -16.4866 -0.9251 -7.1250 0.0000 -0.0000 -16.2549 13.9158 12.3874 0.0000 -0.0000 0.0000 87.0018 30.1303 25.1055 -64.7084 57.4394 -38.2851 0.0000 -0.0000 -71.3723 -26.9433 -33.0652 15.4994 7.1250 -0.0000 -0.0000 7.1422 -65.9891 -3.6261
0.0031 17.8876 5.2940 10.2456 -16.7341 3.5536 0.0000 0.0000 0.0000 -28.4456 16.3318 5.9221 0.8138 -5.7566 -16.0800 -0.4268 11.5443 -5.4907 0.5300 -4.6652 -12.9561 0.0000 0.0000 0.0000 -1.8629 6.0986 15.4547 -3.1393 10.9172 -32.0011 1.2106 -19.8373 -1.4364 -0.0824 1.8514 -5.0952 12.3473 -6.7147 14.6301 9.9938 -6.3493 2.4976 5.1873 -3.2605 -5.6517 9.5448 8.7363 -26.8627 -18.4353 11.8961 10.5199 -6.0645 4.0699 9.5397 -0.0000 0.0000 0.0000 -108.4193 -53.9812 102.9768 37.7871 -46.7028 -16.8105 -0.0000 -0.0000 1.5039 6.1765 -18.4856 -1.9652 -7.1250 0.0000 -0.0000 -14.2839 11.8173 11.4256 -0.0000 0.0000 0.0000 87.9468 28.6350 23.6146 -70.7378 58.5506 -43.3996 0.0000 -0.0000 -71.1552 -27.5173 -31.4070 15.1883 7.1250 -0.0000 -0.0000 5.2953 -64.4512 -2.4971
0.0295 17.8441 5.3845 10.9352 -17.4396 2.3527 0.0000 0.0000 0.0000 -29.0177 18.1187 7.0831 0.8674 -5.9386 -16.6064 -0.3885 11.0445 -5.4642 0.5287 -4.6593 -12.9394 0.0000 0.0000 0.0000 -2.6770 6.1678 17.1242 -3.3291 11.2097 -32.9903 1.2058 -19.9082 -1.0688 -0.0863 1.8946 -5.2144 12.2433 -7.0646 14.5508 10.2525 -6.8045 2.3101 5.6395 -3.4856 -5.7716 9.4231 8.9442 -26.5318 -18.9678 12.3493 10.4090 -6.1508 4.2391 9.5628 -0.0000 -0.0000 0.0000 -109.8288 -54.3161 105.5557 38.5316 -47.1755 -17.3544 -0.0000 -0.0000 2.9770 6.3684 -20.2721 -2.2145 -7.1250 0.0000 -0.0000 -14.1206 10.0662 11.8092 -0.0000 -0.0000 0.0000 88.4578 26.5607 22.1623 -78.7536 59.5166 -50.2761 0.0000 -0.0000 -69.6602 -28.3434 -29.8109 15.0117 7.1250 -0.0000 -0.0000 3.3706 -63.0133 -1.4749
0.0760 17.7928 5.4715 11.4457 -18.8407 1.6069 0.0000 0.0000 0.0000 -29.6968 19.7465 7.7700 0.9381 -6.1693 -17.2763 -0.3960 11.1621 -5.6369 0.5326 -4.6764 -12.9878 0.0000 0.0000 0.0000 -3.4568 6.3318 17.8562 -3.5120 11.4810 -33.9197 1.1310 -19.6856 0.0826 -0.1277 2.3037 -6.3458 12.1848 -7.0940 14.3204 10.5197 -6.8475 1.9755 5.9817 -3.5170 -5.9723 9.1910 9.0516 -26.2271 -19.5346 12.7508 10.5524 -6.2473 4.3632 9.6700 -0.0000 -0.0000 0.0000 -111.0741 -54.7928 108.3096 40.0542 -48.1019 -18.4795 -0.0000 -0.0000 4.0642 6.7332 -22.5234 -2.5894 -7.1250 0.0000 -0.0000 -13.8697 7.8461 12.2196 -0.0000 -0.0000 0.0000 88.8332 24.5545 20.7029 -88.8233 59.9948 -58.9810 0.0000 -0.0000 -68.1978 -27.2679 -30.0292 14.4637 7.1250 -0.0000 -0.0000 4.8030 -62.9530 -2.0962
0.1114 17.7444 5.5693 11.6241 -19.3584 0.4700 0.0000 0.0000 0.0000 -29.6278 21.1693 9.4094 1.0347 -6.4697 -18.1536 -0.3939 11.1278 -5.5719 0.5597 -4.7921 -13.3166 0.0000 0.0000 0.0000 -3.7041 5.9628 19.4562 -3.6862 11.7307 -34.7858 1.0626 -19.4206 0.8862 -0.1812 2.7414 -7.5597 12.2343 -7.4024 14.1977 10.9768 -7.2054 1.6571 6.5668 -3.6991 -6.1965 8.6902 9.1775 -25.8703 -20.1157 13.2881 10.7334 -6.2784 4.5361 9.7894 0.0000 -0.0000 0.0000 -112.8708 -55.3205 111.0437 41.7424 -49.0690 -19.7457 -0.0000 -0.0000 5.1947 7.1828 -25.0597 -3.0555 -7.1250 0.0000 -0.0000 -13.6087 5.3354 12.6546 0.0000 -0.0000 0.0000 88.7195 23.0604 19.1260 -99.4244 59.6617 -68.1525 0.0000 -0.0000 -65.1633 -26.3380 -28.3671 13.2360 7.1250 -0.0000 -0.0000 5.0519 -60.9789 -1.9696
0.1418 17.6880 5.6602 11.7181 -19.6655 -0.6895 0.0000 0.0000 0.0000 -29.3380 22.6770 11.3257 1.1853 -6.9093 -19.4470 -0.3919 11.0621 -5.1725 0.5658 -4.8177 -13.3892 0.0000 0.0000 0.0000 -3.8733 5.5565 21.2258 -3.8771 11.9951 -35.7145 1.0090 -19.2018 1.4619 -0.2325 3.1033 -8.5666 12.3372 -7.7095 13.7419 11.1963 -7.6490 1.4384 6.8122 -3.9208 -6.1601 8.5473 9.4158 -25.6215 -20.5858 13.8388 10.9581 -6.3259 4.7349 9.9570 0.0000 0.0000 0.0000 -113.9231 -56.3224 113.5193 44.7082 -50.6247 -22.0130 -0.0000 -0.0000 6.7163 8.2549 -27.8148 -3.8728 -7.1250 0.0000 -0.0000 -13.0383 2.5370 12.7882 0.0000 0.0000 0.0000 88.7890 22.1615 17.8486 -110.4931 58.3521 -77.6494 0.0000 -0.0000 -61.4116 -26.5900 -26.5025 12.5910 7.1250 -0.0000 -0.0000 3.9243 -59.0812 -1.3516
0.1807 17.6205 5.7390 11.6488 -20.5043 -1.4415 0.0000 0.0000 0.0000 -29.1122 24.4833 12.9088 1.4208 -7.5381 -21.3196 -0.4136 11.3131 -4.4081 0.6017 -4.9656 -13.8104 0.0000 0.0000 0.0000 -3.9862 5.2280 22.3126 -4.1015 12.2942 -36.7810 0.9297 -18.9735 2.4742 -0.2457 3.1897 -8.8072 12.5985 -7.7379 12.9104 11.1932 -7.8033 1.2542 6.5932 -4.0067 -5.9350 8.4592 9.6169 -25.1973 -20.7609 14.2308 11.0210 -6.3025 4.9139 9.9826 0.0000 0.0000 0.0000 -114.3577 -57.7716 115.5665 48.9795 -52.5755 -25.3614 -0.0000 -0.0000 7.6352 9.6417 -31.3501 -5.0510 -7.1250 0.0000 -0.0000 -12.4126 -1.0847 12.9509 0.0000 0.0000 0.0000 89.0167 22.1489 16.8470 -120.2950 56.2308 -85.9042 0.0000 -0.0000 -57.0492 -25.6256 -25.8829 11.8264 7.1250 -0.0000 -0.0000 4.7543 -58.2034 -1.5380
0.2173 17.5454 5.8110 11.4823 -21.3270 -2.3657 0.0000 0.0000 0.0000 -28.6264 26.2582 14.9188 1.7086 -8.2307 -23.4171 -0.4478 11.7822 -3.5804 0.6384 -5.1120 -14.2282 0.0000 0.0000 0.0000 -3.9695 4.8980 23.6162 -4.3315 12.5890 -37.8488 0.8246 -18.6914 3.7446 -0.3312 3.6989 -10.2310 12.5079 -7.8645 12.7996 11.2549 -7.9377 0.7769 6.7830 -4.0833 -6.3773 8.4367 9.9432 -24.7383 -20.8799 14.8496 11.4705 -6.2341 5.1867 10.1724 -0.0000 0.0000 0.0000 -114.1213 -59.3482 116.0339 54.2065 -54.5573 -29.5685 -0.0000 -0.0000 9.1488 11.4652 -34.7184 -6.5893 -7.1250 0.0000 -0.0000 -11.6644 -4.6370 12.8289 -0.0000 0.0000 0.0000 88.7346 22.6438 16.6220 -128.6366 53.5308 -92.7332 0.0000 -0.0000 -51.3498 -26.7513 -23.9346 11.5575 7.1250 -0.0000 -0.0000 2.8028 -56.3884 -0.7831
0.2575 17.4673 5.8820 11.0869 -21.6718 -3.3855 0.0000 0.0000 0.0000 -27.6990 27.7629 17.2938 2.0057 -8.8780 -25.4146 -0.4715 12.1536 -2.8910 0.6059 -4.9826 -13.8590 0.0000 0.0000 0.0000 -3.7355 4.2620 25.2248 -4.5523 12.8612 -38.8509 0.7413 -18.3841 4.5571 -0.3837 3.9778 -11.0144 12.6842 -7.9539 12.2637 11.1391 -8.1074 0.4820 6.5485 -4.1778 -6.4440 8.3878 10.0827 -24.3564 -20.8471 15.1810 11.9570 -6.1648 5.3346 10.3225 -0.0000 0.0000 0.0000 -114.2633 -61.2243 116.4327 60.0636 -56.3269 -34.3940 -0.0000 -0.0000 10.5539 14.2269 -37.6973 -8.8128 -7.1250 0.0000 -0.0000 -10.5206 -8.0102 12.0758 -0.0000 0.0000 0.0000 87.9355 24.6684 16.2732 -135.1659 50.6869 -97.8897 0.0000 -0.0000 -45.9130 -27.0754 -22.6868 11.1534 7.1250 -0.0000 -0.0000 2.0708 -55.1177 -0.5146
0.2713 17.3874 5.9565 10.4786 -21.3672 -4.5132 0.0000 0.0000 0.0000 -26.1763 29.0480 20.1075 2.3146 -9.4928 -27.3493 -0.4643 12.2170 -1.9021 0.7235 -5.4350 -15.1535 0.0000 0.0000 0.0000 -3.2092 3.3295 27.3954 -4.7708 13.1210 -39.8230 0.6841 -18.0754 4.9614 -0.4445 4.2776 -11.8591 12.6971 -8.0936 11.1751 10.9659 -8.5137 0.3558 6.2598 -4.3788 -6.0001 8.1708 10.0288 -23.8012 -20.8515 15.2318 12.0929 -6.1335 5.3713 10.2639 0.0000 0.0000 0.0000 -114.2945 -63.6676 116.3455 66.9106 -57.8865 -40.1459 -0.0000 -0.0000 10.6567 17.0558 -40.6645 -11.3054 -7.1250 0.0000 -0.0000 -9.5064 -11.4562 11.3459 0.0000 0.0000 0.0000 86.5914 27.8942 16.5249 -140.6162 47.7005 -102.0179 0.0000 -0.0000 -42.3374 -24.1187 -24.4889 10.5136 7.1250 -0.0000 -0.0000 5.8470 -56.4067 -1.6393
0.2926 17.3001 6.0210 9.6473 -21.4563 -5.4381 0.0000 0.0000 0.0000 -24.4985 30.4116 22.6866 2.6431 -10.0936 -29.2803 -0.4574 12.3048 -1.1266 0.7929 -5.6838 -15.8698 0.0000 0.0000 0.0000 -2.5319 2.3669 29.1352 -4.9906 13.3732 -40.7819 0.5780 -17.5721 5.8137 -0.5515 4.7574 -13.2179 12.7795 -7.8008 10.0977 10.7795 -8.3337 0.1867 5.8164 -4.2978 -5.6245 7.7544 9.7079 -23.3406 -20.7548 14.9789 12.4461 -6.0992 5.2495 10.2227 -0.0000 0.0000 0.0000 -115.2438 -66.3264 116.9106 74.0676 -59.0188 -46.2476 -0.0000 -0.0000 10.6621 20.3913 -43.0595 -14.2408 -7.1250 0.0000 -0.0000 -8.3065 -14.5234 10.2165 -0.0000 0.0000 0.0000 83.7574 31.6850 16.1670 -144.9019 44.8821 -105.1175 0.0000 -0.0000 -38.2406 -28.6425 -20.2437 10.7019 7.1250 -0.0000 -0.0000 -0.1823 -52.7730 0.0349
0.3026 17.2120 6.0903 8.7642 -21.2975 -6.4899 0.0000 0.0000 0.0000 -22.5731 31.2998 25.6205 2.9560 -10.6234 -31.0202 -0.4649 12.5667 -0.5699 0.8053 -5.7273 -15.9952 0.0000 0.0000 0.0000 -1.8017 1.3239 31.0925 -5.1684 13.5710 -41.5454 0.5033 -17.0438 6.2050 -0.6772 5.2618 -14.6567 13.1692 -7.3994 8.9622 10.0188 -8.0464 0.3333 4.5390 -4.1563 -4.9948 8.0671 9.5070 -24.7081 -20.1618 14.6989 13.9604 -6.0146 5.0284 10.9190 -0.0000 0.0000 0.0000 -116.3957 -70.1303 118.5609 81.8390 -59.7468 -52.9384 -0.0000 -0.0000 10.2773 23.6359 -45.3811 -17.3021 -7.1250 0.0000 -0.0000 -7.2948 -17.5765 9.2181 -0.0000 0.0000 0.0000 80.6193 36.8374 15.7132 -147.4044 43.0169 -106.8546 0.0000 -0.0000 -34.0259 -29.3910 -19.0175 10.4005 7.1250 -0.0000 -0.0000 -1.1855 -51.5588 0.1915
0.2949 17.1467 6.1655 7.6010 -20.7789 -7.3756 0.0000 0.0000 0.0000 -20.2933 31.6535 28.4784 3.2104 -11.0282 -32.3749 -0.4653 12.6963 -0.1938 0.7988 -5.7044 -15.9291 0.0000 0.0000 0.0000 -0.7608 0.0701 32.9932 -5.2730 13.6848 -41.9893 0.4415 -16.4797 6.4012 -0.8134 5.7553 -16.0761 13.0079 -7.2947 7.6649 9.7075 -8.1654 0.0541 4.1367 -4.2137 -4.5980 7.8635 9.2193 -24.0698 -19.5463 14.4426 14.9958 -5.8447 4.9505 11.0496 -0.0000 -0.0000 0.0000 -115.1536 -73.7234 116.0418 88.5150 -59.9917 -58.7140 -0.0000 -0.0000 10.1384 26.3179 -47.6571 -20.0817 -7.1250 0.0000 -0.0000 -6.6866 -20.4897 8.6495 -0.0000 -0.0000 0.0000 75.7360 42.1623 15.3485 -148.3379 42.2762 -107.4871 0.0000 -0.0000 -30.5866 -27.4871 -19.0674 9.6461 7.1250 -0.0000 -0.0000 0.7660 -51.2655 -0.1182
0.2719 17.0924 6.2389 6.4873 -20.2183 -8.0737 0.0000 0.0000 0.0000 -18.2229 31.5814 30.9186 3.3847 -11.2931 -33.2750 -0.4724 12.8710 0.0283 0.7737 -5.6163 -15.6750 0.0000 0.0000 0.0000 0.2571 -0.9424 34.5490 -5.2961 13.7097 -42.0869 0.4278 -16.0693 6.1186 -0.7959 5.6946 -15.9008 12.7346 -8.0575 5.9825 9.9975 -9.4517 -0.5618 4.5686 -4.8501 -4.2618 4.7486 9.1331 -22.1697 -17.8393 15.0667 15.5051 -4.6241 5.3048 10.5441 -0.0000 0.0000 0.0000 -100.3661 -77.5957 98.3593 94.9245 -59.9082 -64.2634 -0.0000 -0.0000 10.3287 31.3764 -46.1493 -23.7390 -7.1250 0.0000 -0.0000 -3.9520 -20.5620 5.0975 -0.0000 0.0000 0.0000 69.5316 48.1716 17.1983 -147.5351 42.9147 -106.9437 0.0000 -0.0000 -26.1469 -28.9521 -18.5367 9.9748 7.1250 -0.0000 -0.0000 -0.8186 -50.9445 0.1199
0.2282 17.0720 6.3131 5.3675 -19.5347 -8.5594 0.0000 0.0000 0.0000 -16.2991 31.0672 32.7718 3.4400 -11.3754 -33.5566 -0.4998 13.2580 0.0982 0.8317 -5.8179 -16.2569 0.0000 0.0000 0.0000 1.4133 -1.7815 35.7810 -5.2148 13.6216 -41.7424 0.4251 -15.6839 5.7010 -0.8416 5.8518 -16.3550 11.9267 -7.6985 4.7939 9.5661 -9.1884 -1.2198 4.3629 -4.7253 -4.2409 4.4116 8.3726 -21.2231 -16.6324 14.0543 16.9218 -4.3754 4.9241 10.5956 -0.0000 -0.0000 0.0000 -88.5800 -80.9069 85.1208 99.1960 -59.6780 -67.9554 -0.0000 -0.0000 9.2215 34.2484 -48.7789 -27.1172 -7.1250 0.0000 -0.0000 -3.5848 -24.0239 4.7403 -0.0000 -0.0000 0.0000 60.1740 53.8635 13.4155 -145.4027 44.5224 -105.4697 0.0000 -0.0000 -23.8980 -33.5580 -15.6430 10.1410 7.1250 -0.0000 -0.0000 -5.7650 -48.4685 0.4948
0.1643 17.0817 6.3915 4.1636 -18.8522 -8.6959 0.0000 0.0000 0.0000 -14.5247 30.2234 33.7505 3.3224 -11.1995 -32.9557 -0.5025 13.0859 -0.4986 0.9219 -6.1173 -17.1252 0.0000 0.0000 0.0000 2.8300 -2.3756 36.4577 -5.0097 13.3947 -40.8645 0.4467 -15.2282 4.7799 -0.8132 5.7545 -16.0738 10.7470 -6.8344 4.6274 8.7394 -8.0330 -2.2892 4.0522 -4.1746 -5.2254 5.9769 7.4084 -20.9330 -15.7570 12.3301 19.0711 -4.6907 4.2583 11.1238 0.0000 0.0000 0.0000 -80.2160 -83.6928 75.6356 101.5605 -59.4889 -69.9945 -0.0000 -0.0000 7.8819 38.2301 -50.9376 -31.4530 -7.1250 0.0000 -0.0000 -2.7798 -27.4493 3.7512 0.0000 0.0000 0.0000 47.0531 54.9764 3.1020 -145.0242 44.7949 -105.2037 0.0000 -0.0000 -23.1508 -30.6603 -17.6055 10.1654 7.1250 -0.0000 -0.0000 -2.6861 -50.2098 0.3452
0.0747 17.1375 6.4837 3.2033 -18.3323 -8.2679 0.0000 0.0000 0.0000 -13.4529 29.0490 33.3837 3.0036 -10.7009 -31.2777 -0.4682 12.2665 -1.9103 1.0184 -6.4204 -18.0091 0.0000 0.0000 0.0000 4.2410 -2.4730 36.2284 -4.6722 13.0049 -39.3868 0.4783 -14.7183 3.4841 -0.7585 5.5621 -15.5189 9.6984 -6.3832 3.0769 8.1946 -7.6896 -3.0059 3.8392 -3.9974 -5.0316 5.2851 6.6428 -21.2643 -14.0074 11.2543 20.8790 -4.1603 3.8268 11.5335 0.0000 0.0000 0.0000 -40.9715 -85.7247 34.2112 102.6970 -59.3820 -70.9731 -0.0000 -0.0000 4.6181 41.0483 -52.7791 -34.7374 -7.1250 0.0000 -0.0000 -2.4959 -30.1707 3.4141 0.0000 0.0000 0.0000 32.1864 58.3399 -7.0157 -141.3528 47.2477 -102.5607 0.0000 -0.0000 -21.4788 -29.9439 -18.2927 10.2486 7.1250 -0.0000 -0.0000 -1.8655 -50.8522 0.2691
-0.0424 17.2349 6.5897 2.5043 -17.7284 -7.2984 0.0000 0.0000 0.0000 -13.0764 27.2129 31.8118 2.5206 -9.8753 -28.5740 -0.4328 11.5756 -3.7536 1.0279 -6.4493 -18.0938 0.0000 0.0000 0.0000 5.5427 -2.3442 35.1589 -4.2335 12.4649 -37.3970 0.5043 -14.0446 1.7519 -0.6473 5.1465 -14.3270 8.4333 -5.9329 0.9812 7.4998 -7.3740 -3.9847 3.5667 -3.8303 -4.7946 4.8938 5.8240 -20.9441 -12.3822 9.9878 22.5841 -3.7597 3.3684 11.8265 -0.0000 -0.0000 0.0000 0.7656 -84.7648 -9.5305 103.1763 -59.3337 -71.3854 -0.0000 -0.0000 0.8571 44.0079 -53.9853 -38.0015 -7.1250 0.0000 -0.0000 -1.9843 -32.3908 2.7394 -0.0000 -0.0000 0.0000 17.2207 58.8517 -18.2242 -138.5650 48.8975 -100.4862 0.0000 -0.0000 -22.2361 -29.3714 -20.1598 10.9772 7.1250 -0.0000 -0.0000 -0.9597 -52.8221 0.1847
-0.1812 17.3412 6.6963 2.0431 -17.2058 -6.4023 0.0000 0.0000 0.0000 -13.0697 24.9530 29.9475 1.9608 -8.7839 -25.1217 -0.3944 11.1916 -6.0329 1.0634 -6.5562 -18.4069 0.0000 0.0000 0.0000 6.7027 -1.9410 33.9895 -3.7503 11.8205 -35.0998 0.5089 -13.2826 -0.1587 -0.5436 4.7238 -13.1225 6.7921 -5.4619 -0.7289 6.8388 -6.9283 -5.0982 3.6152 -3.5827 -4.8679 3.7658 4.9165 -20.6811 -10.0426 8.6403 24.8325 -2.9768 2.8889 12.3016 0.0000 0.0000 0.0000 17.8313 -82.7936 -28.9255 103.1970 -59.3316 -71.4033 -0.0000 0.0000 -2.4162 47.9209 -54.8008 -42.1459 -7.1250 0.0000 -0.0000 -1.0261 -34.7117 1.4279 0.0000 0.0000 0.0000 2.8846 57.7246 -28.7870 -134.8522 50.8407 -97.6467 0.0000 -0.0000 -22.3632 -27.9962 -20.0989 10.3531 7.1250 -0.0000 -0.0000 0.4581 -52.4898 -0.0844
-0.3247 17.4335 6.7974 1.7102 -16.8034 -5.7722 0.0000 0.0000 0.0000 -13.0949 22.5144 28.2931 1.4176 -7.5298 -21.2949 -0.3005 10.7606 -9.0097 1.0261 -6.4438 -18.0778 0.0000 0.0000 0.0000 7.7698 -1.3263 32.9701 -3.2676 11.1161 -32.6724 0.4836 -12.4642 -1.9369 -0.5120 4.5867 -12.7334 5.2997 -4.9543 -1.9201 5.9003 -6.3629 -5.9666 3.3591 -3.2730 -5.0405 2.7761 3.8928 -20.5861 -8.1358 7.0740 26.5220 -2.3898 2.2955 12.6800 0.0000 -0.0000 0.0000 29.1982 -80.5065 -42.2012 102.4364 -59.4075 -70.7488 -0.0000 0.0000 -6.5758 51.8931 -54.5879 -46.1001 -7.1250 0.0000 -0.0000 0.4755 -36.3284 -0.6648 0.0000 -0.0000 0.0000 -9.3326 55.4881 -38.1363 -130.6701 52.7217 -94.3600 0.0000 -0.0000 -22.2610 -26.6469 -19.3378 9.4341 7.1250 -0.0000 -0.0000 1.6742 -51.4096 -0.2644
-0.4687 17.5114 6.8855 1.3585 -16.4431 -5.3470 0.0000 0.0000 0.0000 -12.9222 20.2954 26.8972 0.9763 -6.2901 -17.6284 -0.1752 10.4745 -11.7276 1.1045 -6.6775 -18.7635 0.0000 0.0000 0.0000 8.7900 -0.8361 32.0764 -2.8182 10.3948 -30.2649 0.4383 -11.6551 -3.6295 -0.3438 3.7675 -10.4234 3.8011 -4.3910 -3.0927 4.8911 -5.7316 -6.1753 3.0089 -2.9199 -4.5445 3.4081 3.7140 -20.7193 -7.1297 6.4062 28.2223 -2.2577 2.1615 13.3286 -0.0000 0.0000 0.0000 40.3795 -77.3069 -55.5792 101.9235 -59.4559 -70.3072 -0.0000 0.0000 -11.1406 52.9944 -55.1204 -47.4245 -7.1250 0.0000 -0.0000 0.5211 -37.2571 -0.7303 -0.0000 0.0000 0.0000 -19.3569 51.7607 -45.7479 -126.6783 54.2504 -91.1510 0.0000 -0.0000 -23.2902 -26.9931 -18.6893 9.2702 7.1250 -0.0000 -0.0000 1.1884 -50.7639 -0.1688
-0.6078 17.5863 6.9522 0.9311 -15.8317 -4.9462 0.0000 0.0000 0.0000 -12.5759 18.0498 25.9773 0.7005 -5.3498 -14.9089 -0.1329 10.8779 -13.2884 0.9921 -6.3394 -17.7724 0.0000 0.0000 0.0000 9.8886 -0.4537 31.1995 -2.4111 9.6744 -27.9287 0.3835 -10.9533 -5.2124 -0.2036 2.9051 -8.0147 2.5347 -4.0894 -2.1984 3.8847 -5.2786 -7.3349 2.8115 -2.6577 -6.2644 3.2454 3.3016 -19.8955 -5.5641 5.4523 29.8514 -1.8185 1.9286 13.7053 0.0000 0.0000 0.0000 42.6467 -74.2686 -59.9862 100.6522 -59.5669 -69.2116 -0.0000 0.0000 -14.3475 54.5916 -55.9438 -49.3688 -7.1250 0.0000 -0.0000 0.5174 -38.6312 -0.7273 0.0000 0.0000 0.0000 -25.5648 48.1311 -49.9688 -122.3627 55.6467 -87.6173 0.0000 -0.0000 -22.9307 -25.2853 -19.2358 8.8460 7.1250 -0.0000 -0.0000 3.0227 -51.0575 -0.4514
-0.7358 17.6629 6.9860 0.5726 -14.8829 -4.6022 0.0000 0.0000 0.0000 -12.2963 15.8098 25.6789 0.5888 -4.9130 -13.6605 -0.1998 11.8057 -13.6631 1.0860 -6.6234 -18.6042 0.0000 0.0000 0.0000 10.8505 -0.4339 30.1814 -2.0521 8.9738 -25.7133 0.3157 -10.2495 -6.5991 -0.1189 2.2226 -6.1212 1.0679 -3.8714 -1.7803 2.9187 -5.0419 -7.5120 2.6501 -2.4819 -6.6505 3.4244 3.0251 -19.7879 -4.7800 4.7624 30.7959 -1.6755 1.7486 14.0266 0.0000 0.0000 0.0000 46.0454 -71.3027 -65.3967 100.1976 -59.6034 -68.8196 -0.0000 0.0000 -17.4884 55.8215 -55.9522 -50.6639 -7.1250 0.0000 -0.0000 0.9063 -39.2279 -1.2752 0.0000 0.0000 0.0000 -31.7688 44.9083 -55.3356 -118.8434 56.6103 -84.6949 0.0000 -0.0000 -22.8031 -24.7212 -17.7152 7.9748 7.1250 -0.0000 -0.0000 3.2366 -49.3276 -0.3457
-0.8402 17.7354 6.9769 0.3290 -13.8052 -4.2841 0.0000 0.0000 0.0000 -12.0930 13.7809 25.6421 0.5674 -4.8243 -13.4080 -0.3368 13.0415 -13.4363 1.0667 -6.5661 -18.4362 0.0000 0.0000 0.0000 11.5437 -0.8724 28.9602 -1.7628 8.3535 -23.7931 0.2550 -9.6306 -7.4328 -0.0698 1.7049 -4.6907 -0.3647 -3.6164 -1.1321 1.9136 -4.7804 -7.1769 2.4148 -2.2984 -6.6360 3.4932 2.7886 -19.4315 -4.0890 4.1748 31.1693 -1.5222 1.6025 14.0599 -0.0000 -0.0000 0.0000 49.1167 -68.5069 -70.4327 101.2052 -59.5202 -69.6884 -0.0000 0.0000 -20.7632 54.3968 -56.6934 -49.4121 -7.1250 0.0000 -0.0000 -0.0418 -39.0880 0.0588 -0.0000 -0.0000 0.0000 -36.3979 42.1663 -59.8841 -115.5193 57.3903 -81.9068 0.0000 -0.0000 -21.7157 -23.8798 -15.6940 6.8289 7.1250 -0.0000 -0.0000 3.6345 -47.0281 -0.1821
-0.9233 17.8002 6.9243 0.1743 -12.9408 -3.9050 0.0000 0.0000 0.0000 -11.9026 12.4143 25.2963 0.5668 -4.8218 -13.4009 -0.4615 13.9965 -12.9877 1.0934 -6.6450 -18.6677 0.0000 0.0000 0.0000 11.9861 -1.4794 27.5438 -1.5482 7.8538 -22.2710 0.2044 -8.9908 -7.6963 -0.0241 1.0023 -2.7551 -1.9858 -3.2827 -0.5207 1.0913 -4.4196 -6.2801 2.4413 -2.0670 -5.9877 3.4285 2.6307 -19.4886 -3.6975 3.8449 31.5475 -1.4162 1.5049 14.2099 -0.0000 -0.0000 0.0000 51.7390 -65.8074 -74.9017 103.0884 -59.3427 -71.3099 -0.0000 0.0000 -22.7353 50.9500 -55.6919 -45.5175 -7.1250 0.0000 -0.0000 -0.5169 -36.7562 0.7234 -0.0000 -0.0000 0.0000 -39.9232 40.9861 -64.3699 -113.4814 57.8105 -80.1860 0.0000 -0.0000 -20.4978 -23.4015 -13.7892 5.8893 7.1250 -0.0000 -0.0000 3.7383 -44.9192 0.0075
-0.9881 17.8670 6.8209 -0.0239 -12.1214 -3.2731 0.0000 0.0000 0.0000 -11.7319 11.1505 24.5703 0.5883 -4.9109 -13.6546 -0.6108 15.0892 -12.4112 1.0368 -6.4762 -18.1726 0.0000 0.0000 0.0000 12.4428 -2.0488 25.7811 -1.3889 7.4566 -21.0752 0.1838 -8.6341 -7.5775 -0.0031 0.3623 -0.9954 -3.4725 -2.9038 1.2381 0.3496 -4.0553 -5.9021 2.5757 -1.8152 -6.5752 3.4333 2.5713 -18.6315 -3.5487 3.7427 31.8590 -1.3855 1.4898 14.1495 0.0000 0.0000 0.0000 52.1432 -64.9255 -76.6251 104.8220 -59.1534 -72.7998 -0.0000 0.0000 -24.6609 48.3743 -55.6497 -42.8939 -7.1250 0.0000 -0.0000 -1.3589 -35.5904 1.8961 0.0000 0.0000 0.0000 -41.8407 42.0077 -67.5976 -112.6496 57.9700 -79.4814 0.0000 -0.0000 -20.5990 -22.8315 -12.8694 5.3570 7.1250 -0.0000 -0.0000 4.1089 -43.8640 0.1154
-1.0388 17.9309 6.6624 -0.3071 -10.9931 -2.3383 0.0000 0.0000 0.0000 -11.4473 9.8820 23.3722 0.6410 -5.1220 -14.2569 -0.7522 15.9245 -11.2314 1.0452 -6.5015 -18.2467 0.0000 0.0000 0.0000 13.0596 -2.7434 23.6499 -1.2782 7.1650 -20.2052 0.1851 -8.6437 -7.5475 -0.0016 0.2613 -0.7178 -5.1215 -2.5671 3.3984 -0.1929 -3.8264 -5.3255 3.0164 -1.6143 -7.1690 2.4505 2.3791 -18.4883 -2.3224 3.3870 31.9845 -0.7837 1.3910 14.1057 0.0000 0.0000 0.0000 52.3348 -65.0629 -77.8118 106.0642 -59.0021 -73.8654 -0.0000 0.0000 -25.9651 42.1714 -55.5145 -36.7469 -7.1250 0.0000 -0.0000 -3.4372 -32.9591 4.7587 0.0000 0.0000 0.0000 -42.5662 44.9560 -70.1196 -113.2538 57.8548 -79.9933 0.0000 -0.0000 -20.7207 -21.6853 -12.5055 4.9213 7.1250 -0.0000 -0.0000 5.0885 -43.3467 0.2082
-1.0743 17.9903 6.4354 -0.5863 -9.5343 -1.2457 0.0000 0.0000 0.0000 -11.1862 8.3290 21.8553 0.7263 -5.4452 -15.1828 -0.8403 16.3628 -9.9240 1.0646 -6.5596 -18.4171 0.0000 0.0000 0.0000 13.6968 -3.8074 21.1794 -1.2217 7.0108 -19.7472 0.2122 -8.9703 -7.3161 -0.0000 0.0063 -0.0172 -6.8357 -2.1913 6.1195 -0.7049 -3.6511 -4.2916 3.5328 -1.4480 -7.6005 2.2271 1.9477 -19.5565 -2.2220 2.7726 31.5347 -0.8008 1.1107 14.1168 0.0000 -0.0000 0.0000 53.0344 -66.2229 -79.0035 107.3550 -58.8308 -74.9709 -0.0000 0.0000 -27.4534 38.3783 -54.4698 -32.8024 -7.1250 0.0000 -0.0000 -4.2973 -30.6543 5.8976 0.0000 -0.0000 0.0000 -42.4945 48.3493 -72.7581 -114.8123 57.5409 -81.3107 0.0000 -0.0000 -21.3047 -20.3850 -13.1341 4.8265 7.1250 -0.0000 -0.0000 6.3793 -43.8652 0.1794
-1.0960 18.0499 6.1367 -1.0470 -7.7999 -0.0427 0.0000 0.0000 0.0000 -10.6421 6.8619 20.0081 0.8397 -5.8454 -16.3365 -0.9124 16.7198 -8.1993 0.9966 -6.3532 -17.8126 0.0000 0.0000 0.0000 14.6361 -5.0805 18.4468 -1.2102 6.9787 -19.6524 0.2872 -9.8644 -6.6456 -0.0032 0.3677 -1.0102 -8.2156 -1.6614 9.5258 -1.0388 -3.3602 -2.9316 4.0477 -1.2471 -8.0971 1.0462 1.2062 -20.7106 -1.3920 1.7953 29.6834 -0.4215 0.6766 13.5136 0.0000 0.0000 0.0000 53.7883 -69.1104 -80.1996 108.8659 -58.6115 -76.2622 -0.0000 0.0000 -29.3151 31.2385 -51.0623 -25.2572 -7.1250 0.0000 -0.0000 -5.6848 -25.1661 7.5885 0.0000 0.0000 0.0000 -41.8981 53.7771 -74.7718 -116.0736 57.2685 -82.3733 0.0000 -0.0000 -19.4553 -19.6395 -15.2003 5.3454 7.1250 -0.0000 -0.0000 7.5010 -45.9351 -0.1741
-1.1059 18.1026 5.7794 -1.5349 -5.6538 1.5505 0.0000 0.0000 0.0000 -10.0334 5.4491 17.3996 0.9819 -6.3075 -17.6793 -0.9255 16.7456 -5.7673 1.0219 -6.4309 -18.0398 0.0000 0.0000 0.0000 15.7027 -6.1562 15.2042 -1.2205 7.0073 -19.7371 0.3873 -11.1230 -6.1872 -0.0029 0.3462 -0.9514 -8.9900 -1.0732 13.0382 -1.3019 -2.9613 -1.0905 4.2508 -1.0654 -8.1462 -0.2908 0.3598 -23.3698 -0.3146 0.7107 27.1392 0.0501 0.2225 12.9797 0.0000 -0.0000 0.0000 54.8645 -73.7731 -82.0430 110.3277 -58.3796 -77.5085 -0.0000 0.0000 -29.8361 24.1801 -48.2733 -18.5260 -7.1250 0.0000 -0.0000 -7.8124 -20.4976 10.1259 0.0000 -0.0000 0.0000 -40.8753 59.8438 -76.6317 -118.0901 56.7977 -84.0652 0.0000 -0.0000 -20.0543 -18.5821 -19.6745 6.4576 7.1250 -0.0000 -0.0000 9.7587 -50.3929 -1.3079
-1.1127 18.1403 5.3657 -2.4376 -2.8584 3.5342 0.0000 0.0000 0.0000 -8.9926 3.7234 14.0130 1.1277 -6.7451 -18.9623 -0.8536 16.3061 -3.3132 1.1750 -6.8800 -19.3604 0.0000 0.0000 0.0000 17.3516 -6.7773 11.7062 -1.2494 7.0869 -19.9730 0.5239 -12.7760 -6.2232 -0.0000 0.0409 -0.1124 -8.4921 -0.5212 16.8874 -1.3918 -2.4474 0.6799 3.8832 -0.8686 -8.4731 -1.8351 -0.8988 -26.0744 1.0508 -0.8392 23.7892 0.5530 -0.4015 12.1846 0.0000 0.0000 0.0000 59.9041 -81.0758 -87.8739 110.4168 -58.3648 -77.5844 -0.0000 0.0000 -28.7310 17.4772 -44.5486 -12.4555 -7.1250 0.0000 -0.0000 -10.0078 -15.3206 12.4580 0.0000 0.0000 0.0000 -35.6907 69.5971 -74.8602 -119.2796 56.4989 -85.0588 0.0000 -0.0000 -17.6930 -18.4556 -22.0051 7.1276 7.1250 -0.0000 -0.0000 10.7264 -52.7399 -2.0620
-1.1193 18.1742 4.9637 -3.0992 0.1234 5.6694 0.0000 0.0000 0.0000 -8.2258 2.2021 10.1076 1.2550 -7.1020 -20.0180 -0.7464 15.9225 -0.4589 1.1375 -6.7732 -19.0452 0.0000 0.0000 0.0000 18.6992 -7.1284 8.1551 -1.2834 7.1791 -20.2470 0.6933 -14.5870 -6.4145 -0.0046 -0.4391 1.2066 -7.1723 0.1948 20.5237 -1.5121 -1.4976 2.2643 2.8457 -0.4838 -8.8829 -3.7339 -2.7423 -28.7244 2.6774 -2.9569 20.4293 1.0798 -1.2662 11.4683 -0.0000 0.0000 0.0000 -138.6445 -87.5345 109.4000 108.5113 -58.6648 -75.9594 -0.0000 0.0000 -26.9364 9.7125 -41.5358 -6.4749 -7.1250 0.0000 -0.0000 -13.3002 -10.9829 15.9835 -0.0000 0.0000 0.0000 4.0635 80.2707 -38.5395 -120.6678 56.1293 -86.2140 0.0000 -0.0000 -15.3916 -20.8555 -24.7687 9.0686 7.1250 -0.0000 -0.0000 9.4262 -56.0091 -2.5619
-1.1186 18.2131 4.6666 -2.9405 2.5557 8.9410 0.0000 0.0000 0.0000 -8.4083 1.2317 4.8094 1.2952 -7.2105 -20.3405 -0.5491 14.9650 2.4316 1.0851 -6.6206 -18.5962 0.0000 0.0000 0.0000 19.0531 -6.3177 3.8461 -1.2865 7.1873 -20.2715 0.8375 -15.9741 -6.8749 -0.0092 -0.6209 1.7062 -6.3914 1.0039 21.6707 -1.3268 -0.2786 3.4006 2.2764 0.0355 -8.3622 -5.4466 -4.6129 -31.3302 3.2052 -4.7456 18.4660 1.2009 -2.1061 11.2898 0.0000 0.0000 0.0000 -123.2508 -73.6093 90.9572 98.9809 -59.6930 -67.7697 -0.0000 0.0000 -27.3830 0.5386 -35.1616 -0.3102 -7.1250 0.0000 -0.0000 -17.5399 -3.7661 19.5691 0.0000 0.0000 0.0000 80.2151 74.0738 34.4581 -116.8667 57.0887 -83.0398 0.0000 -0.0000 -13.7563 -25.6489 -30.6796 13.7663 7.1250 -0.0000 -0.0000 7.1418 -63.1921 -3.1616
-1.1089 18.2518 4.4913 -2.4653 4.6166 11.6917 0.0000 0.0000 0.0000 -8.8863 0.0001 0.5265 1.2667 -7.1337 -20.1122 -0.3843 14.0089 4.2592 1.0622 -6.5526 -18.3965 0.0000 0.0000 0.0000 18.8122 -5.1645 0.6962 -1.2776 7.1633 -20.2002 0.9734 -17.2218 -8.1725 -0.0141 -0.7669 2.1077 -6.0391 1.4681 22.3471 -0.8031 0.4287 3.8548 2.4481 0.3602 -8.2790 -6.8948 -5.8294 -32.9757 2.6721 -5.4917 18.8660 1.0607 -2.6070 11.7756 0.0000 -0.0000 0.0000 -121.3092 -58.2058 80.8836 72.4937 -58.8097 -44.8997 -0.0000 0.0000 -38.0585 -1.1030 -22.4658 0.4215 -7.1250 0.0000 -0.0000 -18.6439 8.4183 16.6444 0.0000 -0.0000 0.0000 100.9918 55.2049 46.8962 -96.6594 59.8318 -65.7640 0.0000 -0.0000 -12.7242 -24.9478 -38.8545 16.2694 7.1250 -0.0000 -0.0000 15.6879 -71.0445 -9.8172
-1.0656 18.2648 4.3824 -2.1779 6.2896 13.0106 0.0000 0.0000 0.0000 -9.2194 -1.3733 -1.6088 1.2481 -7.0833 -19.9625 -0.3135 13.7426 5.1904 1.0339 -6.4673 -18.1466 0.0000 0.0000 0.0000 18.5755 -5.0517 -0.7926 -1.3055 7.2381 -20.4226 1.1037 -18.3220 -9.0867 -0.0217 -0.9500 2.6113 -5.3481 1.6549 24.8583 -0.4357 0.7355 4.6340 2.3536 0.4908 -8.7487 -6.6857 -6.0153 -34.4935 2.1312 -5.5359 17.5506 0.7992 -2.6684 11.4843 0.0000 -0.0000 0.0000 -117.9718 -47.6997 70.5782 47.0552 -51.7365 -23.8417 -0.0000 0.0000 -48.6275 17.3451 -7.2559 -2.2590 -7.1250 0.0000 -0.0000 -6.9023 22.3996 3.7780 0.0000 -0.0000 0.0000 101.6764 45.7557 42.5595 -57.2969 55.5455 -32.1019 0.0000 -0.0000 -18.0388 -14.1430 -37.3430 8.6902 7.1250 -0.0000 -0.0000 26.7749 -66.3177 -14.1996
-1.0151 18.2620 4.2965 -2.1920 7.2536 13.5423 0.0000 0.0000 0.0000 -9.2867 -1.9990 -2.4082 1.3144 -7.2618 -20.4933 -0.2426 13.8049 6.4093 0.9851 -6.3174 -17.7081 0.0000 0.0000 0.0000 18.5892 -5.5632 -1.4247 -1.3915 7.4631 -21.0947 1.2231 -19.1842 -8.9064 -0.0256 -1.0337 2.8416 -4.6047 1.6571 27.8213 -0.1464 0.8371 5.9064 2.2014 0.5060 -8.8252 -5.8392 -5.5840 -33.4659 2.6040 -5.4692 13.8603 0.9031 -2.5213 9.9222 0.0000 0.0000 0.0000 -107.8176 -42.4353 68.3541 30.8228 -41.5883 -11.9520 -0.0000 0.0000 -52.4185 8.9051 -33.6957 -4.9681 -7.1250 0.0000 -0.0000 -12.9778 -3.2730 14.0547 0.0000 0.0000 0.0000 88.7239 43.1337 47.4466 -38.8225 47.3566 -17.5681 0.0000 -0.0000 -42.2278 -47.1260 -53.5493 40.9054 7.1250 -0.0000 -0.0000 171.1137 86.6664 171.6432
-0.9785 18.2601 4.2214 -2.1140 7.7466 14.5684 0.0000 0.0000 0.0000 -9.4669 -2.0851 -3.6574 1.4056 -7.4991 -21.2028 -0.1601 13.9484 7.7434 0.9019 -6.0522 -16.9360 0.0000 0.0000 0.0000 18.5959 -5.9442 -2.4626 -1.5242 7.7953 -22.0941 1.3502 -20.0445 -7.9864 -0.0133 -0.7440 2.0448 -3.5095 1.7550 29.9850 -0.2833 1.1972 7.2921 1.2776 0.6291 -8.3172 -4.6683 -5.2443 -31.1270 3.2004 -5.6930 9.9940 0.9626 -2.5290 8.1943 0.0000 0.0000 0.0000 -102.0236 -38.6650 68.8604 42.9904 -49.7451 -20.6934 -0.0000 0.0000 -57.8146 18.6167 -18.4039 -6.0707 -7.1250 0.0000 -0.0000 -6.1958 10.7218 4.9649 0.0000 0.0000 0.0000 84.9809 40.2653 48.1240 -42.8845 49.6890 -20.6126 0.0000 -0.0000 -44.0950 -33.5749 -59.7601 29.8319 7.1250 -0.0000 -0.0000 115.4900 82.1550 122.8318
-0.9318 18.2359 4.1405 -1.5724 7.5816 16.4859 0.0000 0.0000 0.0000 -10.1533 -2.5216 -5.7347 1.4754 -7.6751 -21.7316 -0.1155 14.1455 8.5056 0.8318 -5.8185 -16.2586 0.0000 0.0000 0.0000 18.1573 -5.9721 -4.4116 -1.6902 8.1885 -23.2880 1.4466 -20.7257 -6.8860 -0.0139 -0.7611 2.0917 -2.7377 1.9360 30.9886 -0.3994 1.6163 7.9761 0.5408 0.8064 -8.0142 -4.0187 -4.9934 -27.3258 3.0006 -5.6714 6.3982 0.8887 -2.5808 6.4027 -0.0000 0.0000 0.0000 -104.8741 -38.9015 68.5924 47.7715 -52.0562 -24.4054 -0.0000 0.0000 -57.3200 21.2153 -10.1699 -3.9209 -7.1250 0.0000 -0.0000 -4.1155 19.1031 2.5486 -0.0000 0.0000 0.0000 89.7776 38.8012 43.5113 -48.4855 52.3661 -24.9697 0.0000 -0.0000 -40.4967 -25.1763 -64.3901 22.9710 7.1250 -0.0000 -0.0000 114.0886 78.1226 125.5827
-0.8952 18.2060 4.0513 -1.0441 7.8253 18.2154 0.0000 0.0000 0.0000 -10.6800 -3.3794 -7.6514 1.5368 -7.8261 -22.1870 -0.0814 14.3980 9.1374 0.7959 -5.6944 -15.9002 0.0000 0.0000 0.0000 17.7444 -5.8659 -6.0596 -1.8497 8.5456 -24.3840 1.5828 -21.6696 -6.3803 -0.0117 -0.6980 1.9181 -2.6769 1.7895 32.9931 -0.0108 1.4050 6.9166 0.8964 0.7182 -9.3232 -4.1569 -4.4881 -25.8694 2.5180 -4.9703 7.1155 0.8572 -2.3048 6.3965 -0.0000 -0.0000 0.0000 -106.2317 -40.7291 68.6500 48.7168 -52.4647 -25.1530 -0.0000 0.0000 -59.9758 23.2879 -6.2888 -2.6994 -7.1250 0.0000 -0.0000 -2.5434 23.1399 1.3406 -0.0000 -0.0000 0.0000 94.1164 38.7472 42.1251 -50.0928 53.0329 -26.2483 0.0000 -0.0000 -36.5760 -9.7842 -64.7947 8.8682 7.1250 -0.0000 -0.0000 96.8071 74.7955 112.6993
-0.8509 18.1973 4.0191 -1.1014 7.5221 19.7617 0.0000 0.0000 0.0000 -10.4000 -4.3357 -9.1431 1.5373 -7.8273 -22.1908 -0.1584 15.0346 8.7014 0.7060 -5.3705 -14.9685 0.0000 0.0000 0.0000 17.6889 -4.9511 -7.6868 -1.8685 8.5867 -24.5107 1.6322 -22.0060 -6.2099 -0.0092 -0.6191 1.7013 -2.1604 1.5871 33.4090 -0.0290 1.2972 6.3536 0.6292 0.6638 -10.0991 -3.5847 -3.9969 -25.9015 1.8645 -4.4317 8.6366 0.6086 -2.0862 6.8605 0.0000 -0.0000 0.0000 -105.5155 -42.2826 68.3113 50.9993 -53.3907 -26.9743 -0.0000 0.0000 -61.3626 24.8956 -4.5551 -2.1108 -7.1250 0.0000 -0.0000 -1.3208 24.9602 0.6402 0.0000 -0.0000 0.0000 93.6880 42.5977 43.8181 -47.2035 51.8034 -23.9582 0.0000 -0.0000 -35.5974 -21.3861 -63.1628 19.2612 7.1250 -0.0000 -0.0000 103.8275 78.0718 115.9422
-0.8085 18.2152 4.0416 -1.0924 6.9126 20.3058 0.0000 0.0000 0.0000 -10.4073 -4.7916 -9.5828 1.4750 -7.6741 -21.7285 -0.2396 15.4398 8.0331 0.7412 -5.4997 -15.3395 0.0000 0.0000 0.0000 17.3340 -4.0036 -8.3477 -1.7652 8.3587 -23.8091 1.6104 -21.8158 -6.8773 -0.0244 -1.0088 2.7732 -1.6104 1.4567 33.9693 -0.3998 1.2503 5.8441 -0.0553 0.6289 -10.8685 -3.2887 -3.8445 -25.4199 2.3319 -4.4388 9.6185 0.7148 -2.0329 7.1226 -0.0000 0.0000 0.0000 -104.0196 -43.4189 68.6600 51.7192 -53.6658 -27.5532 -0.0000 0.0000 -60.7355 26.7574 -4.2981 -2.1641 -7.1250 0.0000 -0.0000 0.0838 25.1685 -0.0402 -0.0000 0.0000 0.0000 90.9821 45.4933 45.8431 -45.4672 50.9953 -22.6012 0.0000 -0.0000 -38.4081 -19.3828 -61.9069 17.2427 7.1250 -0.0000 -0.0000 96.0525 78.0322 108.3514
-0.7767 18.2472 4.0952 -0.9014 6.3104 19.9080 0.0000 0.0000 0.0000 -10.7218 -4.9441 -8.9250 1.4091 -7.5081 -21.2298 -0.3228 15.7612 7.2503 0.7075 -5.3759 -14.9838 0.0000 0.0000 0.0000 16.7342 -3.4186 -7.8322 -1.6738 8.1507 -23.1729 1.5898 -21.6564 -7.4567 -0.0254 -1.0284 2.8270 -1.8295 1.6081 33.9968 -0.4259 1.3590 6.0421 -0.0061 0.6824 -10.6608 -3.3544 -3.8412 -25.3542 2.8569 -4.5150 10.1386 0.8868 -2.0168 7.3051 -0.0000 -0.0000 0.0000 -104.3307 -43.7492 68.3729 51.9527 -53.7533 -27.7414 -0.0000 0.0000 -61.5703 26.2238 -5.2558 -2.5835 -7.1250 0.0000 -0.0000 -0.3441 24.1250 0.1734 -0.0000 -0.0000 0.0000 91.4063 46.5001 46.1779 -44.7397 50.6403 -22.0373 0.0000 -0.0000 -37.0033 -19.4189 -61.7649 17.2538 7.1250 -0.0000 -0.0000 95.5100 78.0829 107.7545
-0.7530 18.2701 4.1586 -0.8119 5.9857 19.2324 0.0000 0.0000 0.0000 -10.9975 -4.7569 -8.1453 1.3441 -7.3401 -20.7270 -0.3547 15.6600 6.7041 0.6930 -5.3216 -14.8281 0.0000 0.0000 0.0000 16.3683 -3.1944 -7.0331 -1.5920 7.9589 -22.5893 1.5642 -21.4800 -7.9514 -0.0303 -1.1231 3.0876 -1.9259 1.6823 33.7783 -0.3475 1.4351 6.2059 0.1055 0.7184 -10.3978 -3.5865 -4.0646 -25.4604 3.3040 -4.8261 10.7078 1.0252 -2.1246 7.5412 0.0000 -0.0000 0.0000 -104.6930 -43.3018 68.0305 52.5803 -53.9846 -28.2483 -0.0000 0.0000 -62.8489 27.1063 -4.9087 -2.5079 -7.1250 0.0000 -0.0000 0.3255 24.4688 -0.1614 0.0000 -0.0000 0.0000 91.3649 45.9843 46.1781 -45.5186 51.0200 -22.6412 0.0000 -0.0000 -36.1373 -21.6148 -63.5378 19.5303 7.1250 -0.0000 -0.0000 105.5725 77.9554 117.7467
-0.7509 18.2897 4.2410 -0.8467 5.8358 18.2325 0.0000 0.0000 0.0000 -11.1876 -4.1867 -6.9562 1.3122 -7.2560 -20.4760 -0.3424 15.3196 6.5119 0.7135 -5.3982 -15.0479 0.0000 0.0000 0.0000 16.2034 -2.9737 -5.7060 -1.5186 7.7817 -22.0529 1.5230 -21.2184 -8.7317 -0.0291 -1.1020 3.0295 -2.0934 1.7021 33.7141 -0.2842 1.4124 6.2449 0.2726 0.7119 -10.3332 -3.5148 -4.2146 -25.7097 3.7245 -5.1473 11.5863 1.1019 -2.2190 7.9005 -0.0000 0.0000 0.0000 -104.2832 -42.5035 67.5653 52.8716 -54.0900 -28.4841 -0.0000 0.0000 -63.3541 27.5495 -4.8944 -2.5484 -7.1250 0.0000 -0.0000 0.6569 24.4631 -0.3259 -0.0000 0.0000 0.0000 90.9874 44.9581 46.3934 -46.3992 51.4358 -23.3277 0.0000 -0.0000 -36.4863 -19.6914 -62.9601 17.6804 7.1250 -0.0000 -0.0000 100.6692 77.7657 113.2044
-0.7341 18.2985 4.3158 -0.9663 5.6296 17.4000 0.0000 0.0000 0.0000 -11.2849 -3.7488 -5.7514 1.3176 -7.2702 -20.5184 -0.3677 15.2963 6.1141 0.7218 -5.4289 -15.1359 0.0000 0.0000 0.0000 16.1427 -2.8059 -4.6666 -1.4552 7.6247 -21.5799 1.4723 -20.9118 -9.3084 -0.0247 -1.0145 2.7887 -2.0328 1.6371 33.5601 -0.2853 1.3514 6.0033 0.2622 0.6839 -10.5413 -3.4996 -4.2275 -25.5945 4.0483 -5.2672 12.4859 1.1886 -2.2316 8.2043 -0.0000 0.0000 0.0000 -103.7976 -41.1783 66.8176 52.8706 -54.0896 -28.4832 -0.0000 0.0000 -63.4421 27.4830 -4.7588 -2.4711 -7.1250 0.0000 -0.0000 0.6124 24.6190 -0.3016 -0.0000 0.0000 0.0000 91.1992 43.8321 47.3937 -45.3260 50.9272 -22.4916 0.0000 -0.0000 -34.1274 -19.7177 -59.7876 17.2087 7.1250 -0.0000 -0.0000 87.2816 78.6089 98.8364
-0.7149 18.2985 4.3967 -1.0996 5.0343 17.1590 0.0000 0.0000 0.0000 -11.3324 -3.2978 -5.0892 1.3308 -7.3052 -20.6226 -0.4096 15.4465 5.6521 0.7435 -5.5080 -15.3634 0.0000 0.0000 0.0000 16.1175 -2.5776 -4.2581 -1.4267 7.5530 -21.3644 1.4178 -20.5466 -9.1848 -0.0179 -0.8630 2.3719 -2.1137 1.7127 32.3680 -0.3498 1.4399 5.9244 0.2242 0.7252 -10.1600 -3.3499 -4.2559 -25.5085 3.9870 -5.3635 12.8874 1.1290 -2.2726 8.3258 0.0000 -0.0000 0.0000 -103.3646 -40.2995 66.4004 53.0537 -54.1552 -28.6316 -0.0000 0.0000 -63.9107 27.7589 -5.0456 -2.6503 -7.1250 0.0000 -0.0000 0.8069 24.2821 -0.4037 0.0000 -0.0000 0.0000 91.1849 43.1931 47.7667 -44.9756 50.7565 -22.2198 0.0000 -0.0000 -33.9142 -22.1201 -61.6547 19.6838 7.1250 -0.0000 -0.0000 98.8582 78.8368 110.2648
-0.7084 18.2989 4.4530 -0.9586 4.8017 16.8524 0.0000 0.0000 0.0000 -11.5995 -3.0472 -4.5736 1.3220 -7.2819 -20.5533 -0.4149 15.3022 5.3940 0.7893 -5.6714 -15.8339 0.0000 0.0000 0.0000 15.9145 -2.6545 -3.7121 -1.4288 7.5583 -21.3802 1.3977 -20.4176 -9.2762 -0.0199 -0.9105 2.5025 -2.2747 1.7423 31.7926 -0.3961 1.4340 5.8250 0.2731 0.7270 -10.0399 -3.5916 -4.3608 -25.6826 4.1379 -5.4651 13.3998 1.1991 -2.3078 8.5456 -0.0000 -0.0000 0.0000 -103.5682 -39.6173 66.2018 52.9750 -54.1271 -28.5679 -0.0000 0.0000 -63.7832 27.6843 -5.0917 -2.6660 -7.1250 0.0000 -0.0000 0.7494 24.2340 -0.3758 -0.0000 -0.0000 0.0000 91.0122 42.6936 47.8835 -44.7013 50.6213 -22.0076 0.0000 -0.0000 -33.7890 -20.7268 -60.2768 18.1914 7.1250 -0.0000 -0.0000 90.7776 78.8420 102.1674
-0.7047 18.3000 4.5036 -0.8390 4.6185 16.5777 0.0000 0.0000 0.0000 -11.7901 -2.9914 -4.1317 1.2922 -7.2026 -20.3170 -0.4491 15.3292 4.8737 0.7400 -5.4953 -15.3267 0.0000 0.0000 0.0000 15.7394 -2.6950 -3.1763 -1.4386 7.5830 -21.4545 1.3956 -20.3982 -9.1788 -0.0087 -0.6014 1.6527 -2.3886 1.7264 31.0661 -0.5238 1.3882 6.1229 0.2523 0.7078 -10.1626 -3.3867 -4.3601 -25.5771 3.9351 -5.5046 13.5599 1.0919 -2.3376 8.5727 -0.0000 -0.0000 0.0000 -103.5799 -38.9537 65.9888 52.7715 -54.0539 -28.4030 -0.0000 0.0000 -63.8882 27.9583 -5.2752 -2.7938 -7.1250 0.0000 -0.0000 0.9454 24.0123 -0.4790 -0.0000 -0.0000 0.0000 91.2470 42.1789 48.0410 -44.3257 50.4339 -21.7177 0.0000 -0.0000 -33.3867 -20.1120 -59.7365 17.5511 7.1250 -0.0000 -0.0000 87.5260 78.7478 98.9420
-0.6998 18.3010 4.5491 -0.6798 4.4038 16.3605 0.0000 0.0000 0.0000 -12.0659 -2.8537 -3.7817 1.2658 -7.1313 -20.1050 -0.4751 15.3001 4.3925 0.7367 -5.4835 -15.2929 0.0000 0.0000 0.0000 15.4847 -2.6229 -2.7076 -1.4409 7.5890 -21.4724 1.3865 -20.3448 -9.3109 -0.0082 -0.5832 1.6025 -2.5566 1.7643 30.3977 -0.5820 1.3994 6.1158 0.2925 0.7160 -9.8478 -3.5305 -4.4072 -25.4923 3.9665 -5.5284 13.5950 1.1228 -2.3539 8.5770 0.0000 -0.0000 0.0000 -103.7651 -38.3298 65.8311 52.7464 -54.0449 -28.3827 -0.0000 0.0000 -63.7597 28.0190 -5.2214 -2.7725 -7.1250 0.0000 -0.0000 0.9930 24.0699 -0.5017 0.0000 -0.0000 0.0000 91.2784 41.8084 47.9946 -43.9384 50.2377 -21.4196 0.0000 -0.0000 -32.9767 -20.0783 -59.5410 17.4883 7.1250 -0.0000 -0.0000 86.5883 78.7668 97.9560
-0.7044 18.3000 4.5776 -0.7357 4.3280 16.1677 0.0000 0.0000 0.0000 -11.9674 -2.8894 -3.4286 1.2622 -7.1218 -20.0766 -0.4997 15.4348 4.1501 0.7482 -5.5250 -15.4123 0.0000 0.0000 0.0000 15.4816 -2.3662 -2.3202 -1.4356 7.5755 -21.4320 1.3884 -20.3792 -9.6219 -0.0125 -0.7214 1.9824 -2.6072 1.7530 29.9827 -0.5792 1.3849 6.1363 0.3390 0.7097 -9.6222 -3.5153 -4.4417 -25.8080 4.0186 -5.5835 13.6713 1.1254 -2.3676 8.6579 0.0000 -0.0000 0.0000 -103.5881 -37.9996 65.7751 52.6527 -54.0109 -28.3068 -0.0000 0.0000 -63.8500 28.2225 -5.1847 -2.7767 -7.1250 0.0000 -0.0000 1.1460 24.1003 -0.5782 0.0000 -0.0000 0.0000 91.2966 41.6786 48.1271 -43.5733 50.0501 -21.1393 0.0000 -0.0000 -32.7230 -19.9652 -59.6338 17.4033 7.1250 -0.0000 -0.0000 86.8786 78.7150 98.3098
-0.7141 18.3008 4.5978 -0.9073 4.3152 16.0190 0.0000 0.0000 0.0000 -11.7681 -2.7120 -3.2111 1.2734 -7.1521 -20.1668 -0.4966 15.4142 4.1752 0.7403 -5.4963 -15.3297 0.0000 0.0000 0.0000 15.6210 -2.0878 -2.0316 -1.4259 7.5509 -21.3582 1.3908 -20.4288 -10.0335 -0.0217 -0.9521 2.6169 -2.5162 1.7088 29.6738 -0.5932 1.3626 5.9882 0.2826 0.6980 -9.6379 -3.5962 -4.4787 -25.8285 4.1970 -5.6477 13.8391 1.1887 -2.3794 8.7307 -0.0000 -0.0000 0.0000 -103.2423 -37.4299 65.5642 52.4575 -53.9398 -28.1490 -0.0000 0.0000 -63.9765 28.2463 -5.1304 -2.7505 -7.1250 0.0000 -0.0000 1.1662 24.1604 -0.5868 -0.0000 -0.0000 0.0000 91.4335 41.1013 48.2951 -43.2954 49.9055 -20.9264 0.0000 -0.0000 -32.4943 -20.6487 -59.9252 18.0617 7.1250 -0.0000 -0.0000 89.0643 78.8898 100.3700
-0.7186 18.3012 4.6200 -1.0033 4.2133 15.8554 0.0000 0.0000 0.0000 -11.6557 -2.6605 -2.9356 1.2710 -7.1456 -20.1474 -0.5103 15.4832 4.0331 0.7675 -5.5942 -15.6115 0.0000 0.0000 0.0000 15.7022 -1.9415 -1.7861 -1.4135 7.5194 -21.2636 1.3823 -20.3789 -10.0981 -0.0177 -0.8590 2.3609 -2.5499 1.6934 29.2354 -0.6137 1.3438 5.8928 0.2931 0.6902 -9.5307 -3.6211 -4.5248 -25.5787 4.3442 -5.7389 13.8046 1.2329 -2.4110 8.6881 -0.0000 0.0000 0.0000 -102.8248 -36.7477 65.3061 52.5565 -53.9759 -28.2290 -0.0000 0.0000 -64.0058 28.3808 -5.0711 -2.7341 -7.1250 0.0000 -0.0000 1.2690 24.2204 -0.6368 -0.0000 0.0000 0.0000 91.5579 40.5104 48.4713 -43.0542 49.7788 -20.7421 0.0000 -0.0000 -32.6430 -22.2045 -61.5524 19.7430 7.1250 -0.0000 -0.0000 98.5539 78.8948 109.9022
-0.7190 18.3033 4.6434 -0.8810 4.0753 15.6609 0.0000 0.0000 0.0000 -11.8308 -2.5948 -2.6316 1.2576 -7.1092 -20.0394 -0.5201 15.4325 3.7782 0.7689 -5.5993 -15.6262 0.0000 0.0000 0.0000 15.5599 -2.0452 -1.5445 -1.4048 7.4973 -21.1973 1.3523 -20.1794 -10.0929 -0.0205 -0.9254 2.5437 -2.6900 1.7393 28.6965 -0.6390 1.3788 5.9466 0.3445 0.7079 -9.2059 -3.5616 -4.6000 -25.6878 4.1096 -5.8131 13.8852 1.1298 -2.4666 8.7261 0.0000 0.0000 0.0000 -102.7515 -36.2408 65.2973 52.5889 -53.9877 -28.2552 -0.0000 0.0000 -64.0328 28.5534 -5.0937 -2.7660 -7.1250 0.0000 -0.0000 1.3963 24.1854 -0.7019 0.0000 0.0000 0.0000 91.4406 40.2361 48.4555 -42.7388 49.6114 -20.5016 0.0000 -0.0000 -32.4525 -21.9409 -61.6746 19.5243 7.1250 -0.0000 -0.0000 98.6730 78.7837 110.1393
-0.7216 18.3004 4.6514 -0.8311 4.0946 15.5201 0.0000 0.0000 0.0000 -11.8344 -2.8060 -2.4367 1.2375 -7.0543 -19.8764 -0.5421 15.5325 3.5242 0.7561 -5.5536 -15.4946 0.0000 0.0000 0.0000 15.5171 -2.1131 -1.3737 -1.4027 7.4918 -21.1809 1.3464 -20.1409 -10.1028 -0.0174 -0.8520 2.3416 -2.6999 1.7187 28.3406 -0.6614 1.3595 5.8695 0.3379 0.6994 -9.1161 -3.7390 -4.6951 -25.6689 4.2648 -5.9162 13.9823 1.1953 -2.5061 8.7719 -0.0000 0.0000 0.0000 -102.7980 -35.8173 65.2771 52.3041 -53.8835 -28.0250 -0.0000 0.0000 -64.2024 28.4285 -5.2488 -2.8351 -7.1250 0.0000 -0.0000 1.2960 24.0163 -0.6565 -0.0000 0.0000 0.0000 91.4837 39.9534 48.4966 -42.3218 49.3869 -20.1845 0.0000 -0.0000 -32.3785 -21.5803 -61.8407 19.2244 7.1250 -0.0000 -0.0000 98.8331 78.6328 110.4598
-0.7282 18.3002 4.6589 -0.7642 3.9648 15.3366 0.0000 0.0000 0.0000 -11.8723 -2.9310 -2.2184 1.2083 -6.9735 -19.6368 -0.5648 15.5856 3.1743 0.8085 -5.7382 -16.0267 0.0000 0.0000 0.0000 15.4780 -2.2489 -1.1950 -1.4007 7.4866 -21.1654 1.3246 -19.9821 -9.9808 -0.0195 -0.9014 2.4775 -2.9994 1.7028 27.9811 -0.7377 1.2584 5.8075 0.4664 0.6585 -9.0083 -3.4659 -4.5103 -25.4159 4.1555 -5.7424 13.8642 1.1450 -2.4269 8.6710 -0.0000 -0.0000 0.0000 -102.4981 -35.3605 64.6609 52.2339 -53.8577 -27.9683 -0.0000 0.0000 -64.3272 28.4942 -5.3160 -2.8791 -7.1250 0.0000 -0.0000 1.3415 23.9364 -0.6820 -0.0000 -0.0000 0.0000 91.7735 39.5936 48.9924 -41.9930 49.2073 -19.9352 0.0000 -0.0000 -32.4319 -21.7639 -61.9698 19.4130 7.1250 -0.0000 -0.0000 99.6467 78.6324 111.2614
-0.7381 18.2984 4.6600 -0.7189 3.7753 15.2491 0.0000 0.0000 0.0000 -11.9166 -2.8469 -2.1934 1.1799 -6.8940 -19.4016 -0.5723 15.5054 2.8917 0.8428 -5.8556 -16.3661 0.0000 0.0000 0.0000 15.4820 -2.2901 -1.1866 -1.3911 7.4622 -21.0920 1.3013 -19.8040 -9.7783 -0.0099 -0.6439 1.7696 -3.2481 1.7315 27.6462 -0.8707 1.2223 5.7194 0.4783 0.6463 -8.9408 -3.3217 -4.4362 -25.2522 4.2579 -5.7177 13.8475 1.1632 -2.3982 8.6375 0.0000 0.0000 0.0000 -102.2484 -35.0585 64.2617 52.1372 -53.8219 -27.8903 -0.0000 0.0000 -64.4621 28.6864 -5.1137 -2.7922 -7.1250 0.0000 -0.0000 1.4943 24.1555 -0.7522 0.0000 0.0000 0.0000 92.0726 39.3780 49.3885 -41.5787 48.9779 -19.6221 0.0000 -0.0000 -32.2835 -21.6144 -61.8629 19.2592 7.1250 -0.0000 -0.0000 98.9753 78.6336 110.5991
-0.7488 18.2924 4.6511 -0.7180 3.6148 15.1537 0.0000 0.0000 0.0000 -11.9138 -2.7839 -2.1568 1.1600 -6.8376 -19.2350 -0.5931 15.5435 2.5313 0.7895 -5.6721 -15.8360 0.0000 0.0000 0.0000 15.5300 -2.3259 -1.2158 -1.3753 7.4213 -20.9697 1.2646 -19.5433 -9.6935 -0.0076 -0.5613 1.5424 -3.3960 1.7855 27.4008 -0.9918 1.2468 5.6890 0.4240 0.6595 -8.8529 -3.1377 -4.4161 -25.1526 4.2184 -5.7422 13.6874 1.1191 -2.4077 8.5604 -0.0000 0.0000 0.0000 -102.2554 -35.0109 64.1627 51.8380 -53.7104 -27.6489 -0.0000 0.0000 -64.4789 28.8183 -5.1970 -2.8530 -7.1250 0.0000 -0.0000 1.5882 24.0534 -0.8033 -0.0000 0.0000 0.0000 91.9671 39.4942 49.6157 -41.1346 48.7279 -19.2877 0.0000 -0.0000 -32.5917 -21.2061 -61.1801 18.7749 7.1250 -0.0000 -0.0000 95.4608 78.7485 106.9872
-0.7676 18.2895 4.6405 -0.7476 3.4464 15.0262 0.0000 0.0000 0.0000 -11.8460 -2.6839 -2.0930 1.1450 -6.7947 -19.1086 -0.5923 15.4762 2.4258 0.8770 -5.9703 -16.6982 0.0000 0.0000 0.0000 15.5950 -2.2281 -1.1781 -1.3591 7.3794 -20.8442 1.2371 -19.3590 -9.7767 -0.0155 -0.8033 2.2076 -3.6862 1.9411 27.1389 -1.0905 1.3681 5.7280 0.4456 0.7199 -8.6845 -2.7772 -4.4599 -25.1150 4.2989 -5.9391 13.5823 1.0615 -2.4736 8.5182 -0.0000 -0.0000 0.0000 -102.1496 -34.8425 64.2227 51.9995 -53.7708 -27.7791 -0.0000 0.0000 -64.4325 28.8114 -5.3775 -2.9508 -7.1250 0.0000 -0.0000 1.5737 23.8483 -0.8034 -0.0000 -0.0000 0.0000 92.0776 39.6060 49.5610 -40.8371 48.5581 -19.0644 0.0000 -0.0000 -32.9158 -19.6126 -59.9220 17.1371 7.1250 -0.0000 -0.0000 87.7667 78.5530 99.3946
-0.7829 18.2849 4.6258 -0.8037 3.3076 15.0304 0.0000 0.0000 0.0000 -11.7348 -2.6143 -2.1899 1.1334 -6.7615 -19.0107 -0.6050 15.4658 2.1320 0.8802 -5.9811 -16.7295 0.0000 0.0000 0.0000 15.7035 -2.2062 -1.3073 -1.3496 7.3545 -20.7699 1.2075 -19.1367 -9.6415 -0.0165 -0.8287 2.2777 -3.8554 2.0531 26.9861 -1.1757 1.4608 5.6530 0.4184 0.7670 -8.6968 -2.7904 -4.5690 -25.1191 4.7136 -6.1647 13.5412 1.1716 -2.5346 8.5300 -0.0000 0.0000 0.0000 -102.1138 -34.7750 64.2438 51.9560 -53.7546 -27.7440 -0.0000 0.0000 -64.4773 28.9273 -5.2043 -2.8698 -7.1250 0.0000 -0.0000 1.6687 24.0389 -0.8446 -0.0000 0.0000 0.0000 92.1319 39.5552 49.4969 -40.6697 48.4617 -18.9390 0.0000 -0.0000 -33.0032 -19.4838 -60.0813 17.0482 7.1250 -0.0000 -0.0000 88.3241 78.4845 100.0398
-0.7944 18.2827 4.6104 -0.8376 3.2933 14.9229 0.0000 0.0000 0.0000 -11.6554 -2.6028 -2.1105 1.1313 -6.7554 -18.9926 -0.6117 15.4859 2.0211 0.8224 -5.7861 -16.1651 0.0000 0.0000 0.0000 15.8186 -2.4458 -1.3880 -1.3388 7.3261 -20.6851 1.1803 -18.9107 -9.3341 -0.0123 -0.7165 1.9689 -3.8950 2.1026 26.9024 -1.2509 1.5108 5.6816 0.3432 0.7897 -8.6231 -2.9766 -4.7513 -25.1095 5.2253 -6.4460 13.4222 1.3343 -2.6221 8.5259 0.0000 -0.0000 0.0000 -102.0874 -35.0398 64.3335 51.7585 -53.6806 -27.5849 -0.0000 0.0000 -64.7449 29.0424 -4.8839 -2.7066 -7.1250 0.0000 -0.0000 1.7710 24.3978 -0.8817 0.0000 -0.0000 0.0000 92.0406 39.8445 49.4999 -40.3514 48.2767 -18.7011 0.0000 -0.0000 -33.1776 -19.6423 -59.9402 17.1665 7.1250 -0.0000 -0.0000 87.8803 78.5598 99.5043
-0.8060 18.2788 4.5970 -0.9657 3.1926 14.8729 0.0000 0.0000 0.0000 -11.5219 -2.4964 -2.1063 1.1305 -6.7530 -18.9858 -0.6111 15.5089 2.0790 0.8683 -5.9414 -16.6146 0.0000 0.0000 0.0000 15.9582 -2.2700 -1.4139 -1.3276 7.2966 -20.5971 1.1666 -18.8232 -9.4534 -0.0215 -0.9460 2.6004 -3.9037 2.1528 26.7095 -1.3172 1.5762 5.6987 0.2580 0.8187 -8.5075 -2.8453 -4.8190 -25.0227 5.3651 -6.6067 13.3050 1.3390 -2.6791 8.4803 -0.0000 0.0000 0.0000 -102.0498 -35.2597 64.3130 51.4205 -53.5526 -27.3127 -0.0000 0.0000 -64.9665 28.9690 -4.9347 -2.7264 -7.1250 0.0000 -0.0000 1.7137 24.3438 -0.8553 -0.0000 0.0000 0.0000 92.0612 40.0911 49.6780 -40.0734 48.1133 -18.4939 0.0000 -0.0000 -33.5411 -19.9420 -60.2596 17.4862 7.1250 -0.0000 -0.0000 89.6867 78.5992 101.3136
-0.8177 18.2781 4.5811 -0.8746 3.0941 14.7538 0.0000 0.0000 0.0000 -11.6073 -2.4634 -2.0608 1.1231 -6.7316 -18.9225 -0.6146 15.5375 2.0563 0.9167 -6.1005 -17.0762 0.0000 0.0000 0.0000 15.8807 -2.2655 -1.3279 -1.3314 7.3068 -20.6276 1.1657 -18.8134 -9.4227 -0.0234 -0.9870 2.7130 -4.0527 2.2453 26.7221 -1.3961 1.6444 5.6759 0.2318 0.8536 -8.5428 -3.0351 -4.9510 -24.8303 5.8056 -6.8027 13.1147 1.4932 -2.7405 8.4182 -0.0000 0.0000 0.0000 -102.1092 -35.2911 64.3700 51.1665 -53.4553 -27.1085 -0.0000 0.0000 -65.0538 29.0436 -4.8519 -2.6891 -7.1250 0.0000 -0.0000 1.7736 24.4342 -0.8815 -0.0000 0.0000 0.0000 91.9503 40.2437 49.7100 -39.6028 47.8328 -18.1443 0.0000 -0.0000 -33.8337 -20.0437 -60.6641 17.6432 7.1250 -0.0000 -0.0000 91.6109 78.5452 103.3296
-0.8312 18.2759 4.5650 -0.8674 3.0088 14.6486 0.0000 0.0000 0.0000 -11.6009 -2.3157 -2.0907 1.1083 -6.6888 -18.7966 -0.6127 15.4520 1.9323 0.9137 -6.0908 -17.0480 0.0000 0.0000 0.0000 15.8788 -2.1315 -1.1704 -1.3439 7.3396 -20.7254 1.1819 -18.9232 -9.3458 -0.0190 -0.8910 2.4488 -4.0831 2.2961 26.7098 -1.4751 1.6939 5.6958 0.1457 0.8763 -8.5142 -3.4586 -5.1924 -24.8772 6.4581 -7.1131 13.0667 1.7350 -2.8374 8.4690 0.0000 -0.0000 0.0000 -102.0171 -35.3515 64.2841 51.1180 -53.4366 -27.0696 -0.0000 0.0000 -65.1660 29.0210 -4.7342 -2.6216 -7.1250 0.0000 -0.0000 1.7627 24.5698 -0.8705 0.0000 -0.0000 0.0000 91.8028 40.5807 49.9495 -39.0265 47.4824 -17.7183 0.0000 -0.0000 -34.4999 -20.9430 -60.9362 18.4966 7.1250 -0.0000 -0.0000 94.0217 78.7437 105.5506
-0.8400 18.2755 4.5569 -0.7960 3.0014 14.6101 0.0000 0.0000 0.0000 -11.6472 -2.3941 -2.1133 1.0924 -6.6420 -18.6589 -0.6176 15.4706 1.8593 0.9484 -6.2020 -17.3717 0.0000 0.0000 0.0000 15.8327 -2.1692 -1.1292 -1.3544 7.3670 -20.8072 1.1849 -18.9459 -9.3523 -0.0215 -0.9462 2.6007 -4.1290 2.3123 26.6616 -1.5708 1.6937 5.6391 0.0657 0.8774 -8.5519 -3.4061 -5.2421 -24.8203 6.6349 -7.2198 12.8324 1.7724 -2.8721 8.3919 -0.0000 -0.0000 0.0000 -102.0106 -35.3590 64.2928 50.8324 -53.3258 -26.8404 -0.0000 0.0000 -65.3515 29.0662 -4.7219 -2.6198 -7.1250 0.0000 -0.0000 1.7971 24.5814 -0.8871 -0.0000 -0.0000 0.0000 91.6011 40.8936 50.1745 -38.3728 47.0758 -17.2381 0.0000 -0.0000 -35.1048 -20.9195 -61.4821 18.5658 7.1250 -0.0000 -0.0000 96.3553 78.5777 108.0633
-0.8475 18.2770 4.5512 -0.6783 3.0250 14.6219 0.0000 0.0000 0.0000 -11.7340 -2.5636 -2.2006 1.0707 -6.5778 -18.4705 -0.6283 15.5202 1.7119 0.9177 -6.1038 -17.0858 0.0000 0.0000 0.0000 15.7383 -2.2516 -1.1294 -1.3651 7.3950 -20.8909 1.1936 -19.0007 -9.2659 -0.0178 -0.8617 2.3684 -4.1653 2.3076 26.6758 -1.6475 1.6684 5.6085 0.0083 0.8665 -8.5911 -3.4836 -5.3827 -25.0202 7.0108 -7.4283 12.4620 1.8794 -2.9378 8.3301 0.0000 0.0000 0.0000 -102.1220 -35.4651 64.3352 50.5047 -53.1970 -26.5778 -0.0000 0.0000 -65.6394 29.4042 -4.7446 -2.6689 -7.1250 0.0000 -0.0000 2.0481 24.5378 -1.0132 0.0000 0.0000 0.0000 91.4812 41.3893 50.3100 -37.5512 46.5503 -16.6390 0.0000 -0.0000 -35.3048 -21.1114 -61.6988 18.7753 7.1250 -0.0000 -0.0000 97.5524 78.5597 109.2722
-0.8580 18.2791 4.5510 -0.6386 3.0809 14.5916 0.0000 0.0000 0.0000 -11.7146 -2.6967 -2.2267 1.0508 -6.5183 -18.2960 -0.6344 15.5066 1.5412 0.9292 -6.1408 -17.1934 0.0000 0.0000 0.0000 15.7338 -2.2544 -1.0465 -1.3738 7.4175 -20.9584 1.2035 -19.0695 -9.2398 -0.0096 -0.6341 1.7426 -4.2534 2.2836 26.4595 -1.6506 1.6279 5.6187 0.0754 0.8486 -8.4713 -3.4545 -5.4153 -25.0544 7.2831 -7.4964 11.9293 1.9582 -2.9516 8.1706 0.0000 0.0000 0.0000 -102.3270 -35.5004 64.1984 50.0751 -53.0257 -26.2341 -0.0000 0.0000 -65.6519 29.5314 -4.6241 -2.6149 -7.1250 0.0000 -0.0000 2.1495 24.6690 -1.0569 0.0000 0.0000 0.0000 91.5256 41.6701 50.5968 -36.8638 46.0981 -16.1419 0.0000 -0.0000 -35.1807 -21.5742 -61.9546 19.2378 7.1250 -0.0000 -0.0000 99.2988 78.5906 110.9642
-0.8639 18.2810 4.5577 -0.6118 3.0554 14.4779 0.0000 0.0000 0.0000 -11.7261 -2.7041 -2.1453 1.0316 -6.4606 -18.1268 -0.6461 15.5428 1.3348 0.9114 -6.0831 -17.0259 0.0000 0.0000 0.0000 15.7139 -2.2566 -0.8611 -1.3796 7.4324 -21.0029 1.2078 -19.1097 -9.3424 -0.0158 -0.8128 2.2337 -4.1653 2.2745 26.3272 -1.6992 1.6402 5.5401 -0.0309 0.8531 -8.4896 -3.5364 -5.5308 -25.1901 7.5840 -7.6629 11.7051 2.0468 -3.0044 8.1441 -0.0000 0.0000 0.0000 -102.3488 -35.2875 64.2001 49.7602 -52.8983 -25.9828 -0.0000 0.0000 -65.7997 29.5933 -4.5097 -2.5568 -7.1250 0.0000 -0.0000 2.2020 24.7970 -1.0762 -0.0000 0.0000 0.0000 91.5134 41.6647 50.6730 -36.3420 45.7470 -15.7670 0.0000 -0.0000 -35.1866 -21.5106 -62.1599 19.2138 7.1250 -0.0000 -0.0000 100.0548 78.4997 111.8056
-0.8684 18.2864 4.5734 -0.5392 3.0216 14.2340 0.0000 0.0000 0.0000 -11.7960 -2.8288 -1.8735 1.0045 -6.3777 -17.8843 -0.6627 15.6155 1.0854 0.9037 -6.0582 -16.9534 0.0000 0.0000 0.0000 15.6326 -2.3394 -0.5327 -1.3794 7.4320 -21.0016 1.2102 -19.1273 -9.3435 -0.0151 -0.7944 2.1834 -4.2360 2.2696 25.9947 -1.6711 1.6384 5.5330 0.0509 0.8531 -8.3318 -3.5813 -5.5974 -25.0918 7.6520 -7.7229 11.3057 2.0706 -3.0407 8.0014 0.0000 -0.0000 0.0000 -102.3100 -35.1299 64.1982 49.3755 -52.7405 -25.6763 -0.0000 0.0000 -66.0757 29.7121 -4.3543 -2.4809 -7.1250 0.0000 -0.0000 2.2994 24.9694 -1.1147 0.0000 -0.0000 0.0000 91.5109 41.5595 50.9187 -35.8627 45.4184 -15.4246 0.0000 -0.0000 -35.3824 -23.0149 -62.2960 20.6105 7.1250 -0.0000 -0.0000 102.9306 78.8002 114.2887
-0.8716 18.2916 4.6014 -0.5287 2.9409 13.8477 0.0000 0.0000 0.0000 -11.8331 -2.7755 -1.4118 0.9825 -6.3095 -17.6850 -0.6814 15.6877 0.7728 0.9013 -6.0504 -16.9308 0.0000 0.0000 0.0000 15.6164 -2.4249 -0.0716 -1.3648 7.3942 -20.8885 1.1962 -19.0299 -9.3790 -0.0125 -0.7225 1.9856 -4.1565 2.2589 25.6186 -1.6966 1.6627 5.4452 -0.0215 0.8630 -8.2375 -3.3935 -5.6320 -24.9555 7.5688 -7.8133 11.2166 2.0021 -3.0892 7.9435 -0.0000 0.0000 0.0000 -102.0705 -34.7294 64.1309 49.1103 -52.6303 -25.4654 -0.0000 0.0000 -66.4234 29.8937 -4.2635 -2.4473 -7.1250 0.0000 -0.0000 2.4404 25.0647 -1.1777 -0.0000 0.0000 0.0000 91.5913 41.1298 51.0190 -35.5258 45.1840 -15.1852 0.0000 -0.0000 -35.4852 -23.1909 -62.7730 20.8541 7.1250 -0.0000 -0.0000 105.1061 78.6277 116.5758
-0.8709 18.2926 4.6339 -0.5945 2.9595 13.2335 0.0000 0.0000 0.0000 -11.7845 -2.7169 -0.6422 0.9676 -6.2629 -17.5491 -0.6951 15.7135 0.4700 0.8857 -5.9992 -16.7822 0.0000 0.0000 0.0000 15.6862 -2.6518 0.5927 -1.3400 7.3293 -20.6948 1.1687 -18.8445 -9.5130 -0.0118 -0.7014 1.9275 -3.8762 2.2250 25.3772 -1.6075 1.7127 5.3731 -0.0936 0.8822 -8.1926 -3.6697 -5.8113 -24.9994 7.7627 -7.9994 11.2303 2.0824 -3.1680 7.9864 0.0000 0.0000 0.0000 -101.9858 -34.2935 64.2506 48.9815 -52.5764 -25.3630 -0.0000 0.0000 -67.1660 30.1867 -4.1427 -2.4063 -7.1250 0.0000 -0.0000 2.6670 25.1896 -1.2796 0.0000 0.0000 0.0000 91.5135 40.6287 51.2075 -35.1546 44.9222 -14.9224 0.0000 -0.0000 -37.0904 -22.2155 -63.6169 20.0961 7.1250 -0.0000 -0.0000 106.7565 78.0386 118.7889
-0.8687 18.2919 4.6774 -0.5480 2.8690 12.5263 0.0000 0.0000 0.0000 -11.9013 -2.5456 0.2311 0.9490 -6.2040 -17.3776 -0.7016 15.6646 0.1601 0.8850 -5.9968 -16.7752 0.0000 0.0000 0.0000 15.5933 -2.8506 1.4251 -1.3188 7.2735 -20.5283 1.1400 -18.6499 -9.6441 -0.0121 -0.7089 1.9483 -3.6958 2.2698 24.7952 -1.4603 1.8641 5.4117 -0.0629 0.9493 -7.8572 -4.0122 -6.0238 -25.5323 7.7960 -8.1934 11.6392 2.1084 -3.2472 8.2364 -0.0000 -0.0000 0.0000 -102.2725 -34.2634 64.6035 48.2829 -52.2790 -24.8093 -0.0000 0.0000 -67.8257 30.1183 -2.7341 -1.5851 -7.1250 0.0000 -0.0000 2.6895 26.8176 -1.1881 -0.0000 -0.0000 0.0000 90.9648 40.2805 50.8110 -34.6414 44.5544 -14.5612 0.0000 -0.0000 -37.1229 -21.3351 -65.4918 19.5651 7.1250 -0.0000 -0.0000 111.8182 76.9431 124.7275
-0.8664 18.2881 4.7277 -0.5516 2.6887 11.5999 0.0000 0.0000 0.0000 -11.9915 -2.1564 1.2675 0.9162 -6.0989 -17.0717 -0.6939 15.4313 -0.2537 0.8718 -5.9530 -16.6480 0.0000 0.0000 0.0000 15.4780 -2.8277 2.5633 -1.2846 7.1823 -20.2565 1.0987 -18.3928 -10.0138 -0.0115 -0.6939 1.9070 -3.5376 2.2871 24.3243 -1.4070 1.9514 5.2626 -0.1101 0.9894 -7.7814 -4.0612 -6.1043 -25.9170 7.9594 -8.3671 12.4196 2.1359 -3.2818 8.5876 0.0000 0.0000 0.0000 -101.5876 -33.7208 64.8645 47.7656 -52.0536 -24.4008 -0.0000 0.0000 -70.1977 31.2387 -3.6541 -2.2138 -7.1250 0.0000 -0.0000 3.4874 25.7066 -1.6324 0.0000 0.0000 0.0000 90.8878 40.0586 51.1539 -33.5207 43.7265 -13.7807 0.0000 -0.0000 -37.9649 -21.4066 -65.7007 19.6617 7.1250 -0.0000 -0.0000 112.5644 76.8418 125.5263
-0.8573 18.2865 4.7917 -0.5237 2.5222 10.5692 0.0000 0.0000 0.0000 -12.1235 -1.8674 2.4127 0.8649 -5.9300 -16.5816 -0.6861 15.1626 -0.8165 0.9197 -6.1101 -17.1041 0.0000 0.0000 0.0000 15.3198 -2.9264 3.7204 -1.2277 7.0272 -19.7959 1.0298 -17.9341 -10.3733 -0.0095 -0.6294 1.7297 -3.3918 2.2452 23.6852 -1.3001 1.9699 5.0552 -0.0661 0.9982 -7.6822 -4.1711 -6.1099 -26.6600 7.9845 -8.4505 14.0506 2.1334 -3.2585 9.2873 0.0000 -0.0000 0.0000 -101.3950 -33.7376 65.0610 46.6530 -51.5531 -23.5264 -0.0000 0.0000 -71.7075 32.1521 -3.0149 -1.8935 -7.1250 0.0000 -0.0000 4.2198 26.4158 -1.9067 0.0000 -0.0000 0.0000 90.6746 40.1815 51.9079 -32.0672 42.6007 -12.7863 0.0000 -0.0000 -38.7856 -22.5092 -66.1971 20.7643 7.1250 -0.0000 -0.0000 115.5347 76.7133 128.3831
-0.8542 18.2870 4.8624 -0.4422 2.1607 9.4577 0.0000 0.0000 0.0000 -12.3113 -1.4592 3.5373 0.7883 -5.6680 -15.8240 -0.6786 14.8477 -1.6652 0.9074 -6.0701 -16.9879 0.0000 0.0000 0.0000 15.1064 -2.8631 4.9214 -1.1515 6.8134 -19.1638 0.9500 -17.4009 -10.7812 -0.0067 -0.5284 1.4520 -3.5579 2.2525 22.8813 -1.2023 1.9813 4.7654 0.1505 1.0104 -7.5943 -3.6049 -5.8630 -27.1320 7.3304 -8.3494 16.3333 1.8214 -3.1798 10.1121 0.0000 -0.0000 0.0000 -100.9365 -33.8351 64.9808 45.9143 -51.2086 -22.9492 -0.0000 0.0000 -73.2389 32.8372 -2.0386 -1.3152 -7.1250 0.0000 -0.0000 4.8092 27.5444 -2.0468 0.0000 -0.0000 0.0000 90.4447 40.4858 53.0054 -30.7252 41.5070 -11.8873 0.0000 -0.0000 -39.4677 -22.2702 -67.2402 20.6883 7.1250 -0.0000 -0.0000 118.0598 76.0617 131.3408
-0.8421 18.2836 4.9275 -0.2885 1.8608 8.2814 0.0000 0.0000 0.0000 -12.5821 -1.3149 4.7799 0.7112 -5.3895 -15.0229 -0.6817 14.6828 -2.6036 0.8878 -6.0062 -16.8025 0.0000 0.0000 0.0000 14.7987 -2.8140 6.1284 -1.0642 6.5586 -18.4140 0.8381 -16.6896 -11.5073 -0.0153 -0.7992 2.1965 -3.4710 2.2112 22.3891 -1.1471 1.9685 4.4031 0.1716 1.0079 -7.7353 -3.4335 -5.7109 -27.2035 7.0454 -8.3413 18.8505 1.6922 -3.1277 11.0247 0.0000 0.0000 0.0000 -100.5783 -34.1677 64.9388 45.6427 -51.0795 -22.7377 -0.0000 0.0000 -73.4981 32.8011 -1.2397 -0.7989 -7.1250 0.0000 -0.0000 4.8353 28.4923 -1.9494 0.0000 0.0000 0.0000 89.8756 41.0800 53.6790 -30.0735 40.9563 -11.4578 0.0000 -0.0000 -40.1937 -30.9531 -65.4130 28.6067 7.1250 -0.0000 -0.0000 126.6760 77.9362 137.0805
-0.8168 18.2833 4.9778 -0.2251 1.3904 7.2949 0.0000 0.0000 0.0000 -12.7901 -1.6116 5.9397 0.6368 -5.1057 -14.2102 -0.7194 14.8926 -3.9858 0.8245 -5.7936 -16.1867 0.0000 0.0000 0.0000 14.5672 -2.9663 6.9053 -0.9844 6.3152 -17.7018 0.7393 -15.9170 -11.6027 -0.0108 -0.6725 1.8480 -2.9811 2.1932 21.9607 -1.1533 2.0673 4.0086 -0.1379 1.0485 -7.9306 -3.0678 -5.4550 -26.6132 6.4247 -8.1332 20.7932 1.4549 -3.0486 11.5887 -0.0000 -0.0000 0.0000 -100.7246 -34.9689 65.0459 45.8018 -51.1553 -22.8616 -0.0000 0.0000 -72.6260 32.1176 -0.7646 -0.4800 -7.1250 0.0000 -0.0000 4.3333 29.0652 -1.6868 -0.0000 -0.0000 0.0000 89.4176 42.1673 53.2146 -30.3962 41.2306 -11.6699 0.0000 -0.0000 -38.5367 -27.1977 -66.7672 25.2771 7.1250 -0.0000 -0.0000 123.6584 76.7847 135.5476
-0.8155 18.2850 5.0221 -0.1054 1.0136 6.8378 0.0000 0.0000 0.0000 -12.9547 -1.6250 6.3156 0.5662 -4.8191 -13.3932 -0.7144 14.7863 -4.7948 0.7945 -5.6895 -15.8862 0.0000 0.0000 0.0000 14.3836 -2.6912 7.3693 -0.9262 6.1310 -17.1651 0.6620 -15.4295 -12.1272 -0.0142 -0.7703 2.1170 -2.9849 2.1071 21.2355 -1.0811 1.9836 3.6053 -0.0200 1.0137 -7.9903 -2.8205 -5.1028 -25.9077 6.1962 -7.7957 22.1743 1.4058 -2.8876 11.9485 0.0000 -0.0000 0.0000 -100.6007 -36.1413 64.5628 46.7868 -51.6144 -23.6312 -0.0000 0.0000 -71.8489 31.3035 -1.0699 -0.6505 -7.1250 0.0000 -0.0000 3.6836 28.7199 -1.4631 0.0000 -0.0000 0.0000 89.5239 43.6919 53.3873 -31.0614 41.7859 -12.1107 0.0000 -0.0000 -37.5213 -24.7117 -68.6150 23.1957 7.1250 -0.0000 -0.0000 124.3044 75.3630 137.5138
-0.8198 18.2901 5.0502 0.0360 0.5825 7.1692 0.0000 0.0000 0.0000 -13.1187 -1.4765 5.7747 0.5164 -4.6057 -12.7874 -0.6923 14.5483 -5.3200 0.7914 -5.6788 -15.8552 0.0000 0.0000 0.0000 14.2255 -2.2450 7.0667 -0.9034 6.0573 -16.9509 0.6269 -15.1793 -12.2711 -0.0065 -0.5203 1.4297 -3.0396 2.0173 20.1157 -1.0924 1.8889 3.0091 0.0455 0.9760 -8.0431 -2.5381 -4.8532 -25.0257 6.0868 -7.6088 23.0955 1.3696 -2.7909 12.1133 0.0000 0.0000 0.0000 -100.8285 -37.6977 64.1523 45.8610 -51.1834 -22.9076 -0.0000 0.0000 -71.0170 29.3237 -0.9184 -0.5158 -7.1250 0.0000 -0.0000 2.1490 28.9236 -0.8421 0.0000 0.0000 0.0000 89.5851 45.3041 53.9942 -31.2013 41.9011 -12.2040 0.0000 -0.0000 -36.8874 -19.2283 -69.7834 18.1234 7.1250 -0.0000 -0.0000 120.7447 74.2064 135.6438
-0.8239 18.2896 5.0645 0.1232 0.2932 7.4333 0.0000 0.0000 0.0000 -13.2024 -1.3802 5.3797 0.4903 -4.4899 -12.4590 -0.6741 14.3626 -5.5801 0.7433 -5.5075 -15.3619 0.0000 0.0000 0.0000 14.1389 -1.7441 6.9601 -0.9060 6.0656 -16.9748 0.6295 -15.2644 -12.4600 -0.0036 -0.3882 1.0668 -2.9099 1.9172 19.5952 -1.1345 1.7908 2.4147 -0.0459 0.9317 -8.4046 -2.4601 -4.8702 -24.4365 6.2995 -7.8055 23.9634 1.4143 -2.8324 12.3601 -0.0000 0.0000 0.0000 -100.5178 -37.2992 63.1923 47.6627 -52.0082 -24.3197 -0.0000 0.0000 -71.6881 29.7208 -0.1240 -0.0708 -7.1250 0.0000 -0.0000 2.4839 29.8324 -0.9199 -0.0000 0.0000 0.0000 89.5231 46.6449 55.0998 -30.2881 41.1390 -11.5987 0.0000 -0.0000 -37.6682 -26.4295 -63.0156 23.8901 7.1250 -0.0000 -0.0000 111.6147 79.1023 122.2590
-0.8225 18.2881 5.0726 0.2110 0.1496 7.6549 0.0000 0.0000 0.0000 -13.3006 -1.5212 5.1698 0.4799 -4.4423 -12.3246 -0.6869 14.4996 -5.8899 0.7333 -5.4711 -15.2572 0.0000 0.0000 0.0000 14.0369 -1.5369 6.8266 -0.9170 6.1014 -17.0789 0.6460 -15.3722 -12.3663 -0.0017 -0.2629 0.7225 -2.8103 1.7592 19.0300 -1.1418 1.6233 2.2137 -0.0543 0.8499 -8.3095 -2.4608 -4.8978 -24.3208 6.9030 -8.0642 24.3331 1.6004 -2.8563 12.5344 -0.0000 0.0000 0.0000 -100.0341 -36.9270 62.8700 48.2218 -52.2526 -24.7610 -0.0000 0.0000 -71.2153 29.9073 -0.6655 -0.3828 -7.1250 0.0000 -0.0000 2.6128 29.2076 -1.0066 -0.0000 0.0000 0.0000 91.7738 46.0097 54.1184 -29.9168 40.8220 -11.3552 0.0000 -0.0000 -33.6912 -25.2596 -63.1214 22.8244 7.1250 -0.0000 -0.0000 109.8943 78.8498 120.9029
-0.8280 18.2911 5.0848 0.2149 0.0824 7.7256 0.0000 0.0000 0.0000 -13.2979 -1.5226 5.1042 0.4727 -4.4096 -12.2320 -0.6874 14.5050 -5.9096 0.7407 -5.4980 -15.3346 0.0000 0.0000 0.0000 14.0393 -1.4505 6.8336 -0.9193 6.1087 -17.1003 0.6381 -15.3351 -12.4532 -0.0023 -0.3072 0.8440 -2.8533 1.6746 18.5900 -1.0433 1.5323 2.2981 0.1135 0.8073 -7.9790 -2.2851 -4.9222 -24.4502 7.4240 -8.3022 24.0572 1.7217 -2.8784 12.4891 0.0000 0.0000 0.0000 -99.7782 -36.6250 63.1545 47.6407 -51.9985 -24.3023 -0.0000 0.0000 -70.3994 29.7016 -1.3486 -0.7692 -7.1250 0.0000 -0.0000 2.4282 28.4241 -0.9805 0.0000 0.0000 0.0000 90.8156 46.5905 55.6245 -29.0321 40.0492 -10.7814 0.0000 -0.0000 -34.4171 -22.7970 -64.0947 20.7099 7.1250 -0.0000 -0.0000 109.3324 77.9116 121.3670
-0.8298 18.2946 5.0953 0.1918 -0.0335 7.6555 0.0000 0.0000 0.0000 -13.3002 -1.5839 5.2347 0.4651 -4.3743 -12.1320 -0.7017 14.6596 -6.2018 0.7785 -5.6333 -15.7241 0.0000 0.0000 0.0000 14.0620 -1.3657 6.9475 -0.9143 6.0927 -17.0536 0.6413 -15.3475 -12.4102 -0.0010 -0.2054 0.5644 -2.8678 1.6856 18.3630 -0.9420 1.5662 2.5131 0.2325 0.8217 -7.6255 -1.9169 -4.9608 -24.5655 7.7817 -8.5407 23.3692 1.7449 -2.9206 12.2615 0.0000 -0.0000 0.0000 -99.8361 -36.1378 63.9695 46.3540 -51.4148 -23.2924 -0.0000 0.0000 -68.4129 29.0888 -2.8105 -1.5626 -7.1250 0.0000 -0.0000 1.9009 26.7633 -0.8417 0.0000 -0.0000 0.0000 89.8000 45.5572 55.9771 -29.6948 40.6303 -11.2103 0.0000 -0.0000 -35.0280 -22.2934 -63.6972 20.1808 7.1250 -0.0000 -0.0000 107.1656 78.0155 119.2034
-0.8317 18.2958 5.0970 0.0908 -0.0202 7.5943 0.0000 0.0000 0.0000 -13.2098 -1.6371 5.2882 0.4596 -4.3489 -12.0605 -0.7138 14.7815 -6.2608 0.8375 -5.8379 -16.3147 0.0000 0.0000 0.0000 14.1817 -1.4028 7.0421 -0.9170 6.1015 -17.0792 0.6357 -15.3297 -12.4972 -0.0050 -0.4559 1.2526 -2.6795 1.6314 18.3288 -0.8026 1.5499 2.7633 0.2852 0.8068 -7.3342 -1.6997 -4.9491 -24.6916 8.2105 -8.6209 22.2603 1.8441 -2.9155 11.8775 0.0000 0.0000 0.0000 -100.3220 -34.7592 63.7674 47.6174 -51.9881 -24.2839 -0.0000 0.0000 -66.4497 29.8232 -2.0697 -1.1860 -7.1250 0.0000 -0.0000 2.4936 27.5920 -1.0560 0.0000 0.0000 0.0000 89.4596 43.7135 55.6803 -31.0061 41.7403 -12.0739 0.0000 -0.0000 -35.1291 -20.3543 -62.5080 18.2161 7.1250 -0.0000 -0.0000 99.8014 78.0890 112.0017
-0.8261 18.2943 5.0948 0.0547 0.0599 7.7530 0.0000 0.0000 0.0000 -13.2057 -1.7508 5.1810 0.4712 -4.4025 -12.2120 -0.7238 14.8761 -6.1514 0.8420 -5.8530 -16.3586 0.0000 0.0000 0.0000 14.2057 -1.5617 6.8401 -0.9281 6.1371 -17.1828 0.6539 -15.3836 -12.1979 -0.0030 -0.3554 0.9764 -2.3942 1.5386 18.1805 -0.6243 1.5058 2.8992 0.3314 0.7783 -7.1033 -1.5626 -4.9505 -24.6935 8.3326 -8.5917 21.1354 1.8630 -2.9170 11.4481 0.0000 -0.0000 0.0000 -100.2298 -33.7073 63.7190 47.7013 -52.0252 -24.3501 -0.0000 0.0000 -65.2592 29.4198 -1.7309 -0.9758 -7.1250 0.0000 -0.0000 2.1962 27.9906 -0.9092 0.0000 -0.0000 0.0000 89.7947 42.2390 55.3205 -31.4888 42.1358 -12.3965 0.0000 -0.0000 -35.1891 -19.8848 -61.8640 17.6902 7.1250 -0.0000 -0.0000 96.5386 78.1807 108.6750
-0.8066 18.2930 5.0888 0.1144 0.1454 8.0249 0.0000 0.0000 0.0000 -13.3260 -1.9498 4.9724 0.4875 -4.4771 -12.4229 -0.7411 15.0413 -6.0114 0.8260 -5.7987 -16.2015 0.0000 0.0000 0.0000 14.0908 -1.9129 6.4032 -0.9399 6.1751 -17.2932 0.6599 -15.3130 -11.8133 -0.0045 -0.4355 1.1965 -1.8510 1.4295 17.9693 -0.4665 1.4861 2.9320 0.2024 0.7569 -6.9436 -1.5525 -4.9747 -24.6774 8.2550 -8.5017 20.1126 1.8422 -2.9249 11.0499 -0.0000 0.0000 0.0000 -100.1525 -32.8946 63.9242 47.5521 -51.9592 -24.2325 -0.0000 0.0000 -65.1584 29.4270 -1.9799 -1.1165 -7.1250 0.0000 -0.0000 2.1924 27.7048 -0.9224 -0.0000 0.0000 0.0000 90.4424 40.9210 54.7756 -31.5543 42.1890 -12.4405 0.0000 -0.0000 -34.7697 -18.8567 -61.6635 16.7312 7.1250 -0.0000 -0.0000 94.3756 77.9534 106.7577
-0.8077 18.2951 5.0925 0.1904 0.2364 8.1577 0.0000 0.0000 0.0000 -13.4028 -1.8800 4.7967 0.4900 -4.4885 -12.4552 -0.7278 14.9083 -5.8758 0.8647 -5.9296 -16.5803 0.0000 0.0000 0.0000 14.0211 -1.8715 6.3676 -0.9530 6.2167 -17.4145 0.6827 -15.4946 -11.7743 -0.0021 -0.2954 0.8117 -1.5127 1.3451 17.8591 -0.2340 1.4604 2.9393 0.2677 0.7390 -6.8735 -1.7217 -4.9463 -24.6145 8.3049 -8.3155 19.1540 1.9154 -2.8848 10.6827 0.0000 -0.0000 0.0000 -99.8201 -32.1564 63.9566 47.4723 -51.9237 -24.1697 -0.0000 0.0000 -64.9206 29.0187 -1.6903 -0.9375 -7.1250 0.0000 -0.0000 1.8878 28.0452 -0.7789 0.0000 -0.0000 0.0000 90.9921 39.6420 54.4709 -31.6947 42.3024 -12.5348 0.0000 -0.0000 -34.6676 -18.4314 -61.2299 16.2844 7.1250 -0.0000 -0.0000 92.0454 77.9335 104.4266
-0.8050 18.2945 5.0986 0.3846 0.2765 8.2417 0.0000 0.0000 0.0000 -13.6196 -2.0124 4.6465 0.4750 -4.4203 -12.2621 -0.7203 14.8347 -5.9221 0.8472 -5.8706 -16.4093 0.0000 0.0000 0.0000 13.7851 -1.5937 6.4566 -0.9595 6.2372 -17.4743 0.7028 -15.7529 -12.0739 -0.0031 -0.3595 0.9878 -1.1752 1.2403 17.8151 -0.0915 1.3981 2.8470 0.2428 0.7033 -6.9437 -1.7552 -4.8643 -24.4482 8.2699 -8.0965 18.3115 1.9433 -2.8272 10.3320 -0.0000 0.0000 0.0000 -99.4061 -31.4748 63.9417 47.2376 -51.8188 -23.9851 -0.0000 0.0000 -64.7426 28.9054 -1.4815 -0.8179 -7.1250 0.0000 -0.0000 1.8067 28.2858 -0.7352 -0.0000 0.0000 0.0000 91.4857 38.6439 54.3056 -31.6488 42.2654 -12.5040 0.0000 -0.0000 -34.9492 -17.6410 -61.1939 15.5708 7.1250 -0.0000 -0.0000 90.9756 77.7028 103.5871
-0.7991 18.2992 5.1131 0.4569 0.2452 8.2857 0.0000 0.0000 0.0000 -13.7066 -2.2015 4.5980 0.4567 -4.3351 -12.0214 -0.7182 14.8277 -6.3196 0.7809 -5.6418 -15.7486 0.0000 0.0000 0.0000 13.6775 -1.4014 6.4993 -0.9533 6.2175 -17.4167 0.7017 -15.8094 -12.2864 -0.0066 -0.5251 1.4430 -0.6810 1.1580 17.6203 0.0702 1.3978 2.7835 0.1381 0.6935 -6.8986 -1.6146 -4.7483 -24.4563 7.9359 -7.8344 17.5951 1.8426 -2.7631 10.0360 0.0000 0.0000 0.0000 -99.0533 -30.8962 63.9523 47.1741 -51.7902 -23.9351 -0.0000 0.0000 -64.4183 28.4286 -1.3180 -0.7134 -7.1250 0.0000 -0.0000 1.4414 28.4800 -0.5798 0.0000 0.0000 0.0000 91.7978 37.7392 54.1458 -31.7413 42.3400 -12.5662 0.0000 -0.0000 -35.0670 -17.6714 -60.8089 15.5428 7.1250 -0.0000 -0.0000 89.3969 77.7820 101.8879
-0.7968 18.3043 5.1304 0.5728 0.2709 8.2811 0.0000 0.0000 0.0000 -13.8670 -2.1016 4.4904 0.4407 -4.2596 -11.8082 -0.7107 14.7565 -6.3672 0.8177 -5.7702 -16.1191 0.0000 0.0000 0.0000 13.5524 -1.3517 6.5490 -0.9433 6.1859 -17.3249 0.7045 -15.8635 -12.3865 -0.0049 -0.4524 1.2431 -0.4128 1.1189 17.2980 0.3628 1.4208 2.7352 0.2985 0.7020 -6.7768 -1.4507 -4.6591 -24.5119 7.3935 -7.5825 16.9762 1.6643 -2.7212 9.7756 0.0000 0.0000 0.0000 -99.0707 -30.3812 64.1208 47.1260 -51.7685 -23.8974 -0.0000 0.0000 -64.2393 28.5393 -1.0477 -0.5698 -7.1250 0.0000 -0.0000 1.5343 28.7857 -0.6061 0.0000 0.0000 0.0000 91.9288 37.0650 53.9068 -31.7635 42.3578 -12.5812 0.0000 -0.0000 -35.0583 -17.3469 -60.5265 15.2130 7.1250 -0.0000 -0.0000 87.8517 77.7218 100.3623
-0.7946 18.3035 5.1519 0.6128 0.3277 8.1893 0.0000 0.0000 0.0000 -13.9324 -1.9747 4.5037 0.4272 -4.1949 -11.6255 -0.6841 14.4886 -6.3056 0.7945 -5.6895 -15.8862 0.0000 0.0000 0.0000 13.4853 -1.2126 6.8074 -0.9413 6.1794 -17.3058 0.6968 -15.9320 -12.7938 -0.0134 -0.7481 2.0560 -0.0154 1.0247 17.0237 0.5924 1.3881 2.6228 0.3288 0.6799 -6.7444 -1.0185 -4.5013 -24.5810 6.6618 -7.3024 16.4603 1.3835 -2.6660 9.5381 0.0000 0.0000 0.0000 -98.9128 -30.0244 64.3313 46.8847 -51.6591 -23.7079 -0.0000 0.0000 -63.7550 28.3627 -0.6789 -0.3665 -7.1250 0.0000 -0.0000 1.4047 29.2069 -0.5408 0.0000 0.0000 0.0000 92.1694 36.3075 53.5291 -31.8151 42.3993 -12.6160 0.0000 -0.0000 -35.1860 -16.9182 -60.5572 14.8361 7.1250 -0.0000 -0.0000 87.5354 77.5784 100.1881
-0.7840 18.3029 5.1801 0.6943 0.5070 8.1096 0.0000 0.0000 0.0000 -14.0536 -2.0471 4.6111 0.4167 -4.1436 -11.4809 -0.6642 14.2938 -6.4057 0.7821 -5.6459 -15.7605 0.0000 0.0000 0.0000 13.3752 -1.4114 6.9827 -0.9386 6.1710 -17.2814 0.6863 -15.8677 -12.8552 -0.0130 -0.7358 2.0220 0.4666 0.8627 16.6771 0.8198 1.2793 2.4380 0.3257 0.6187 -6.7474 -0.9483 -4.4304 -24.5074 6.2629 -7.0823 15.7487 1.2710 -2.6309 9.2436 0.0000 0.0000 0.0000 -98.8316 -29.8674 64.6619 46.4599 -51.4640 -23.3752 -0.0000 0.0000 -63.0168 27.7256 -0.2547 -0.1338 -7.1250 0.0000 -0.0000 0.9121 29.6915 -0.3406 0.0000 0.0000 0.0000 92.1881 35.5683 53.1035 -31.9184 42.4820 -12.6857 0.0000 -0.0000 -35.8383 -16.1965 -60.1048 14.1339 7.1250 -0.0000 -0.0000 84.9363 77.3857 97.6895
-0.7787 18.3034 5.2108 0.6818 0.6072 7.9122 0.0000 0.0000 0.0000 -14.0773 -1.9010 4.8510 0.4101 -4.1110 -11.3893 -0.6481 14.1310 -6.4348 0.7955 -5.6930 -15.8963 0.0000 0.0000 0.0000 13.3495 -1.2980 7.3761 -0.9321 6.1502 -17.2208 0.6768 -15.8943 -13.1587 -0.0113 -0.6853 1.8833 0.8270 0.7658 16.2751 1.1496 1.2374 2.2980 0.4861 0.5940 -6.6774 -0.6566 -4.2840 -24.5572 5.5455 -6.7765 15.0813 1.0265 -2.5729 8.9640 -0.0000 -0.0000 0.0000 -98.7513 -29.9084 65.1523 45.9727 -51.2362 -22.9947 -0.0000 0.0000 -61.8898 26.7149 0.5335 0.2685 -7.1250 0.0000 -0.0000 0.1180 30.5769 -0.0415 -0.0000 -0.0000 0.0000 92.1973 34.9213 52.5341 -32.1799 42.6901 -12.8626 0.0000 -0.0000 -36.5185 -16.0137 -59.9533 13.9518 7.1250 -0.0000 -0.0000 84.1346 77.3339 96.9041
-0.7716 18.2978 5.2467 0.7029 0.7057 7.6534 0.0000 0.0000 0.0000 -14.1466 -1.8035 5.1793 0.4035 -4.0783 -11.2971 -0.6301 13.9495 -6.4831 0.7954 -5.6926 -15.8952 0.0000 0.0000 0.0000 13.2731 -1.2479 7.8615 -0.9294 6.1414 -17.1951 0.6602 -15.8544 -13.4243 -0.0150 -0.7906 2.1729 1.1708 0.6282 15.7979 1.4926 1.1357 2.1202 0.6822 0.5408 -6.6060 -0.5635 -4.2057 -24.5320 4.8045 -6.5061 14.5083 0.8028 -2.5425 8.7161 0.0000 -0.0000 0.0000 -98.6962 -29.9841 65.6345 45.4456 -50.9849 -22.5845 -0.0000 0.0000 -60.2166 25.2994 1.4883 0.7034 -7.1250 0.0000 -0.0000 -1.0223 31.6248 0.3345 0.0000 -0.0000 0.0000 92.1358 34.3930 51.4902 -32.7832 43.1627 -13.2735 0.0000 -0.0000 -38.4518 -14.4681 -62.0096 12.8353 7.1250 -0.0000 -0.0000 90.9281 76.6016 104.7327
