HIERARCHY
ROOT Hips
{
	OFFSET 0.00000 0.00000 0.00000
	CHANNELS 6 Xposition Yposition Zposition Zrotation Yrotation Xrotation 
	JOINT LHipJoint
	{
		OFFSET 0 0 0
		CHANNELS 3 Zrotation Yrotation Xrotation
		JOINT LeftUpLeg
		{
			OFFSET 1.84395 -1.68683 0.74144
			CHANNELS 3 Zrotation Yrotation Xrotation
			JOINT LeftLeg
			{
				OFFSET 2.27037 -6.23779 0.00000
				CHANNELS 3 Zrotation Yrotation Xrotation
				JOINT LeftFoot
				{
					OFFSET 2.56918 -7.05877 0.00000
					CHANNELS 3 Zrotation Yrotation Xrotation
					JOINT LeftToeBase
					{
						OFFSET 0.22276 -0.61202 1.71784
						CHANNELS 3 Zrotation Yrotation Xrotation
						End Site
						{
							OFFSET 0.00000 -0.00000 0.91613
						}
					}
				}
			}
		}
	}
	JOINT RHipJoint
	{
		OFFSET 0 0 0
		CHANNELS 3 Zrotation Yrotation Xrotation
		JOINT RightUpLeg
		{
			OFFSET -1.76833 -1.68684 0.74144
			CHANNELS 3 Zrotation Yrotation Xrotation
			JOINT RightLeg
			{
				OFFSET -2.49360 -6.85110 0.00000
				CHANNELS 3 Zrotation Yrotation Xrotation
				JOINT RightFoot
				{
					OFFSET -2.55538 -7.02085 0.00000
					CHANNELS 3 Zrotation Yrotation Xrotation
					JOINT RightToeBase
					{
						OFFSET -0.21516 -0.59115 1.68050
						CHANNELS 3 Zrotation Yrotation Xrotation
						End Site
						{
							OFFSET -0.00000 -0.00000 0.89604
						}
					}
				}
			}
		}
	}
	JOINT LowerBack
	{
		OFFSET 0 0 0
		CHANNELS 3 Zrotation Yrotation Xrotation
		JOINT Spine
		{
			OFFSET 0.06382 1.72312 -0.19613
			CHANNELS 3 Zrotation Yrotation Xrotation
			JOINT Spine1
			{
				OFFSET -0.00055 1.73507 0.23859
				CHANNELS 3 Zrotation Yrotation Xrotation
				JOINT Neck
				{
					OFFSET 0 0 0
					CHANNELS 3 Zrotation Yrotation Xrotation
					JOINT Neck1
					{
						OFFSET 0.03638 1.65562 0.09633
						CHANNELS 3 Zrotation Yrotation Xrotation
						JOINT Head
						{
							OFFSET 0.06388 1.62807 -0.32386
							CHANNELS 3 Zrotation Yrotation Xrotation
							End Site
							{
								OFFSET 0.00995 1.67644 -0.12021
							}
						}
					}
				}
				JOINT LeftShoulder
				{
					OFFSET 0 0 0
					CHANNELS 3 Zrotation Yrotation Xrotation
					JOINT LeftArm
					{
						OFFSET 3.09648 1.42991 0.28122
						CHANNELS 3 Zrotation Yrotation Xrotation
						JOINT LeftForeArm
						{
							OFFSET 5.11878 -0.00000 -0.00000
							CHANNELS 3 Zrotation Yrotation Xrotation
							JOINT LeftHand
							{
								OFFSET 3.59971 -0.00000 0.00000
								CHANNELS 3 Zrotation Yrotation Xrotation
								JOINT LeftFingerBase
								{
									OFFSET 0 0 0
									CHANNELS 3 Zrotation Yrotation Xrotation
									JOINT LeftHandIndex1
									{
										OFFSET 0.62877 -0.00000 0.00000
										CHANNELS 3 Zrotation Yrotation Xrotation
										End Site
										{
											OFFSET 0.50693 -0.00000 0.00000
										}
									}
								}
								JOINT LThumb
								{
									OFFSET 0 0 0
									CHANNELS 3 Zrotation Yrotation Xrotation
									End Site
									{
										OFFSET 0.51467 -0.00000 0.51467
									}
								}
							}
						}
					}
				}
				JOINT RightShoulder
				{
					OFFSET 0 0 0
					CHANNELS 3 Zrotation Yrotation Xrotation
					JOINT RightArm
					{
						OFFSET -3.33565 1.14597 0.05047
						CHANNELS 3 Zrotation Yrotation Xrotation
						JOINT RightForeArm
						{
							OFFSET -5.49020 -0.00000 0.00000
							CHANNELS 3 Zrotation Yrotation Xrotation
							JOINT RightHand
							{
								OFFSET -3.20659 -0.00000 -0.00000
								CHANNELS 3 Zrotation Yrotation Xrotation
								JOINT RightFingerBase
								{
									OFFSET 0 0 0
									CHANNELS 3 Zrotation Yrotation Xrotation
									JOINT RightHandIndex1
									{
										OFFSET -0.69188 -0.00000 0.00000
										CHANNELS 3 Zrotation Yrotation Xrotation
										End Site
										{
											OFFSET -0.55781 -0.00000 0.00000
										}
									}
								}
								JOINT RThumb
								{
									OFFSET 0 0 0
									CHANNELS 3 Zrotation Yrotation Xrotation
									End Site
									{
										OFFSET -0.56633 -0.00000 0.56633
									}
								}
							}
						}
					}
				}
			}
		}
	}
}
MOTION
Frames: 157
Frame Time: 0.0166667
0.1810 17.4162 8.5681 0.0000 0.0000 0.0000 0.0000 0.0000 0.0000 -21.0000 0.0000 0.0000 0.0000 0.0000 0.0000 0.0000 0.0000 0.0000 0.0000 0.0000 0.0000 0.0000 0.0000 0.0000 21.0000 0.0000 0.0000 0.0000 0.0000 0.0000 0.0000 0.0000 0.0000 0.0000 0.0000 0.0000 0.0000 0.0000 0.0000 0.0000 0.0000 0.0000 0.0000 0.0000 0.0000 0.0000 0.0000 -16.0000 0.0000 0.0000 21.0000 0.0000 0.0000 11.0000 0.0000 0.0000 0.0000 -8.0000 0.0000 0.0000 0.0000 0.0000 0.0000 0.0000 0.0000 0.0000 0.0000 0.0000 0.0000 0.0000 0.0000 0.0000 0.0000 0.0000 0.0000 0.0000 0.0000 0.0000 8.0000 0.0000 0.0000 0.0000 0.0000 0.0000 0.0000 0.0000 0.0000 0.0000 0.0000 0.0000 0.0000 0.0000 0.0000 0.0000 0.0000 0.0000
0.2563 17.8084 8.7071 -7.9117 4.0857 20.5767 0.0000 0.0000 0.0000 -3.9466 -40.1166 -1.1924 0.0009 -0.1958 -0.5379 -5.1575 37.9504 -28.2718 0.0093 0.6242 1.7153 0.0000 0.0000 0.0000 20.1939 30.2092 -6.7581 -0.0530 -1.4863 4.0879 1.5550 -25.2144 -24.0211 -0.1894 -2.8027 7.7298 6.6571 3.3683 2.7956 2.8989 4.4543 4.4446 -0.6957 2.3752 3.3184 -2.3191 -5.6635 1.0162 7.8816 -8.1889 10.3969 2.7908 -3.8542 3.7180 -0.0000 -0.0000 0.0000 -63.1087 -43.0988 84.5563 26.6652 -37.8580 -9.2929 -0.0000 0.0000 -43.9418 14.0593 -1.3783 -0.3451 -7.1250 0.0000 -0.0000 -9.6912 28.5051 3.9431 -0.0000 -0.0000 0.0000 57.8237 43.2354 81.9968 -35.4058 45.0997 -15.1001 0.0000 -0.0000 -21.8596 21.7875 -31.1169 -11.6713 7.1250 -0.0000 -0.0000 53.7632 -53.1525 -13.9669
0.2520 17.8081 8.7163 -7.6748 4.1742 20.5071 0.0000 0.0000 0.0000 -4.3476 -40.3714 -0.8953 0.0011 -0.2172 -0.5967 -5.2206 38.0988 -28.2704 0.0095 0.6292 1.7290 0.0000 0.0000 0.0000 20.0506 29.8609 -6.7990 -0.0563 -1.5314 4.2124 1.5942 -25.3141 -23.8448 -0.1362 -2.3786 6.5533 6.4895 3.2288 2.6669 3.2795 4.2471 4.4749 -0.2063 2.2615 3.3663 -3.0003 -5.7386 0.3362 8.6705 -8.4275 11.4014 2.8343 -3.9068 3.8348 0.0000 0.0000 0.0000 -63.0609 -42.1704 84.4004 27.2327 -38.4002 -9.6433 -0.0000 0.0000 -43.9474 12.4472 -1.0557 -0.2330 -7.1250 0.0000 -0.0000 -10.9624 28.8229 4.3928 0.0000 0.0000 0.0000 59.3381 42.0314 83.8538 -36.2876 45.7100 -15.7280 0.0000 -0.0000 -21.4204 22.2615 -30.7484 -11.8206 7.1250 -0.0000 -0.0000 53.7828 -52.8107 -13.4500
0.2506 17.8041 8.7238 -7.4852 4.0055 20.3362 0.0000 0.0000 0.0000 -4.8665 -40.1627 -0.5556 0.0012 -0.2215 -0.6087 -5.1541 37.9568 -28.3354 0.0124 0.7176 1.9722 0.0000 0.0000 0.0000 19.9809 29.7162 -6.5125 -0.0535 -1.4921 4.1039 1.5883 -25.2764 -23.8167 -0.1440 -2.4452 6.7377 6.4646 3.1069 2.7760 3.3120 4.1006 4.3740 -0.1734 2.1821 3.1868 -2.6277 -5.7163 0.2510 8.9900 -8.4496 11.4664 2.8673 -3.8858 3.8680 -0.0000 -0.0000 0.0000 -62.6731 -41.0598 84.1106 27.8147 -38.9451 -10.0070 -0.0000 0.0000 -43.9978 12.1644 -1.4611 -0.3149 -7.1250 0.0000 -0.0000 -11.1376 28.4139 4.5757 -0.0000 -0.0000 0.0000 61.0071 40.9648 84.9254 -36.8045 46.0585 -16.0991 0.0000 -0.0000 -20.6592 22.6094 -30.1025 -11.7978 7.1250 -0.0000 -0.0000 53.4436 -52.3019 -12.5321
0.2501 17.7981 8.7281 -7.3389 3.7068 20.2036 0.0000 0.0000 0.0000 -5.3138 -40.0217 -0.1853 0.0015 -0.2510 -0.6896 -5.1554 37.9947 -28.4876 0.0155 0.8036 2.2086 0.0000 0.0000 0.0000 19.8952 29.8226 -6.2177 -0.0514 -1.4629 4.0235 1.5763 -25.2889 -23.9749 -0.1442 -2.4476 6.7444 6.5539 2.9781 2.9786 3.2727 3.9631 4.1536 -0.2870 2.1062 2.8449 -4.8989 -5.4405 -0.9493 11.3426 -8.4409 13.5051 3.9192 -3.7770 4.8714 -0.0000 -0.0000 0.0000 -62.6792 -40.2597 84.3443 27.9143 -39.0372 -10.0696 -0.0000 0.0000 -44.0628 12.6581 -1.8498 -0.4154 -7.1250 0.0000 -0.0000 -10.7215 28.0248 4.4995 -0.0000 -0.0000 0.0000 62.1896 39.9720 86.4177 -37.5239 46.5326 -16.6192 0.0000 -0.0000 -24.1105 17.5915 -32.9913 -9.7950 7.1250 -0.0000 -0.0000 52.2124 -55.2648 -16.3804
0.2484 17.7943 8.7314 -7.2180 3.3203 20.0759 0.0000 0.0000 0.0000 -5.7657 -39.9953 0.1698 0.0011 -0.2175 -0.5975 -5.1287 38.0591 -29.0302 0.0272 1.0654 2.9289 0.0000 0.0000 0.0000 19.7912 29.7583 -6.1066 -0.0524 -1.4773 4.0631 1.5342 -25.0512 -23.8501 -0.1282 -2.3084 6.3587 6.3046 2.9056 2.8050 3.3968 3.8521 4.0731 -0.0172 2.0404 2.8250 -3.6805 -5.3461 -0.3071 10.2075 -8.1537 12.6151 3.4018 -3.6833 4.3767 0.0000 0.0000 0.0000 -63.3750 -39.6031 84.2746 27.8132 -38.9437 -10.0061 -0.0000 0.0000 -43.6630 12.7959 -1.8515 -0.4204 -7.1250 0.0000 -0.0000 -10.6161 28.0233 4.4542 0.0000 0.0000 0.0000 63.7238 39.0351 85.6874 -36.5020 45.8553 -15.8817 0.0000 -0.0000 -20.9915 21.9485 -30.1593 -11.4454 7.1250 -0.0000 -0.0000 52.9789 -52.4636 -12.6060
0.2491 17.7932 8.7288 -7.3152 2.9174 19.9880 0.0000 0.0000 0.0000 -5.8448 -39.8306 0.3200 0.0007 -0.1690 -0.4644 -5.1415 38.1377 -29.2331 0.0201 0.9160 2.5176 0.0000 0.0000 0.0000 19.9051 29.7848 -6.0397 -0.0534 -1.4907 4.1001 1.4875 -24.7519 -23.6337 -0.1204 -2.2366 6.1600 6.2925 2.8331 2.6926 3.4222 3.7532 3.9452 0.0158 1.9869 2.7473 -2.1620 -5.4051 0.0731 8.8155 -8.0770 11.9851 2.7463 -3.6729 4.0069 -0.0000 0.0000 0.0000 -63.8619 -39.1132 84.3498 27.5587 -38.7068 -9.8465 -0.0000 0.0000 -43.6530 13.2299 -2.1430 -0.5037 -7.1250 0.0000 -0.0000 -10.2580 27.7293 4.3718 -0.0000 0.0000 0.0000 64.5941 38.4893 85.8018 -36.1168 45.5933 -15.6058 0.0000 -0.0000 -20.2920 23.4461 -29.5135 -12.0599 7.1250 -0.0000 -0.0000 53.5441 -51.7415 -11.6927
0.2486 17.7854 8.7222 -7.5470 2.4362 19.8057 0.0000 0.0000 0.0000 -5.8395 -39.3491 0.5811 0.0008 -0.1827 -0.5020 -5.1165 38.1314 -29.4458 0.0228 0.9742 2.6778 0.0000 0.0000 0.0000 20.2266 29.8906 -5.8607 -0.0547 -1.5096 4.1521 1.4474 -24.4826 -23.4253 -0.1111 -2.1489 5.9173 6.4031 2.7815 2.6343 3.3799 3.6865 3.8520 -0.0894 1.9546 2.6904 -2.2062 -5.3288 -0.1285 8.8501 -8.0005 12.2162 2.7597 -3.6248 4.1089 -0.0000 0.0000 0.0000 -64.2437 -38.6422 84.4938 27.3199 -38.4826 -9.6975 -0.0000 0.0000 -43.5560 13.6653 -1.9939 -0.4847 -7.1250 0.0000 -0.0000 -9.9388 27.8797 4.1960 -0.0000 0.0000 0.0000 64.7870 38.2777 86.5364 -36.0818 45.5694 -15.5809 0.0000 -0.0000 -21.0975 24.9401 -28.4017 -12.4727 7.1250 -0.0000 -0.0000 53.6653 -50.7021 -10.0691
0.2469 17.7820 8.7079 -7.7071 1.9974 19.5922 0.0000 0.0000 0.0000 -5.9340 -39.0441 0.9153 0.0008 -0.1878 -0.5160 -5.0517 38.1098 -29.9593 0.0330 1.1722 3.2228 0.0000 0.0000 0.0000 20.4773 29.7895 -5.7897 -0.0572 -1.5432 4.2447 1.4565 -24.2905 -22.8629 -0.0657 -1.6542 4.5508 6.4604 2.6617 2.6523 3.1969 3.5327 3.8399 -0.3117 1.8818 2.6753 -0.7982 -5.1413 0.4691 7.4061 -7.5772 11.5167 2.3642 -3.4719 4.0770 0.0000 -0.0000 0.0000 -64.1657 -38.4189 84.4890 27.2108 -38.3795 -9.6297 -0.0000 0.0000 -43.4515 13.8180 -2.2597 -0.5556 -7.1250 0.0000 -0.0000 -9.7995 27.6100 4.1989 0.0000 -0.0000 0.0000 65.3819 38.0978 86.9079 -36.1123 45.5902 -15.6026 0.0000 -0.0000 -22.0047 24.0780 -29.3444 -12.3521 7.1250 -0.0000 -0.0000 53.8722 -51.5102 -11.4408
0.2445 17.7802 8.6891 -7.7722 1.6575 19.4566 0.0000 0.0000 0.0000 -6.0043 -38.6762 1.0568 0.0011 -0.2115 -0.5812 -4.9826 37.9968 -30.1417 0.0417 1.3176 3.6233 0.0000 0.0000 0.0000 20.5645 29.5894 -5.8327 -0.0581 -1.5555 4.2788 1.4273 -23.9512 -22.3673 -0.0453 -1.3742 3.7789 6.1785 2.5837 2.6411 3.1563 3.4302 3.7863 -0.2011 1.8219 2.6037 -1.0593 -5.0445 0.4478 7.4906 -7.4658 11.7176 2.4452 -3.4203 4.1656 -0.0000 0.0000 0.0000 -64.3709 -38.4096 85.0027 27.1883 -38.3581 -9.6157 -0.0000 0.0000 -43.5417 13.6159 -2.0446 -0.4951 -7.1250 0.0000 -0.0000 -9.9721 27.8284 4.2227 -0.0000 0.0000 0.0000 66.9323 36.9343 85.1908 -35.7086 45.3115 -15.3150 0.0000 -0.0000 -21.0265 22.2880 -31.4604 -12.0749 7.1250 -0.0000 -0.0000 54.4941 -53.2899 -14.4831
0.2429 17.7751 8.6677 -7.9759 1.4599 19.4270 0.0000 0.0000 0.0000 -5.7405 -38.4184 0.9634 0.0011 -0.2128 -0.5848 -5.0438 38.0694 -29.8728 0.0294 1.1076 3.0449 0.0000 0.0000 0.0000 20.7226 29.3444 -6.0492 -0.0600 -1.5811 4.3493 1.3477 -23.4327 -22.0343 -0.0384 -1.2648 3.4776 6.0121 2.4928 2.4946 3.1274 3.3007 3.7150 -0.1354 1.7526 2.5961 -1.4444 -4.9999 0.0854 7.9428 -7.5197 12.6661 2.3841 -3.3915 4.1222 -0.0000 -0.0000 0.0000 -64.5245 -38.4572 85.3567 27.2601 -38.4261 -9.6604 -0.0000 0.0000 -43.5146 13.2806 -2.3790 -0.5613 -7.1250 0.0000 -0.0000 -10.1985 27.4904 4.4041 -0.0000 -0.0000 0.0000 66.8681 36.9600 84.6992 -35.1539 44.9217 -14.9219 0.0000 -0.0000 -18.4337 23.1265 -29.6749 -11.9387 7.1250 -0.0000 -0.0000 53.4468 -51.9115 -11.9249
0.2399 17.7685 8.6484 -8.1502 1.3480 19.4220 0.0000 0.0000 0.0000 -5.6407 -39.0257 1.3199 0.0012 -0.2259 -0.6208 -5.0995 38.4617 -30.8891 0.0497 1.4390 3.9577 0.0000 0.0000 0.0000 20.8235 29.3848 -6.1342 -0.0594 -1.5728 4.3265 1.2876 -23.1547 -22.0733 -0.0531 -1.4870 4.0900 5.7966 2.3954 2.3275 3.1734 3.1595 3.6498 0.0353 1.6755 2.5995 -1.3134 -4.9200 0.1192 7.7425 -7.3910 12.6053 2.3087 -3.3353 4.0801 -0.0000 0.0000 0.0000 -64.8093 -38.4908 85.5770 27.4621 -38.6163 -9.7861 -0.0000 0.0000 -43.7172 13.1850 -2.6765 -0.6268 -7.1250 0.0000 -0.0000 -10.2454 27.1901 4.4987 -0.0000 0.0000 0.0000 64.4297 38.1218 87.3650 -36.2568 45.6890 -15.7060 0.0000 -0.0000 -22.5636 20.3248 -30.3576 -10.6031 7.1250 -0.0000 -0.0000 51.8741 -52.9049 -12.8484
0.2394 17.7680 8.6252 -8.2731 1.2388 19.3691 0.0000 0.0000 0.0000 -5.6573 -39.5754 1.7277 0.0016 -0.2623 -0.7206 -5.3298 39.0973 -31.3582 0.0525 1.4786 4.0668 0.0000 0.0000 0.0000 20.9109 29.2013 -6.2783 -0.0603 -1.5839 4.3570 1.2466 -22.8403 -21.8111 -0.0534 -1.4907 4.1001 5.4621 2.3201 2.1823 3.3022 3.0479 3.5910 0.3559 1.6088 2.5884 -1.4511 -4.8211 0.3230 7.6977 -7.2486 12.6303 2.3289 -3.2783 4.0495 -0.0000 -0.0000 0.0000 -65.2983 -38.4333 85.6461 27.7154 -38.8529 -9.9446 -0.0000 0.0000 -43.8920 13.0004 -2.6156 -0.6036 -7.1250 0.0000 -0.0000 -10.3908 27.2524 4.5490 -0.0000 -0.0000 0.0000 63.9383 38.0252 87.6314 -36.3538 45.7550 -15.7754 0.0000 -0.0000 -23.1922 19.7004 -30.4655 -10.2896 7.1250 -0.0000 -0.0000 51.4722 -53.0980 -12.9765
0.2368 17.7708 8.6020 -8.3914 1.0695 19.2697 0.0000 0.0000 0.0000 -5.6544 -39.7712 2.0323 0.0022 -0.2997 -0.8236 -5.4285 39.4015 -31.7033 0.0513 1.4623 4.0218 0.0000 0.0000 0.0000 21.0404 29.1430 -6.3130 -0.0610 -1.5934 4.3833 1.2306 -22.6531 -21.5588 -0.0439 -1.3521 3.7181 5.2445 2.2466 2.1624 3.3477 2.9469 3.5929 0.5229 1.5525 2.5833 -1.4253 -4.6921 0.4143 7.3742 -6.9989 12.0165 2.4908 -3.2068 4.2652 0.0000 0.0000 0.0000 -65.4503 -38.5522 85.5825 27.9825 -39.1001 -10.1126 -0.0000 0.0000 -44.2909 12.8599 -2.8085 -0.6409 -7.1250 0.0000 -0.0000 -10.4804 27.0583 4.6382 0.0000 0.0000 0.0000 63.3771 38.3490 87.9210 -36.4211 45.8006 -15.8236 0.0000 -0.0000 -23.6427 19.6382 -30.5434 -10.2783 7.1250 -0.0000 -0.0000 51.4950 -53.1644 -13.0815
0.2333 17.7699 8.5780 -8.4807 1.0275 19.1061 0.0000 0.0000 0.0000 -5.6403 -39.6887 2.1860 0.0023 -0.3113 -0.8552 -5.4055 39.3712 -31.7754 0.0609 1.5921 4.3796 0.0000 0.0000 0.0000 21.2019 29.0774 -6.2221 -0.0610 -1.5940 4.3848 1.2245 -22.5814 -21.4619 -0.0450 -1.3685 3.7634 5.2089 2.1195 2.1644 3.4341 2.7771 3.5825 0.6298 1.4653 2.5599 -1.9529 -4.5249 0.2660 7.6058 -6.8410 12.8286 2.3967 -3.1002 4.1113 -0.0000 -0.0000 0.0000 -65.7154 -38.5734 85.5667 28.1760 -39.2777 -10.2349 -0.0000 0.0000 -44.3771 13.0905 -2.7532 -0.6399 -7.1250 0.0000 -0.0000 -10.3105 27.1131 4.5472 -0.0000 -0.0000 0.0000 62.9819 38.5022 88.3064 -36.5081 45.8594 -15.8860 0.0000 -0.0000 -23.6040 19.7892 -30.4391 -10.3308 7.1250 -0.0000 -0.0000 51.5193 -53.0628 -12.9435
0.2302 17.7708 8.5509 -8.6061 0.9661 18.9147 0.0000 0.0000 0.0000 -5.5537 -39.5582 2.2858 0.0024 -0.3132 -0.8605 -5.3854 39.3314 -31.7878 0.0640 1.6327 4.4917 0.0000 0.0000 0.0000 21.3905 29.0358 -6.1077 -0.0612 -1.5957 4.3897 1.1894 -22.3734 -21.3953 -0.0560 -1.5271 4.2005 4.9094 2.0327 2.2799 3.6016 2.6671 3.5774 0.9620 1.3994 2.4634 -2.2195 -4.3810 0.0857 7.5881 -6.6685 13.2776 2.4354 -3.0138 4.2762 -0.0000 -0.0000 0.0000 -65.9081 -38.6841 85.6007 28.2670 -39.3609 -10.2926 -0.0000 0.0000 -44.5182 13.1306 -3.1466 -0.7336 -7.1250 0.0000 -0.0000 -10.2471 26.7154 4.6158 -0.0000 -0.0000 0.0000 62.7054 38.7447 88.5476 -36.5432 45.8832 -15.9113 0.0000 -0.0000 -23.7693 19.5258 -30.5991 -10.2325 7.1250 -0.0000 -0.0000 51.4563 -53.2248 -13.1538
0.2291 17.7704 8.5294 -8.6212 0.8336 18.8095 0.0000 0.0000 0.0000 -5.6124 -39.4523 2.3396 0.0021 -0.2994 -0.8226 -5.2573 39.1565 -32.1631 0.0912 1.9477 5.3611 0.0000 0.0000 0.0000 21.4036 28.8456 -6.1435 -0.0602 -1.5831 4.3550 1.1834 -22.1953 -21.0472 -0.0424 -1.3294 3.6557 4.6505 1.9634 2.2363 3.6925 2.5687 3.5824 1.2004 1.3430 2.4742 -2.2456 -4.1468 0.1394 7.4768 -6.3496 13.4239 2.4202 -2.8623 4.2921 0.0000 0.0000 0.0000 -65.8828 -38.7042 85.3982 28.4085 -39.4896 -10.3824 -0.0000 0.0000 -44.3748 12.8992 -3.2027 -0.7331 -7.1250 0.0000 -0.0000 -10.4172 26.6604 4.7085 0.0000 0.0000 0.0000 62.5773 38.9889 88.7407 -36.6734 45.9707 -16.0048 0.0000 -0.0000 -23.8387 19.6288 -30.5332 -10.2701 7.1250 -0.0000 -0.0000 51.4778 -53.1590 -13.0671
0.2285 17.7687 8.5086 -8.6828 0.8051 18.7837 0.0000 0.0000 0.0000 -5.5233 -39.5134 2.3117 0.0020 -0.2913 -0.8003 -5.3457 39.3166 -32.0510 0.0767 1.7871 4.9177 0.0000 0.0000 0.0000 21.4476 28.7623 -6.2522 -0.0610 -1.5936 4.3838 1.1679 -22.0715 -20.9450 -0.0419 -1.3219 3.6350 4.4946 1.8680 2.1030 3.8512 2.4282 3.5960 1.4557 1.2679 2.5474 -1.9395 -4.0884 0.3930 7.0235 -6.2047 13.0646 2.2448 -2.8126 4.1116 0.0000 0.0000 0.0000 -65.9624 -38.8188 84.9748 28.4041 -39.4856 -10.3797 -0.0000 0.0000 -43.8706 11.9849 -2.8948 -0.6142 -7.1250 0.0000 -0.0000 -11.1344 26.9754 4.9600 0.0000 0.0000 0.0000 62.4949 39.2512 88.7479 -36.8412 46.0830 -16.1255 0.0000 -0.0000 -23.9624 19.6016 -30.5582 -10.2625 7.1250 -0.0000 -0.0000 51.4793 -53.1817 -13.1005
0.2276 17.7672 8.4840 -8.6393 0.6757 18.6499 0.0000 0.0000 0.0000 -5.6881 -39.5723 2.5047 0.0021 -0.2978 -0.8182 -5.3294 39.3507 -32.3043 0.0951 1.9884 5.4736 0.0000 0.0000 0.0000 21.4100 28.9361 -6.1473 -0.0614 -1.5990 4.3986 1.1790 -22.1444 -20.9801 -0.0514 -1.4637 4.0256 4.1880 1.7790 2.1535 4.0347 2.3073 3.6289 1.8137 1.1974 2.5314 -2.0063 -3.9387 0.4001 6.9027 -5.9862 13.0265 2.2280 -2.7156 4.0867 -0.0000 -0.0000 0.0000 -65.9860 -38.8380 84.7422 28.4709 -39.5462 -10.4222 -0.0000 0.0000 -44.0082 12.0452 -2.8673 -0.6116 -7.1250 0.0000 -0.0000 -11.0914 27.0027 4.9328 -0.0000 -0.0000 0.0000 62.4573 39.5028 88.7057 -37.0523 46.2232 -16.2778 0.0000 -0.0000 -24.0606 19.5839 -30.6339 -10.2751 7.1250 -0.0000 -0.0000 51.5362 -53.2381 -13.2041
0.2288 17.7635 8.4603 -8.6505 0.5515 18.6223 0.0000 0.0000 0.0000 -5.6954 -39.6916 2.5512 0.0021 -0.2927 -0.8041 -5.2804 39.3609 -32.7163 0.1244 2.2732 6.2614 0.0000 0.0000 0.0000 21.3526 28.9092 -6.3016 -0.0642 -1.6349 4.4976 1.1520 -21.9536 -20.8636 -0.0432 -1.3413 3.6885 4.0264 1.7013 2.1588 4.2019 2.2031 3.5896 2.0746 1.1384 2.4747 -2.4875 -3.8335 0.2878 7.1466 -5.8769 13.3292 2.3824 -2.6648 4.2112 0.0000 -0.0000 0.0000 -65.9109 -38.8004 84.4767 28.5556 -39.6227 -10.4761 -0.0000 0.0000 -44.1984 11.8405 -2.3573 -0.4941 -7.1250 0.0000 -0.0000 -11.2947 27.5145 4.8877 0.0000 -0.0000 0.0000 62.9082 39.4623 88.7439 -37.0234 46.2041 -16.2570 0.0000 -0.0000 -23.6784 19.3392 -30.8010 -10.1881 7.1250 -0.0000 -0.0000 51.4955 -53.4017 -13.4243
0.2309 17.7622 8.4418 -8.5735 0.4891 18.6103 0.0000 0.0000 0.0000 -5.8053 -39.7598 2.6396 0.0028 -0.3443 -0.9460 -5.3074 39.4518 -32.8338 0.1284 2.3097 6.3624 0.0000 0.0000 0.0000 21.2031 28.7929 -6.3996 -0.0633 -1.6230 4.4647 1.1376 -21.8186 -20.7248 -0.0407 -1.3023 3.5810 3.8837 1.5815 2.0543 4.3337 2.0345 3.5759 2.2933 1.0490 2.5102 -2.4499 -3.7332 0.1894 6.8663 -5.7262 13.5859 2.2936 -2.5954 4.2897 0.0000 0.0000 0.0000 -65.7175 -38.7553 84.1942 28.5448 -39.6130 -10.4692 -0.0000 0.0000 -44.4191 12.0534 -2.5802 -0.5508 -7.1250 0.0000 -0.0000 -11.1119 27.2907 4.8655 0.0000 0.0000 0.0000 62.9446 39.6770 88.7964 -37.1444 46.2840 -16.3443 0.0000 -0.0000 -23.8603 19.1540 -30.8933 -10.1116 7.1250 -0.0000 -0.0000 51.4323 -53.5017 -13.5430
0.2307 17.7618 8.4213 -8.5550 0.3546 18.5815 0.0000 0.0000 0.0000 -5.8109 -39.6450 2.6337 0.0033 -0.3711 -1.0197 -5.2838 39.4132 -32.8744 0.1393 2.4058 6.6285 0.0000 0.0000 0.0000 21.1362 28.9574 -6.4157 -0.0642 -1.6343 4.4961 1.1373 -21.8240 -20.7415 -0.0465 -1.3913 3.8263 3.6671 1.5136 2.0371 4.5066 1.9403 3.5607 2.5931 0.9940 2.4919 -2.2083 -3.6564 0.3229 6.6911 -5.6020 13.4133 2.2086 -2.5380 4.1981 0.0000 0.0000 0.0000 -65.5222 -38.6840 83.7502 28.5454 -39.6135 -10.4696 -0.0000 0.0000 -44.2534 11.8890 -2.6050 -0.5482 -7.1250 0.0000 -0.0000 -11.2341 27.2662 4.9276 0.0000 0.0000 0.0000 63.0321 39.7787 88.8496 -37.1297 46.2744 -16.3337 0.0000 -0.0000 -23.9286 19.2959 -30.7896 -10.1606 7.1250 -0.0000 -0.0000 51.4493 -53.4019 -13.4064
0.2302 17.7608 8.3991 -8.4587 0.2507 18.5133 0.0000 0.0000 0.0000 -5.8790 -39.4415 2.5358 0.0034 -0.3789 -1.0410 -5.3012 39.3660 -32.5760 0.1272 2.2992 6.3332 0.0000 0.0000 0.0000 21.0144 29.1550 -6.3478 -0.0638 -1.6294 4.4826 1.1628 -21.9596 -20.7417 -0.0460 -1.3838 3.8056 3.1277 1.4685 2.0307 4.7607 1.8715 3.6093 3.1598 0.9429 2.5206 -1.5408 -3.6065 0.2124 5.8948 -5.4462 13.0606 2.0642 -2.4883 4.5337 -0.0000 0.0000 0.0000 -65.6028 -38.8078 83.3004 28.3320 -39.4201 -10.3338 -0.0000 0.0000 -43.8921 11.6342 -2.5162 -0.5179 -7.1250 0.0000 -0.0000 -11.4356 27.3555 4.9947 -0.0000 0.0000 0.0000 63.0373 39.8404 88.8359 -37.1357 46.2783 -16.3380 0.0000 -0.0000 -23.8497 19.5591 -30.7109 -10.2841 7.1250 -0.0000 -0.0000 51.5887 -53.2967 -13.3094
0.2305 17.7598 8.3839 -8.4487 0.2320 18.4324 0.0000 0.0000 0.0000 -5.9186 -39.3870 2.5587 0.0035 -0.3808 -1.0463 -5.3826 39.4461 -32.2367 0.1028 2.0677 5.6928 0.0000 0.0000 0.0000 21.0303 29.2813 -6.1785 -0.0607 -1.5893 4.3719 1.1864 -22.0890 -20.7536 -0.0477 -1.4093 3.8759 3.1536 1.3538 2.0670 4.9077 1.7191 3.5945 3.2965 0.8652 2.4866 -1.3955 -3.4940 0.4267 5.6189 -5.2586 12.8749 1.9518 -2.4083 4.3969 0.0000 0.0000 0.0000 -65.4698 -38.8371 83.0094 28.1938 -39.2941 -10.2462 -0.0000 0.0000 -43.8486 11.9438 -2.5010 -0.5289 -7.1250 0.0000 -0.0000 -11.2024 27.3703 4.8851 0.0000 0.0000 0.0000 63.1861 39.7608 88.9853 -37.2169 46.3318 -16.3967 0.0000 -0.0000 -23.9796 19.6212 -30.6308 -10.2949 7.1250 -0.0000 -0.0000 51.5634 -53.2288 -13.2013
0.2309 17.7585 8.3682 -8.3585 0.1815 18.4436 0.0000 0.0000 0.0000 -5.9329 -39.1716 2.3559 0.0036 -0.3873 -1.0641 -5.4556 39.4592 -31.7016 0.0804 1.8289 5.0329 0.0000 0.0000 0.0000 20.8743 29.3081 -6.2923 -0.0625 -1.6129 4.4371 1.1891 -22.0954 -20.7345 -0.0519 -1.4695 4.0416 3.0255 1.2609 1.9837 5.1256 1.5864 3.5849 3.5976 0.7925 2.5190 -2.2478 -3.4166 0.1433 6.2222 -5.2337 13.5717 2.0822 -2.3761 4.2485 0.0000 -0.0000 0.0000 -65.6189 -38.9587 82.7567 27.9750 -39.0932 -10.1079 -0.0000 0.0000 -43.7932 11.9997 -2.5215 -0.5358 -7.1250 0.0000 -0.0000 -11.1581 27.3497 4.8706 0.0000 -0.0000 0.0000 63.1295 39.7080 89.1533 -37.3903 46.4455 -16.5223 0.0000 -0.0000 -24.1762 19.3599 -30.8079 -10.2017 7.1250 -0.0000 -0.0000 51.5188 -53.4025 -13.4347
0.2308 17.7579 8.3491 -8.3501 0.1632 18.3579 0.0000 0.0000 0.0000 -5.8800 -38.8097 2.1250 0.0029 -0.3506 -0.9633 -5.3600 39.1671 -31.3731 0.0712 1.7210 4.7353 0.0000 0.0000 0.0000 20.8839 29.2514 -6.2768 -0.0619 -1.6051 4.4156 1.1925 -22.0926 -20.6845 -0.0506 -1.4519 3.9933 2.8976 1.1517 2.0771 5.3648 1.4412 3.6003 3.9173 0.7130 2.4799 -1.9249 -3.3347 0.2398 5.5829 -5.0313 13.0080 2.0428 -2.3191 4.4895 -0.0000 0.0000 0.0000 -65.7608 -38.9572 82.3085 27.7684 -38.9022 -9.9779 -0.0000 0.0000 -43.4173 11.9378 -2.8832 -0.6093 -7.1250 0.0000 -0.0000 -11.1710 26.9871 4.9737 -0.0000 0.0000 0.0000 63.2219 39.5598 89.2087 -37.5569 46.5540 -16.6432 0.0000 -0.0000 -24.1532 19.3456 -30.6834 -10.1573 7.1250 -0.0000 -0.0000 51.3896 -53.3181 -13.2623
0.2283 17.7581 8.3338 -8.1632 0.0852 18.3471 0.0000 0.0000 0.0000 -6.1159 -39.0010 2.1677 0.0027 -0.3341 -0.9181 -5.4231 39.3296 -31.4719 0.0671 1.6710 4.5973 0.0000 0.0000 0.0000 20.6481 29.4626 -6.2528 -0.0621 -1.6073 4.4217 1.2198 -22.2756 -20.7822 -0.0525 -1.4790 4.0677 2.5950 1.0442 2.0205 5.5235 1.2917 3.5839 4.2551 0.6284 2.4917 -2.1798 -3.2346 0.1717 5.6107 -4.8998 13.1730 2.1047 -2.2627 4.5675 -0.0000 -0.0000 0.0000 -65.7938 -38.9827 82.0725 27.7392 -38.8751 -9.9596 -0.0000 0.0000 -43.4537 12.0389 -2.5921 -0.5526 -7.1250 0.0000 -0.0000 -11.1217 27.2788 4.8731 -0.0000 -0.0000 0.0000 63.3309 39.4032 89.2503 -37.7287 46.6651 -16.7680 0.0000 -0.0000 -24.1825 19.5279 -30.6419 -10.2463 7.1250 -0.0000 -0.0000 51.4983 -53.2543 -13.2128
0.2260 17.7585 8.3187 -8.0630 0.0665 18.2808 0.0000 0.0000 0.0000 -6.2929 -39.1506 2.2822 0.0024 -0.3146 -0.8645 -5.3597 39.2821 -31.8108 0.0732 1.7450 4.8013 0.0000 0.0000 0.0000 20.5530 29.5369 -6.1894 -0.0619 -1.6047 4.4143 1.2276 -22.3379 -20.8350 -0.0602 -1.5834 4.3555 2.3775 0.9235 2.0352 5.6740 1.1264 3.6137 4.5365 0.5377 2.5169 -2.0346 -3.1665 0.0911 5.3411 -4.7888 13.2919 1.9890 -2.2103 4.6055 -0.0000 0.0000 0.0000 -65.7733 -39.0168 81.7889 27.7903 -38.9225 -9.9917 -0.0000 0.0000 -43.3864 12.0954 -2.9846 -0.6393 -7.1250 0.0000 -0.0000 -11.0428 26.8847 4.9417 -0.0000 0.0000 0.0000 63.4521 39.4041 89.4444 -37.8351 46.7337 -16.8454 0.0000 -0.0000 -24.2235 19.7697 -30.7010 -10.3985 7.1250 -0.0000 -0.0000 51.7497 -53.2497 -13.3044
0.2231 17.7574 8.3035 -8.1835 0.0115 18.2633 0.0000 0.0000 0.0000 -6.0925 -39.0602 2.2194 0.0026 -0.3276 -0.9001 -5.3822 39.3079 -31.7252 0.0693 1.6984 4.6729 0.0000 0.0000 0.0000 20.6622 29.5760 -6.2785 -0.0641 -1.6331 4.4928 1.2272 -22.2851 -20.7104 -0.0479 -1.4117 3.8825 2.3280 0.8402 2.0694 5.9011 1.0156 3.5714 4.8021 0.4778 2.4569 -2.4798 -3.0995 -0.0299 5.8185 -4.7719 13.9420 2.0114 -2.1732 4.3655 -0.0000 -0.0000 0.0000 -65.8735 -39.0443 81.7206 27.7453 -38.8807 -9.9634 -0.0000 0.0000 -43.0899 11.6877 -2.9184 -0.6034 -7.1250 0.0000 -0.0000 -11.3566 26.9528 5.0688 -0.0000 -0.0000 0.0000 63.5029 39.3748 89.7578 -37.8568 46.7476 -16.8612 0.0000 -0.0000 -24.0550 19.6599 -30.5586 -10.2949 7.1250 -0.0000 -0.0000 51.5269 -53.1710 -13.1034
0.2221 17.7550 8.2921 -8.1494 -0.0941 18.1898 0.0000 0.0000 0.0000 -6.2520 -39.1722 2.4505 0.0030 -0.3535 -0.9712 -5.4197 39.4440 -31.9344 0.0749 1.7658 4.8589 0.0000 0.0000 0.0000 20.6263 29.4688 -6.3013 -0.0651 -1.6459 4.5281 1.2008 -22.0911 -20.5741 -0.0457 -1.3794 3.7934 2.1913 0.7418 2.0858 6.0289 0.8832 3.5566 5.0142 0.4061 2.4378 -2.4524 -3.0430 0.2399 5.6517 -4.6718 13.7853 1.9647 -2.1384 4.2642 0.0000 -0.0000 0.0000 -65.7758 -38.9696 81.6957 27.8525 -38.9801 -10.0308 -0.0000 0.0000 -43.1376 11.5470 -3.1378 -0.6407 -7.1250 0.0000 -0.0000 -11.4419 26.7338 5.1685 0.0000 -0.0000 0.0000 63.5338 39.4667 90.2770 -37.9235 46.7904 -16.9098 0.0000 -0.0000 -23.8709 19.9781 -30.7240 -10.5218 7.1250 -0.0000 -0.0000 51.9398 -53.2261 -13.3447
0.2201 17.7529 8.2830 -8.1333 -0.1859 18.1410 0.0000 0.0000 0.0000 -6.3702 -39.2436 2.6110 0.0032 -0.3677 -1.0104 -5.5061 39.6282 -31.9351 0.0704 1.7112 4.7083 0.0000 0.0000 0.0000 20.5948 29.4679 -6.3189 -0.0670 -1.6698 4.5939 1.1736 -21.9323 -20.5374 -0.0407 -1.3028 3.5825 1.9355 0.6819 2.0369 6.2862 0.7924 3.5935 5.4339 0.3494 2.5047 -2.5082 -2.9984 0.2840 5.1418 -4.5276 13.3390 2.0191 -2.1176 4.5806 0.0000 0.0000 0.0000 -65.8230 -39.1473 81.9342 27.9503 -39.0704 -10.0923 -0.0000 0.0000 -43.4622 11.4014 -3.2079 -0.6465 -7.1250 0.0000 -0.0000 -11.5449 26.6644 5.2360 0.0000 0.0000 0.0000 63.1382 39.7087 90.6504 -37.9444 46.8038 -16.9251 0.0000 -0.0000 -24.1081 19.9657 -30.8653 -10.5575 7.1250 -0.0000 -0.0000 52.0640 -53.3269 -13.5411
0.2220 17.7535 8.2742 -8.1532 -0.1626 18.1180 0.0000 0.0000 0.0000 -6.3870 -39.4514 2.7038 0.0030 -0.3543 -0.9734 -5.4741 39.6667 -32.3343 0.0808 1.8333 5.0453 0.0000 0.0000 0.0000 20.5768 29.3857 -6.4039 -0.0693 -1.6986 4.6734 1.1424 -21.7455 -20.4888 -0.0407 -1.3026 3.5817 1.8632 0.5680 2.0406 6.5071 0.6428 3.4936 5.7081 0.2706 2.4091 -2.8989 -2.9408 0.1674 5.3575 -4.4949 14.0667 1.9532 -2.0836 4.3580 0.0000 0.0000 0.0000 -65.9571 -39.1093 82.2347 27.9732 -39.0915 -10.1068 -0.0000 0.0000 -43.5546 11.2750 -3.2601 -0.6496 -7.1250 0.0000 -0.0000 -11.6350 26.6129 5.2929 0.0000 0.0000 0.0000 62.8572 39.8206 91.0942 -38.0362 46.8624 -16.9920 0.0000 -0.0000 -24.2497 20.3103 -30.9127 -10.7657 7.1250 -0.0000 -0.0000 52.3868 -53.2940 -13.6217
0.2252 17.7552 8.2698 -8.0371 -0.1629 18.1192 0.0000 0.0000 0.0000 -6.5952 -39.7230 2.8838 0.0035 -0.3832 -1.0529 -5.5396 39.8897 -32.6523 0.0861 1.8931 5.2104 0.0000 0.0000 0.0000 20.3922 29.2733 -6.5171 -0.0708 -1.7165 4.7228 1.1347 -21.6531 -20.3661 -0.0368 -1.2387 3.4058 1.7344 0.4462 2.0290 6.7827 0.4790 3.4180 6.0748 0.1820 2.3499 -3.0370 -2.8936 0.2729 4.9922 -4.3754 13.8812 1.8706 -2.0538 4.2747 -0.0000 0.0000 0.0000 -66.3244 -39.0546 82.3149 27.9489 -39.0692 -10.0915 -0.0000 0.0000 -43.3091 11.4274 -3.3430 -0.6753 -7.1250 0.0000 -0.0000 -11.5127 26.5293 5.2582 -0.0000 0.0000 0.0000 62.4292 39.9774 91.3065 -38.0659 46.8814 -17.0137 0.0000 -0.0000 -24.2315 20.4798 -30.8249 -10.8342 7.1250 -0.0000 -0.0000 52.4395 -53.2008 -13.5051
0.2325 17.7562 8.2657 -7.8211 -0.2625 18.0604 0.0000 0.0000 0.0000 -6.9099 -39.5562 2.8411 0.0033 -0.3704 -1.0177 -5.5616 39.8688 -32.4039 0.0777 1.7979 4.9474 0.0000 0.0000 0.0000 20.1122 29.3903 -6.4386 -0.0713 -1.7232 4.7414 1.1493 -21.7418 -20.3907 -0.0362 -1.2273 3.3745 1.6656 0.3400 2.0959 6.9912 0.3412 3.3543 6.3360 0.1092 2.2588 -3.4409 -2.8308 0.2674 5.0088 -4.2773 13.8545 1.9461 -2.0254 4.2720 -0.0000 -0.0000 0.0000 -66.4048 -39.0950 82.5847 28.0637 -39.1748 -10.1639 -0.0000 0.0000 -43.2315 11.8059 -2.9954 -0.6258 -7.1250 0.0000 -0.0000 -11.2601 26.8753 5.0451 -0.0000 -0.0000 0.0000 63.5177 39.1182 89.4457 -37.3032 46.3885 -16.4592 0.0000 -0.0000 -21.6492 22.8346 -30.3034 -11.9949 7.1250 -0.0000 -0.0000 53.8084 -52.3984 -12.8204
0.2419 17.7547 8.2625 -7.6683 -0.4238 18.0848 0.0000 0.0000 0.0000 -7.1309 -39.3689 2.7793 0.0034 -0.3788 -1.0409 -5.5230 39.7731 -32.3480 0.0812 1.8376 5.0570 0.0000 0.0000 0.0000 19.8479 29.3637 -6.5448 -0.0726 -1.7381 4.7823 1.1379 -21.6425 -20.2979 -0.0348 -1.2043 3.3112 1.5769 0.2499 2.0250 7.2011 0.2184 3.2645 6.6119 0.0433 2.2181 -3.6714 -2.8033 -0.0389 5.0967 -4.2523 14.2388 2.0068 -2.0129 4.4453 0.0000 -0.0000 0.0000 -66.4468 -39.0576 82.4912 28.2054 -39.3047 -10.2536 -0.0000 0.0000 -43.4355 11.3428 -2.2748 -0.4562 -7.1250 0.0000 -0.0000 -11.6806 27.5967 5.0380 0.0000 -0.0000 0.0000 62.1358 39.8368 90.8358 -37.9762 46.8241 -16.9483 0.0000 -0.0000 -24.3561 21.1067 -30.5632 -11.1047 7.1250 -0.0000 -0.0000 52.6925 -52.9009 -13.1578
0.2570 17.7548 8.2619 -7.4679 -0.5531 18.0594 0.0000 0.0000 0.0000 -7.5387 -39.5186 2.8892 0.0027 -0.3381 -0.9291 -5.5682 39.8966 -32.4560 0.0829 1.8577 5.1125 0.0000 0.0000 0.0000 19.5438 29.4116 -6.5571 -0.0744 -1.7597 4.8420 1.1382 -21.6524 -20.3187 -0.0415 -1.3148 3.6153 1.5165 0.1426 2.0109 7.4193 0.0751 3.1876 6.8813 -0.0322 2.1625 -3.1343 -2.7758 0.2027 4.6556 -4.1776 13.9343 1.7898 -1.9778 4.2901 -0.0000 -0.0000 0.0000 -66.5158 -39.0807 82.4579 28.2426 -39.3386 -10.2771 -0.0000 0.0000 -43.6337 11.0441 -2.2320 -0.4355 -7.1250 0.0000 -0.0000 -11.9115 27.6391 5.1295 -0.0000 -0.0000 0.0000 62.1670 39.5469 90.0533 -37.8348 46.7335 -16.8452 0.0000 -0.0000 -24.5592 21.9226 -30.5952 -11.5762 7.1250 -0.0000 -0.0000 53.3696 -52.7694 -13.2234
0.2728 17.7546 8.2593 -7.4460 -0.7248 18.0437 0.0000 0.0000 0.0000 -7.6133 -39.2095 2.7947 0.0028 -0.3422 -0.9402 -5.5242 39.7621 -32.2970 0.0816 1.8421 5.0696 0.0000 0.0000 0.0000 19.4667 29.7192 -6.4563 -0.0737 -1.7510 4.8180 1.2010 -21.9649 -20.2597 -0.0329 -1.1702 3.2172 1.6653 0.0588 2.0741 7.6941 -0.0289 3.0726 7.0910 -0.0827 2.0207 -3.1388 -2.7215 0.0098 4.6175 -4.1061 14.1418 1.7783 -1.9410 4.3819 -0.0000 -0.0000 0.0000 -66.6300 -39.1868 82.6661 28.1100 -39.2173 -10.1932 -0.0000 0.0000 -43.5628 11.3190 -2.6942 -0.5391 -7.1250 0.0000 -0.0000 -11.6565 27.1780 5.1448 -0.0000 -0.0000 0.0000 62.1639 38.9306 89.0889 -37.9625 46.8153 -16.9382 0.0000 -0.0000 -25.9756 20.8891 -31.2891 -11.2113 7.1250 -0.0000 -0.0000 53.2140 -53.4425 -14.1793
0.2939 17.7552 8.2615 -7.1760 -1.0550 18.0296 0.0000 0.0000 0.0000 -7.9627 -38.4475 2.4656 0.0025 -0.3225 -0.8860 -5.4074 39.3560 -31.7020 0.0745 1.7606 4.8444 0.0000 0.0000 0.0000 19.0302 29.9605 -6.4013 -0.0740 -1.7553 4.8298 1.2177 -22.0450 -20.2389 -0.0387 -1.2701 3.4923 1.7385 -0.0436 2.0781 7.8620 -0.1600 2.9573 7.2299 -0.1475 1.9147 -2.5829 -2.6801 0.3445 3.7508 -3.9450 13.3128 1.5761 -1.8997 4.4854 -0.0000 0.0000 0.0000 -66.4933 -39.2163 82.7650 28.0739 -39.1842 -10.1703 -0.0000 0.0000 -43.3585 11.7054 -3.0902 -0.6399 -7.1250 0.0000 -0.0000 -11.3272 26.7807 5.1019 -0.0000 0.0000 0.0000 62.5873 37.9831 88.0748 -37.9126 46.7834 -16.9019 0.0000 -0.0000 -27.9017 18.9622 -32.3131 -10.4072 7.1250 -0.0000 -0.0000 52.6596 -54.5223 -15.5276
0.3177 17.7532 8.2640 -6.9429 -1.4452 18.0417 0.0000 0.0000 0.0000 -8.5541 -38.7180 2.8418 0.0029 -0.3486 -0.9578 -5.4452 39.6412 -32.4658 0.1013 2.0522 5.6500 0.0000 0.0000 0.0000 18.5826 29.9230 -6.5868 -0.0788 -1.8105 4.9823 1.1822 -21.7972 -20.0916 -0.0321 -1.1570 3.1809 1.7952 -0.1269 1.9839 8.0762 -0.2770 2.8927 7.4299 -0.2083 1.9164 -2.7922 -2.6347 0.0061 3.7882 -3.8844 13.5505 1.6270 -1.8745 4.6450 -0.0000 -0.0000 0.0000 -66.6687 -39.2914 82.5799 27.9405 -39.0614 -10.0862 -0.0000 0.0000 -43.1355 10.9876 -2.9794 -0.5782 -7.1250 0.0000 -0.0000 -11.8783 26.8940 5.3279 -0.0000 -0.0000 0.0000 63.4093 37.0157 85.7643 -36.7696 46.0352 -16.0740 0.0000 -0.0000 -25.8091 23.1035 -30.5267 -12.2265 7.1250 -0.0000 -0.0000 54.2299 -52.5011 -13.1445
0.3459 17.7513 8.2681 -6.6586 -1.8343 18.0338 0.0000 0.0000 0.0000 -9.2560 -39.0067 3.2339 0.0032 -0.3632 -0.9980 -5.5287 40.0169 -33.1977 0.1183 2.2178 6.1079 0.0000 0.0000 0.0000 18.0834 30.1456 -6.5639 -0.0795 -1.8184 5.0042 1.1837 -21.7990 -20.0772 -0.0301 -1.1200 3.0790 1.9343 -0.2482 2.0092 8.2507 -0.4292 2.7487 7.5387 -0.2818 1.7715 -3.0650 -2.5402 -0.1509 3.9611 -3.7673 13.5875 1.7400 -1.8221 4.6987 -0.0000 0.0000 0.0000 -66.7940 -39.2414 82.4576 27.8160 -38.9463 -10.0078 -0.0000 0.0000 -43.0161 11.1684 -3.0274 -0.5974 -7.1250 0.0000 -0.0000 -11.7375 26.8455 5.2758 -0.0000 0.0000 0.0000 64.3359 35.8852 83.6892 -35.6755 45.2885 -15.2914 0.0000 -0.0000 -25.5819 24.1761 -30.2415 -12.7401 7.1250 -0.0000 -0.0000 54.7863 -52.1075 -12.7340
0.3777 17.7500 8.2753 -6.3856 -2.3400 18.0997 0.0000 0.0000 0.0000 -9.7044 -38.4928 3.0570 0.0033 -0.3693 -1.0147 -5.4776 39.9044 -33.1731 0.1260 2.2886 6.3039 0.0000 0.0000 0.0000 17.5164 30.4482 -6.6455 -0.0811 -1.8368 5.0549 1.1577 -21.6916 -20.1573 -0.0316 -1.1475 3.1548 2.0358 -0.3419 1.9396 8.4110 -0.5473 2.5630 7.6536 -0.3384 1.6333 -2.4532 -2.4567 -0.2074 3.1568 -3.5903 13.6949 1.3597 -1.7411 4.6995 0.0000 -0.0000 0.0000 -66.9199 -39.3170 82.6625 27.6416 -38.7842 -9.8984 -0.0000 0.0000 -43.0129 11.2050 -3.0497 -0.6038 -7.1250 0.0000 -0.0000 -11.7078 26.8232 5.2682 0.0000 -0.0000 0.0000 65.6337 34.0835 80.9918 -34.1212 44.1743 -14.1975 0.0000 -0.0000 -24.5731 23.3540 -29.6964 -12.0741 7.1250 -0.0000 -0.0000 53.6424 -51.8847 -11.9535
0.4121 17.7486 8.2834 -6.2039 -3.1301 18.0886 0.0000 0.0000 0.0000 -10.1731 -37.7933 2.9163 0.0025 -0.3215 -0.8833 -5.3661 39.7131 -33.3169 0.1432 2.4391 6.7208 0.0000 0.0000 0.0000 17.0610 30.6741 -6.6715 -0.0813 -1.8397 5.0628 1.1190 -21.3553 -19.8491 -0.0243 -1.0053 2.7635 2.2972 -0.4045 1.9424 8.5045 -0.6246 2.4661 7.6038 -0.3729 1.5387 -2.1963 -2.3238 -0.6269 2.8897 -3.4126 14.5850 1.1103 -1.6364 4.5544 -0.0000 -0.0000 0.0000 -66.9187 -39.3873 82.7913 27.4451 -38.6004 -9.7755 -0.0000 0.0000 -43.0100 11.0969 -3.0485 -0.5976 -7.1250 0.0000 -0.0000 -11.7893 26.8248 5.3059 -0.0000 -0.0000 0.0000 67.1914 32.1621 77.7056 -32.0705 42.6033 -12.7885 0.0000 -0.0000 -22.5126 22.7554 -28.3719 -11.2723 7.1250 -0.0000 -0.0000 51.9818 -51.0659 -10.1181
0.4493 17.7416 8.3001 -5.7696 -4.3765 17.9040 0.0000 0.0000 0.0000 -11.3212 -37.0115 3.2261 0.0018 -0.2763 -0.7590 -5.1958 39.5623 -34.0145 0.1976 2.8625 7.8962 0.0000 0.0000 0.0000 16.3438 30.9183 -6.5309 -0.0820 -1.8476 5.0847 1.0641 -20.8625 -19.3930 -0.0124 -0.7191 1.9761 2.0778 -0.3735 1.9455 8.4770 -0.5782 2.3548 7.7001 -0.3513 1.4176 -1.3847 -2.2290 -0.2991 1.7746 -3.1795 14.0614 0.7136 -1.5507 4.7772 0.0000 -0.0000 0.0000 -66.8748 -39.3288 83.1945 27.3262 -38.4885 -9.7014 -0.0000 0.0000 -42.7735 10.7692 -3.0529 -0.5804 -7.1250 0.0000 -0.0000 -12.0354 26.8213 5.4224 0.0000 -0.0000 0.0000 69.7028 29.3514 71.7703 -29.8388 40.7548 -11.3042 0.0000 -0.0000 -20.1837 23.6375 -28.3547 -11.7424 7.1250 -0.0000 -0.0000 52.6415 -50.8983 -10.0630
0.4942 17.7352 8.3161 -5.2076 -5.6033 17.7394 0.0000 0.0000 0.0000 -12.3075 -35.5088 2.8670 0.0009 -0.1946 -0.5348 -4.9996 39.0167 -33.5943 0.2123 2.9664 8.1853 0.0000 0.0000 0.0000 15.4047 31.0050 -6.5939 -0.0846 -1.8759 5.1629 1.0195 -20.3513 -18.7669 -0.0000 -0.0204 0.0559 2.0570 -0.4571 1.9257 8.2909 -0.6885 2.3031 7.5093 -0.4050 1.3849 -1.0311 -1.9279 -0.7904 1.1200 -2.7270 15.1507 0.3987 -1.3354 4.6987 -0.0000 0.0000 0.0000 -66.3414 -39.3863 83.5103 27.3297 -38.4918 -9.7036 -0.0000 0.0000 -42.7955 10.9996 -3.0826 -0.5989 -7.1250 0.0000 -0.0000 -11.8592 26.7911 5.3483 -0.0000 0.0000 0.0000 72.4865 26.6162 64.5595 -27.5159 38.6667 -9.8197 0.0000 -0.0000 -18.2873 22.2437 -27.8993 -10.8337 7.1250 -0.0000 -0.0000 51.1744 -50.8194 -9.4961
0.5389 17.7275 8.3257 -4.5275 -7.3101 17.3789 0.0000 0.0000 0.0000 -13.6270 -34.0915 2.7620 0.0000 -0.0334 -0.0919 -4.7426 38.5232 -33.8108 0.2493 3.2128 8.8717 0.0000 0.0000 0.0000 14.3073 31.3076 -6.6378 -0.0925 -1.9618 5.4000 0.9601 -19.6631 -17.9367 -0.0070 0.5395 -1.4825 1.7087 -0.4467 2.4322 7.9679 -0.6254 2.0741 7.3629 -0.3665 0.8528 -0.3238 -1.5797 -0.2903 0.2975 -2.1926 14.7717 0.0625 -1.0867 4.9798 -0.0000 -0.0000 0.0000 -65.8420 -39.0446 83.9815 27.4097 -38.5671 -9.7534 -0.0000 0.0000 -42.6265 10.8031 -3.0393 -0.5797 -7.1250 0.0000 -0.0000 -12.0113 26.8348 5.4071 -0.0000 -0.0000 0.0000 75.3598 24.0252 55.9482 -24.7578 35.9554 -8.1473 0.0000 -0.0000 -18.7992 22.8487 -28.6455 -11.4199 7.1250 -0.0000 -0.0000 52.2965 -51.2426 -10.4909
0.5791 17.7287 8.3791 -5.6002 -8.3574 17.8061 0.0000 0.0000 0.0000 -12.3597 -32.0707 1.6634 0.0003 0.1064 0.2924 -4.4007 37.6122 -33.3900 0.2474 3.2006 8.8377 0.0000 0.0000 0.0000 15.2826 31.7329 -6.8389 -0.0944 -1.9814 5.4543 0.8905 -18.9818 -17.3205 -0.0165 0.8284 -2.2768 3.2308 -0.5308 1.7281 8.0816 -0.7713 1.9882 6.6031 -0.4254 1.1589 0.1489 -1.2831 -1.1417 -0.2431 -1.7587 15.9740 -0.1819 -0.8777 4.9770 0.0000 -0.0000 0.0000 -64.8693 -39.1047 84.3281 27.6110 -38.7556 -9.8792 -0.0000 0.0000 -42.8579 10.3180 -3.3696 -0.6131 -7.1250 0.0000 -0.0000 -12.3424 26.5081 5.6599 0.0000 -0.0000 0.0000 78.2161 21.4492 45.4735 -22.0301 33.0110 -6.6022 0.0000 -0.0000 -17.6131 20.0141 -27.5467 -9.5619 7.1250 -0.0000 -0.0000 49.1308 -50.9523 -9.1017
0.6194 17.7264 8.4118 -5.7028 -10.1811 17.7301 0.0000 0.0000 0.0000 -12.7490 -30.3797 1.4285 0.0015 0.2507 0.6888 -4.1391 37.1774 -33.9042 0.2855 3.4363 9.4959 0.0000 0.0000 0.0000 15.0999 31.9845 -7.0281 -0.1021 -2.0601 5.6718 0.7766 -17.8774 -16.4487 -0.0374 1.2478 -3.4308 3.2583 -0.4926 1.8445 7.8109 -0.7006 1.8657 6.2960 -0.3863 0.9547 1.8323 -0.8918 -1.2396 -1.4856 -1.1688 16.5265 -0.8238 -0.5695 5.1463 -0.0000 0.0000 0.0000 -63.7548 -39.0755 84.8321 27.7933 -38.9253 -9.9935 -0.0000 0.0000 -43.1487 9.9289 -3.2246 -0.5642 -7.1250 0.0000 -0.0000 -12.6487 26.6530 5.7628 -0.0000 0.0000 0.0000 80.4549 19.2049 32.4394 -19.8553 30.4676 -5.4578 0.0000 -0.0000 -14.4637 21.8518 -28.0531 -10.6803 7.1250 -0.0000 -0.0000 51.0042 -50.9979 -9.7150
0.6547 17.7216 8.4506 -5.9283 -12.1702 17.6343 0.0000 0.0000 0.0000 -13.1641 -28.8214 1.5336 0.0031 0.3609 0.9916 -3.8414 36.8857 -35.0273 0.3913 4.0169 11.1242 0.0000 0.0000 0.0000 15.1168 32.2851 -7.1182 -0.1109 -2.1474 5.9131 0.6470 -16.5947 -15.5788 -0.0728 1.7402 -4.7883 3.0689 -0.4220 1.9078 7.6136 -0.6053 1.8638 6.1919 -0.3402 0.9077 2.4127 -0.3898 -1.9993 -1.7968 -0.5061 17.6132 -0.9960 -0.2350 5.6226 -0.0000 -0.0000 0.0000 -62.5744 -39.1867 85.0961 27.9810 -39.0987 -10.1117 -0.0000 0.0000 -43.4040 9.5833 -3.3027 -0.5573 -7.1250 0.0000 -0.0000 -12.8992 26.5765 5.9063 -0.0000 -0.0000 0.0000 81.5286 16.6987 19.6129 -18.7184 29.0672 -4.8933 0.0000 -0.0000 -11.9400 21.4499 -29.5021 -10.9506 7.1250 -0.0000 -0.0000 51.9790 -52.0970 -11.6862
0.6853 17.7141 8.4927 -6.2633 -14.3567 17.6037 0.0000 0.0000 0.0000 -13.4690 -27.2367 1.7054 0.0038 0.3978 1.0929 -3.7787 37.0853 -35.9190 0.4179 4.1496 11.4978 0.0000 0.0000 0.0000 15.2310 32.4517 -7.3665 -0.1232 -2.2624 6.2313 0.4837 -14.9077 -14.6475 -0.1123 2.1606 -5.9497 2.8875 -0.3582 1.6587 7.3087 -0.5477 1.9325 5.9667 -0.3129 1.1114 3.9428 0.3031 -1.2650 -2.7874 0.4871 17.4032 -1.5092 0.2773 5.4583 -0.0000 0.0000 0.0000 -61.0607 -39.2417 84.9965 28.1878 -39.2886 -10.2424 -0.0000 0.0000 -43.5302 9.0286 -3.1445 -0.4994 -7.1250 0.0000 -0.0000 -13.3314 26.7334 6.0639 -0.0000 0.0000 0.0000 81.6687 14.4111 6.4178 -17.7617 27.8509 -4.4373 0.0000 -0.0000 -8.7286 21.0496 -28.5473 -10.4212 7.1250 -0.0000 -0.0000 50.8087 -51.4928 -10.3926
0.7169 17.7004 8.5234 -6.5898 -16.4481 17.7978 0.0000 0.0000 0.0000 -13.6891 -26.1943 1.7367 0.0051 0.4610 1.2668 -3.6041 37.2869 -37.4011 0.5630 4.8058 13.3555 0.0000 0.0000 0.0000 15.1499 32.8424 -7.9231 -0.1380 -2.3944 6.5969 0.3468 -13.3752 -13.9317 -0.1297 2.3217 -6.3955 2.8600 -0.3425 1.4630 6.8981 -0.5293 1.8107 5.5428 -0.2995 1.0884 4.5758 1.0714 -0.6976 -2.9517 1.5237 17.6661 -1.6179 0.8094 5.4878 -0.0000 0.0000 0.0000 -59.4055 -39.0996 84.7958 28.5318 -39.6012 -10.4609 -0.0000 0.0000 -44.0175 9.2955 -3.3542 -0.5487 -7.1250 0.0000 -0.0000 -13.1089 26.5262 6.0231 -0.0000 0.0000 0.0000 81.0400 12.1010 -7.6245 -17.1983 27.1185 -4.1773 0.0000 -0.0000 -5.0496 22.6990 -27.6452 -10.9837 7.1250 -0.0000 -0.0000 51.3051 -50.5585 -9.1363
0.7486 17.6811 8.5532 -6.9746 -18.8841 18.3202 0.0000 0.0000 0.0000 -13.7371 -24.7099 1.1803 0.0074 0.5549 1.5248 -3.4407 37.4236 -38.5796 0.6470 5.1455 14.3240 0.0000 0.0000 0.0000 14.7729 32.8059 -9.3542 -0.1644 -2.6124 7.2014 0.1723 -10.9623 -12.6785 -0.1911 2.8149 -7.7639 2.7848 -0.2172 1.0012 6.3860 -0.3712 1.5605 5.0392 -0.2146 1.0725 5.5633 1.7858 -0.1161 -3.4715 2.5315 18.2738 -1.9030 1.3292 5.6393 0.0000 -0.0000 0.0000 -57.7454 -38.7611 84.4731 28.8204 -39.8606 -10.6454 -0.0000 0.0000 -44.2856 9.3611 -3.5461 -0.5842 -7.1250 0.0000 -0.0000 -13.0396 26.3366 6.0492 0.0000 -0.0000 0.0000 79.8008 8.8789 -20.1371 -17.5920 27.6316 -4.3584 0.0000 -0.0000 -3.2106 22.9767 -27.7026 -11.1505 7.1250 -0.0000 -0.0000 51.5669 -50.5514 -9.2004
0.7632 17.6772 8.5936 -7.2479 -20.4210 18.1037 0.0000 0.0000 0.0000 -14.0325 -23.4958 1.5419 0.0092 0.6196 1.7026 -3.2032 37.2545 -39.4010 0.7416 5.5013 15.3440 0.0000 0.0000 0.0000 15.1194 33.0120 -9.0088 -0.1679 -2.6395 7.2765 0.1055 -9.8620 -12.1213 -0.2328 3.1055 -8.5725 2.5113 -0.3823 1.1152 5.9918 -0.5763 1.5000 4.7792 -0.3162 0.9571 6.3512 2.4923 0.1969 -3.7745 3.5036 18.9335 -2.0859 1.8320 5.8619 0.0000 0.0000 0.0000 -56.0982 -38.4312 84.0391 29.1539 -40.1570 -10.8598 -0.0000 0.0000 -44.6699 9.1376 -3.6404 -0.5851 -7.1250 0.0000 -0.0000 -13.1962 26.2443 6.1550 0.0000 0.0000 0.0000 77.2383 6.6435 -32.5487 -17.6577 27.7166 -4.3889 0.0000 -0.0000 -2.3841 21.2104 -28.5968 -10.5230 7.1250 -0.0000 -0.0000 50.9788 -51.4995 -10.4569
0.7735 17.6714 8.6322 -7.8640 -21.9831 18.1566 0.0000 0.0000 0.0000 -13.9050 -22.3191 1.8170 0.0103 0.6538 1.7966 -2.8998 37.1700 -40.6705 0.8416 5.8517 16.3548 0.0000 0.0000 0.0000 15.7670 33.0645 -8.9339 -0.1730 -2.6793 7.3870 0.0296 -8.4448 -11.4419 -0.2856 3.4368 -9.4973 2.7926 -0.5220 1.0932 5.5471 -0.7504 1.3785 4.1535 -0.3962 0.8447 7.3026 3.2538 0.7541 -4.0934 4.5639 19.4412 -2.2978 2.3899 6.0185 0.0000 -0.0000 0.0000 -54.1736 -37.8871 83.6708 29.5643 -40.5170 -11.1254 -0.0000 0.0000 -45.2437 9.5125 -3.8638 -0.6469 -7.1250 0.0000 -0.0000 -12.8937 26.0221 6.0758 0.0000 -0.0000 0.0000 74.1994 4.0487 -43.2689 -18.2429 28.4671 -4.6644 0.0000 -0.0000 -3.8693 18.2273 -29.8685 -9.3136 7.1250 -0.0000 -0.0000 49.7233 -52.9514 -12.1159
0.7760 17.6647 8.6667 -8.3811 -23.3759 18.2223 0.0000 0.0000 0.0000 -13.8793 -21.6015 2.2398 0.0106 0.6655 1.8289 -2.5877 37.1982 -42.1188 1.0020 6.3699 17.8616 0.0000 0.0000 0.0000 16.3049 33.0381 -8.9106 -0.1767 -2.7080 7.4668 -0.0233 -7.1776 -10.7550 -0.3496 3.7988 -10.5112 2.8352 -0.7174 0.9294 5.1250 -1.0076 1.2411 3.6877 -0.5205 0.7993 7.6902 3.9826 0.9044 -3.8526 5.4970 20.4903 -2.2349 2.8812 6.3953 0.0000 0.0000 0.0000 -52.4038 -37.1856 83.2785 29.8706 -40.7822 -11.3250 -0.0000 0.0000 -45.5933 9.5473 -3.9582 -0.6652 -7.1250 0.0000 -0.0000 -12.8583 25.9287 6.0871 0.0000 0.0000 0.0000 70.8372 1.3834 -52.2590 -19.5085 30.0456 -5.2830 0.0000 -0.0000 -6.7462 16.0391 -30.9161 -8.4021 7.1250 -0.0000 -0.0000 48.8770 -54.1188 -13.3856
0.7711 17.6616 8.7087 -8.7533 -24.6041 17.9480 0.0000 0.0000 0.0000 -14.1578 -20.8558 3.1972 0.0083 0.5897 1.6205 -2.3698 37.3253 -43.2712 1.0948 6.6492 18.6802 0.0000 0.0000 0.0000 16.9859 32.6505 -8.3860 -0.1726 -2.6767 7.3798 -0.0720 -5.8693 -10.1554 -0.4025 4.0732 -11.2827 2.8150 -0.9460 0.9946 4.6173 -1.2985 1.1805 3.1731 -0.6619 0.7006 9.0999 4.5881 1.8960 -4.4752 6.4218 20.4736 -2.6347 3.3919 6.3520 0.0000 -0.0000 0.0000 -50.4539 -36.3700 83.0973 30.3843 -41.2205 -11.6620 -0.0000 0.0000 -46.2646 9.7904 -4.1672 -0.7184 -7.1250 0.0000 -0.0000 -12.6568 25.7203 6.0504 0.0000 -0.0000 0.0000 66.9152 -0.9721 -59.6701 -21.1753 32.0324 -6.1427 0.0000 -0.0000 -10.7983 13.9427 -32.4706 -7.5920 7.1250 -0.0000 -0.0000 48.5972 -55.6507 -15.2708
0.7523 17.6699 8.7367 -8.9123 -25.3902 17.3518 0.0000 0.0000 0.0000 -14.3408 -19.8122 3.8751 0.0095 0.6298 1.7307 -2.1177 36.9395 -43.6140 1.1626 6.8449 19.2567 0.0000 0.0000 0.0000 17.7111 32.8605 -7.2122 -0.1668 -2.6315 7.2545 -0.0874 -5.5757 -10.1517 -0.3922 4.0214 -11.1368 2.5634 -1.3450 1.1944 4.0746 -1.8087 1.0842 2.7604 -0.9148 0.4964 10.0329 5.2193 2.4204 -4.4033 7.2641 21.3907 -2.7249 3.8736 6.6647 0.0000 -0.0000 0.0000 -48.4952 -35.2484 83.0903 30.9296 -41.6770 -12.0230 -0.0000 0.0000 -46.9170 9.8470 -4.1818 -0.7252 -7.1250 0.0000 -0.0000 -12.6134 25.7054 6.0332 0.0000 -0.0000 0.0000 62.8333 -3.6595 -63.9737 -23.6177 34.7573 -7.4875 0.0000 -0.0000 -16.0094 10.8226 -34.3821 -6.1615 7.1250 -0.0000 -0.0000 47.8527 -57.6805 -17.4573
0.7471 17.6650 8.7204 -8.1653 -27.0466 16.4883 0.0000 0.0000 0.0000 -15.6907 -19.3143 4.4860 0.0131 0.7384 2.0293 -1.7194 36.9595 -45.2063 1.3647 7.3938 20.8874 0.0000 0.0000 0.0000 16.9750 32.6967 -7.3261 -0.1916 -2.8188 7.7747 -0.1310 -4.1677 -9.6450 -0.4087 4.1039 -11.3693 1.4682 -1.5652 1.8653 3.1781 -2.0702 0.9344 2.4743 -1.0447 -0.0215 10.2298 5.8651 2.5961 -3.8544 8.0374 22.0761 -2.5303 4.2941 6.9152 0.0000 0.0000 0.0000 -46.4580 -34.0592 82.7569 31.4232 -42.0825 -12.3525 -0.0000 0.0000 -47.2792 9.7669 -4.2214 -0.7260 -7.1250 0.0000 -0.0000 -12.6690 25.6668 6.0728 0.0000 0.0000 0.0000 58.6829 -6.1459 -66.1269 -26.8716 38.0564 -9.4198 0.0000 -0.0000 -22.0357 7.9229 -35.4805 -4.6182 7.1250 -0.0000 -0.0000 46.4718 -59.1256 -18.4695
0.7227 17.6615 8.7483 -9.3410 -27.9341 16.9165 0.0000 0.0000 0.0000 -14.9558 -19.0628 5.3173 0.0085 0.5952 1.6355 -1.4951 37.3245 -46.6170 1.4678 7.6562 21.6746 0.0000 0.0000 0.0000 18.4043 32.2603 -7.2568 -0.1945 -2.8401 7.8338 -0.1693 -2.6308 -9.2038 -0.4300 4.2084 -11.6636 2.3548 -1.8038 1.1762 2.7001 -2.3977 0.8241 1.4712 -1.2017 0.2051 11.1483 6.3264 3.1734 -3.9148 8.6841 22.3499 -2.6706 4.6714 7.0130 0.0000 0.0000 0.0000 -44.6465 -32.7175 82.4742 31.8584 -42.4340 -12.6452 -0.0000 0.0000 -47.5184 9.6642 -4.4902 -0.7638 -7.1250 0.0000 -0.0000 -12.7191 25.4017 6.1788 0.0000 0.0000 0.0000 54.4723 -8.4708 -67.5131 -30.6473 41.4418 -11.8357 0.0000 -0.0000 -27.8162 5.9346 -35.6670 -3.4685 7.1250 -0.0000 -0.0000 44.8720 -59.7284 -18.3220
0.6982 17.6560 8.7559 -10.1509 -28.7968 17.1939 0.0000 0.0000 0.0000 -14.6575 -19.3164 6.3403 0.0044 0.4289 1.1785 -1.0284 37.6262 -48.6795 1.6719 8.1464 23.1597 0.0000 0.0000 0.0000 19.3666 32.1053 -7.3144 -0.2066 -2.9265 8.0742 -0.1952 -1.3924 -8.9759 -0.3956 4.0386 -11.1854 2.7730 -2.0256 0.6842 2.1713 -2.7031 0.6869 0.6838 -1.3494 0.2977 11.4227 6.8790 2.7651 -3.6101 9.3202 23.3312 -2.5471 5.0136 7.4694 0.0000 0.0000 0.0000 -43.1102 -31.3926 81.9471 32.1185 -42.6415 -12.8210 -0.0000 0.0000 -47.7908 9.5431 -4.0918 -0.6873 -7.1250 0.0000 -0.0000 -12.8480 25.7966 6.1228 0.0000 0.0000 0.0000 50.0650 -10.1955 -68.7319 -34.8056 44.6728 -14.6765 0.0000 -0.0000 -32.0335 4.3649 -36.2000 -2.5812 7.1250 -0.0000 -0.0000 44.0414 -60.4961 -18.7169
0.6714 17.6443 8.7493 -10.4108 -29.7232 17.1086 0.0000 0.0000 0.0000 -14.9546 -19.4732 7.4347 0.0015 0.2540 0.6978 -0.6425 37.9596 -50.3910 1.8387 8.5217 24.3101 0.0000 0.0000 0.0000 19.7969 31.6683 -7.4890 -0.2252 -3.0548 8.4315 -0.2091 0.0296 -8.6267 -0.3706 3.9102 -10.8241 2.2981 -2.3396 0.3971 1.7020 -3.1237 0.4608 0.4639 -1.5607 0.2220 11.9766 7.3051 3.0208 -3.8968 9.9544 23.9178 -2.6861 5.3389 7.7261 0.0000 0.0000 0.0000 -42.0345 -29.5175 81.1350 32.4425 -42.8971 -13.0410 -0.0000 0.0000 -48.0479 10.0994 -4.4454 -0.7909 -7.1250 0.0000 -0.0000 -12.4010 25.4419 6.0051 0.0000 0.0000 0.0000 45.1483 -10.8107 -70.6630 -39.4458 47.7381 -18.0280 0.0000 -0.0000 -34.0798 5.8755 -35.5996 -3.4282 7.1250 -0.0000 -0.0000 44.7404 -59.6932 -18.2157
0.6427 17.6454 8.7276 -10.7845 -30.0738 16.8152 0.0000 0.0000 0.0000 -14.9432 -19.7130 8.5225 0.0005 0.1422 0.3908 -0.3708 38.1677 -51.5018 1.9516 8.7645 25.0615 0.0000 0.0000 0.0000 20.5701 31.1248 -7.3037 -0.2436 -3.1760 8.7692 -0.2175 0.9755 -8.5191 -0.3861 3.9905 -11.0499 1.7634 -2.8377 0.6792 1.4855 -3.7734 0.2057 0.5665 -1.8891 -0.1830 12.3422 7.8417 3.5360 -4.4060 10.8288 24.3253 -2.8604 5.7482 7.9052 0.0000 -0.0000 0.0000 -41.3941 -27.2070 79.9468 32.9954 -43.3265 -13.4189 -0.0000 0.0000 -48.2658 11.0344 -4.6134 -0.8986 -7.1250 0.0000 -0.0000 -11.6927 25.2642 5.6971 0.0000 -0.0000 0.0000 40.8587 -11.8464 -69.2620 -48.1599 52.2258 -24.7121 0.0000 -0.0000 -41.4127 -0.5977 -35.9944 0.3513 7.1250 -0.0000 -0.0000 39.0939 -61.5657 -17.1975
0.6041 17.6448 8.7000 -10.9161 -30.2154 16.4960 0.0000 0.0000 0.0000 -15.0384 -19.9526 9.5037 0.0000 -0.0138 -0.0380 -0.2049 38.3724 -52.2615 2.0293 8.9268 25.5666 0.0000 0.0000 0.0000 21.0721 30.7280 -7.1717 -0.2614 -3.2890 9.0843 -0.2247 1.6912 -8.5223 -0.3569 3.8382 -10.6218 1.1307 -3.1886 0.8540 1.0967 -4.2367 -0.0883 0.5472 -2.1213 -0.5668 12.3989 8.3161 3.4337 -4.3507 11.4615 24.9871 -2.7869 6.0511 8.2134 0.0000 -0.0000 0.0000 -40.5179 -25.2462 79.3282 33.9778 -44.0683 -14.0976 -0.0000 0.0000 -49.0207 12.0335 -5.0298 -1.0707 -7.1250 0.0000 -0.0000 -10.9187 24.8327 5.4178 0.0000 -0.0000 0.0000 36.1530 -11.7200 -70.3193 -55.1775 54.8816 -30.3611 0.0000 -0.0000 -43.5864 -4.9447 -38.0672 3.0535 7.1250 -0.0000 -0.0000 37.4045 -64.3160 -18.7352
0.5559 17.6432 8.6713 -10.9071 -29.8720 16.1842 0.0000 0.0000 0.0000 -15.0235 -20.3235 10.1965 0.0004 -0.1210 -0.3324 -0.3169 38.6713 -52.3324 1.9950 8.8556 25.3446 0.0000 0.0000 0.0000 21.4787 30.5418 -6.9626 -0.2808 -3.4082 9.4175 -0.2442 1.7661 -8.8857 -0.3083 3.5696 -9.8688 0.4497 -3.5306 0.8396 0.7056 -4.6989 -0.4123 0.5443 -2.3504 -0.8684 12.4864 8.6457 3.4065 -4.4504 11.9421 25.4145 -2.7861 6.2740 8.4255 0.0000 0.0000 0.0000 -39.8371 -23.5350 78.9924 35.0734 -44.8645 -14.8651 -0.0000 0.0000 -49.7171 12.1116 -5.0125 -1.0742 -7.1250 0.0000 -0.0000 -10.8622 24.8487 5.3847 0.0000 0.0000 0.0000 31.6515 -12.5035 -70.0000 -62.2930 56.8906 -36.2555 0.0000 -0.0000 -43.6947 -5.3614 -37.0586 3.2370 7.1250 -0.0000 -0.0000 35.6804 -63.6345 -17.1998
0.5088 17.6431 8.6494 -10.9252 -29.1733 15.9454 0.0000 0.0000 0.0000 -15.1160 -21.3812 11.2044 0.0017 -0.2689 -0.7388 -0.2145 38.9923 -53.0479 2.0151 8.8976 25.4754 0.0000 0.0000 0.0000 21.9083 30.1740 -6.7882 -0.2923 -3.4769 9.6093 -0.2637 1.5922 -9.2740 -0.2871 3.4459 -9.5227 -0.2424 -4.0374 0.8089 0.5875 -5.3843 -0.8001 0.8313 -2.6877 -1.1928 11.9575 9.0642 3.5141 -4.7542 12.6317 25.5899 -2.7481 6.5258 8.5104 0.0000 0.0000 0.0000 -39.4309 -21.5652 78.5438 36.3239 -45.7346 -15.7540 -0.0000 0.0000 -50.2663 11.8588 -5.3178 -1.1149 -7.1250 0.0000 -0.0000 -11.0262 24.5469 5.5477 0.0000 0.0000 0.0000 26.0413 -12.0894 -69.4253 -68.4036 58.1622 -41.4124 0.0000 -0.0000 -42.1844 -5.3450 -35.9520 3.1440 7.1250 -0.0000 -0.0000 34.3576 -62.7400 -15.7665
0.4591 17.6484 8.6309 -11.1261 -28.1300 15.5468 0.0000 0.0000 0.0000 -15.0120 -22.3516 12.4743 0.0048 -0.4476 -1.2299 -0.2784 39.3140 -53.2923 1.9578 8.7775 25.1019 0.0000 0.0000 0.0000 22.7360 29.5451 -6.3289 -0.3059 -3.5559 9.8306 -0.2894 1.3151 -9.7851 -0.2841 3.4278 -9.4721 -0.4431 -4.3851 0.9296 0.2938 -5.8559 -1.1008 0.6771 -2.9205 -1.5725 11.3844 9.3192 3.2396 -5.0504 13.0748 25.8422 -2.7031 6.6516 8.6604 0.0000 -0.0000 0.0000 -38.7833 -20.0402 78.5041 37.7855 -46.7018 -16.8093 -0.0000 0.0000 -50.8959 11.7722 -5.5590 -1.1566 -7.1250 0.0000 -0.0000 -11.0721 24.3068 5.6344 0.0000 -0.0000 0.0000 20.4980 -11.5162 -68.9426 -74.3315 59.0517 -46.4739 0.0000 -0.0000 -40.6014 -5.7035 -34.9906 3.2779 7.1250 -0.0000 -0.0000 32.9063 -62.0443 -14.4817
0.4127 17.6494 8.6167 -11.2153 -26.7548 14.9365 0.0000 0.0000 0.0000 -14.9852 -23.3173 13.6726 0.0074 -0.5573 -1.5315 -0.5005 39.5866 -53.0369 1.8758 8.6025 24.5595 0.0000 0.0000 0.0000 23.4933 28.6934 -5.7667 -0.3204 -3.6382 10.0610 -0.3144 0.8447 -10.3280 -0.2912 3.4700 -9.5902 -0.3053 -4.6345 1.2993 -0.2202 -6.1998 -1.4891 0.1438 -3.0941 -2.2454 11.0428 9.4784 3.1367 -5.3414 13.4015 26.1205 -2.7107 6.7459 8.7978 0.0000 0.0000 0.0000 -38.0852 -18.6339 78.5184 39.5658 -47.8106 -18.1169 -0.0000 0.0000 -51.3728 11.6231 -5.7195 -1.1743 -7.1250 0.0000 -0.0000 -11.1700 24.1491 5.7276 0.0000 0.0000 0.0000 14.8818 -10.9350 -68.1668 -79.7794 59.6016 -51.1605 0.0000 -0.0000 -39.5145 -6.4522 -33.7600 3.5961 7.1250 -0.0000 -0.0000 30.8485 -61.2013 -12.8586
0.3615 17.6495 8.6040 -11.3669 -25.2392 14.3249 0.0000 0.0000 0.0000 -14.6615 -23.8763 14.6098 0.0110 -0.6764 -1.8588 -0.9734 39.7647 -51.9377 1.7270 8.2726 23.5453 0.0000 0.0000 0.0000 24.3794 28.0368 -4.9913 -0.3268 -3.6743 10.1622 -0.3372 0.0653 -10.9464 -0.2681 3.3310 -9.2018 0.1332 -4.6597 1.7839 -0.8504 -6.2453 -1.8918 -0.6667 -3.1296 -3.0499 10.2438 9.6129 2.1758 -5.2404 13.5950 26.7347 -2.4782 6.7481 9.1302 0.0000 -0.0000 0.0000 -37.3896 -17.5582 78.3247 41.6101 -48.9954 -19.6458 -0.0000 0.0000 -51.8521 11.3877 -5.7248 -1.1510 -7.1250 0.0000 -0.0000 -11.3426 24.1485 5.8197 0.0000 -0.0000 0.0000 9.1721 -10.3176 -67.3752 -83.9852 59.8629 -54.7934 0.0000 -0.0000 -36.8499 -6.5446 -32.4284 3.5204 7.1250 -0.0000 -0.0000 29.4583 -60.0879 -11.4321
0.3075 17.6514 8.5923 -11.0813 -23.4885 13.6082 0.0000 0.0000 0.0000 -14.6933 -24.5779 15.2956 0.0127 -0.7286 -2.0024 -1.3569 39.6726 -50.6656 1.5708 7.9082 22.4355 0.0000 0.0000 0.0000 24.7713 27.5257 -4.3134 -0.3366 -3.7283 10.3136 -0.3599 -1.0366 -11.7561 -0.2504 3.2196 -8.8908 0.2810 -4.6553 2.3417 -1.5691 -6.2727 -2.4139 -1.3999 -3.1584 -4.0037 9.7375 9.7106 1.9030 -5.7648 13.9090 26.6118 -2.5328 6.8043 9.1565 -0.0000 0.0000 0.0000 -36.9676 -16.2105 77.8228 43.8267 -50.1806 -21.3337 -0.0000 0.0000 -52.4573 11.5481 -5.7951 -1.1819 -7.1250 0.0000 -0.0000 -11.2196 24.0751 5.7736 -0.0000 0.0000 0.0000 2.9718 -8.8210 -66.4190 -86.3023 59.9483 -56.7982 0.0000 -0.0000 -33.6497 -6.7279 -31.2765 3.5047 7.1250 -0.0000 -0.0000 28.2364 -59.1333 -10.2576
0.2509 17.6598 8.5900 -10.6927 -21.4700 12.9302 0.0000 0.0000 0.0000 -14.6174 -25.1239 15.6676 0.0151 -0.7941 -2.1826 -2.1451 39.7885 -48.3485 1.2572 7.1080 20.0357 0.0000 0.0000 0.0000 25.0359 26.8642 -3.6655 -0.3387 -3.7401 10.3466 -0.3748 -2.2971 -12.6362 -0.2624 3.2958 -9.1033 0.5927 -4.3442 2.7185 -2.5919 -5.9075 -2.9664 -2.5878 -3.0130 -4.9270 9.1802 9.5360 1.3228 -5.5980 13.6850 26.7066 -2.3803 6.6588 9.2141 0.0000 0.0000 0.0000 -35.8503 -16.5934 78.3160 45.7983 -51.1536 -22.8588 -0.0000 0.0000 -53.9675 11.0850 -5.8933 -1.1524 -7.1250 0.0000 -0.0000 -11.5519 23.9864 5.9756 0.0000 0.0000 0.0000 -3.1985 -7.6226 -65.2356 -86.8043 59.9614 -57.2328 0.0000 -0.0000 -31.1097 -7.2909 -30.3880 3.7030 7.1250 -0.0000 -0.0000 26.9225 -58.4797 -9.3061
0.1922 17.6780 8.5913 -10.6350 -19.1329 12.3755 0.0000 0.0000 0.0000 -14.3122 -26.1859 16.3115 0.0189 -0.8885 -2.4421 -2.3411 39.4180 -47.0579 1.1582 6.8326 19.2205 0.0000 0.0000 0.0000 25.7011 26.1949 -2.8558 -0.3295 -3.6890 10.2032 -0.3732 -3.8268 -13.5898 -0.2464 3.1945 -8.8207 1.1501 -3.9726 3.1456 -3.4213 -5.4429 -3.3764 -3.7493 -2.8336 -5.7173 8.1716 9.2645 0.4738 -5.3977 13.3316 26.5613 -2.1474 6.4155 9.1871 -0.0000 -0.0000 0.0000 -35.4200 -15.8697 77.9539 47.7670 -52.0542 -24.4018 -0.0000 0.0000 -53.3321 11.0181 -6.4231 -1.2478 -7.1250 0.0000 -0.0000 -11.5615 23.4592 6.1244 -0.0000 -0.0000 0.0000 -9.4218 -5.0291 -64.3989 -85.5878 59.9263 -56.1798 0.0000 -0.0000 -26.8639 -7.4809 -29.1201 3.6564 7.1250 -0.0000 -0.0000 25.7339 -57.3947 -8.1744
0.1342 17.6987 8.5889 -10.8614 -16.3826 11.7794 0.0000 0.0000 0.0000 -13.7418 -27.5512 17.0333 0.0222 -0.9622 -2.6447 -2.6937 39.3111 -45.5992 0.9779 6.2951 17.6432 0.0000 0.0000 0.0000 26.7215 25.3842 -1.9324 -0.3135 -3.5995 9.9527 -0.3361 -5.6067 -14.4472 -0.2070 2.9293 -8.0819 1.8457 -3.4159 3.6429 -4.0968 -4.7070 -3.6580 -4.8835 -2.5298 -6.3659 6.8314 8.7050 -0.4339 -4.8135 12.5344 26.6262 -1.7727 5.9686 9.1695 0.0000 0.0000 0.0000 -35.4760 -17.1272 78.2502 48.1057 -52.2023 -24.6692 -0.0000 0.0000 -53.5677 10.7762 -6.2062 -1.1788 -7.1250 0.0000 -0.0000 -11.7541 23.6809 6.1693 0.0000 0.0000 0.0000 -15.4907 -2.0644 -63.4432 -83.3493 59.8322 -54.2436 0.0000 -0.0000 -23.5269 -7.3907 -28.4592 3.5371 7.1250 -0.0000 -0.0000 25.3326 -56.7844 -7.6545
0.0808 17.7125 8.5742 -11.1578 -13.1388 11.0882 0.0000 0.0000 0.0000 -12.5611 -28.2707 16.8546 0.0208 -0.9313 -2.5598 -3.5643 39.2041 -41.8819 0.5909 4.9214 13.6846 0.0000 0.0000 0.0000 27.7594 24.0971 -1.1538 -0.2915 -3.4720 9.5956 -0.2815 -7.4000 -15.3528 -0.1456 2.4587 -6.7752 2.6982 -2.7598 4.4225 -4.6957 -3.8069 -3.7634 -6.0702 -2.1547 -6.9440 4.9625 7.8711 -1.6918 -3.8354 11.3316 26.8856 -1.1993 5.3148 9.2215 -0.0000 -0.0000 0.0000 -35.5340 -18.9718 78.6602 48.2983 -52.2857 -24.8215 -0.0000 0.0000 -53.8712 11.1313 -6.1553 -1.2086 -7.1250 0.0000 -0.0000 -11.4984 23.7239 6.0180 -0.0000 -0.0000 0.0000 -21.2153 1.9323 -63.0850 -80.2750 59.6396 -51.5881 0.0000 -0.0000 -21.1957 -6.4157 -27.4939 2.9716 7.1250 -0.0000 -0.0000 25.6027 -55.7232 -7.0697
0.0250 17.7249 8.5487 -11.5159 -9.6495 10.5603 0.0000 0.0000 0.0000 -11.0915 -29.2986 16.2066 0.0170 -0.8407 -2.3107 -4.0631 38.6957 -38.3355 0.3022 3.5346 9.7709 0.0000 0.0000 0.0000 28.7621 23.0547 -0.6806 -0.2775 -3.3880 9.3609 -0.2011 -9.3893 -16.4133 -0.0864 1.8962 -5.2190 3.4432 -1.9965 5.0037 -5.2145 -2.7436 -3.5864 -7.1731 -1.6787 -7.0241 3.0765 6.7441 -3.6762 -2.6484 9.7108 27.3585 -0.5555 4.4777 9.4992 0.0000 -0.0000 0.0000 -35.7737 -21.8443 78.8154 47.8652 -52.0973 -24.4793 -0.0000 0.0000 -53.9806 10.9854 -5.8188 -1.1274 -7.1250 0.0000 -0.0000 -11.6306 24.0628 5.9970 0.0000 -0.0000 0.0000 -26.0760 6.3788 -63.2653 -76.5631 59.3067 -48.3904 0.0000 -0.0000 -17.3926 -5.4581 -26.0449 2.4024 7.1250 -0.0000 -0.0000 25.5568 -54.2409 -6.1077
-0.0391 17.7347 8.5088 -11.8133 -5.9565 10.1194 0.0000 0.0000 0.0000 -8.9470 -29.4385 14.2015 0.0096 -0.6334 -1.7406 -4.2385 37.1957 -33.2799 0.0724 1.7364 4.7776 0.0000 0.0000 0.0000 29.5843 21.8004 -0.6832 -0.2733 -3.3627 9.2902 -0.1060 -11.1683 -17.3458 -0.0533 1.4892 -4.0959 4.1631 -1.0592 5.4540 -5.7948 -1.4393 -3.2230 -8.3800 -1.0643 -6.7379 1.0749 5.2358 -5.7119 -1.1643 7.5462 27.7576 0.1514 3.4238 9.7969 0.0000 0.0000 0.0000 -36.1158 -25.6937 79.0642 47.0364 -51.7280 -23.8270 -0.0000 0.0000 -54.1212 10.3205 -5.3868 -0.9794 -7.1250 0.0000 -0.0000 -12.1538 24.5046 6.1513 0.0000 0.0000 0.0000 -30.0184 11.0657 -63.0421 -71.7769 58.7073 -44.2869 0.0000 -0.0000 -14.0143 -4.9194 -25.0340 2.0859 7.1250 -0.0000 -0.0000 25.4326 -53.2353 -5.4294
-0.1114 17.7460 8.4430 -12.3949 -2.0352 9.7478 0.0000 0.0000 0.0000 -6.4049 -30.0072 11.9153 0.0036 -0.3875 -1.0647 -4.1037 35.4536 -28.8056 0.0001 -0.0539 -0.1480 0.0000 0.0000 0.0000 30.6753 20.7602 -0.9233 -0.2737 -3.3649 9.2964 0.0111 -13.1246 -18.5238 -0.0164 0.8280 -2.2757 4.9573 -0.2375 5.9576 -5.9826 -0.2488 -2.7284 -9.1892 -0.4779 -6.2967 -0.9197 3.6113 -6.9199 -0.2540 5.3869 27.4652 0.6165 2.3419 9.7991 0.0000 -0.0000 0.0000 -36.7652 -28.8263 78.8095 46.8645 -51.6499 -23.6921 -0.0000 0.0000 -54.6045 10.7392 -5.0746 -0.9611 -7.1250 0.0000 -0.0000 -11.8718 24.8087 5.9167 0.0000 -0.0000 0.0000 -33.0426 16.7846 -62.6574 -65.9275 57.6930 -39.3141 0.0000 -0.0000 -10.8826 -5.1139 -23.7364 2.0631 7.1250 -0.0000 -0.0000 24.4798 -52.0967 -4.4990
-0.1869 17.7574 8.3595 -13.0736 1.7428 9.2720 0.0000 0.0000 0.0000 -3.7043 -30.2977 9.2659 0.0002 -0.0869 -0.2388 -3.7363 33.2821 -24.5156 0.0980 -2.0186 -5.5571 0.0000 0.0000 0.0000 31.7154 19.5680 -1.5660 -0.2966 -3.5020 9.6796 0.0553 -14.5112 -19.9938 -0.0001 -0.0757 0.2081 5.7614 0.5538 6.4495 -5.9904 0.9177 -2.0597 -9.7947 0.1277 -5.6261 -2.5811 1.9288 -7.8176 0.5158 3.1593 27.2654 0.9570 1.2484 9.8628 0.0000 -0.0000 0.0000 -37.1640 -32.2712 78.8075 46.7109 -51.5796 -23.5717 -0.0000 0.0000 -55.2607 11.5837 -5.2012 -1.0645 -7.1250 0.0000 -0.0000 -11.2382 24.6686 5.6259 0.0000 -0.0000 0.0000 -35.0637 24.0579 -63.2396 -57.6390 55.6473 -32.3841 0.0000 -0.0000 -7.0542 -2.4831 -22.3146 0.9433 7.1250 -0.0000 -0.0000 26.1206 -50.3896 -3.6896
-0.2646 17.7637 8.2653 -13.7421 4.9285 8.7096 0.0000 0.0000 0.0000 -1.5166 -30.8384 7.2825 0.0003 0.1082 0.2973 -3.4406 31.6260 -21.2776 0.2882 -3.4523 -9.5406 0.0000 0.0000 0.0000 32.6182 18.1560 -2.4435 -0.3264 -3.6718 10.1551 0.1008 -15.4132 -20.8113 -0.0051 -0.4628 1.2717 6.3494 1.3825 6.9275 -5.7840 2.1236 -1.3678 -10.0268 0.7790 -4.8934 -4.1042 0.2871 -8.3958 1.3694 0.9542 27.1630 1.2928 0.1887 9.9654 0.0000 0.0000 0.0000 -37.6095 -35.4323 78.6600 46.4987 -51.4819 -23.4056 -0.0000 0.0000 -55.0400 11.3260 -5.6923 -1.1381 -7.1250 0.0000 -0.0000 -11.3904 24.1823 5.8361 0.0000 0.0000 0.0000 -36.3253 33.4905 -65.4768 -47.4802 51.9272 -24.1759 0.0000 -0.0000 -3.4195 -0.8105 -21.5367 0.2976 7.1250 -0.0000 -0.0000 27.2139 -49.4410 -3.1934
-0.3410 17.7592 8.1689 -14.5307 7.4109 8.2375 0.0000 0.0000 0.0000 0.5646 -31.3390 5.4716 0.0026 0.3270 0.8983 -3.1271 30.1590 -19.3571 0.4702 -4.3982 -12.1996 0.0000 0.0000 0.0000 33.5129 16.7057 -3.4950 -0.3539 -3.8218 10.5758 0.0868 -15.6267 -21.2775 -0.0187 -0.8823 2.4250 6.9571 2.2705 7.1810 -5.4546 3.4002 -0.7529 -10.1173 1.4746 -4.0900 -5.5786 -1.3224 -8.7027 2.3450 -1.2498 27.0933 1.6519 -0.8526 10.0904 -0.0000 0.0000 0.0000 -38.2553 -37.9674 78.3888 46.1516 -51.3203 -23.1343 -0.0000 0.0000 -54.9664 10.4579 -5.7337 -1.0564 -7.1250 0.0000 -0.0000 -12.0241 24.1575 6.1817 -0.0000 0.0000 0.0000 -36.0832 44.0528 -66.9649 -35.4284 45.1156 -15.1161 0.0000 -0.0000 -1.0582 2.5607 -22.0805 -0.9632 7.1250 -0.0000 -0.0000 30.5260 -49.4142 -3.6283
-0.4189 17.7528 8.0650 -14.7970 8.9611 7.8501 0.0000 0.0000 0.0000 1.6339 -32.0170 4.4241 0.0047 0.4422 1.2150 -3.0703 29.7491 -18.1958 0.6268 -5.0661 -14.0973 0.0000 0.0000 0.0000 33.7906 15.7553 -4.3969 -0.3869 -3.9944 11.0608 0.0780 -15.6782 -21.4468 -0.0304 -1.1263 3.0963 7.0355 3.4278 7.6067 -5.4543 4.9796 -0.2725 -10.2858 2.3205 -3.4598 -6.1120 -2.9137 -8.4032 3.3823 -3.6593 26.6071 1.8386 -1.8906 9.9985 0.0000 -0.0000 0.0000 -38.8431 -40.7742 78.9997 45.3082 -50.9186 -22.4777 -0.0000 0.0000 -55.4771 10.4241 -5.4218 -0.9959 -7.1250 0.0000 -0.0000 -12.0747 24.4682 6.1199 0.0000 -0.0000 0.0000 -31.5620 51.8425 -59.1404 -24.1048 35.2749 -7.7670 0.0000 -0.0000 -0.2909 9.1738 -23.1549 -3.6335 7.1250 -0.0000 -0.0000 36.9307 -49.3184 -4.4905
-0.5015 17.7514 7.9975 -15.7054 10.7390 8.1970 0.0000 0.0000 0.0000 4.3318 -31.9931 1.7736 0.0085 0.5940 1.6323 -2.8136 28.4823 -16.4822 0.8523 -5.8877 -16.4590 0.0000 0.0000 0.0000 34.7639 15.0848 -5.8549 -0.3972 -4.0463 11.2070 0.0895 -15.8460 -21.5709 -0.0431 -1.3401 3.6851 8.4959 5.1082 7.1563 -5.7833 7.3253 0.1710 -11.5303 3.5984 -1.9789 -7.1451 -5.1549 -8.0185 5.8424 -7.2415 25.6854 2.4664 -3.3799 9.9314 0.0000 -0.0000 0.0000 -39.0018 -44.7745 80.5161 45.1753 -50.8541 -22.3746 -0.0000 0.0000 -55.1897 10.5665 -5.1269 -0.9550 -7.1250 0.0000 -0.0000 -11.9949 24.7592 5.9948 0.0000 -0.0000 0.0000 -19.4299 53.3364 -31.1653 -16.4770 26.1631 -3.8539 0.0000 0.0000 7.2451 12.8374 -22.6034 -5.0055 7.1250 -0.0000 -0.0000 39.6369 -48.3168 -3.8079
-0.5825 17.7563 7.9469 -16.4694 12.0116 8.3725 0.0000 0.0000 0.0000 6.4140 -32.3826 0.1854 0.0103 0.6542 1.7979 -2.7033 27.9422 -15.8821 0.9116 -6.0840 -17.0283 0.0000 0.0000 0.0000 35.6918 15.1082 -6.5568 -0.3933 -4.0270 11.1525 0.1370 -16.4124 -21.9177 -0.0700 -1.7063 4.6948 8.7668 6.1988 7.4600 -5.3724 8.8284 0.8212 -11.2398 4.4390 -1.0969 -9.6035 -6.7955 -8.4864 8.5204 -9.7089 24.7124 3.4953 -4.4632 10.1454 -0.0000 -0.0000 0.0000 -39.5613 -46.3589 79.3246 45.5427 -51.0316 -22.6600 -0.0000 0.0000 -54.2980 11.2826 -5.4811 -1.0917 -7.1250 0.0000 -0.0000 -11.4385 24.3942 5.8044 -0.0000 -0.0000 0.0000 -6.0466 51.8249 9.9637 -18.5456 28.8502 -4.8096 0.0000 0.0000 1.8552 18.2070 -23.6811 -7.5257 7.1250 -0.0000 -0.0000 44.6944 -48.3471 -4.5519
-0.6605 17.7537 7.9422 -16.8583 15.1575 8.8299 0.0000 0.0000 0.0000 8.5110 -33.4741 -2.7997 0.0187 0.8834 2.4279 -2.4008 26.3909 -14.1469 1.2594 -7.1141 -20.0539 0.0000 0.0000 0.0000 36.1513 14.0620 -7.6244 -0.3327 -3.7071 10.2541 0.2156 -17.3383 -22.5244 -0.1234 -2.2641 6.2362 8.0387 6.5881 7.5386 -4.2498 9.2926 1.8679 -9.5340 4.7462 -0.2316 -12.2278 -8.3958 -9.0880 10.2817 -11.7379 22.7093 4.2252 -5.4528 10.0578 0.0000 -0.0000 0.0000 -40.4035 -46.4959 76.5121 47.4998 -51.9360 -24.1913 -0.0000 0.0000 -54.1381 12.2597 -6.4805 -1.4049 -7.1250 0.0000 -0.0000 -10.6513 23.3707 5.6470 0.0000 -0.0000 0.0000 6.9139 50.3744 37.2813 -25.1005 36.3066 -8.3493 0.0000 -0.0000 -11.1391 19.5477 -24.5564 -8.3939 7.1250 -0.0000 -0.0000 46.3850 -48.8054 -5.4479
-0.7217 17.7303 7.9215 -16.9504 18.2710 9.3597 0.0000 0.0000 0.0000 10.3443 -35.2699 -5.6885 0.0290 1.0998 3.0234 -2.2025 25.2996 -12.7822 1.5147 -7.7721 -22.0241 0.0000 0.0000 0.0000 36.1262 13.3762 -8.8436 -0.2968 -3.5031 9.6827 0.3074 -18.4327 -23.3327 -0.1845 -2.7666 7.6295 8.9382 7.9600 9.0538 -4.1926 11.2963 2.0980 -10.1946 5.7735 -0.2049 -11.9322 -10.3785 -6.1862 11.8213 -14.8677 19.1094 4.3581 -6.9099 8.7669 -0.0000 -0.0000 0.0000 -40.9666 -47.8150 78.1039 51.5804 -53.6133 -27.4414 -0.0000 0.0000 -55.7554 12.8238 -7.2050 -1.6353 -7.1250 0.0000 -0.0000 -10.1975 22.6246 5.5761 -0.0000 -0.0000 0.0000 22.5148 44.3314 54.8675 -32.9234 43.2711 -13.3695 0.0000 -0.0000 -18.3742 21.8281 -24.2501 -9.3421 7.1250 -0.0000 -0.0000 47.8983 -48.2119 -4.8600
-0.7688 17.6869 7.8840 -17.0132 22.0473 10.3368 0.0000 0.0000 0.0000 13.0218 -36.7697 -10.4094 0.0526 1.4794 4.0689 -1.8417 23.2663 -11.2388 1.8005 -8.4376 -24.0512 0.0000 0.0000 0.0000 35.8464 12.8090 -10.9298 -0.2784 -3.3936 9.3765 0.3933 -19.6638 -24.4986 -0.2848 -3.4319 9.4836 9.1515 7.6722 9.8513 -2.8565 10.9923 2.8079 -8.9561 5.6219 -0.1980 -13.0123 -11.1565 -4.5659 12.8646 -15.8615 15.8710 4.8139 -7.5024 7.7119 0.0000 0.0000 0.0000 -40.3153 -45.7230 75.5835 54.9999 -54.8232 -30.2159 -0.0000 0.0000 -55.9800 12.8785 -7.7062 -1.7561 -7.1250 0.0000 -0.0000 -10.1314 22.1172 5.6581 0.0000 0.0000 0.0000 34.1466 41.1055 68.0525 -40.2813 48.2357 -18.6488 0.0000 -0.0000 -23.0379 20.6466 -24.9310 -9.0251 7.1250 -0.0000 -0.0000 47.5194 -48.9116 -5.8044
-0.8134 17.6719 7.8771 -16.9489 25.7419 11.3187 0.0000 0.0000 0.0000 15.4347 -39.2319 -13.9271 0.0572 1.5435 4.2456 -1.7485 22.6648 -10.2245 1.9819 -8.8282 -25.2593 0.0000 0.0000 0.0000 35.5235 12.7766 -12.4170 -0.2448 -3.1839 8.7913 0.5113 -21.3627 -26.2335 -0.4867 -4.4736 12.4130 9.7990 7.4307 10.7851 -1.7082 10.8165 3.4020 -8.1894 5.5391 -0.2249 -13.7342 -12.0200 -2.0730 14.2819 -17.1162 12.3704 5.3749 -8.2367 6.5251 0.0000 -0.0000 0.0000 -38.9926 -43.1290 73.8020 58.3460 -55.8528 -32.9685 -0.0000 0.0000 -55.8680 13.4702 -8.1552 -1.9461 -7.1250 0.0000 -0.0000 -9.6830 21.6411 5.5068 0.0000 -0.0000 0.0000 44.3533 36.4086 76.5290 -45.4432 50.9838 -22.5826 0.0000 -0.0000 -24.5706 21.0937 -22.8305 -8.5123 7.1250 -0.0000 -0.0000 46.2997 -47.2499 -3.2593
-0.8385 17.6744 7.8883 -16.7831 28.5469 12.8662 0.0000 0.0000 0.0000 18.2254 -42.2862 -16.6022 0.0342 1.1931 3.2803 -2.0060 24.1104 -9.7034 1.9977 -8.8613 -25.3623 0.0000 0.0000 0.0000 35.0352 13.6044 -13.8095 -0.2017 -2.8917 7.9773 0.6818 -23.0966 -27.7307 -0.7242 -5.4375 15.1607 10.2499 7.1181 11.1129 -0.5591 10.4849 3.8418 -7.2308 5.3776 -0.1490 -14.0052 -12.3985 -0.0252 15.0929 -17.6203 9.3636 5.7703 -8.6119 5.4175 0.0000 -0.0000 0.0000 -37.7856 -39.4918 71.6837 60.6603 -56.4833 -34.8911 -0.0000 0.0000 -55.8909 13.1494 -8.2936 -1.9300 -7.1250 0.0000 -0.0000 -9.9077 21.5140 5.6675 0.0000 -0.0000 0.0000 52.2950 32.1160 83.2074 -50.5113 53.1996 -26.5830 0.0000 -0.0000 -27.3067 17.2642 -27.8916 -8.2719 7.1250 -0.0000 -0.0000 47.2092 -51.6863 -9.5612
-0.8355 17.6733 7.9054 -16.2860 29.9580 14.6122 0.0000 0.0000 0.0000 20.6145 -45.6962 -18.1304 0.0135 0.7491 2.0587 -2.6117 27.1867 -10.2237 1.8960 -8.6460 -24.6941 0.0000 0.0000 0.0000 34.1439 15.1570 -14.4692 -0.1475 -2.4750 6.8203 0.8616 -24.5921 -28.9055 -0.9823 -6.3089 17.6834 10.4596 6.8923 11.4495 0.1540 10.2414 4.1589 -6.6152 5.2574 -0.1415 -13.3540 -12.6058 1.5239 15.5278 -17.8426 6.8120 5.9346 -8.8149 4.3989 -0.0000 0.0000 0.0000 -36.4657 -35.3064 69.5560 62.1830 -56.8641 -36.1634 -0.0000 0.0000 -55.2074 12.5365 -8.8340 -1.9558 -7.1250 0.0000 -0.0000 -10.3227 20.9941 6.0361 -0.0000 0.0000 0.0000 58.4951 28.0556 87.0511 -55.9561 55.1323 -30.9990 0.0000 -0.0000 -29.1119 16.6687 -28.3716 -8.0977 7.1250 -0.0000 -0.0000 47.1262 -52.1472 -10.1493
-0.8064 17.6661 7.9128 -15.7444 30.6660 16.1047 0.0000 0.0000 0.0000 22.6660 -48.9151 -19.2480 0.0045 0.4318 1.1864 -3.3655 30.4299 -11.2310 1.8407 -8.5261 -24.3238 0.0000 0.0000 0.0000 33.1228 16.9928 -14.3042 -0.0858 -1.8896 5.2006 1.1715 -26.3363 -29.7178 -1.1313 -6.7555 18.9931 10.2866 6.1355 11.6923 1.1505 9.2585 4.4974 -5.4527 4.7534 -0.3019 -13.6676 -12.1131 2.6718 15.7953 -17.1334 5.0910 6.2517 -8.5542 3.6408 0.0000 -0.0000 0.0000 -36.5046 -29.1341 66.9272 63.2864 -57.1239 -37.0887 -0.0000 0.0000 -54.5699 11.9661 -8.8239 -1.8621 -7.1250 0.0000 -0.0000 -10.7308 21.0276 6.2748 0.0000 -0.0000 0.0000 62.4001 25.1806 91.5332 -62.8829 57.0305 -36.7500 0.0000 -0.0000 -31.4304 14.6800 -29.1496 -7.2719 7.1250 -0.0000 -0.0000 46.1367 -53.0855 -11.0437
-0.7658 17.6636 7.9160 -15.4738 30.8829 17.1736 0.0000 0.0000 0.0000 24.1307 -50.2004 -20.4049 0.0019 0.2806 0.7709 -3.7492 31.8920 -11.7619 1.7501 -8.3248 -23.7051 0.0000 0.0000 0.0000 32.3316 18.9314 -13.8853 -0.0490 -1.4279 3.9271 1.3987 -27.7696 -30.7668 -1.3396 -7.3283 20.6918 11.1518 5.8020 12.2715 1.4573 8.9872 4.5688 -5.6471 4.6158 -0.4945 -12.5505 -12.1452 3.6703 15.9831 -17.1141 3.7660 6.2528 -8.5951 3.0017 0.0000 0.0000 0.0000 -36.0323 -24.2599 66.0909 64.5556 -57.4065 -38.1564 -0.0000 0.0000 -55.7820 11.6773 -8.7654 -1.8040 -7.1250 0.0000 -0.0000 -10.9400 21.0975 6.3840 0.0000 0.0000 0.0000 65.2904 22.2493 93.1609 -69.2205 58.3039 -42.1069 0.0000 -0.0000 -30.9497 16.5886 -28.2497 -8.0257 7.1250 -0.0000 -0.0000 46.9565 -52.0713 -9.9965
-0.7176 17.6640 7.9188 -15.2217 30.6716 18.2375 0.0000 0.0000 0.0000 25.2343 -50.6466 -21.5792 0.0012 0.2199 0.6041 -3.9792 32.7022 -12.6547 1.5106 -7.7620 -21.9936 0.0000 0.0000 0.0000 31.5101 20.6703 -13.8446 -0.0319 -1.1528 3.1693 1.6383 -28.9656 -31.4091 -1.4127 -7.5174 21.2577 11.3284 5.2287 12.2233 2.0997 8.2509 4.7879 -5.0026 4.2555 -0.4374 -11.9484 -11.8960 3.6952 15.7953 -16.6863 3.1324 6.1660 -8.3926 2.6813 -0.0000 0.0000 0.0000 -36.1675 -19.3826 65.3446 64.7414 -57.4464 -38.3129 -0.0000 0.0000 -56.7866 11.1011 -8.1125 -1.5860 -7.1250 0.0000 -0.0000 -11.3893 21.7712 6.4788 -0.0000 0.0000 0.0000 66.3380 21.0850 95.1165 -75.5699 59.1984 -47.5368 0.0000 -0.0000 -30.5534 16.0665 -27.6161 -7.6041 7.1250 -0.0000 -0.0000 45.9969 -51.6915 -9.2151
-0.6677 17.6704 7.9233 -14.5259 29.6458 19.3209 0.0000 0.0000 0.0000 25.1524 -51.4282 -21.6213 0.0004 0.1319 0.3623 -4.4717 34.3461 -14.1623 1.2547 -7.1014 -20.0160 0.0000 0.0000 0.0000 30.2491 22.3183 -13.9165 -0.0295 -1.1090 3.0489 1.7379 -29.5466 -31.8796 -1.4925 -7.7176 21.8596 10.9176 4.9223 12.0609 2.5025 7.7870 4.8475 -4.3120 4.0135 -0.4819 -11.7632 -11.5764 4.0233 15.8013 -16.2487 2.9295 6.2057 -8.1899 2.4908 -0.0000 0.0000 0.0000 -36.0239 -15.4935 66.2559 64.4060 -57.3741 -38.0303 -0.0000 0.0000 -57.2466 10.5925 -7.2129 -1.3451 -7.1250 0.0000 -0.0000 -11.8142 22.6831 6.4793 -0.0000 0.0000 0.0000 66.7268 20.3815 96.2837 -80.4232 59.6506 -51.7159 0.0000 -0.0000 -31.1857 16.7690 -27.4310 -7.9030 7.1250 -0.0000 -0.0000 46.4221 -51.4303 -8.9948
-0.6144 17.6769 7.9299 -13.6997 28.1973 20.1053 0.0000 0.0000 0.0000 24.0263 -52.0893 -20.7019 0.0000 0.0213 0.0584 -4.9661 35.8757 -15.7619 1.0190 -6.4221 -18.0142 0.0000 0.0000 0.0000 28.9658 23.6900 -13.7786 -0.0324 -1.1625 3.1960 1.8026 -29.8498 -32.0490 -1.4849 -7.6987 21.8027 10.7595 4.5652 12.2047 2.3987 7.3234 4.7014 -4.3260 3.7598 -0.7928 -10.8160 -11.3134 4.0112 15.5470 -15.8610 3.1418 6.0165 -7.9803 2.4026 -0.0000 -0.0000 0.0000 -35.0148 -12.5763 68.2165 63.6667 -57.2104 -37.4083 -0.0000 0.0000 -57.4903 10.7960 -6.8633 -1.3054 -7.1250 0.0000 -0.0000 -11.6914 23.0259 6.3151 -0.0000 -0.0000 0.0000 67.2659 20.1098 96.8808 -83.6932 59.8492 -54.5409 0.0000 -0.0000 -32.0133 16.0227 -28.0779 -7.6977 7.1250 -0.0000 -0.0000 46.3443 -52.0444 -9.7748
-0.5555 17.6850 7.9421 -13.2109 26.9599 20.3849 0.0000 0.0000 0.0000 22.2869 -51.4162 -19.6076 0.0000 -0.0440 -0.1208 -4.9822 35.9234 -15.7710 0.9854 -6.3185 -17.7113 0.0000 0.0000 0.0000 28.2367 24.4521 -13.4290 -0.0355 -1.2155 3.3420 1.8965 -30.0648 -31.8457 -1.3880 -7.4542 21.0681 10.6571 4.2857 11.7978 2.7081 6.8886 4.8484 -3.8636 3.5581 -0.5339 -10.2605 -11.1171 3.7752 15.2965 -15.5550 3.2057 5.8656 -7.8111 2.3546 0.0000 -0.0000 0.0000 -34.5635 -11.6464 70.5792 62.0198 -56.8246 -36.0268 -0.0000 0.0000 -57.3015 10.5678 -7.3577 -1.3687 -7.1250 0.0000 -0.0000 -11.8219 22.5397 6.5234 0.0000 -0.0000 0.0000 65.6124 20.3806 96.8194 -87.5793 59.9778 -57.9038 0.0000 -0.0000 -33.4909 14.8926 -27.5927 -7.0223 7.1250 -0.0000 -0.0000 45.0035 -51.8800 -9.1705
-0.4940 17.6978 7.9575 -12.7477 25.8426 20.4498 0.0000 0.0000 0.0000 20.2168 -50.1839 -18.5423 0.0001 -0.0605 -0.1662 -4.7588 35.2489 -15.2963 0.9489 -6.2035 -17.3761 0.0000 0.0000 0.0000 27.5961 24.9820 -12.9028 -0.0363 -1.2301 3.3823 1.9417 -30.1793 -31.7717 -1.3471 -7.3479 20.7502 10.8400 4.0707 11.5025 2.8996 6.5889 4.8634 -3.7096 3.4169 -0.4006 -9.8342 -10.9867 3.2179 15.3272 -15.3959 3.8450 5.7721 -7.6839 2.5818 -0.0000 0.0000 0.0000 -34.0904 -11.9010 73.1247 60.8370 -56.5289 -35.0384 -0.0000 0.0000 -56.9078 10.0406 -7.8618 -1.3874 -7.1250 0.0000 -0.0000 -12.1667 22.0539 6.8604 -0.0000 0.0000 0.0000 64.2499 20.8532 95.7215 -89.5770 59.9993 -59.6337 0.0000 -0.0000 -34.7597 15.9459 -27.8129 -7.5936 7.1250 -0.0000 -0.0000 46.0600 -51.8601 -9.4514
-0.4373 17.7103 7.9752 -12.1754 24.7085 20.5196 0.0000 0.0000 0.0000 18.1635 -49.3722 -17.4335 0.0001 -0.0529 -0.1453 -4.6426 34.8960 -15.5903 0.8587 -5.9093 -16.5215 0.0000 0.0000 0.0000 26.8466 25.4026 -12.4323 -0.0390 -1.2755 3.5071 1.9849 -30.2344 -31.5869 -1.2865 -7.1874 20.2717 9.2631 3.0061 10.6338 4.2314 4.9346 5.2214 -1.2585 2.5869 -0.0557 -11.0475 -9.8010 1.8937 14.3058 -13.7609 4.5863 5.6666 -6.8356 2.8172 0.0000 -0.0000 0.0000 -35.9531 -9.7640 73.1003 60.2359 -56.3725 -34.5374 -0.0000 0.0000 -56.7731 10.0831 -7.7245 -1.3692 -7.1250 0.0000 -0.0000 -12.1457 22.1889 6.8097 0.0000 -0.0000 0.0000 60.9983 23.9619 97.2829 -90.9995 59.9962 -60.8656 0.0000 -0.0000 -35.9751 17.2371 -28.2456 -8.3531 7.1250 -0.0000 -0.0000 47.4858 -51.9526 -10.0014
-0.3830 17.7203 7.9919 -11.6434 23.4019 20.4654 0.0000 0.0000 0.0000 15.9756 -48.7764 -15.9790 0.0000 -0.0455 -0.1251 -4.6723 34.9974 -16.0200 0.7800 -5.6387 -15.7397 0.0000 0.0000 0.0000 26.1604 26.0138 -11.7950 -0.0424 -1.3287 3.6536 1.9928 -30.2314 -31.5252 -1.2921 -7.2023 20.3161 10.0635 3.4632 10.5903 3.5837 5.6300 4.6382 -2.4437 2.9156 -0.4328 -8.8163 -10.1207 2.1589 14.0270 -14.2037 5.1055 5.2210 -7.0118 2.8040 -0.0000 -0.0000 0.0000 -33.9531 -12.3579 76.3592 60.9160 -56.5491 -35.1043 -0.0000 0.0000 -57.8652 10.1506 -7.7061 -1.3753 -7.1250 0.0000 -0.0000 -12.0985 22.2053 6.7774 -0.0000 -0.0000 0.0000 60.1752 23.4212 93.9717 -91.0047 59.9962 -60.8701 0.0000 -0.0000 -35.6801 19.2905 -27.9490 -9.3160 7.1250 -0.0000 -0.0000 48.8957 -51.3720 -9.6295
-0.3283 17.7230 8.0120 -11.2431 21.9580 20.3926 0.0000 0.0000 0.0000 13.9294 -47.9863 -14.5130 0.0001 -0.0659 -0.1811 -4.7064 35.1190 -16.5601 0.7062 -5.3711 -14.9702 0.0000 0.0000 0.0000 25.6623 26.2749 -11.3023 -0.0453 -1.3731 3.7761 2.0054 -29.9719 -30.8795 -1.1669 -6.8573 19.2933 10.1279 3.4655 9.9808 3.5010 5.5787 4.3462 -2.5273 2.8839 -0.3976 -7.8695 -9.7752 1.9653 13.6827 -13.7534 5.7041 4.9818 -6.7489 2.8697 -0.0000 0.0000 0.0000 -33.1530 -14.0817 77.7174 61.2415 -56.6318 -35.3760 -0.0000 0.0000 -58.2986 8.7542 -8.4609 -1.2979 -7.1250 0.0000 -0.0000 -13.0434 21.4994 7.5493 -0.0000 0.0000 0.0000 58.4028 24.1491 91.9693 -91.2858 59.9938 -61.1135 0.0000 -0.0000 -36.3965 20.8738 -27.5137 -9.9909 7.1250 -0.0000 -0.0000 49.7794 -50.7795 -9.0347
-0.2815 17.7271 8.0345 -10.9167 20.4326 20.0771 0.0000 0.0000 0.0000 11.7015 -46.9449 -12.8082 0.0001 -0.0684 -0.1878 -4.6745 35.0408 -16.9925 0.6422 -5.1268 -14.2704 0.0000 0.0000 0.0000 25.3559 26.2769 -10.7658 -0.0519 -1.4704 4.0441 2.0074 -29.5413 -29.9226 -1.0066 -6.3839 17.9024 9.9104 3.3717 9.3394 3.5444 5.3666 4.1744 -2.3095 2.7757 -0.2773 -7.2224 -9.3093 1.8010 13.3592 -13.1614 6.4080 4.8011 -6.4187 2.9741 0.0000 0.0000 0.0000 -32.4928 -16.0170 78.4980 61.1797 -56.6162 -35.3244 -0.0000 0.0000 -58.4719 9.3414 -9.3101 -1.5244 -7.1250 0.0000 -0.0000 -12.5685 20.6427 7.5107 0.0000 0.0000 0.0000 56.1199 25.2839 90.0830 -91.2255 59.9943 -61.0613 0.0000 -0.0000 -37.5240 19.8930 -27.4328 -9.4647 7.1250 -0.0000 -0.0000 48.9395 -50.8902 -8.9591
-0.2477 17.7394 8.0575 -10.5939 19.1355 19.5444 0.0000 0.0000 0.0000 9.4549 -45.7219 -10.9575 0.0005 -0.1513 -0.4156 -4.5803 34.7540 -16.9789 0.6011 -4.9630 -13.8032 0.0000 0.0000 0.0000 25.2228 26.2635 -9.9003 -0.0575 -1.5478 4.2574 1.9410 -29.0893 -29.4346 -0.9333 -6.1540 17.2319 10.2306 3.6063 8.9512 3.1340 5.6537 3.9982 -2.9024 2.9259 -0.1398 -5.9510 -9.3215 1.3426 13.3096 -13.2394 7.2323 4.5491 -6.3793 3.2163 0.0000 -0.0000 0.0000 -30.7852 -19.9329 79.7715 60.8344 -56.5282 -35.0362 -0.0000 0.0000 -59.4729 10.7800 -9.6736 -1.8325 -7.1250 0.0000 -0.0000 -11.5303 20.2267 6.9737 0.0000 -0.0000 0.0000 54.0567 25.8056 86.8235 -90.4272 59.9993 -60.3700 0.0000 -0.0000 -38.0492 19.6427 -27.5104 -9.3619 7.1250 -0.0000 -0.0000 48.8060 -50.9903 -9.0640
-0.2158 17.7482 8.0763 -10.3157 18.0471 19.0513 0.0000 0.0000 0.0000 7.5761 -45.3905 -9.1669 0.0007 -0.1662 -0.4567 -4.6629 35.0477 -17.7360 0.5321 -4.6743 -12.9818 0.0000 0.0000 0.0000 25.1126 26.1773 -9.1237 -0.0598 -1.5779 4.3405 1.9139 -28.7969 -28.9995 -0.8580 -5.9071 16.5150 9.8405 3.3165 8.2128 3.3307 5.1573 3.9183 -2.4075 2.6800 0.0652 -5.8780 -8.7429 1.0029 12.9677 -12.5430 8.3674 4.4417 -5.9891 3.5135 0.0000 -0.0000 0.0000 -30.1390 -22.7501 79.9674 59.6840 -56.2251 -34.0783 -0.0000 0.0000 -59.9610 11.9069 -9.8205 -2.0597 -7.1250 0.0000 -0.0000 -10.7265 20.0308 6.5175 0.0000 -0.0000 0.0000 51.4327 27.1847 84.6080 -88.8843 59.9953 -59.0338 0.0000 -0.0000 -37.5341 21.2510 -26.2180 -9.7489 7.1250 -0.0000 -0.0000 49.0006 -49.7686 -7.3552
-0.1996 17.7610 8.1080 -10.1902 17.0502 18.2979 0.0000 0.0000 0.0000 5.7350 -44.6440 -7.0757 0.0018 -0.2749 -0.7554 -4.6622 35.0835 -18.2843 0.4732 -4.4118 -12.2383 0.0000 0.0000 0.0000 25.3922 26.5874 -7.6255 -0.0546 -1.5085 4.1492 1.9275 -28.9032 -29.1276 -0.7882 -5.6675 15.8227 9.9159 3.2724 7.7019 3.0994 5.0421 3.8218 -2.6480 2.6319 0.2624 -4.7355 -8.4665 0.9555 12.5595 -12.2128 9.0400 4.1492 -5.7760 3.5964 0.0000 0.0000 0.0000 -28.6449 -26.7995 80.4877 58.1687 -55.8019 -32.8218 -0.0000 0.0000 -60.3709 11.3938 -9.1322 -1.8319 -7.1250 0.0000 -0.0000 -11.1230 20.7419 6.5860 0.0000 0.0000 0.0000 49.5104 28.0431 81.9383 -86.8348 59.9621 -57.2592 0.0000 -0.0000 -37.6211 21.8073 -25.7051 -9.8454 7.1250 -0.0000 -0.0000 49.0148 -49.2985 -6.6671
-0.1745 17.7612 8.1185 -10.1127 15.8543 17.8854 0.0000 0.0000 0.0000 4.4527 -43.9068 -5.7439 0.0024 -0.3192 -0.8770 -4.6942 35.2373 -19.0119 0.3973 -4.0471 -11.2093 0.0000 0.0000 0.0000 25.4183 26.3445 -7.1987 -0.0593 -1.5718 4.3237 1.8918 -28.3510 -28.1764 -0.6526 -5.1675 14.3869 10.3174 3.2541 7.0854 2.6408 4.9767 3.5615 -3.3039 2.6075 0.4035 -3.9807 -8.2738 0.6748 12.3714 -12.0862 10.4131 3.9516 -5.6284 3.9883 -0.0000 0.0000 0.0000 -27.1090 -30.9130 80.9577 56.4187 -55.2775 -31.3789 -0.0000 0.0000 -60.9733 11.0216 -8.7909 -1.7050 -7.1250 0.0000 -0.0000 -11.4066 21.0970 6.6672 -0.0000 0.0000 0.0000 47.3274 28.8038 79.4902 -85.3304 59.9174 -55.9571 0.0000 -0.0000 -37.9476 22.3987 -25.4688 -10.0502 7.1250 -0.0000 -0.0000 49.2751 -49.0271 -6.3177
-0.1352 17.7507 8.1098 -10.5551 15.1660 17.1915 0.0000 0.0000 0.0000 3.8282 -42.6050 -4.9570 0.0016 -0.2581 -0.7093 -4.4875 34.6066 -18.8309 0.3855 -3.9874 -11.0413 0.0000 0.0000 0.0000 26.1058 25.3257 -6.8918 -0.0636 -1.6266 4.4748 1.8446 -27.5692 -26.7805 -0.4761 -4.4249 12.2753 11.5076 3.1035 6.6068 2.4094 4.7903 3.4099 -4.1552 2.5391 0.6159 -3.1175 -7.9581 0.4044 12.0371 -11.7572 11.4807 3.7099 -5.3918 4.2595 0.0000 0.0000 0.0000 -26.3071 -35.1129 81.3392 54.2715 -54.5794 -29.6214 -0.0000 0.0000 -60.9057 11.7763 -8.8844 -1.8442 -7.1250 0.0000 -0.0000 -10.8632 20.9745 6.3683 0.0000 0.0000 0.0000 44.7404 29.4648 77.0816 -83.8046 59.8545 -54.6372 0.0000 -0.0000 -38.9524 18.3134 -27.3326 -8.6411 7.1250 -0.0000 -0.0000 47.5951 -51.0895 -8.8641
-0.1132 17.7543 8.1120 -10.6788 14.1627 16.6803 0.0000 0.0000 0.0000 2.8436 -42.0084 -3.5810 0.0025 -0.3227 -0.8865 -4.5543 34.8689 -19.4671 0.3326 -3.7064 -10.2521 0.0000 0.0000 0.0000 26.4036 24.9932 -6.4068 -0.0660 -1.6582 4.5618 1.7969 -27.0215 -25.9261 -0.3804 -3.9611 10.9673 11.9879 3.1159 6.1940 2.1350 4.7874 3.1952 -4.6821 2.5429 0.6879 -2.6355 -7.5891 0.3020 12.0279 -11.3977 12.6615 3.6372 -5.1393 4.5794 0.0000 -0.0000 0.0000 -26.0906 -39.0797 81.8096 52.1767 -53.8365 -27.9221 -0.0000 0.0000 -60.4840 12.8923 -8.9444 -2.0381 -7.1250 0.0000 -0.0000 -10.0636 20.8679 5.9090 0.0000 -0.0000 0.0000 42.4076 29.8297 75.0760 -82.1202 59.7641 -53.1813 0.0000 -0.0000 -40.1003 18.3151 -27.1486 -8.5890 7.1250 -0.0000 -0.0000 47.4450 -50.9528 -8.6362
-0.1064 17.7666 8.1288 -9.7909 12.7229 16.8079 0.0000 0.0000 0.0000 1.0196 -42.4212 -2.2341 0.0035 -0.3807 -1.0459 -4.8477 35.9444 -21.5071 0.2064 -2.9253 -8.0709 0.0000 0.0000 0.0000 25.2596 25.5186 -6.2908 -0.0737 -1.7513 4.8189 1.7593 -26.7232 -25.5723 -0.3363 -3.7268 10.3093 11.0660 3.3135 5.3692 1.6022 4.9047 2.9378 -4.6896 2.5935 0.8589 -2.0017 -7.2917 0.2359 11.6138 -11.0765 13.7003 3.4177 -4.9235 4.8273 -0.0000 0.0000 0.0000 -26.2471 -42.7843 82.3031 50.5259 -53.2054 -26.5947 -0.0000 0.0000 -61.0398 13.2297 -8.7493 -2.0481 -7.1250 0.0000 -0.0000 -9.8304 21.0502 5.7268 -0.0000 0.0000 0.0000 40.4866 29.9456 73.3038 -80.3497 59.6452 -51.6526 0.0000 -0.0000 -40.6507 18.4369 -27.0951 -8.6338 7.1250 -0.0000 -0.0000 47.4990 -50.8923 -8.5680
-0.0935 17.7696 8.1316 -9.5098 11.5336 16.5595 0.0000 0.0000 0.0000 -0.2206 -42.2591 -0.9084 0.0055 -0.4773 -1.3116 -5.0667 36.6487 -22.3607 0.1585 -2.5654 -7.0711 0.0000 0.0000 0.0000 24.9467 25.5948 -5.9754 -0.0786 -1.8083 4.9761 1.6591 -26.1134 -25.1013 -0.2826 -3.4189 9.4473 10.9934 3.3975 4.8133 1.2380 4.9439 2.8529 -4.9921 2.6260 1.1137 -1.4530 -6.9463 0.1248 11.1536 -10.6535 14.4615 3.2033 -4.6760 4.9975 0.0000 0.0000 0.0000 -26.8859 -46.3865 82.7122 48.9757 -52.5739 -25.3584 -0.0000 0.0000 -61.8765 13.7471 -8.7931 -2.1418 -7.1250 0.0000 -0.0000 -9.4581 20.9832 5.5184 0.0000 0.0000 0.0000 38.4783 30.1929 71.7167 -78.9167 59.5307 -50.4167 0.0000 -0.0000 -41.3594 18.5555 -26.8784 -8.6292 7.1250 -0.0000 -0.0000 47.4172 -50.7112 -8.2980
-0.0774 17.7677 8.1280 -9.4752 10.4182 16.1965 0.0000 0.0000 0.0000 -1.0549 -41.3154 -0.1838 0.0048 -0.4460 -1.2255 -5.0124 36.5576 -22.7399 0.1437 -2.4426 -6.7305 0.0000 0.0000 0.0000 24.9183 25.4446 -5.6875 -0.0834 -1.8631 5.1273 1.5364 -25.3314 -24.4916 -0.2375 -3.1365 8.6589 11.1861 3.4833 4.6084 0.9265 5.0497 2.6761 -5.4159 2.6783 1.1080 -0.9020 -6.6946 0.0645 10.8506 -10.3709 15.1701 3.0312 -4.4919 5.1658 0.0000 0.0000 0.0000 -28.2959 -49.5796 83.4714 47.4827 -51.9284 -24.1778 -0.0000 0.0000 -61.5685 12.9272 -8.7684 -2.0040 -7.1250 0.0000 -0.0000 -10.0462 21.0438 5.8579 0.0000 0.0000 0.0000 39.5190 29.7652 69.3241 -74.0305 59.0141 -46.2158 0.0000 -0.0000 -39.6927 20.9712 -26.7704 -9.7949 7.1250 -0.0000 -0.0000 49.2351 -50.2212 -8.0735
-0.0636 17.7661 8.1155 -9.2201 9.3201 15.9985 0.0000 0.0000 0.0000 -1.9670 -40.7456 0.3380 0.0033 -0.3717 -1.0213 -5.0096 36.6559 -23.4470 0.1049 -2.0888 -5.7513 0.0000 0.0000 0.0000 24.5486 25.4383 -5.6411 -0.0914 -1.9497 5.3666 1.4740 -24.7833 -23.8513 -0.1894 -2.8025 7.7295 11.1096 3.5390 4.3481 0.4594 5.0990 2.4991 -5.8512 2.7011 1.1134 0.0244 -6.4995 0.1199 10.4508 -10.1413 15.6785 2.7711 -4.3312 5.2377 -0.0000 -0.0000 0.0000 -29.7906 -52.4447 84.7350 46.1471 -51.3182 -23.1308 -0.0000 0.0000 -61.0246 13.0565 -8.6580 -1.9994 -7.1250 0.0000 -0.0000 -9.9583 21.1499 5.7808 -0.0000 -0.0000 0.0000 39.0506 29.8263 68.2783 -71.8431 58.7169 -44.3434 0.0000 -0.0000 -39.9337 20.9080 -26.5746 -9.6983 7.1250 -0.0000 -0.0000 49.0252 -50.0883 -7.8273
-0.0531 17.7660 8.1075 -9.3718 8.3292 15.8472 0.0000 0.0000 0.0000 -2.2174 -40.1387 0.7599 0.0034 -0.3749 -1.0300 -5.0584 36.8529 -23.8889 0.0842 -1.8712 -5.1498 0.0000 0.0000 0.0000 24.6630 25.4164 -5.6880 -0.0973 -2.0121 5.5391 1.4325 -24.2775 -23.1004 -0.1301 -2.3246 6.4037 11.5029 3.6279 3.9829 0.1307 5.1897 2.3952 -6.3890 2.7620 1.2960 0.4429 -6.3396 -0.0561 10.3922 -9.9957 16.1392 2.6849 -4.2139 5.3819 0.0000 -0.0000 0.0000 -31.6300 -55.0784 86.3956 45.3143 -50.9216 -22.4825 -0.0000 0.0000 -60.8305 13.2958 -8.5498 -2.0121 -7.1250 0.0000 -0.0000 -9.7914 21.2490 5.6587 0.0000 -0.0000 0.0000 38.8015 29.6624 67.1811 -69.8820 58.4141 -42.6701 0.0000 -0.0000 -39.5829 20.7553 -26.7625 -9.6842 7.1250 -0.0000 -0.0000 49.0605 -50.2520 -8.0738
-0.0449 17.7680 8.0991 -9.5535 7.5396 15.6621 0.0000 0.0000 0.0000 -2.3349 -39.3172 0.9870 0.0032 -0.3657 -1.0047 -4.9386 36.6177 -24.3387 0.0484 -1.4196 -3.9041 0.0000 0.0000 0.0000 24.8870 25.3893 -5.6201 -0.1026 -2.0654 5.6863 1.3831 -23.8127 -22.5411 -0.0850 -1.8803 5.1751 11.9371 3.6373 3.6984 -0.1594 5.1859 2.2817 -6.9184 2.7721 1.4061 0.7256 -6.1955 0.0757 10.3467 -9.8220 16.3027 2.6389 -4.1146 5.3865 0.0000 0.0000 0.0000 -33.9538 -57.3003 88.6400 44.6808 -50.6111 -21.9918 -0.0000 0.0000 -60.9150 12.8268 -8.3693 -1.8981 -7.1250 0.0000 -0.0000 -10.1362 21.4505 5.8171 0.0000 0.0000 0.0000 38.7774 29.5067 66.5420 -68.1655 58.1197 -41.2101 0.0000 -0.0000 -39.2392 20.5939 -26.6855 -9.5783 7.1250 -0.0000 -0.0000 48.8714 -50.2228 -7.9837
-0.0352 17.7665 8.0863 -9.5591 6.7461 15.5066 0.0000 0.0000 0.0000 -2.6858 -38.8099 1.3596 0.0033 -0.3726 -1.0238 -4.8854 36.5882 -24.9411 0.0258 -1.0376 -2.8523 0.0000 0.0000 0.0000 24.8625 25.4826 -5.5089 -0.1056 -2.0958 5.7705 1.3280 -23.3764 -22.1303 -0.0664 -1.6626 4.5741 12.1844 3.6594 3.5093 -0.4795 5.2033 2.2030 -7.3836 2.7908 1.4889 0.9929 -6.1515 0.0756 10.2226 -9.7768 16.4491 2.5589 -4.0795 5.4128 0.0000 0.0000 0.0000 -36.5962 -59.1453 91.2569 44.3028 -50.4223 -21.7001 -0.0000 0.0000 -60.5595 12.1328 -8.2381 -1.7644 -7.1250 0.0000 -0.0000 -10.6413 21.6091 6.0778 0.0000 0.0000 0.0000 38.9612 29.2052 66.0271 -66.8231 57.8697 -40.0717 0.0000 -0.0000 -39.2288 20.4753 -26.8435 -9.5705 7.1250 -0.0000 -0.0000 48.9085 -50.3589 -8.1894
-0.0299 17.7646 8.0707 -9.5938 6.0779 15.3773 0.0000 0.0000 0.0000 -2.9388 -38.4279 1.6949 0.0037 -0.3927 -1.0792 -4.9383 36.7475 -25.0640 0.0274 -1.0691 -2.9389 0.0000 0.0000 0.0000 24.8920 25.6656 -5.3651 -0.1056 -2.0955 5.7696 1.3159 -23.1811 -21.8019 -0.0529 -1.4837 4.0807 12.3160 3.6957 3.3603 -0.7009 5.2401 2.1410 -7.6830 2.8155 1.5502 1.3380 -6.1294 -0.0020 9.8961 -9.7460 16.6834 2.3993 -4.0513 5.4677 -0.0000 -0.0000 0.0000 -39.7175 -60.7063 94.3862 44.0587 -50.2989 -21.5121 -0.0000 0.0000 -60.3227 11.4251 -7.9708 -1.6052 -7.1250 0.0000 -0.0000 -11.1649 21.9018 6.3123 -0.0000 -0.0000 0.0000 39.1524 28.5580 65.6801 -66.1975 57.7471 -39.5423 0.0000 -0.0000 -39.0254 19.8154 -27.0717 -9.3128 7.1250 -0.0000 -0.0000 48.5777 -50.6388 -8.5029
-0.0238 17.7625 8.0506 -9.4970 5.5120 15.3467 0.0000 0.0000 0.0000 -3.3424 -38.6271 2.1532 0.0040 -0.4064 -1.1167 -5.0362 37.1547 -25.8979 0.0098 -0.6386 -1.7550 0.0000 0.0000 0.0000 24.6884 25.7587 -5.4272 -0.1078 -2.1172 5.8297 1.2760 -22.8609 -21.5075 -0.0462 -1.3866 3.8132 12.3797 3.7231 3.2843 -1.0102 5.2747 2.0663 -8.0456 2.8359 1.5591 1.1786 -6.1636 -0.0452 10.1574 -9.8383 16.7330 2.4992 -4.0880 5.5150 0.0000 0.0000 0.0000 -42.9578 -61.8633 97.7042 43.9223 -50.2295 -21.4072 -0.0000 0.0000 -59.8896 10.9418 -7.9313 -1.5281 -7.1250 0.0000 -0.0000 -11.5148 21.9572 6.5033 0.0000 0.0000 0.0000 39.5171 27.7885 65.4689 -65.9046 57.6884 -39.2947 0.0000 -0.0000 -39.0218 19.4945 -27.2957 -9.2211 7.1250 -0.0000 -0.0000 48.5090 -50.8584 -8.7950
-0.0182 17.7608 8.0246 -9.5929 5.1774 15.2933 0.0000 0.0000 0.0000 -3.3952 -38.8163 2.4410 0.0042 -0.4204 -1.1551 -5.0710 37.3705 -26.5457 0.0027 -0.3325 -0.9135 0.0000 0.0000 0.0000 24.7192 25.7927 -5.5288 -0.1108 -2.1467 5.9112 1.2406 -22.5972 -21.3037 -0.0511 -1.4590 4.0126 12.6636 3.7005 3.3018 -1.2523 5.2580 2.0350 -8.4681 2.8350 1.5650 1.3022 -6.2144 -0.3120 10.1816 -9.9747 17.0901 2.4674 -4.1197 5.6766 0.0000 -0.0000 0.0000 -46.1145 -62.8857 101.1258 43.9598 -50.2486 -21.4360 -0.0000 0.0000 -59.8310 10.3178 -7.6637 -1.3908 -7.1250 0.0000 -0.0000 -11.9812 22.2426 6.6984 0.0000 -0.0000 0.0000 39.9227 26.9212 65.3540 -65.8124 57.6697 -39.2168 0.0000 -0.0000 -39.3144 20.0294 -27.6867 -9.6137 7.1250 -0.0000 -0.0000 49.2611 -51.0517 -9.2812
-0.0097 17.7568 7.9960 -9.6206 4.9889 15.3353 0.0000 0.0000 0.0000 -3.3487 -38.9763 2.3621 0.0038 -0.3969 -1.0905 -5.1749 37.6325 -26.5848 0.0050 -0.4551 -1.2504 0.0000 0.0000 0.0000 24.5757 25.6344 -5.8587 -0.1139 -2.1760 5.9924 1.1935 -22.2530 -21.0589 -0.0499 -1.4418 3.9652 12.7912 3.7036 3.1252 -1.3828 5.2362 2.1257 -8.6624 2.8470 1.7819 1.6091 -6.2672 -0.4011 9.8470 -9.9889 16.8259 2.3110 -4.1410 5.5795 0.0000 -0.0000 0.0000 -49.3794 -63.6950 104.3556 44.0150 -50.2767 -21.4784 -0.0000 0.0000 -59.6679 10.1284 -7.1000 -1.2649 -7.1250 0.0000 -0.0000 -12.1580 22.8074 6.6407 0.0000 -0.0000 0.0000 39.6887 26.1949 65.3218 -66.0074 57.7091 -39.3816 0.0000 -0.0000 -39.3891 20.2470 -28.0110 -9.8279 7.1250 -0.0000 -0.0000 49.7098 -51.2490 -9.6969
-0.0162 17.7563 7.9667 -9.7933 4.6730 15.3020 0.0000 0.0000 0.0000 -3.1173 -38.6922 2.3467 0.0045 -0.4337 -1.1917 -5.2447 37.7781 -26.4646 0.0065 -0.5212 -1.4322 0.0000 0.0000 0.0000 24.7855 25.7782 -5.8823 -0.1136 -2.1733 5.9850 1.2170 -22.2031 -20.6407 -0.0314 -1.1438 3.1446 12.6528 3.8126 3.0920 -1.4075 5.3697 2.1913 -8.6007 2.9222 1.8920 1.5738 -6.3448 -0.5667 9.8664 -10.1386 17.1322 2.3060 -4.1935 5.7143 0.0000 -0.0000 0.0000 -52.5978 -63.9384 107.3548 44.1157 -50.3278 -21.5559 -0.0000 0.0000 -59.2359 9.7691 -7.1578 -1.2290 -7.1250 0.0000 -0.0000 -12.4133 22.7590 6.8009 0.0000 -0.0000 0.0000 39.5909 25.4490 65.3857 -65.9508 57.6977 -39.3338 0.0000 -0.0000 -39.4832 20.0779 -28.3472 -9.8456 7.1250 -0.0000 -0.0000 49.8656 -51.5218 -10.1382
-0.0187 17.7636 7.9298 -9.8925 4.6411 15.1295 0.0000 0.0000 0.0000 -3.0427 -38.7668 2.4223 0.0042 -0.4200 -1.1542 -5.2448 37.8042 -26.5961 0.0032 -0.3672 -1.0088 0.0000 0.0000 0.0000 24.9023 25.7028 -5.8577 -0.1126 -2.1639 5.9588 1.2421 -22.2494 -20.4285 -0.0236 -0.9926 2.7285 12.7220 3.8163 3.3846 -1.4849 5.4145 2.2313 -8.7436 2.9433 1.7964 1.3753 -6.4388 -0.6134 10.1699 -10.3223 17.2702 2.4190 -4.2667 5.8000 -0.0000 -0.0000 0.0000 -55.3923 -63.8546 110.1005 44.1496 -50.3450 -21.5820 -0.0000 0.0000 -58.9557 9.7922 -6.8596 -1.1809 -7.1250 0.0000 -0.0000 -12.4195 23.0540 6.7183 -0.0000 -0.0000 0.0000 39.5048 24.8377 65.7214 -65.7479 57.6566 -39.1623 0.0000 -0.0000 -39.5654 19.6752 -28.3064 -9.6231 7.1250 -0.0000 -0.0000 49.5095 -51.5637 -10.0878
-0.0186 17.7617 7.8988 -9.8375 4.6880 15.1103 0.0000 0.0000 0.0000 -3.0325 -38.8588 2.2585 0.0036 -0.3848 -1.0574 -5.2502 37.7982 -26.4994 0.0045 -0.4328 -1.1892 0.0000 0.0000 0.0000 24.7973 25.7583 -5.8453 -0.1073 -2.1117 5.8144 1.2669 -22.3627 -20.3878 -0.0276 -1.0734 2.9508 12.6758 3.8116 3.4026 -1.4915 5.4044 2.3171 -8.7222 2.9468 1.8713 1.1464 -6.4257 -0.8448 10.0147 -10.3111 17.5685 2.3974 -4.2620 5.9352 0.0000 0.0000 0.0000 -57.6073 -63.5197 111.9703 44.1154 -50.3277 -21.5557 -0.0000 0.0000 -58.9382 9.6274 -6.6625 -1.1275 -7.1250 0.0000 -0.0000 -12.5545 23.2528 6.7360 0.0000 0.0000 0.0000 39.0688 24.5457 66.1423 -65.4476 57.5950 -38.9087 0.0000 -0.0000 -39.6042 19.4652 -28.2877 -9.5084 7.1250 -0.0000 -0.0000 49.3256 -51.5874 -10.0645
-0.0194 17.7596 7.8636 -9.8450 4.7909 15.0894 0.0000 0.0000 0.0000 -2.9497 -39.1953 2.2597 0.0040 -0.4084 -1.1220 -5.3253 38.0006 -26.6131 0.0036 -0.3867 -1.0626 0.0000 0.0000 0.0000 24.7415 25.6535 -6.0266 -0.1088 -2.1265 5.8554 1.2462 -22.2659 -20.4159 -0.0352 -1.2114 3.3306 12.5352 3.9113 3.3460 -1.4601 5.5223 2.3724 -8.5977 3.0118 1.9729 0.9534 -6.5321 -0.6817 10.2562 -10.4647 17.4963 2.5012 -4.3408 5.9139 0.0000 0.0000 0.0000 -59.4803 -62.8168 113.5771 43.9583 -50.2478 -21.4349 -0.0000 0.0000 -58.6770 9.3358 -6.7705 -1.1103 -7.1250 0.0000 -0.0000 -12.7571 23.1522 6.8803 0.0000 0.0000 0.0000 38.7196 24.1185 66.4112 -65.2746 57.5590 -38.7626 0.0000 -0.0000 -39.4156 19.5563 -28.3705 -9.5808 7.1250 -0.0000 -0.0000 49.4699 -51.6312 -10.1716
-0.0221 17.7576 7.8298 -10.0053 5.0241 14.9873 0.0000 0.0000 0.0000 -2.7457 -39.6817 2.4380 0.0049 -0.4538 -1.2470 -5.4454 38.3128 -26.7548 0.0024 -0.3139 -0.8626 0.0000 0.0000 0.0000 24.9212 25.7016 -6.0076 -0.1084 -2.1227 5.8449 1.2475 -22.3511 -20.6128 -0.0514 -1.4629 4.0234 12.5916 3.9602 3.4092 -1.3243 5.5956 2.3781 -8.4857 3.0458 1.9525 1.0108 -6.6081 -0.6195 9.9790 -10.5261 17.5633 2.4034 -4.3821 5.9098 0.0000 0.0000 0.0000 -60.9425 -61.7387 114.5691 43.5879 -50.0576 -21.1504 -0.0000 0.0000 -58.7314 9.6235 -6.6901 -1.1316 -7.1250 0.0000 -0.0000 -12.5551 23.2255 6.7444 0.0000 0.0000 0.0000 38.5241 23.8822 66.7315 -64.9807 57.4973 -38.5147 0.0000 -0.0000 -39.4100 19.3563 -28.4314 -9.4951 7.1250 -0.0000 -0.0000 49.3625 -51.7109 -10.2512
-0.0308 17.7538 7.8017 -10.0168 5.2958 14.9045 0.0000 0.0000 0.0000 -2.5986 -39.8150 2.2998 0.0048 -0.4469 -1.2280 -5.4736 38.3146 -26.4105 0.0068 -0.5328 -1.4639 0.0000 0.0000 0.0000 24.9473 25.6304 -6.0229 -0.1062 -2.1011 5.7850 1.2723 -22.4912 -20.6418 -0.0476 -1.4087 3.8740 12.4653 4.0077 3.3972 -1.2191 5.6534 2.3727 -8.2993 3.0694 1.9422 0.4336 -6.6706 -0.6645 10.4581 -10.6829 17.7866 2.6337 -4.4487 6.0498 0.0000 0.0000 0.0000 -61.7949 -60.3025 114.8471 43.0439 -49.7734 -20.7342 -0.0000 0.0000 -58.5813 9.8807 -6.4667 -1.1238 -7.1250 0.0000 -0.0000 -12.3863 23.4412 6.5864 0.0000 0.0000 0.0000 38.4264 23.8697 66.9040 -64.7132 57.4404 -38.2892 0.0000 -0.0000 -39.5033 19.6388 -28.5472 -9.6776 7.1250 -0.0000 -0.0000 49.6893 -51.7442 -10.4018
-0.0393 17.7496 7.7742 -10.0076 5.6412 14.7398 0.0000 0.0000 0.0000 -2.5038 -39.7918 2.1682 0.0047 -0.4417 -1.2136 -5.4356 38.1104 -25.7791 0.0136 -0.7531 -2.0696 0.0000 0.0000 0.0000 24.9840 25.5713 -5.9428 -0.1060 -2.0994 5.7803 1.2900 -22.6492 -20.8105 -0.0585 -1.5603 4.2918 12.2807 4.0789 3.4130 -1.0529 5.7462 2.3420 -8.0180 3.1041 1.8839 0.0711 -6.8591 -0.6948 10.6628 -10.9794 18.0327 2.7349 -4.5859 6.1799 -0.0000 -0.0000 0.0000 -62.3590 -58.8582 115.1214 42.5275 -49.4980 -20.3408 -0.0000 0.0000 -58.6697 10.6279 -6.2736 -1.1747 -7.1250 0.0000 -0.0000 -11.8572 23.6170 6.2436 -0.0000 -0.0000 0.0000 38.0842 23.8629 67.1540 -64.8048 57.4600 -38.3664 0.0000 -0.0000 -39.5753 19.9000 -28.3451 -9.7520 7.1250 -0.0000 -0.0000 49.7223 -51.5518 -10.1368
-0.0462 17.7446 7.7507 -9.8992 6.0752 14.5037 0.0000 0.0000 0.0000 -2.6979 -39.9762 2.2228 0.0040 -0.4087 -1.1230 -5.4524 38.0665 -25.2883 0.0247 -1.0140 -2.7874 0.0000 0.0000 0.0000 24.9469 25.2609 -5.8218 -0.1052 -2.0910 5.7572 1.2872 -22.7066 -20.9894 -0.0632 -1.6217 4.4613 12.0685 4.1364 3.3184 -0.9124 5.8036 2.3485 -7.7393 3.1287 1.9180 -0.2544 -7.0829 -0.6937 10.9302 -11.3444 18.3520 2.8461 -4.7464 6.3366 0.0000 -0.0000 0.0000 -62.3806 -57.3137 114.9401 42.1105 -49.2717 -20.0242 -0.0000 0.0000 -58.9053 11.2388 -6.1795 -1.2254 -7.1250 0.0000 -0.0000 -11.4180 23.6974 5.9814 0.0000 -0.0000 0.0000 38.0274 24.0280 67.3019 -64.6818 57.4337 -38.2627 0.0000 -0.0000 -39.7433 19.8564 -28.3942 -9.7445 7.1250 -0.0000 -0.0000 49.7300 -51.5950 -10.2011
-0.0549 17.7416 7.7264 -9.9555 6.5421 14.2517 0.0000 0.0000 0.0000 -2.5433 -39.8270 2.0636 0.0040 -0.4064 -1.1167 -5.4079 37.8185 -24.4226 0.0455 -1.3763 -3.7849 0.0000 0.0000 0.0000 25.0948 24.9560 -5.7834 -0.1085 -2.1239 5.8481 1.2717 -22.7138 -21.2015 -0.0797 -1.8207 5.0104 12.0269 4.1875 3.2539 -0.6975 5.8630 2.3062 -7.4823 3.1503 1.8937 -0.8291 -7.2597 -0.4603 11.3707 -11.6257 18.4315 3.0683 -4.8920 6.3961 0.0000 0.0000 0.0000 -62.1054 -55.7971 114.5948 41.7146 -49.0535 -19.7247 -0.0000 0.0000 -59.1206 11.4617 -6.1474 -1.2438 -7.1250 0.0000 -0.0000 -11.2574 23.7244 5.8868 0.0000 0.0000 0.0000 37.9573 24.3189 67.6313 -64.5430 57.4038 -38.1458 0.0000 -0.0000 -39.7262 19.8574 -28.1803 -9.6789 7.1250 -0.0000 -0.0000 49.5460 -51.4402 -9.9224
-0.0635 17.7369 7.7050 -9.9049 6.8268 13.9650 0.0000 0.0000 0.0000 -2.7315 -39.9396 2.2891 0.0040 -0.4082 -1.1215 -5.3879 37.7367 -24.2116 0.0477 -1.4090 -3.8749 0.0000 0.0000 0.0000 25.1321 24.4607 -5.7624 -0.1119 -2.1564 5.9380 1.2454 -22.5513 -21.1320 -0.0815 -1.8412 5.0671 11.7411 4.3066 3.2413 -0.4771 6.0158 2.2369 -7.0884 3.2094 1.8031 -0.8545 -7.4286 -0.2118 11.2918 -11.8372 18.5264 3.0430 -5.0023 6.3948 -0.0000 0.0000 0.0000 -61.4907 -54.3274 114.0869 41.5805 -48.9789 -19.6235 -0.0000 0.0000 -58.9425 11.2985 -5.7170 -1.1402 -7.1250 0.0000 -0.0000 -11.4086 24.1582 5.8523 -0.0000 0.0000 0.0000 37.8732 24.6317 68.0601 -64.5478 57.4048 -38.1498 0.0000 -0.0000 -39.5414 19.3852 -27.9783 -9.3734 7.1250 -0.0000 -0.0000 48.9964 -51.3767 -9.6661
-0.0748 17.7329 7.6845 -9.8433 7.0531 13.7306 0.0000 0.0000 0.0000 -2.9229 -40.1206 2.4832 0.0036 -0.3867 -1.0626 -5.3868 37.7230 -24.1403 0.0489 -1.4272 -3.9252 0.0000 0.0000 0.0000 25.1327 24.1619 -5.7100 -0.1140 -2.1767 5.9941 1.2180 -22.4368 -21.1955 -0.0910 -1.9451 5.3539 11.6098 4.3850 3.2633 -0.3306 6.1270 2.1111 -6.8671 3.2461 1.6488 -1.4315 -7.4501 -0.2502 11.7572 -11.9705 18.9845 3.2728 -5.0462 6.6183 -0.0000 -0.0000 0.0000 -60.3644 -52.9548 113.2641 41.7381 -49.0666 -19.7424 -0.0000 0.0000 -59.1104 11.3419 -5.8731 -1.1758 -7.1250 0.0000 -0.0000 -11.3651 24.0013 5.8712 -0.0000 -0.0000 0.0000 37.9927 25.1918 68.4535 -64.4862 57.3915 -38.0979 0.0000 -0.0000 -39.4487 19.5186 -28.0662 -9.4687 7.1250 -0.0000 -0.0000 49.1779 -51.4171 -9.7778
-0.0864 17.7303 7.6647 -9.8588 7.3563 13.4515 0.0000 0.0000 0.0000 -2.8809 -39.7534 2.3504 0.0032 -0.3627 -0.9966 -5.2740 37.3165 -23.2979 0.0763 -1.7820 -4.9037 0.0000 0.0000 0.0000 25.2661 23.8216 -5.6009 -0.1165 -2.2005 6.0601 1.1887 -22.3424 -21.3314 -0.0945 -1.9824 5.4570 11.6490 4.4115 3.3712 -0.2398 6.1897 1.9185 -6.8125 3.2537 1.3910 -1.4951 -7.5235 -0.0347 11.6736 -12.0660 19.1882 3.2587 -5.0982 6.6519 0.0000 0.0000 0.0000 -58.8009 -51.6678 112.3919 42.0776 -49.2538 -19.9993 -0.0000 0.0000 -59.0499 11.0784 -5.9239 -1.1577 -7.1250 0.0000 -0.0000 -11.5544 23.9561 5.9852 0.0000 0.0000 0.0000 38.2909 25.7075 68.9642 -64.6146 57.4192 -38.2060 0.0000 -0.0000 -39.4318 19.1825 -27.9205 -9.2522 7.1250 -0.0000 -0.0000 48.7851 -51.3702 -9.5941
-0.0979 17.7268 7.6479 -9.7681 7.6597 13.1342 0.0000 0.0000 0.0000 -3.0081 -39.2930 2.2173 0.0024 -0.3189 -0.8762 -5.1181 36.7835 -22.3539 0.1153 -2.1888 -6.0277 0.0000 0.0000 0.0000 25.3030 23.3819 -5.4279 -0.1178 -2.2123 6.0927 1.1848 -22.3004 -21.2790 -0.0809 -1.8351 5.0503 11.4420 4.5720 2.8778 0.0251 6.3180 2.1424 -6.3566 3.3466 1.8754 -1.7813 -7.6414 -0.0064 11.7782 -12.2185 19.1292 3.3284 -5.1848 6.6622 0.0000 -0.0000 0.0000 -57.5306 -51.2382 111.5246 42.4807 -49.4728 -20.3052 -0.0000 0.0000 -59.1214 10.5734 -5.9801 -1.1141 -7.1250 0.0000 -0.0000 -11.9197 23.9102 6.1954 0.0000 -0.0000 0.0000 38.0003 26.3551 68.7131 -64.8003 57.4590 -38.3626 0.0000 -0.0000 -39.4768 19.3211 -28.1174 -9.3825 7.1250 -0.0000 -0.0000 49.0639 -51.4893 -9.8455
-0.1117 17.7219 7.6306 -9.6044 8.0316 12.8962 0.0000 0.0000 0.0000 -3.1081 -38.9178 1.8982 0.0013 -0.2291 -0.6296 -4.8786 36.0559 -21.7102 0.1250 -2.2796 -6.2789 0.0000 0.0000 0.0000 25.2152 23.1280 -5.3389 -0.1233 -2.2632 6.2337 1.1429 -22.2494 -21.6649 -0.1059 -2.0980 5.7766 11.2089 4.6604 2.4455 0.2203 6.3663 2.2664 -5.9743 3.3859 2.2080 -2.0271 -7.7923 0.1807 11.8409 -12.3813 18.8387 3.3843 -5.2950 6.5665 0.0000 -0.0000 0.0000 -56.0760 -50.8740 110.4435 42.9725 -49.7356 -20.6797 -0.0000 0.0000 -59.2909 10.2802 -5.7126 -1.0343 -7.1250 0.0000 -0.0000 -12.1561 24.1816 6.2456 0.0000 -0.0000 0.0000 37.8215 26.8727 68.4988 -64.9653 57.4941 -38.5017 0.0000 -0.0000 -39.4087 19.2402 -28.1459 -9.3494 7.1250 -0.0000 -0.0000 49.0236 -51.5243 -9.8826
-0.1261 17.7181 7.6121 -9.5677 8.4075 12.5993 0.0000 0.0000 0.0000 -3.1059 -38.5754 1.6733 0.0005 -0.1507 -0.4142 -4.7151 35.5012 -20.9315 0.1554 -2.5403 -7.0014 0.0000 0.0000 0.0000 25.2821 22.7292 -5.3458 -0.1343 -2.3620 6.5073 1.0821 -22.0446 -21.9148 -0.1311 -2.3339 6.4293 11.2588 4.5419 2.8181 0.2150 6.2771 1.9740 -6.0637 3.3032 1.6791 -2.6106 -7.8053 -0.1040 12.5089 -12.5975 19.6370 3.6657 -5.3409 6.9706 0.0000 -0.0000 0.0000 -54.3777 -50.2200 109.4326 43.3883 -49.9540 -20.9975 -0.0000 0.0000 -59.4416 9.9886 -5.7382 -1.0088 -7.1250 0.0000 -0.0000 -12.3675 24.1613 6.3652 0.0000 -0.0000 0.0000 38.3141 27.2658 68.9603 -65.1997 57.5434 -38.6995 0.0000 -0.0000 -39.2742 19.3672 -28.2784 -9.4548 7.1250 -0.0000 -0.0000 49.2391 -51.5980 -10.0529
-0.1436 17.7088 7.5933 -9.5772 8.7631 12.4283 0.0000 0.0000 0.0000 -2.9211 -38.3003 1.3831 0.0004 -0.1254 -0.3446 -4.5682 34.9982 -20.2660 0.1863 -2.7797 -7.6661 0.0000 0.0000 0.0000 25.3474 22.2523 -5.6573 -0.1523 -2.5148 6.9306 1.0269 -21.7643 -21.9351 -0.1312 -2.3350 6.4325 11.2283 4.5026 2.6560 0.2331 6.2092 1.8915 -6.0202 3.2646 1.6645 -2.8184 -7.8915 -0.0842 12.7826 -12.7657 19.7044 3.7761 -5.4138 7.0348 -0.0000 0.0000 0.0000 -52.9129 -49.9811 107.9269 43.6231 -50.0758 -21.1774 -0.0000 0.0000 -59.1933 9.2499 -5.8739 -0.9549 -7.1250 0.0000 -0.0000 -12.8958 24.0393 6.6880 -0.0000 0.0000 0.0000 38.4925 27.7186 69.0317 -65.4675 57.5991 -38.9255 0.0000 -0.0000 -39.2395 19.3512 -28.4278 -9.4914 7.1250 -0.0000 -0.0000 49.3553 -51.7092 -10.2464
-0.1586 17.7068 7.5738 -9.6465 9.1443 12.1279 0.0000 0.0000 0.0000 -2.8339 -38.1967 1.3555 0.0002 -0.0927 -0.2548 -4.4494 34.5899 -19.7714 0.2220 -3.0327 -8.3697 0.0000 0.0000 0.0000 25.4938 21.7364 -5.8826 -0.1739 -2.6861 7.4061 0.9641 -21.4651 -22.0084 -0.1271 -2.2981 6.3303 11.1451 4.4436 2.6471 0.2544 6.1314 1.8475 -5.9569 3.2192 1.5966 -3.3139 -7.9856 -0.2059 13.6320 -13.0586 19.8807 4.1065 -5.5146 7.2301 -0.0000 0.0000 0.0000 -52.0098 -50.0130 106.5361 43.6362 -50.0826 -21.1875 -0.0000 0.0000 -59.0934 9.1753 -5.5696 -0.8981 -7.1250 0.0000 -0.0000 -12.9777 24.3408 6.6396 -0.0000 0.0000 0.0000 38.6111 27.9998 68.9153 -65.6722 57.6411 -39.0983 0.0000 -0.0000 -39.1420 19.4479 -28.3474 -9.5174 7.1250 -0.0000 -0.0000 49.3632 -51.6337 -10.1420
-0.1749 17.7049 7.5592 -9.8243 9.3122 11.7713 0.0000 0.0000 0.0000 -2.7522 -38.1451 1.5739 0.0001 -0.0632 -0.1736 -4.4255 34.4750 -19.3812 0.2622 -3.2945 -9.0998 0.0000 0.0000 0.0000 25.7360 20.9347 -6.4279 -0.2181 -3.0062 8.2960 0.8238 -20.6370 -21.8802 -0.1066 -2.1051 5.7963 10.9701 4.4323 2.6574 0.2777 6.1180 1.7994 -5.8411 3.2039 1.5153 -3.5485 -8.0929 -0.1449 14.2172 -13.3047 19.8470 4.3198 -5.6124 7.2890 -0.0000 0.0000 0.0000 -51.5570 -49.9511 104.9347 43.3554 -49.9369 -20.9724 -0.0000 0.0000 -59.0702 9.4819 -5.4001 -0.9005 -7.1250 0.0000 -0.0000 -12.7685 24.5039 6.4776 -0.0000 0.0000 0.0000 38.9309 28.0954 68.6480 -65.7287 57.6527 -39.1461 0.0000 -0.0000 -38.8136 19.8133 -28.3896 -9.7205 7.1250 -0.0000 -0.0000 49.6917 -51.5993 -10.1954
-0.1954 17.7044 7.5451 -9.8637 9.2782 11.3449 0.0000 0.0000 0.0000 -2.9762 -38.0545 2.0996 0.0001 -0.0700 -0.1922 -4.3941 34.3896 -19.4693 0.2634 -3.3019 -9.1204 0.0000 0.0000 0.0000 25.8417 20.0131 -7.1227 -0.2884 -3.4534 9.5437 0.6467 -19.5552 -21.7489 -0.0785 -1.8076 4.9742 10.5445 4.4302 2.8153 0.1376 6.1320 1.7241 -5.7729 3.1946 1.3186 -3.6572 -8.1271 -0.1350 15.0829 -13.5451 20.0302 4.6082 -5.6651 7.4432 -0.0000 0.0000 0.0000 -51.4969 -49.6134 103.0374 42.7398 -49.6119 -20.5023 -0.0000 0.0000 -59.0706 9.3605 -5.5390 -0.9116 -7.1250 0.0000 -0.0000 -12.8449 24.3683 6.5598 -0.0000 0.0000 0.0000 39.3332 28.2142 68.6298 -65.5467 57.6154 -38.9924 0.0000 -0.0000 -38.8261 19.5026 -28.4610 -9.5803 7.1250 -0.0000 -0.0000 49.5055 -51.7063 -10.2896
-0.2117 17.6998 7.5347 -10.0277 9.1646 10.8567 0.0000 0.0000 0.0000 -3.2093 -38.0301 2.8696 0.0002 -0.0913 -0.2508 -4.4245 34.5074 -19.7015 0.2576 -3.2653 -9.0182 0.0000 0.0000 0.0000 26.0958 18.9631 -7.7586 -0.3649 -3.8803 10.7403 0.4858 -18.4372 -21.4882 -0.0470 -1.3990 3.8473 10.2674 4.4220 2.9464 -0.0560 6.1333 1.6971 -5.8366 3.1882 1.2084 -3.8325 -8.1703 -0.2253 16.0696 -13.8201 20.1556 4.9433 -5.7294 7.6182 -0.0000 -0.0000 0.0000 -51.9147 -49.1349 100.9601 41.6539 -49.0198 -19.6789 -0.0000 0.0000 -59.0367 9.1029 -5.3675 -0.8587 -7.1250 0.0000 -0.0000 -13.0494 24.5413 6.6158 -0.0000 -0.0000 0.0000 39.9418 28.3111 68.4254 -65.0197 57.5056 -38.5476 0.0000 -0.0000 -38.5367 19.7567 -28.4924 -9.7225 7.1250 -0.0000 -0.0000 49.7358 -51.6836 -10.3299
-0.2360 17.6899 7.5334 -10.2095 9.1524 10.4272 0.0000 0.0000 0.0000 -3.2245 -37.7540 3.4013 0.0004 -0.1312 -0.3605 -4.3418 34.2434 -19.5803 0.2576 -3.2655 -9.0187 0.0000 0.0000 0.0000 26.4371 18.1019 -8.2460 -0.4382 -4.2479 11.7751 0.3461 -17.4986 -21.4107 -0.0164 -0.8275 2.2743 9.8768 4.3771 2.8398 -0.3213 6.0561 1.6607 -5.8929 3.1470 1.2033 -3.6900 -8.2009 -0.4819 16.7466 -14.0804 20.5078 5.1209 -5.7630 7.8587 0.0000 -0.0000 0.0000 -52.8515 -48.2159 98.4979 40.0245 -48.0844 -18.4574 -0.0000 0.0000 -58.2965 9.0885 -5.4717 -0.8739 -7.1250 0.0000 -0.0000 -13.0502 24.4387 6.6482 0.0000 -0.0000 0.0000 40.6921 28.4674 68.4004 -64.2984 57.3506 -37.9397 0.0000 -0.0000 -38.2172 19.9057 -28.2618 -9.7292 7.1250 -0.0000 -0.0000 49.6548 -51.4906 -10.0280
-0.2603 17.6787 7.5465 -10.5590 9.2981 9.8745 0.0000 0.0000 0.0000 -3.0576 -37.3621 3.9776 0.0007 -0.1728 -0.4748 -4.1840 33.7376 -19.4108 0.2755 -3.3760 -9.3275 0.0000 0.0000 0.0000 27.0659 17.4412 -8.2305 -0.4850 -4.4656 12.3903 0.2820 -17.0760 -21.4145 -0.0244 -1.0090 2.7735 9.6543 4.3113 2.7177 -0.5349 5.9577 1.5471 -5.9910 3.0907 1.1351 -4.0552 -8.1445 -0.5807 18.0220 -14.3444 21.0271 5.6087 -5.7882 8.2153 -0.0000 0.0000 0.0000 -55.3457 -46.3484 95.3391 37.3120 -46.3942 -16.4656 -0.0000 0.0000 -56.4093 8.5100 -6.4212 -0.9587 -7.1250 0.0000 -0.0000 -13.3852 23.5126 7.1231 -0.0000 0.0000 0.0000 41.6295 28.3092 68.5252 -63.4632 57.1643 -37.2373 0.0000 -0.0000 -38.0110 19.5031 -28.3744 -9.5543 7.1250 -0.0000 -0.0000 49.4307 -51.6435 -10.1769
-0.2844 17.6725 7.5627 -10.8027 9.6364 9.2844 0.0000 0.0000 0.0000 -3.0953 -37.2711 4.6256 0.0007 -0.1730 -0.4754 -4.0631 33.3330 -19.2152 0.3011 -3.5280 -9.7523 0.0000 0.0000 0.0000 27.5684 16.7554 -8.1276 -0.5289 -4.6605 12.9429 0.2217 -16.8022 -21.6262 -0.0221 -0.9591 2.6363 9.3220 4.2220 2.5517 -0.7580 5.8173 1.5188 -6.0305 3.0200 1.1631 -4.1752 -8.1857 -0.9443 18.8946 -14.7097 21.6160 5.9032 -5.8494 8.6215 0.0000 -0.0000 0.0000 -59.0930 -43.7558 90.3015 33.7843 -43.9243 -13.9632 -0.0000 0.0000 -54.4389 7.8969 -7.1160 -0.9844 -7.1250 0.0000 -0.0000 -13.7658 22.8418 7.5564 0.0000 -0.0000 0.0000 42.2477 28.0164 68.4877 -63.0747 57.0751 -36.9110 0.0000 -0.0000 -38.0974 19.4080 -28.5072 -9.5449 7.1250 -0.0000 -0.0000 49.4696 -51.7565 -10.3496
-0.3129 17.6655 7.5823 -11.0979 9.9433 8.6414 0.0000 0.0000 0.0000 -3.0998 -37.0311 5.2486 0.0005 -0.1488 -0.4089 -3.9354 32.8881 -18.9388 0.3344 -3.7165 -10.2805 0.0000 0.0000 0.0000 28.1881 16.1632 -7.8696 -0.5699 -4.8348 13.4381 0.1772 -16.6354 -21.8378 -0.0210 -0.9347 2.5692 8.9729 4.2096 2.6010 -0.8876 5.8064 1.3644 -5.9855 2.9972 0.9497 -4.1510 -8.3227 -1.0577 19.3660 -15.1042 22.0545 6.0371 -5.9630 8.8962 0.0000 0.0000 0.0000 -64.6702 -40.1363 82.3597 29.5619 -40.5149 -11.1239 -0.0000 0.0000 -50.9866 6.8826 -8.1018 -0.9746 -7.1250 0.0000 -0.0000 -14.4033 21.8994 8.2498 0.0000 0.0000 0.0000 42.8717 27.3350 68.5342 -62.8262 57.0172 -36.7024 0.0000 -0.0000 -38.0426 20.0384 -28.4595 -9.8599 7.1250 -0.0000 -0.0000 49.9318 -51.6098 -10.2857
-0.3327 17.6517 7.6001 -11.6015 10.5864 7.9027 0.0000 0.0000 0.0000 -2.9354 -37.0553 5.9136 0.0004 -0.1326 -0.3643 -3.8552 32.5512 -18.3263 0.4245 -4.1815 -11.5878 0.0000 0.0000 0.0000 29.0140 15.2564 -7.4733 -0.5857 -4.9002 13.6243 0.1293 -16.4670 -22.0786 -0.0291 -1.1020 3.0294 9.2058 4.1286 2.7489 -0.9633 5.7272 1.1788 -6.2178 2.9420 0.6910 -4.3900 -8.4341 -1.1079 20.1181 -15.5211 22.5497 6.3261 -6.0842 9.2355 0.0000 -0.0000 0.0000 -70.8385 -36.0139 70.2809 25.8251 -37.0355 -8.7821 -0.0000 0.0000 -47.3073 6.8187 -9.2067 -1.0960 -7.1250 0.0000 -0.0000 -14.3546 20.8235 8.5829 0.0000 -0.0000 0.0000 43.1617 26.6445 69.0264 -62.8196 57.0156 -36.6969 0.0000 -0.0000 -37.8968 19.9978 -28.3870 -9.8161 7.1250 -0.0000 -0.0000 49.8364 -51.5647 -10.1909
-0.3546 17.6403 7.6282 -11.8538 11.3672 7.3471 0.0000 0.0000 0.0000 -2.8798 -37.1482 6.3456 0.0005 -0.1423 -0.3910 -3.7332 32.0823 -17.8216 0.4743 -4.4168 -12.2524 0.0000 0.0000 0.0000 29.5095 14.4874 -7.1754 -0.5999 -4.9581 13.7890 0.1079 -16.5799 -22.4625 -0.0355 -1.2155 3.3418 9.3778 4.0795 2.5837 -1.0034 5.6550 1.0632 -6.3485 2.9025 0.6714 -4.7588 -8.6604 -1.1141 20.3396 -15.9418 22.8971 6.4375 -6.2699 9.4796 -0.0000 -0.0000 0.0000 -76.0475 -32.6181 55.8234 23.1378 -34.2392 -7.2157 -0.0000 0.0000 -46.0173 8.0790 -10.3997 -1.4678 -7.1250 0.0000 -0.0000 -13.3847 19.6155 8.3435 -0.0000 -0.0000 0.0000 43.0176 26.1433 69.7301 -62.9936 57.0563 -36.8429 0.0000 -0.0000 -38.0564 20.0877 -28.6470 -9.9442 7.1250 -0.0000 -0.0000 50.1348 -51.7358 -10.5322
-0.3843 17.6347 7.6576 -11.5780 12.1203 7.0447 0.0000 0.0000 0.0000 -3.1808 -37.1027 6.2896 0.0001 -0.0693 -0.1905 -3.5515 31.3844 -17.2302 0.5414 -4.7144 -13.0957 0.0000 0.0000 0.0000 29.3735 14.1455 -6.9697 -0.6227 -5.0498 14.0506 0.0855 -16.8677 -23.1051 -0.0457 -1.3798 3.7945 8.9840 4.1240 2.2651 -1.0164 5.6835 0.8494 -6.1268 2.9028 0.5934 -5.0864 -8.8182 -0.5669 20.4540 -16.1749 23.0379 6.5431 -6.4188 9.4995 0.0000 -0.0000 0.0000 -79.3403 -30.3739 40.8884 20.6351 -31.3999 -5.8587 -0.0000 0.0000 -45.3641 9.0033 -10.5941 -1.6686 -7.1250 0.0000 -0.0000 -12.7278 19.3878 7.9788 0.0000 -0.0000 0.0000 42.6621 25.6430 70.5109 -62.6467 56.9749 -36.5519 0.0000 -0.0000 -37.4264 21.8150 -27.5248 -10.4801 7.1250 -0.0000 -0.0000 50.5215 -50.6249 -9.0148
-0.4094 17.6224 7.6877 -11.4291 13.0908 6.6018 0.0000 0.0000 0.0000 -3.3656 -36.7809 6.2074 0.0000 -0.0248 -0.0682 -3.3029 30.3724 -16.2418 0.6575 -5.1863 -14.4407 0.0000 0.0000 0.0000 29.4318 13.6410 -6.5140 -0.6269 -5.0663 14.0979 0.0482 -17.1714 -23.8951 -0.0588 -1.5641 4.3026 9.1949 4.1967 2.2018 -0.9155 5.7916 0.5669 -6.1458 2.9362 0.3628 -5.7092 -9.0431 -0.0442 20.6081 -16.5218 23.3139 6.7073 -6.6298 9.6229 -0.0000 0.0000 0.0000 -79.9393 -28.4268 27.1344 18.9204 -29.3197 -4.9918 -0.0000 0.0000 -46.8853 10.5963 -6.6940 -1.2493 -7.1250 0.0000 -0.0000 -11.8487 23.1994 6.3554 -0.0000 0.0000 0.0000 41.8560 24.9577 72.4080 -64.6905 57.4355 -38.2700 0.0000 -0.0000 -41.4325 14.6694 -32.4123 -7.9872 7.1250 -0.0000 -0.0000 49.1620 -55.4601 -15.2718
-0.4417 17.6119 7.7191 -11.1602 14.1370 6.2326 0.0000 0.0000 0.0000 -3.5075 -36.2274 5.8657 0.0000 0.0109 0.0299 -3.0037 29.0853 -14.9877 0.8254 -5.7966 -16.1953 0.0000 0.0000 0.0000 29.3853 13.1824 -6.0688 -0.6228 -5.0500 14.0513 0.0501 -17.6873 -24.6135 -0.0703 -1.7103 4.7058 9.5537 4.3400 2.2739 -0.8001 6.0109 0.3087 -6.2400 3.0247 0.1151 -6.1472 -9.4131 0.2469 20.6289 -17.0498 23.5142 6.7510 -6.9065 9.7712 0.0000 -0.0000 0.0000 -77.7600 -27.0559 13.5190 16.1433 -25.7146 -3.7079 -0.0000 0.0000 -42.7008 9.5833 -5.9083 -0.9957 -7.1250 0.0000 -0.0000 -12.6493 23.9999 6.5657 0.0000 -0.0000 0.0000 41.2673 24.4629 72.3512 -63.3348 57.1350 -37.1294 0.0000 -0.0000 -38.5244 21.4599 -28.7425 -10.7045 7.1250 -0.0000 -0.0000 51.3035 -51.5587 -10.6500
-0.4752 17.6064 7.7491 -10.8909 15.2693 5.7532 0.0000 0.0000 0.0000 -3.6454 -35.5307 5.4294 0.0002 0.1014 0.2785 -2.6282 27.3871 -13.7810 0.9938 -6.3447 -17.7878 0.0000 0.0000 0.0000 29.3489 12.7346 -5.5004 -0.6229 -5.0507 14.0532 0.0055 -18.1094 -25.5967 -0.1087 -2.1263 5.8549 9.7200 4.2944 2.2852 -0.3341 5.9603 0.2668 -5.8500 2.9908 0.0220 -6.8421 -9.6137 0.6260 20.9306 -17.3428 23.4681 6.9695 -7.0970 9.8271 -0.0000 0.0000 0.0000 -74.4231 -25.6259 -1.8034 14.4729 -23.4067 -3.0134 -0.0000 0.0000 -38.2033 12.1433 -2.6830 -0.5771 -7.1250 0.0000 -0.0000 -11.0342 27.1874 4.8576 -0.0000 0.0000 0.0000 40.6997 24.3890 72.8550 -63.7493 57.2290 -37.4777 0.0000 -0.0000 -38.9930 20.1878 -29.8365 -10.3667 7.1250 -0.0000 -0.0000 51.2817 -52.5644 -12.1290
-0.5035 17.6007 7.7789 -10.6722 16.2454 5.4995 0.0000 0.0000 0.0000 -3.7786 -35.2763 5.0443 0.0011 0.2137 0.5871 -2.3838 26.2220 -13.2661 1.0763 -6.5944 -18.5192 0.0000 0.0000 0.0000 29.2989 12.3949 -5.1405 -0.6190 -5.0352 14.0088 -0.0527 -18.3756 -26.4482 -0.1453 -2.4565 6.7691 10.1381 4.2799 2.1288 0.1817 5.9399 0.2086 -5.5327 2.9768 0.0315 -7.4504 -9.9372 0.9602 21.0663 -17.7777 23.3764 7.0854 -7.3582 9.8797 0.0000 0.0000 0.0000 -69.8960 -23.6478 -19.2667 13.6652 -22.2540 -2.7000 -0.0000 0.0000 -33.3863 15.0755 -2.2262 -0.5995 -7.1250 0.0000 -0.0000 -8.8422 27.6396 3.7728 0.0000 0.0000 0.0000 40.2002 24.2818 73.1327 -65.0452 57.5109 -38.5691 0.0000 -0.0000 -41.3296 23.2874 -28.9820 -11.7800 7.1250 -0.0000 -0.0000 52.9363 -51.4004 -10.9469
-0.5223 17.5912 7.8148 -10.4378 17.0644 5.3482 0.0000 0.0000 0.0000 -3.9919 -35.1754 4.8117 0.0021 0.2965 0.8148 -2.2130 25.3645 -12.9173 1.1622 -6.8438 -19.2536 0.0000 0.0000 0.0000 29.1908 12.0253 -4.8673 -0.6128 -5.0104 13.9381 -0.0628 -18.7074 -26.9813 -0.1490 -2.4873 6.8544 10.6615 4.3014 1.8759 0.7032 5.9574 0.1325 -5.2586 2.9838 0.0928 -8.0962 -10.2732 1.3504 21.0939 -18.2238 23.3665 7.1702 -7.6340 9.9494 -0.0000 -0.0000 0.0000 -64.8145 -20.5067 -34.2249 14.5746 -23.5501 -3.0539 -0.0000 0.0000 -34.3163 19.7551 -2.7920 -1.0022 -7.1250 0.0000 -0.0000 -5.2336 27.0044 2.2955 -0.0000 -0.0000 0.0000 40.0190 24.1593 72.7400 -65.2754 57.5592 -38.7634 0.0000 -0.0000 -41.5155 16.7825 -31.9965 -9.0791 7.1250 -0.0000 -0.0000 50.5383 -54.7390 -14.9056
-0.5360 17.5847 7.8564 -10.0717 17.4830 5.1422 0.0000 0.0000 0.0000 -4.7265 -35.3628 5.2940 0.0026 0.3313 0.9102 -2.1949 25.2739 -12.9076 1.2161 -6.9951 -19.7009 0.0000 0.0000 0.0000 28.9746 11.8505 -4.3179 -0.6024 -4.9684 13.8183 -0.0960 -18.8468 -27.4298 -0.1549 -2.5359 6.9892 10.9900 4.4015 1.8958 1.2094 6.1163 -0.0334 -4.9201 3.0458 -0.0884 -8.6250 -10.6403 1.8328 21.0347 -18.7298 23.4751 7.2036 -7.9315 10.0397 0.0000 0.0000 0.0000 -59.6333 -16.9394 -46.0210 16.9397 -26.7783 -4.0602 -0.0000 0.0000 -40.4598 23.4640 -1.5719 -0.6822 -7.1250 0.0000 -0.0000 -2.4113 28.2633 0.9828 0.0000 0.0000 0.0000 40.1331 23.7467 72.5068 -65.8399 57.6753 -39.2400 0.0000 -0.0000 -42.5663 12.9178 -33.3842 -7.1929 7.1250 -0.0000 -0.0000 48.6373 -56.5157 -16.3897
-0.5466 17.5838 7.8938 -9.5773 17.9364 5.1395 0.0000 0.0000 0.0000 -5.1109 -34.7551 4.8476 0.0043 0.4256 1.1695 -1.9956 24.2016 -12.3632 1.3137 -7.2600 -20.4881 0.0000 0.0000 0.0000 28.5913 11.7937 -3.8608 -0.5793 -4.8739 13.5493 -0.1059 -19.1431 -27.9034 -0.1850 -2.7701 7.6394 11.2853 4.4441 1.9225 1.6627 6.2080 -0.2836 -4.6256 3.0660 -0.3720 -9.2467 -10.9697 2.3891 20.9642 -19.1608 23.4621 7.2559 -8.2162 10.0675 -0.0000 0.0000 0.0000 -53.5329 -13.1071 -54.6654 19.3845 -29.8937 -5.2211 -0.0000 0.0000 -46.6924 24.2323 -0.9692 -0.4362 -7.1250 0.0000 -0.0000 -1.8227 28.9148 0.7145 -0.0000 0.0000 0.0000 40.4934 23.3686 71.4991 -64.6585 57.4287 -38.2431 0.0000 -0.0000 -39.1593 26.6481 -26.4061 -12.5806 7.1250 -0.0000 -0.0000 53.1677 -49.0022 -7.1235
-0.5431 17.5831 7.9377 -9.1944 17.8833 5.1155 0.0000 0.0000 0.0000 -5.6459 -34.2440 4.9278 0.0055 0.4772 1.3114 -1.9021 23.7067 -12.3974 1.3104 -7.2513 -20.4619 0.0000 0.0000 0.0000 28.2946 11.8541 -3.2786 -0.5518 -4.7585 13.2211 -0.1417 -19.1057 -28.1246 -0.2016 -2.8914 7.9764 11.6334 4.6848 1.7930 2.1542 6.5384 -0.4595 -4.2963 3.2181 -0.4519 -9.8156 -11.3362 2.9953 20.9439 -19.6327 23.2732 7.3075 -8.5239 10.0331 0.0000 0.0000 0.0000 -46.4889 -9.0589 -59.4600 21.3315 -32.2132 -6.2257 -0.0000 0.0000 -52.6714 25.7899 -1.5495 -0.7486 -7.1250 0.0000 -0.0000 -0.6089 28.2588 0.2480 0.0000 0.0000 0.0000 40.6280 22.6174 70.8959 -64.9310 57.4868 -38.4728 0.0000 -0.0000 -38.6302 29.6700 -25.6137 -13.8355 7.1250 -0.0000 -0.0000 54.5756 -47.9333 -5.5571
-0.5256 17.5874 7.9736 -8.6217 17.8378 5.0300 0.0000 0.0000 0.0000 -6.3910 -33.3639 4.7448 0.0091 0.6148 1.6894 -1.7280 22.7452 -12.3978 1.2776 -7.1633 -20.2002 0.0000 0.0000 0.0000 27.7512 11.9605 -2.4767 -0.5145 -4.5977 12.7645 -0.2000 -19.0064 -28.4293 -0.2484 -3.2072 8.8563 11.9079 4.9012 1.9121 2.6516 6.8832 -0.7342 -3.9516 3.3606 -0.7854 -10.6151 -11.5599 3.8091 20.9850 -19.9279 23.1219 7.4626 -8.7751 9.9739 0.0000 0.0000 0.0000 -39.0903 -4.8567 -61.2967 23.2262 -34.3352 -7.2655 -0.0000 0.0000 -57.2182 28.5266 -1.8054 -0.9811 -7.1250 0.0000 -0.0000 1.5041 27.9240 -0.6248 0.0000 0.0000 0.0000 40.2917 21.4827 70.8056 -66.0638 57.7204 -39.4293 0.0000 -0.0000 -38.9050 24.6591 -27.4597 -11.9528 7.1250 -0.0000 -0.0000 52.6243 -50.0885 -8.7697
-0.4976 17.5957 8.0051 -8.0916 17.7870 4.9798 0.0000 0.0000 0.0000 -7.0827 -32.5101 4.4130 0.0154 0.8021 2.2043 -1.5781 21.8634 -12.2883 1.2797 -7.1690 -20.2171 0.0000 0.0000 0.0000 27.1827 12.0245 -1.7183 -0.4694 -4.3943 12.1887 -0.1833 -19.0897 -28.4140 -0.2524 -3.2328 8.9276 11.6666 5.2351 1.8938 3.3390 7.3298 -0.7079 -3.1057 3.5869 -0.7995 -10.7652 -12.0824 3.5755 20.8029 -20.5754 22.8840 7.2941 -9.0798 10.0581 0.0000 -0.0000 0.0000 -31.6624 -2.0730 -62.8815 25.4299 -36.6402 -8.5452 -0.0000 0.0000 -60.8665 30.3977 -2.9599 -1.7351 -7.1250 0.0000 -0.0000 2.8909 26.5470 -1.2956 0.0000 -0.0000 0.0000 39.2861 20.4138 70.0570 -67.5114 58.0001 -40.6551 0.0000 -0.0000 -39.2290 24.6650 -27.7312 -12.0617 7.1250 -0.0000 -0.0000 52.8655 -50.2795 -9.1450
-0.4373 17.5908 7.9959 -7.7059 17.4406 5.5354 0.0000 0.0000 0.0000 -7.3326 -32.1279 3.1023 0.0309 1.1346 3.1193 -1.5049 21.4344 -12.3449 1.2477 -7.0822 -19.9590 0.0000 0.0000 0.0000 26.2659 11.7589 -2.4184 -0.4687 -4.3909 12.1792 -0.1829 -18.5121 -27.6577 -0.1902 -2.8090 7.7474 12.1394 5.5345 1.7549 3.9412 7.7729 -1.1265 -2.7412 3.7740 -1.1292 -11.6260 -12.3256 3.8989 20.5930 -20.8224 22.6005 7.3240 -9.3050 10.0137 -0.0000 0.0000 0.0000 -24.4637 0.6324 -63.9211 28.4663 -39.5420 -10.4192 -0.0000 0.0000 -64.6090 31.5842 -3.9507 -2.4256 -7.1250 0.0000 -0.0000 3.7276 25.3438 -1.7768 -0.0000 0.0000 0.0000 38.3426 19.3458 69.9576 -68.9454 58.2569 -41.8729 0.0000 -0.0000 -39.2423 27.6090 -26.0227 -12.9227 7.1250 -0.0000 -0.0000 53.5192 -48.5681 -6.4642
-0.3996 17.6026 8.0002 -7.2274 17.0300 5.6273 0.0000 0.0000 0.0000 -7.8004 -30.9985 2.3338 0.0454 1.3754 3.7822 -1.3411 20.4148 -12.3243 1.2181 -7.0007 -19.7175 0.0000 0.0000 0.0000 25.6386 11.9681 -2.0388 -0.4455 -4.2826 11.8730 -0.1917 -18.4121 -27.5946 -0.1995 -2.8760 7.9338 12.1528 5.8329 2.1801 4.4040 8.2847 -1.4173 -2.3367 3.9926 -1.6763 -11.7654 -12.7844 4.0023 20.4695 -21.3493 22.0165 7.2012 -9.5940 9.8884 -0.0000 -0.0000 0.0000 -16.4198 1.6745 -64.9128 31.8349 -42.4151 -12.6293 -0.0000 0.0000 -65.2862 31.8985 -5.2931 -3.2862 -7.1250 0.0000 -0.0000 3.8640 23.7545 -1.9845 -0.0000 -0.0000 0.0000 37.6100 18.1254 69.6218 -70.4490 58.5053 -43.1533 0.0000 -0.0000 -39.4842 27.9361 -26.1424 -13.1508 7.1250 -0.0000 -0.0000 53.8489 -48.5988 -6.5879
-0.3719 17.6229 8.0068 -6.7718 16.6777 5.1892 0.0000 0.0000 0.0000 -8.5836 -29.7800 2.4270 0.0556 1.5218 4.1859 -1.1873 19.3906 -12.2309 1.2314 -7.0375 -19.8265 0.0000 0.0000 0.0000 25.2928 12.2362 -0.7708 -0.4000 -4.0604 11.2467 -0.1361 -18.7953 -27.6709 -0.2188 -3.0112 8.3100 11.9383 6.0216 3.1412 4.9308 8.7298 -1.6091 -1.8177 4.1735 -2.4791 -12.2951 -13.0755 4.3998 20.9675 -21.7793 21.3756 7.4119 -9.8526 9.8019 0.0000 -0.0000 0.0000 -7.8481 1.5905 -65.1151 35.5921 -45.2303 -15.2322 -0.0000 0.0000 -64.6902 31.6181 -6.6049 -4.0505 -7.1250 0.0000 -0.0000 3.5540 22.2416 -1.9480 0.0000 -0.0000 0.0000 36.9716 16.8387 69.2689 -71.7350 58.7012 -44.2511 0.0000 -0.0000 -39.6636 27.9858 -26.3013 -13.2493 7.1250 -0.0000 -0.0000 54.0198 -48.7033 -6.8067
-0.3245 17.6332 7.9834 -6.3670 16.2289 5.2117 0.0000 0.0000 0.0000 -9.0708 -28.7522 1.8623 0.0686 1.6900 4.6498 -1.0618 18.5368 -12.2758 1.1537 -6.8197 -19.1822 0.0000 0.0000 0.0000 24.6894 12.4887 -0.3958 -0.3762 -3.9391 10.9053 -0.1032 -18.8419 -27.4797 -0.2176 -3.0027 8.2862 11.7116 6.0519 3.8977 5.4530 8.9391 -1.8421 -1.2814 4.2416 -3.2486 -12.1879 -13.2049 4.4232 21.1958 -21.8331 20.3833 7.4384 -9.9037 9.4669 0.0000 0.0000 0.0000 0.6270 0.8891 -64.5388 40.1642 -48.1669 -18.5615 -0.0000 0.0000 -63.0832 29.1627 -8.8774 -4.9219 -7.1250 0.0000 -0.0000 1.6083 19.8408 -0.9673 0.0000 0.0000 0.0000 35.1033 17.0426 69.9282 -74.3115 59.0493 -46.4567 0.0000 -0.0000 -41.1758 26.0522 -26.8022 -12.4311 7.1250 -0.0000 -0.0000 53.0789 -49.3844 -7.7401
-0.2689 17.6482 7.9392 -5.8800 15.7745 5.4232 0.0000 0.0000 0.0000 -9.6705 -28.2186 1.2363 0.0832 1.8602 5.1194 -1.0053 18.1336 -12.2709 1.1132 -6.7031 -18.8386 0.0000 0.0000 0.0000 23.8650 12.8632 -0.3863 -0.3645 -3.8783 10.7346 -0.0961 -18.7964 -27.3630 -0.2294 -3.0828 8.5094 11.4797 5.9519 4.6872 5.9381 8.9706 -1.9885 -0.7738 4.2292 -3.9628 -11.9930 -13.3095 3.6905 21.1463 -21.8033 19.5791 7.3075 -9.8711 9.2784 0.0000 0.0000 0.0000 8.9713 -0.7156 -62.7929 45.5315 -51.0262 -22.6512 -0.0000 0.0000 -60.5090 28.5215 -10.2232 -5.5093 -7.1250 0.0000 -0.0000 1.0530 18.3815 -0.6673 0.0000 0.0000 0.0000 35.8241 16.6958 68.3893 -73.0493 58.8860 -45.3752 0.0000 -0.0000 -39.7894 27.6390 -26.2580 -13.0437 7.1250 -0.0000 -0.0000 53.7409 -48.7307 -6.7920
