HIERARCHY
ROOT Hips
{
	OFFSET 0.00000 0.00000 0.00000
	CHANNELS 6 Xposition Yposition Zposition Zrotation Yrotation Xrotation 
	JOINT LHipJoint
	{
		OFFSET 0 0 0
		CHANNELS 3 Zrotation Yrotation Xrotation
		JOINT LeftUpLeg
		{
			OFFSET 1.39187 -1.60231 0.69152
			CHANNELS 3 Zrotation Yrotation Xrotation
			JOINT LeftLeg
			{
				OFFSET 2.43314 -6.68499 0.00000
				CHANNELS 3 Zrotation Yrotation Xrotation
				JOINT LeftFoot
				{
					OFFSET 2.32059 -6.37578 0.00000
					CHANNELS 3 Zrotation Yrotation Xrotation
					JOINT LeftToeBase
					{
						OFFSET 0.23021 -0.63250 1.71305
						CHANNELS 3 Zrotation Yrotation Xrotation
						End Site
						{
							OFFSET 0.00000 -0.00000 0.91647
						}
					}
				}
			}
		}
	}
	JOINT RHipJoint
	{
		OFFSET 0 0 0
		CHANNELS 3 Zrotation Yrotation Xrotation
		JOINT RightUpLeg
		{
			OFFSET -1.19407 -1.60231 0.69152
			CHANNELS 3 Zrotation Yrotation Xrotation
			JOINT RightLeg
			{
				OFFSET -2.44411 -6.71513 0.00000
				CHANNELS 3 Zrotation Yrotation Xrotation
				JOINT RightFoot
				{
					OFFSET -2.31924 -6.37207 0.00000
					CHANNELS 3 Zrotation Yrotation Xrotation
					JOINT RightToeBase
					{
						OFFSET -0.19473 -0.53502 1.87724
						CHANNELS 3 Zrotation Yrotation Xrotation
						End Site
						{
							OFFSET -0.00000 -0.00000 0.98293
						}
					}
				}
			}
		}
	}
	JOINT LowerBack
	{
		OFFSET 0 0 0
		CHANNELS 3 Zrotation Yrotation Xrotation
		JOINT Spine
		{
			OFFSET -0.01120 1.87307 0.09613
			CHANNELS 3 Zrotation Yrotation Xrotation
			JOINT Spine1
			{
				OFFSET 0.01099 1.87818 0.04834
				CHANNELS 3 Zrotation Yrotation Xrotation
				JOINT Neck
				{
					OFFSET 0 0 0
					CHANNELS 3 Zrotation Yrotation Xrotation
					JOINT Neck1
					{
						OFFSET 0.01702 1.40324 -0.12579
						CHANNELS 3 Zrotation Yrotation Xrotation
						JOINT Head
						{
							OFFSET -0.04239 1.38587 -0.01614
							CHANNELS 3 Zrotation Yrotation Xrotation
							End Site
							{
								OFFSET -0.02510 1.47031 -0.00154
							}
						}
					}
				}
				JOINT LeftShoulder
				{
					OFFSET 0 0 0
					CHANNELS 3 Zrotation Yrotation Xrotation
					JOINT LeftArm
					{
						OFFSET 2.95699 0.62343 0.11653
						CHANNELS 3 Zrotation Yrotation Xrotation
						JOINT LeftForeArm
						{
							OFFSET 4.68382 -0.00000 -0.00000
							CHANNELS 3 Zrotation Yrotation Xrotation
							JOINT LeftHand
							{
								OFFSET 2.98124 -0.00000 -0.00000
								CHANNELS 3 Zrotation Yrotation Xrotation
								JOINT LeftFingerBase
								{
									OFFSET 0 0 0
									CHANNELS 3 Zrotation Yrotation Xrotation
									JOINT LeftHandIndex1
									{
										OFFSET 0.70759 -0.00000 0.00000
										CHANNELS 3 Zrotation Yrotation Xrotation
										End Site
										{
											OFFSET 0.57048 -0.00000 0.00000
										}
									}
								}
								JOINT LThumb
								{
									OFFSET 0 0 0
									CHANNELS 3 Zrotation Yrotation Xrotation
									End Site
									{
										OFFSET 0.57919 -0.00000 0.57919
									}
								}
							}
						}
					}
				}
				JOINT RightShoulder
				{
					OFFSET 0 0 0
					CHANNELS 3 Zrotation Yrotation Xrotation
					JOINT RightArm
					{
						OFFSET -2.99027 0.88714 -0.02793
						CHANNELS 3 Zrotation Yrotation Xrotation
						JOINT RightForeArm
						{
							OFFSET -4.75876 -0.00000 -0.00000
							CHANNELS 3 Zrotation Yrotation Xrotation
							JOINT RightHand
							{
								OFFSET -2.93293 -0.00000 -0.00000
								CHANNELS 3 Zrotation Yrotation Xrotation
								JOINT RightFingerBase
								{
									OFFSET 0 0 0
									CHANNELS 3 Zrotation Yrotation Xrotation
									JOINT RightHandIndex1
									{
										OFFSET -0.83175 -0.00000 0.00000
										CHANNELS 3 Zrotation Yrotation Xrotation
										End Site
										{
											OFFSET -0.67058 -0.00000 0.00000
										}
									}
								}
								JOINT RThumb
								{
									OFFSET 0 0 0
									CHANNELS 3 Zrotation Yrotation Xrotation
									End Site
									{
										OFFSET -0.68082 -0.00000 0.68082
									}
								}
							}
						}
					}
				}
			}
		}
	}
}
MOTION
Frames: 230
Frame Time: 0.0166667
9.4539 16.5085 3.0208 0.0000 0.0000 0.0000 0.0000 0.0000 0.0000 -21.0000 0.0000 0.0000 0.0000 0.0000 0.0000 0.0000 0.0000 0.0000 0.0000 0.0000 0.0000 0.0000 0.0000 0.0000 21.0000 0.0000 0.0000 0.0000 0.0000 0.0000 0.0000 0.0000 0.0000 0.0000 0.0000 0.0000 0.0000 0.0000 0.0000 0.0000 0.0000 0.0000 0.0000 0.0000 0.0000 0.0000 0.0000 -16.0000 0.0000 0.0000 21.0000 0.0000 0.0000 11.0000 0.0000 0.0000 0.0000 -8.0000 0.0000 0.0000 0.0000 0.0000 0.0000 0.0000 0.0000 0.0000 0.0000 0.0000 0.0000 0.0000 0.0000 0.0000 0.0000 0.0000 0.0000 0.0000 0.0000 0.0000 8.0000 0.0000 0.0000 0.0000 0.0000 0.0000 0.0000 0.0000 0.0000 0.0000 0.0000 0.0000 0.0000 0.0000 0.0000 0.0000 0.0000 0.0000
33.4538 16.8808 -10.2162 180.8260 66.1536 -153.6830 0.0000 0.0000 0.0000 -10.8552 -21.9600 -34.9357 1.4937 7.7205 21.8682 -0.1043 -20.8763 -13.8581 0.0717 -1.7269 -4.7515 0.0000 0.0000 0.0000 22.8927 8.5080 -5.6417 -0.9120 -6.0851 17.0316 0.1002 -9.3865 4.6031 -0.2439 3.1779 -8.7743 -6.1120 0.9517 -16.3736 -0.8716 2.6912 -5.6486 3.0369 1.5602 2.9126 -7.3831 -0.5098 4.3640 8.8816 0.4997 -17.4469 4.0165 0.2869 -5.9794 0.0000 -0.0000 0.0000 57.8396 -59.4256 -61.8624 26.4434 -37.6432 -9.1571 -0.0000 -0.0000 14.5182 29.8971 18.5034 10.3410 -7.1250 0.0000 -0.0000 1.7863 51.0796 0.2676 0.0000 -0.0000 0.0000 -24.0571 59.7058 -44.6394 -37.7830 46.7001 -16.8075 0.0000 0.0000 2.8166 -30.4657 8.8737 -5.1848 7.1250 -0.0000 -0.0000 -2.5370 -19.7181 -1.5338
33.4522 16.8811 -10.2127 180.6260 66.2012 -153.8790 0.0000 0.0000 0.0000 -10.9995 -21.8070 -34.9342 1.4873 7.7047 21.8208 -0.1243 -21.0742 -13.8448 0.0610 -1.5933 -4.3830 0.0000 0.0000 0.0000 22.8038 8.5098 -5.6008 -0.9054 -6.0638 16.9695 0.1101 -9.5022 4.4975 -0.2307 3.0912 -8.5329 -5.8810 0.9629 -16.3277 -0.9878 2.6724 -5.6800 2.7786 1.5513 2.8747 -6.7502 -0.5868 4.9236 8.3695 0.3790 -17.9709 3.7637 0.2146 -6.2354 -0.0000 -0.0000 0.0000 59.4203 -59.7727 -63.0457 26.2272 -37.4322 -9.0254 -0.0000 -0.0000 15.4403 29.6473 17.8525 9.8979 -7.1250 0.0000 -0.0000 1.6295 50.3071 0.2132 -0.0000 -0.0000 0.0000 -25.6829 60.3854 -45.7002 -37.5116 46.5245 -16.6103 0.0000 0.0000 2.9075 -29.5605 10.0514 -5.6532 7.1250 -0.0000 -0.0000 -1.7983 -18.4652 -1.1367
33.4548 16.8820 -10.2050 180.5100 66.2129 -153.9410 0.0000 0.0000 0.0000 -11.0560 -21.6413 -35.0530 1.4843 7.6973 21.7985 -0.1587 -21.3035 -13.7395 0.0622 -1.6097 -4.4281 0.0000 0.0000 0.0000 22.8261 8.7541 -5.4921 -0.8942 -6.0269 16.8626 0.1016 -9.6106 4.7898 -0.3291 3.6870 -10.1978 -5.7982 0.9606 -16.4377 -0.9669 2.6636 -5.6548 2.7578 1.5429 2.9637 -6.5051 -0.5041 5.1367 8.0435 0.4620 -18.1391 3.6151 0.2581 -6.3349 -0.0000 0.0000 0.0000 61.8103 -60.0738 -65.0794 25.7847 -36.9953 -8.7578 -0.0000 -0.0000 16.0201 29.1630 17.6011 9.5781 -7.1250 0.0000 -0.0000 1.1797 49.9417 0.1437 -0.0000 0.0000 0.0000 -27.4604 60.7897 -46.7408 -37.4151 46.4616 -16.5402 0.0000 0.0000 2.7425 -28.7183 10.4090 -5.6533 7.1250 -0.0000 -0.0000 -1.1771 -18.1510 -0.7520
33.4771 16.8731 -10.1799 180.1660 66.3209 -154.2670 0.0000 0.0000 0.0000 -11.1762 -21.3810 -35.1102 1.4835 7.6954 21.7926 -0.1947 -21.5706 -13.6551 0.0515 -1.4649 -4.0291 0.0000 0.0000 0.0000 22.9104 10.1220 -4.8131 -0.8813 -5.9846 16.7399 0.1508 -11.0463 5.1975 -0.4084 4.1026 -11.3654 -6.3575 0.7796 -16.6219 -0.7641 2.5181 -5.5741 3.2699 1.4667 3.1225 -7.1948 -0.4842 4.8011 8.5572 0.5002 -17.8714 3.8902 0.2896 -6.1916 0.0000 0.0000 0.0000 61.5118 -60.1113 -64.3743 26.2719 -37.4759 -9.0526 -0.0000 -0.0000 15.4202 29.5573 18.0839 9.9835 -7.1250 0.0000 -0.0000 1.5043 50.5495 0.2058 0.0000 0.0000 0.0000 -29.4573 61.3223 -47.2753 -37.6865 46.6379 -16.7373 0.0000 0.0000 2.7896 -29.7856 10.0574 -5.7081 7.1250 -0.0000 -0.0000 -1.9562 -18.4339 -1.2380
33.4710 16.8763 -10.1732 180.0740 66.4978 -154.6320 0.0000 0.0000 0.0000 -11.4299 -21.0999 -34.7991 1.4800 7.6865 21.7659 -0.1939 -21.6432 -13.7189 0.0524 -1.4774 -4.0635 0.0000 0.0000 0.0000 22.8540 9.8082 -4.5724 -0.8747 -5.9628 16.6766 0.1341 -10.7168 5.1945 -0.4693 4.3940 -12.1877 -6.1128 0.7383 -16.2056 -0.7906 2.3812 -5.4999 3.0655 1.3924 3.0060 -6.6026 -0.5690 4.7849 7.9905 0.3627 -18.0079 3.6164 0.2267 -6.2239 0.0000 -0.0000 0.0000 61.8959 -60.1899 -64.7579 26.3410 -37.5434 -9.0946 -0.0000 -0.0000 15.4863 29.6428 18.0742 10.0125 -7.1250 0.0000 -0.0000 1.5924 50.5540 0.2180 0.0000 -0.0000 0.0000 -32.0174 62.2646 -49.7074 -37.4871 46.5086 -16.5925 0.0000 0.0000 3.0708 -27.9240 10.6336 -5.5859 7.1250 -0.0000 -0.0000 -0.6023 -17.9836 -0.3869
33.4709 16.8798 -10.1646 180.1830 66.6670 -154.4590 0.0000 0.0000 0.0000 -11.4296 -20.8507 -34.9256 1.4754 7.6752 21.7317 -0.2136 -21.7496 -13.6432 0.0444 -1.3597 -3.7391 0.0000 0.0000 0.0000 22.8547 9.8753 -4.6788 -0.8780 -5.9737 16.7082 0.1601 -10.8861 4.8532 -0.3787 3.9523 -10.9425 -6.0918 0.7833 -16.3455 -0.7164 2.4416 -5.4238 3.1499 1.4138 3.1528 -6.3446 -0.6096 4.7378 7.7690 0.3035 -18.0367 3.5046 0.1989 -6.2216 0.0000 0.0000 0.0000 63.0677 -60.1728 -65.6737 26.4723 -37.6713 -9.1748 -0.0000 -0.0000 15.6074 30.0253 19.0843 10.7006 -7.1250 0.0000 -0.0000 1.8273 51.7523 0.3039 0.0000 0.0000 0.0000 -34.1983 62.5601 -51.1514 -37.6627 46.6225 -16.7200 0.0000 0.0000 2.7085 -27.0900 10.1304 -5.1409 7.1250 -0.0000 -0.0000 -0.0497 -18.6317 -0.0312
33.4556 16.8846 -10.1654 180.2850 66.7992 -154.3620 0.0000 0.0000 0.0000 -11.4689 -20.6942 -34.9328 1.4645 7.6480 21.6500 -0.2370 -21.7183 -13.4271 0.0401 -1.2922 -3.5532 0.0000 0.0000 0.0000 22.7738 9.4988 -4.9664 -0.8932 -6.0239 16.8539 0.1446 -10.4273 4.6923 -0.3469 3.7843 -10.4707 -5.7412 0.8666 -16.0623 -0.7425 2.4737 -5.4966 2.9179 1.4358 2.9397 -5.9321 -0.4434 5.3329 7.2127 0.4968 -18.6772 3.2555 0.3008 -6.5472 0.0000 0.0000 0.0000 64.1099 -60.5214 -67.2262 26.3427 -37.5451 -9.0957 -0.0000 -0.0000 16.2813 36.8693 22.0006 15.6930 -7.1250 0.0000 -0.0000 8.9774 56.5500 2.5564 0.0000 0.0000 0.0000 -35.5514 62.9076 -52.2810 -38.2750 47.0141 -17.1665 0.0000 0.0000 1.7811 -25.0014 10.0708 -4.6619 7.1250 -0.0000 -0.0000 1.4253 -18.8942 0.8872
33.4646 16.8799 -10.1453 180.1090 66.9233 -154.4580 0.0000 0.0000 0.0000 -11.5219 -20.4934 -35.0202 1.4515 7.6156 21.5523 -0.2850 -21.9081 -13.1871 0.0295 -1.1084 -3.0471 0.0000 0.0000 0.0000 22.8168 10.3215 -4.8515 -0.9185 -6.1064 17.0933 0.1905 -11.3265 4.7149 -0.3685 3.8995 -10.7940 -6.0376 0.7730 -16.3470 -0.6082 2.4072 -5.3199 3.2301 1.3862 3.2644 -7.1377 -0.2154 4.2428 8.3509 0.8823 -17.7641 3.7838 0.5018 -6.0930 -0.0000 0.0000 0.0000 63.8925 -60.2560 -67.1509 26.8529 -38.0385 -9.4083 -0.0000 -0.0000 15.3513 34.5497 20.3572 13.4703 -7.1250 0.0000 -0.0000 6.4763 54.1154 1.4556 -0.0000 0.0000 0.0000 -37.6186 63.2637 -53.9700 -38.3294 47.0484 -17.2063 0.0000 0.0000 1.7521 -25.1150 10.8552 -5.0450 7.1250 -0.0000 -0.0000 1.3857 -18.0244 0.8892
33.4563 16.8802 -10.1355 179.7680 67.1098 -154.6220 0.0000 0.0000 0.0000 -11.6155 -20.4660 -35.1754 1.4409 7.5889 21.4723 -0.2823 -21.7844 -13.1067 0.0226 -0.9695 -2.6650 0.0000 0.0000 0.0000 22.6378 10.7513 -5.0465 -0.9471 -6.1979 17.3598 0.2172 -11.6774 4.5752 -0.4071 4.0961 -11.3471 -5.9185 0.8470 -16.1191 -0.7894 2.4817 -5.4738 2.9724 1.4383 2.9872 -6.6525 -0.2355 4.4702 8.0429 0.8439 -17.8696 3.6066 0.4679 -6.1631 0.0000 -0.0000 0.0000 64.6234 -60.3704 -67.4929 27.1879 -38.3578 -9.6155 -0.0000 -0.0000 14.3419 34.3703 20.2815 13.3375 -7.1250 0.0000 -0.0000 6.2867 53.9892 1.3934 0.0000 -0.0000 0.0000 -38.2403 63.6485 -54.7808 -38.8629 47.3816 -17.5978 0.0000 0.0000 0.9727 -23.3360 10.6055 -4.5398 7.1250 -0.0000 -0.0000 2.6276 -18.4607 1.6621
33.4556 16.8796 -10.1278 179.7700 67.2560 -154.6030 0.0000 0.0000 0.0000 -11.6038 -20.4278 -35.1890 1.4378 7.5811 21.4487 -0.2726 -21.6278 -13.0576 0.0216 -0.9488 -2.6079 0.0000 0.0000 0.0000 22.5708 10.5336 -5.3129 -0.9734 -6.2809 17.6015 0.2049 -11.3107 4.4039 -0.3544 3.8245 -10.5835 -5.8223 0.8110 -16.0388 -0.7934 2.4099 -5.4459 2.8991 1.3994 2.9851 -6.3161 -0.2652 4.6305 7.7631 0.7952 -18.0605 3.4657 0.4400 -6.2480 -0.0000 -0.0000 0.0000 64.9035 -60.3382 -68.2720 27.2227 -38.3907 -9.6371 -0.0000 -0.0000 15.1752 34.1023 20.0682 13.0802 -7.1250 0.0000 -0.0000 6.0146 53.6865 1.2883 -0.0000 -0.0000 0.0000 -39.4605 64.0646 -56.1867 -39.3102 47.6559 -17.9277 0.0000 0.0000 0.0125 -21.9187 11.0225 -4.3992 7.1250 -0.0000 -0.0000 3.6420 -18.1360 2.3322
33.4543 16.8785 -10.1205 179.8730 67.3862 -154.4460 0.0000 0.0000 0.0000 -11.5719 -20.3354 -35.2615 1.4343 7.5721 21.4217 -0.2716 -21.5323 -12.9874 0.0206 -0.9263 -2.5461 0.0000 0.0000 0.0000 22.4355 8.8683 -6.2136 -0.9940 -6.3452 17.7894 0.1186 -9.3408 4.1387 -0.3612 3.8611 -10.6861 -5.8305 0.8422 -16.0703 -0.7375 2.4466 -5.3403 2.9728 1.4078 3.1074 -6.0285 -0.3483 4.6546 7.5037 0.6889 -18.2919 3.3432 0.3925 -6.3177 0.0000 0.0000 0.0000 65.2662 -60.3521 -68.9747 27.5079 -38.6592 -9.8147 -0.0000 -0.0000 14.8729 35.9551 20.7916 14.4387 -7.1250 0.0000 -0.0000 8.0043 54.9311 1.9616 0.0000 0.0000 0.0000 -40.0686 64.1114 -56.8821 -40.1182 48.1398 -18.5272 0.0000 -0.0000 -0.4147 -21.3630 10.8024 -4.1929 7.1250 -0.0000 -0.0000 4.0269 -18.4176 2.5547
33.4531 16.8806 -10.1109 179.6790 67.6543 -154.6840 0.0000 0.0000 0.0000 -11.6898 -20.3107 -35.1705 1.4284 7.5573 21.3774 -0.2211 -21.1212 -13.0765 0.0261 -1.0425 -2.8658 0.0000 0.0000 0.0000 22.2980 9.2152 -6.1434 -1.0149 -6.4095 17.9774 0.1223 -9.4428 4.1590 -0.3748 3.9323 -10.8862 -5.8163 0.8628 -15.8349 -0.8293 2.4494 -5.2223 2.8623 1.3997 3.1115 -6.4682 -0.2081 4.1602 8.0633 0.9632 -18.1172 3.5763 0.5293 -6.1951 -0.0000 0.0000 0.0000 64.6816 -59.7042 -68.5043 27.6989 -38.8376 -9.9343 -0.0000 -0.0000 14.9330 37.1680 20.5977 14.9345 -7.1250 0.0000 -0.0000 9.3846 54.9845 2.3162 -0.0000 0.0000 0.0000 -40.3847 64.3314 -57.8098 -40.8604 48.5715 -19.0818 0.0000 -0.0000 -0.7992 -20.7186 10.9480 -4.1088 7.1250 -0.0000 -0.0000 4.4850 -18.3158 2.8571
33.4489 16.8828 -10.1044 179.8120 67.8938 -154.4670 0.0000 0.0000 0.0000 -11.6686 -20.1643 -35.3590 1.4319 7.5662 21.4040 -0.2169 -21.0538 -13.0583 0.0243 -1.0054 -2.7637 0.0000 0.0000 0.0000 22.1890 8.8780 -6.5904 -1.0401 -6.4862 18.2017 0.1041 -8.7784 3.9033 -0.4077 4.0988 -11.3548 -5.7947 0.9556 -15.6762 -0.7914 2.5477 -5.1405 2.9028 1.4424 3.1036 -6.1925 -0.2247 3.7635 7.5574 0.9090 -18.0794 3.3666 0.5325 -6.1102 -0.0000 0.0000 0.0000 64.4166 -59.4737 -68.8084 27.7669 -38.9007 -9.9770 -0.0000 -0.0000 14.6885 35.2504 19.8800 13.5135 -7.1250 0.0000 -0.0000 7.2829 53.7167 1.5673 -0.0000 0.0000 0.0000 -40.6828 64.3167 -58.8134 -40.9660 48.6319 -19.1611 0.0000 -0.0000 -0.5824 -21.1464 13.6626 -5.2202 7.1250 -0.0000 -0.0000 4.2778 -15.3994 2.9968
33.4411 16.8866 -10.0946 179.7380 67.9565 -154.4460 0.0000 0.0000 0.0000 -11.6573 -20.1569 -35.5399 1.4424 7.5927 21.4838 -0.2300 -20.9432 -12.8567 0.0154 -0.8006 -2.2004 0.0000 0.0000 0.0000 22.0879 8.3123 -7.0472 -1.0522 -6.5228 18.3090 0.0758 -8.0045 3.8452 -0.3746 3.9311 -10.8829 -5.8555 0.9714 -15.5913 -0.8138 2.5702 -5.1029 2.9148 1.4513 3.0940 -5.7485 -0.3538 4.6854 7.2748 0.7412 -18.9410 3.2273 0.4305 -6.5329 0.0000 -0.0000 0.0000 64.2485 -59.3188 -69.5245 28.0129 -39.1281 -10.1319 -0.0000 -0.0000 15.5863 33.1957 19.9856 12.6052 -7.1250 0.0000 -0.0000 5.0427 53.4003 1.0439 0.0000 -0.0000 0.0000 -40.3352 64.2689 -58.8377 -41.6106 48.9957 -19.6462 0.0000 -0.0000 -0.7286 -20.7426 13.1905 -4.9392 7.1250 -0.0000 -0.0000 4.5366 -15.9396 3.1263
33.4534 16.8845 -10.0755 179.5700 68.0117 -154.5920 0.0000 0.0000 0.0000 -11.6594 -20.1198 -35.6348 1.4596 7.6357 21.6130 -0.2595 -20.8143 -12.4957 0.0068 -0.5330 -1.4646 0.0000 0.0000 0.0000 22.2501 10.8328 -5.9901 -1.0544 -6.5293 18.3282 0.1851 -10.6542 4.0710 -0.4781 4.4343 -12.3017 -6.1571 0.9925 -15.4537 -0.8094 2.6260 -4.9503 3.0967 1.4686 3.1615 -5.2672 -0.3073 3.9808 6.7237 0.7529 -18.3468 2.9548 0.4532 -6.2225 0.0000 0.0000 0.0000 63.9448 -59.0689 -69.6081 28.3015 -39.3923 -10.3145 -0.0000 -0.0000 15.6526 31.5657 19.7019 11.7018 -7.1250 0.0000 -0.0000 3.3418 52.7450 0.6375 0.0000 0.0000 0.0000 -40.1185 63.8926 -58.9574 -42.5550 49.5128 -20.3617 0.0000 -0.0000 -0.8787 -20.9922 12.4474 -4.7279 7.1250 -0.0000 -0.0000 4.3374 -16.7024 2.9163
33.4487 16.8773 -10.0669 179.8130 67.9221 -154.2670 0.0000 0.0000 0.0000 -11.3888 -20.3634 -35.7921 1.4965 7.7273 21.8889 -0.1938 -20.4870 -12.8008 0.0078 -0.5716 -1.5708 0.0000 0.0000 0.0000 22.2957 9.9769 -6.4292 -1.0479 -6.5097 18.2707 0.1361 -9.6125 4.0167 -0.5514 4.7571 -13.2169 -6.1998 1.0196 -15.2995 -0.7828 2.6519 -4.9238 3.1473 1.4812 3.1008 -5.9704 -0.4044 4.4148 7.7132 0.7571 -18.9500 3.4049 0.4330 -6.4873 0.0000 0.0000 0.0000 63.9131 -58.8555 -69.8517 28.6363 -39.6955 -10.5276 -0.0000 -0.0000 15.6891 30.5514 20.7772 11.8259 -7.1250 0.0000 -0.0000 2.0914 53.7445 0.4498 0.0000 0.0000 0.0000 -40.0366 63.8208 -59.5363 -42.6857 49.5830 -20.4612 0.0000 -0.0000 -1.1497 -20.5619 13.6029 -5.0418 7.1250 -0.0000 -0.0000 4.6764 -15.5217 3.2654
33.4317 16.8827 -10.0675 180.4520 67.7319 -153.5250 0.0000 0.0000 0.0000 -11.1159 -20.4676 -36.1701 1.5362 7.8246 22.1826 -0.1986 -20.3663 -12.6623 0.0029 -0.3507 -0.9636 0.0000 0.0000 0.0000 22.4094 8.8272 -7.1025 -1.0472 -6.5076 18.2644 0.0901 -8.3113 3.7780 -0.5013 4.5390 -12.5981 -5.5088 1.2364 -14.6822 -0.9726 2.8008 -5.1698 2.5519 1.5774 2.5424 -6.8266 -0.3265 4.2539 9.0475 1.0297 -18.8221 3.9657 0.5347 -6.4362 -0.0000 0.0000 0.0000 64.8641 -59.2202 -71.3152 28.4067 -39.4880 -10.3813 -0.0000 -0.0000 16.1231 30.8792 19.5455 11.3134 -7.1250 0.0000 -0.0000 2.6431 52.4331 0.4838 -0.0000 0.0000 0.0000 -39.1763 63.8618 -59.0566 -42.8762 49.6846 -20.6063 0.0000 -0.0000 -0.9193 -21.8503 13.6813 -5.4179 7.1250 -0.0000 -0.0000 3.7961 -15.3060 2.6653
33.4286 16.8847 -10.0631 180.3050 67.8026 -153.6390 0.0000 0.0000 0.0000 -11.1586 -20.5854 -36.2927 1.5650 7.8942 22.3932 -0.2470 -20.2875 -12.1702 0.0022 0.3025 0.8312 0.0000 0.0000 0.0000 22.2780 8.5113 -7.2888 -1.0498 -6.5156 18.2878 0.0760 -7.7894 3.6273 -0.4953 4.5122 -12.5223 -5.6386 1.2695 -14.2212 -0.9230 2.8186 -5.1109 2.6611 1.5868 2.3457 -6.1304 -0.4275 4.7729 8.1583 0.8521 -19.6644 3.5848 0.4645 -6.7841 -0.0000 0.0000 0.0000 65.3018 -59.0918 -72.1059 28.3551 -39.4411 -10.3485 -0.0000 -0.0000 15.7269 35.2984 18.8627 12.8927 -7.1250 0.0000 -0.0000 7.3970 52.5450 1.3797 -0.0000 0.0000 0.0000 -39.9032 63.8888 -60.4345 -43.3202 49.9185 -20.9454 0.0000 -0.0000 -0.4992 -21.1847 13.7389 -5.2590 7.1250 -0.0000 -0.0000 4.2548 -15.3146 2.9883
33.4390 16.8815 -10.0496 180.5270 67.5494 -153.2180 0.0000 0.0000 0.0000 -10.8326 -20.7838 -36.5788 1.5733 7.9142 22.4537 -0.3083 -20.1023 -11.4530 0.0090 0.6141 1.6874 0.0000 0.0000 0.0000 22.4557 8.1979 -7.7983 -1.0736 -6.5866 18.4964 0.0694 -7.3769 3.3989 -0.4895 4.4860 -12.4481 -5.8424 1.1749 -14.2699 -0.7197 2.7104 -4.9314 2.9789 1.5198 2.5489 -6.8254 -0.3126 3.4271 8.5577 1.0677 -19.0696 3.8023 0.6256 -6.3728 0.0000 0.0000 0.0000 65.9957 -58.9347 -73.7436 28.2998 -39.3907 -10.3134 -0.0000 -0.0000 16.8851 33.8765 19.4099 12.5775 -7.1250 0.0000 -0.0000 5.8329 52.8827 1.1344 0.0000 0.0000 0.0000 -40.8146 63.6523 -61.7242 -43.7292 50.1305 -21.2588 0.0000 -0.0000 -1.3114 -19.6571 13.7501 -4.8530 7.1250 -0.0000 -0.0000 5.3021 -15.4564 3.7135
33.4341 16.8775 -10.0451 180.0850 67.6027 -153.6660 0.0000 0.0000 0.0000 -11.0296 -20.8830 -36.5786 1.5859 7.9443 22.5449 -0.2953 -19.8369 -11.3449 0.0098 0.6398 1.7582 0.0000 0.0000 0.0000 22.2197 7.6823 -8.0678 -1.0929 -6.6435 18.6633 0.0564 -6.7825 3.1927 -0.4682 4.3887 -12.1728 -6.0372 1.1615 -13.8764 -0.8043 2.6871 -4.8754 2.9809 1.5086 2.3923 -5.9501 -0.3505 3.7040 7.6917 0.9832 -19.6138 3.3849 0.5891 -6.5888 0.0000 -0.0000 0.0000 64.8346 -58.2903 -72.4585 28.7992 -39.8416 -10.6318 -0.0000 -0.0000 16.0043 33.8255 19.0521 12.3382 -7.1250 0.0000 -0.0000 5.8105 52.4609 1.0700 0.0000 -0.0000 0.0000 -41.4347 63.6197 -62.4610 -43.3195 49.9181 -20.9449 0.0000 -0.0000 -1.0017 -20.7850 13.6251 -5.1094 7.1250 -0.0000 -0.0000 4.5241 -15.4760 3.1629
33.4301 16.8742 -10.0416 180.4400 67.4650 -153.1390 0.0000 0.0000 0.0000 -10.8013 -20.8960 -36.9741 1.6145 8.0122 22.7511 -0.2831 -19.8625 -11.4808 0.0099 0.6413 1.7624 0.0000 0.0000 0.0000 22.3942 7.8524 -8.2135 -1.0884 -6.6303 18.6246 0.0529 -6.8151 3.3337 -0.5378 4.6988 -13.0514 -5.8502 1.1425 -13.6578 -0.8061 2.6206 -4.9577 2.8535 1.4830 2.2035 -6.2163 -0.3218 3.8780 8.2541 1.1263 -19.8925 3.6102 0.6384 -6.7185 0.0000 0.0000 0.0000 66.3045 -58.5776 -74.5862 28.0406 -39.1536 -10.1493 -0.0000 -0.0000 17.2353 33.8435 18.6198 12.0843 -7.1250 0.0000 -0.0000 5.8660 51.9668 1.0091 0.0000 0.0000 0.0000 -42.2764 63.7050 -63.5894 -43.3101 49.9132 -20.9377 0.0000 -0.0000 -1.3164 -21.4041 14.0032 -5.4183 7.1250 -0.0000 -0.0000 4.1165 -15.0113 2.9175
33.4524 16.8607 -10.0227 180.9310 67.2732 -152.2910 0.0000 0.0000 0.0000 -10.2922 -20.9653 -37.6772 1.6631 8.1260 23.0975 -0.2938 -19.8182 -11.3422 0.0183 0.8746 2.4038 0.0000 0.0000 0.0000 22.7794 9.2217 -8.0236 -1.0721 -6.5822 18.4832 0.0836 -8.0138 3.6465 -0.6225 5.0490 -14.0482 -6.0016 1.0529 -13.9623 -0.6385 2.5397 -4.8938 3.1161 1.4363 2.4266 -6.7376 -0.3617 3.2214 8.5867 1.1458 -19.9023 3.8044 0.6876 -6.6063 0.0000 -0.0000 0.0000 66.9283 -58.3258 -75.6629 27.6095 -38.7543 -9.8783 -0.0000 -0.0000 17.9694 34.3908 19.1767 12.6716 -7.1250 0.0000 -0.0000 6.4034 52.7207 1.2206 0.0000 -0.0000 0.0000 -43.3617 63.3676 -65.2484 -43.3922 49.9561 -21.0006 0.0000 -0.0000 -2.4522 -19.5743 15.2373 -5.3389 7.1250 -0.0000 -0.0000 5.4130 -13.9069 3.9714
33.4520 16.8598 -10.0168 181.4000 67.2142 -151.5920 0.0000 0.0000 0.0000 -9.9154 -21.0400 -38.1867 1.7056 8.2240 23.3965 -0.2913 -19.7035 -11.2675 0.0132 0.7410 2.0365 0.0000 0.0000 0.0000 22.9623 9.2753 -8.2584 -1.0572 -6.5376 18.3525 0.0828 -7.9229 3.5759 -0.6601 5.1963 -14.4693 -5.8505 1.0624 -13.7953 -0.5993 2.5148 -4.8872 3.0621 1.4238 2.3512 -6.5017 -0.2418 3.3523 8.6809 1.4400 -20.5592 3.7870 0.8213 -6.8633 0.0000 0.0000 0.0000 67.3008 -57.9271 -76.2048 27.5378 -38.6873 -9.8334 -0.0000 -0.0000 18.2388 36.1210 19.7833 13.8745 -7.1250 0.0000 -0.0000 8.2452 53.7949 1.7923 0.0000 0.0000 0.0000 -44.4803 63.2607 -66.5088 -43.2505 49.8821 -20.8921 0.0000 -0.0000 -2.0770 -20.1253 13.8261 -5.0047 7.1250 -0.0000 -0.0000 4.9840 -15.3303 3.5024
33.4501 16.8594 -10.0126 181.5790 67.2461 -151.2930 0.0000 0.0000 0.0000 -9.7259 -21.1052 -38.4856 1.7428 8.3084 23.6548 -0.2946 -19.5392 -11.0931 0.0312 1.1399 3.1338 0.0000 0.0000 0.0000 23.0588 10.4675 -7.8493 -1.0482 -6.5107 18.2736 0.1106 -8.9633 3.9354 -0.7128 5.3957 -15.0406 -5.8976 1.0186 -13.3873 -0.5383 2.4317 -5.0650 3.1199 1.4025 1.9468 -6.1312 -0.2147 2.6976 8.2510 1.3828 -19.7490 3.5703 0.8014 -6.4829 0.0000 0.0000 0.0000 66.8377 -57.5629 -75.6307 27.2483 -38.4150 -9.6530 -0.0000 -0.0000 17.9493 34.8181 19.0341 12.7796 -7.1250 0.0000 -0.0000 6.8715 52.6444 1.2976 0.0000 0.0000 0.0000 -45.5033 63.3336 -67.2421 -42.3863 49.4218 -20.2335 0.0000 -0.0000 -1.8049 -21.1035 14.3171 -5.4517 7.1250 -0.0000 -0.0000 4.3360 -14.7108 3.1018
33.4334 16.8601 -10.0195 181.9540 67.2080 -150.8200 0.0000 0.0000 0.0000 -9.5235 -21.1847 -38.7693 1.7709 8.3716 23.8485 -0.3083 -19.4554 -10.8878 0.0424 1.3291 3.6549 0.0000 0.0000 0.0000 23.0848 8.9544 -8.7369 -1.0601 -6.5462 18.3777 0.0577 -7.2633 3.6235 -0.7134 5.3978 -15.0467 -5.5412 1.0632 -13.0658 -0.5805 2.4206 -5.0950 2.8612 1.3977 1.7616 -5.5446 -0.3907 2.9134 7.6854 1.1299 -20.2687 3.3092 0.6816 -6.6671 0.0000 -0.0000 0.0000 67.4697 -57.2537 -76.6540 26.8382 -38.0244 -9.3993 -0.0000 -0.0000 18.5874 36.0495 19.3765 13.5762 -7.1250 0.0000 -0.0000 8.1852 53.3040 1.6807 0.0000 -0.0000 0.0000 -46.6679 63.1241 -68.4102 -42.0818 49.2561 -20.0025 0.0000 -0.0000 -2.0743 -21.3271 13.9142 -5.3635 7.1250 -0.0000 -0.0000 4.1651 -15.1139 2.9429
33.4396 16.8550 -10.0109 181.5660 67.5066 -150.9930 0.0000 0.0000 0.0000 -9.6790 -21.0856 -38.8906 1.7503 8.3253 23.7065 -0.2893 -19.2765 -10.9157 0.0359 1.2234 3.3638 0.0000 0.0000 0.0000 22.7649 7.7912 -9.6933 -1.1114 -6.6976 18.8227 0.0392 -5.8530 2.8540 -0.6720 5.2422 -14.6005 -6.1297 1.0239 -13.3141 -0.4156 2.4475 -4.8246 3.3841 1.3928 2.1413 -6.0625 -0.2809 2.5878 7.9005 1.3676 -20.7340 3.4587 0.8454 -6.7771 -0.0000 0.0000 0.0000 68.6326 -56.7759 -79.3578 25.9802 -37.1891 -8.8757 -0.0000 -0.0000 20.0925 34.2386 18.5410 12.2113 -7.1250 0.0000 -0.0000 6.2890 51.9548 1.0805 -0.0000 0.0000 0.0000 -48.8240 62.6165 -70.2561 -42.0559 49.2419 -19.9829 0.0000 -0.0000 -2.8009 -19.9796 12.1906 -4.3901 7.1250 -0.0000 -0.0000 5.0335 -17.0655 3.3478
33.4398 16.8628 -10.0060 180.2650 68.0152 -151.6350 0.0000 0.0000 0.0000 -10.1217 -21.1447 -39.4842 1.7315 8.2828 23.5765 -0.2880 -19.0802 -10.7577 0.0353 1.2136 3.3367 0.0000 0.0000 0.0000 21.9551 8.2585 -10.3781 -1.1364 -6.7701 19.0359 0.0497 -6.0094 2.6318 -0.5683 4.8281 -13.4189 -6.7162 0.9098 -13.5758 -0.6243 2.4081 -4.8652 3.4982 1.3786 2.2263 -5.7422 -0.3471 2.1006 7.5719 1.3112 -20.9255 3.3003 0.8427 -6.7474 -0.0000 0.0000 0.0000 70.7919 -56.5329 -82.7788 24.6130 -35.8058 -8.0624 -0.0000 -0.0000 21.5170 34.4555 18.8615 12.5066 -7.1250 0.0000 -0.0000 6.4960 52.3695 1.1824 -0.0000 0.0000 0.0000 -51.8786 62.5948 -73.6316 -39.5682 47.8120 -18.1186 0.0000 -0.0000 -2.1684 -20.9225 14.7804 -5.5706 7.1250 -0.0000 -0.0000 4.4806 -14.2407 3.2508
33.4079 16.8748 -10.0183 181.2970 67.9936 -150.7320 0.0000 0.0000 0.0000 -9.6771 -21.2718 -39.4866 1.7455 8.3146 23.6739 -0.2752 -18.9206 -10.7454 0.0391 1.2763 3.5094 0.0000 0.0000 0.0000 22.2703 6.9078 -10.8451 -1.1209 -6.7252 18.9038 0.0191 -4.5828 2.4555 -0.5555 4.7744 -13.2661 -5.8564 0.9614 -12.9401 -0.5760 2.3056 -4.9107 3.0270 1.3286 1.8825 -6.0885 -0.1898 1.7988 7.7579 1.5631 -20.9120 3.4043 0.9879 -6.7097 0.0000 -0.0000 0.0000 70.8278 -56.3167 -83.5937 24.0430 -35.2097 -7.7313 -0.0000 -0.0000 22.2846 34.1034 18.5460 12.1544 -7.1250 0.0000 -0.0000 6.1459 51.9336 1.0525 0.0000 -0.0000 0.0000 -54.4154 62.8294 -76.3813 -38.2280 46.9843 -17.1321 0.0000 -0.0000 -2.4521 -20.4542 14.9755 -5.5051 7.1250 -0.0000 -0.0000 4.8069 -14.0863 3.5050
33.4106 16.8711 -10.0110 181.9720 68.1774 -150.0460 0.0000 0.0000 0.0000 -9.2899 -21.2957 -39.5772 1.7614 8.3504 23.7836 -0.2490 -18.5600 -10.6965 0.0453 1.3742 3.7791 0.0000 0.0000 0.0000 22.4820 7.2499 -10.7154 -1.1064 -6.6830 18.7795 0.0188 -4.7308 2.5989 -0.5949 4.9380 -13.7318 -5.9343 0.9350 -13.1468 -0.3318 2.2829 -4.7934 3.3335 1.3068 2.1050 -6.2179 -0.1598 1.5243 7.7173 1.5734 -20.6475 3.4087 1.0068 -6.5781 0.0000 -0.0000 0.0000 68.6963 -55.6576 -80.5104 24.5607 -35.7516 -8.0318 -0.0000 -0.0000 20.2411 35.5741 19.2112 13.2437 -7.1250 0.0000 -0.0000 7.6758 53.0090 1.5196 0.0000 -0.0000 0.0000 -55.9096 62.9194 -78.1330 -38.7636 47.3201 -17.5248 0.0000 -0.0000 -3.3580 -18.1450 14.2626 -4.6160 7.1250 -0.0000 -0.0000 6.3507 -15.0669 4.5098
33.4040 16.8772 -10.0151 181.9130 68.4757 -150.0670 0.0000 0.0000 0.0000 -9.2580 -21.4226 -39.4938 1.7486 8.3215 23.6948 -0.2160 -18.1280 -10.6641 0.0463 1.3892 3.8204 0.0000 0.0000 0.0000 22.3276 7.0471 -10.8713 -1.1041 -6.6764 18.7602 0.0131 -4.3211 2.4879 -0.5808 4.8802 -13.5671 -5.7467 0.9951 -12.8555 -0.4662 2.3225 -4.9000 3.0795 1.3355 1.8462 -5.2388 -0.1383 1.7233 6.7956 1.5149 -20.8773 2.9462 0.9696 -6.6788 -0.0000 0.0000 0.0000 71.1475 -56.0277 -85.3836 23.1168 -34.2163 -7.2039 -0.0000 -0.0000 23.1950 32.4243 17.9352 11.0678 -7.1250 0.0000 -0.0000 4.4490 50.9062 0.6485 -0.0000 0.0000 0.0000 -57.6139 62.9963 -79.7407 -37.6727 46.6290 -16.7272 0.0000 -0.0000 -2.6615 -18.4169 13.5104 -4.4482 7.1250 -0.0000 -0.0000 6.1464 -15.8234 4.2625
33.4192 16.8854 -9.9983 181.5040 69.0234 -150.5160 0.0000 0.0000 0.0000 -9.5490 -21.1519 -39.3598 1.7253 8.2688 23.5336 -0.1883 -17.9621 -10.8079 0.0400 1.2906 3.5488 0.0000 0.0000 0.0000 22.0687 8.4202 -10.2425 -1.0974 -6.6568 18.7024 0.0383 -5.6198 2.6622 -0.5696 4.8333 -13.4337 -6.4200 0.9408 -13.0979 -0.4174 2.3464 -4.6903 3.5261 1.3333 2.1620 -4.9955 0.0213 1.5983 6.5266 1.7150 -20.8684 2.8043 1.0716 -6.6658 0.0000 0.0000 0.0000 70.7961 -55.6003 -84.7871 22.8567 -33.9318 -7.0582 -0.0000 -0.0000 23.3139 33.3706 19.3706 12.3231 -7.1250 0.0000 -0.0000 5.2963 52.7337 1.0102 0.0000 0.0000 0.0000 -60.1586 62.9319 -82.6590 -36.6931 45.9840 -16.0190 0.0000 -0.0000 -3.4959 -16.5474 13.8572 -4.0703 7.1250 -0.0000 -0.0000 7.4342 -15.6297 5.2010
33.4102 16.8865 -9.9945 181.5190 69.4475 -150.5060 0.0000 0.0000 0.0000 -9.5410 -21.1503 -39.2362 1.7198 8.2563 23.4953 -0.1533 -17.5306 -10.8139 0.0372 1.2456 3.4248 0.0000 0.0000 0.0000 21.9201 9.1783 -9.8967 -1.0776 -6.5984 18.5309 0.0523 -6.2877 2.8278 -0.5483 4.7436 -13.1787 -6.4546 0.9167 -12.9866 -0.4491 2.3086 -4.6856 3.5029 1.3148 2.1105 -4.9452 0.1402 1.4293 6.5339 1.8863 -20.7640 2.7868 1.1525 -6.6132 -0.0000 -0.0000 0.0000 70.7350 -55.2587 -85.4048 22.2814 -33.2935 -6.7396 -0.0000 -0.0000 24.4101 33.6896 19.1370 12.3280 -7.1250 0.0000 -0.0000 5.6585 52.5308 1.0515 -0.0000 -0.0000 0.0000 -62.4656 63.2685 -85.2975 -35.6990 45.3049 -15.3081 0.0000 -0.0000 -3.9865 -16.5007 14.5178 -4.2469 7.1250 -0.0000 -0.0000 7.4754 -14.9549 5.3395
33.4033 16.8879 -9.9894 181.8970 69.8887 -150.2550 0.0000 0.0000 0.0000 -9.4074 -21.0916 -39.1297 1.7316 8.2831 23.5773 -0.1169 -17.1510 -10.8866 0.0485 1.4214 3.9090 0.0000 0.0000 0.0000 21.9258 9.6408 -9.5914 -1.0637 -6.5571 18.4096 0.0536 -6.5742 3.0755 -0.6151 5.0195 -13.9642 -6.3657 0.8425 -12.8872 -0.4044 2.1869 -4.7034 3.4793 1.2551 2.0527 -4.3372 0.2508 1.9939 5.9480 1.9690 -21.1371 2.4896 1.1762 -6.8322 0.0000 0.0000 0.0000 70.0157 -55.0891 -84.9893 21.9108 -32.8760 -6.5373 -0.0000 -0.0000 25.0972 33.6002 19.0338 12.2258 -7.1250 0.0000 -0.0000 5.5729 52.3941 1.0168 0.0000 0.0000 0.0000 -64.8901 63.5081 -87.6269 -34.8834 44.7287 -14.7312 0.0000 -0.0000 -4.5003 -15.8213 15.4397 -4.3143 7.1250 -0.0000 -0.0000 7.9500 -14.0721 5.8360
33.3983 16.8905 -9.9827 182.6800 70.1894 -149.4330 0.0000 0.0000 0.0000 -9.0130 -21.0663 -39.2251 1.7413 8.3051 23.6447 -0.0984 -16.7123 -10.7386 0.0563 1.5314 4.2124 0.0000 0.0000 0.0000 22.0879 8.9640 -9.9994 -1.0543 -6.5289 18.3270 0.0289 -5.6133 2.9961 -0.6355 5.1003 -14.1950 -5.8115 0.8743 -12.7488 -0.5412 2.1615 -4.9905 3.0101 1.2611 1.7089 -4.8019 0.4120 1.6382 6.5386 2.1827 -20.2328 2.7415 1.2585 -6.4979 0.0000 0.0000 0.0000 69.0684 -55.0860 -83.1279 21.8739 -32.8343 -6.5174 -0.0000 -0.0000 24.5165 33.2371 19.3489 12.2497 -7.1250 0.0000 -0.0000 5.1565 52.6815 0.9769 0.0000 0.0000 0.0000 -66.4016 64.1708 -89.1440 -33.8285 43.9572 -13.9939 0.0000 -0.0000 -3.5991 -17.1264 15.8373 -4.8070 7.1250 -0.0000 -0.0000 7.0815 -13.5384 5.2682
33.3799 16.8952 -9.9829 183.7040 70.5956 -148.4100 0.0000 0.0000 0.0000 -8.7503 -20.7830 -39.3656 1.7341 8.2888 23.5949 -0.0523 -16.5252 -11.0775 0.0371 1.2436 3.4193 0.0000 0.0000 0.0000 22.2241 8.5372 -10.3965 -1.0661 -6.5641 18.4303 0.0137 -4.7754 2.8411 -0.5927 4.9290 -13.7062 -5.7663 1.1003 -12.9453 -0.2534 2.4534 -4.8221 3.3358 1.3922 1.9527 -5.8436 0.5985 0.3148 7.0963 2.4523 -19.1553 3.0793 1.4468 -5.9559 -0.0000 -0.0000 0.0000 67.9304 -54.5068 -81.4955 22.1231 -33.1159 -6.6530 -0.0000 -0.0000 23.3697 31.9783 19.2322 11.6213 -7.1250 0.0000 -0.0000 3.8395 52.2961 0.6904 -0.0000 -0.0000 0.0000 -67.6781 63.8274 -89.8445 -33.1532 43.4475 -13.5273 0.0000 -0.0000 -3.4108 -16.8755 15.8171 -4.7268 7.1250 -0.0000 -0.0000 7.2494 -13.5842 5.3881
33.3662 16.8942 -9.9620 183.3060 71.0403 -148.6610 0.0000 0.0000 0.0000 -8.8500 -20.6821 -39.4782 1.7163 8.2482 23.4705 0.0031 -16.2166 -11.4260 0.0170 0.8414 2.3125 0.0000 0.0000 0.0000 21.9651 9.2316 -10.4610 -1.0813 -6.6093 18.5630 0.0274 -5.3356 2.8001 -0.5240 4.6390 -12.8818 -6.0092 1.0940 -12.7428 -0.3503 2.4711 -5.1184 3.3573 1.4307 1.5237 -5.1289 0.6342 1.0476 6.3300 2.3471 -19.2171 2.7150 1.3681 -6.0852 -0.0000 -0.0000 0.0000 65.0951 -54.4599 -77.4042 23.2221 -34.3308 -7.2632 -0.0000 -0.0000 22.0900 31.4890 19.0444 11.3028 -7.1250 0.0000 -0.0000 3.3518 51.9878 0.5772 -0.0000 -0.0000 0.0000 -68.9736 64.3400 -91.4290 -32.6366 43.0488 -13.1733 0.0000 -0.0000 -3.8839 -15.5181 15.9066 -4.3518 7.1250 -0.0000 -0.0000 8.1616 -13.6237 6.0728
33.3570 16.9000 -9.9533 183.5450 71.3869 -148.5020 0.0000 0.0000 0.0000 -8.7866 -20.6390 -39.3090 1.6935 8.1962 23.3117 0.0757 -15.6801 -11.8013 0.0129 0.7326 2.0134 0.0000 0.0000 0.0000 21.9249 9.2943 -10.4751 -1.0954 -6.6508 18.6848 0.0255 -5.2039 2.7530 -0.5309 4.6691 -12.9671 -5.8942 1.1473 -12.6940 -0.3461 2.5249 -5.1851 3.3004 1.4619 1.4274 -5.4324 0.5915 1.6404 6.3858 2.2364 -19.3976 2.7906 1.3125 -6.2417 -0.0000 0.0000 0.0000 63.0461 -54.2708 -74.4932 24.0364 -35.2027 -7.7275 -0.0000 -0.0000 20.8103 33.2316 20.1167 12.6986 -7.1250 0.0000 -0.0000 5.0662 53.5572 1.0682 -0.0000 0.0000 0.0000 -69.0599 64.4093 -90.5028 -33.2102 43.4910 -13.5665 0.0000 -0.0000 -5.8681 -14.9525 14.9165 -3.9326 7.1250 -0.0000 -0.0000 8.5298 -14.6833 6.1589
33.3465 16.9006 -9.9403 183.6620 71.7141 -148.3460 0.0000 0.0000 0.0000 -8.7087 -20.5965 -39.3431 1.6867 8.1806 23.2639 0.1815 -15.0084 -12.4475 0.0003 -0.1172 -0.3220 0.0000 0.0000 0.0000 21.8537 10.0624 -10.2701 -1.0908 -6.6375 18.6458 0.0449 -5.9387 2.7360 -0.5453 4.7309 -13.1428 -5.8080 1.0755 -12.6323 -0.5060 2.4296 -5.4887 3.0626 1.4375 1.0969 -5.0365 0.8066 1.8465 6.2751 2.4490 -18.7396 2.6702 1.3706 -6.0789 0.0000 -0.0000 0.0000 61.5326 -54.3634 -72.3017 24.3505 -35.5327 -7.9094 -0.0000 -0.0000 20.5519 33.5729 19.8664 12.7104 -7.1250 0.0000 -0.0000 5.4620 53.3431 1.1235 0.0000 -0.0000 0.0000 -69.6297 65.0514 -90.5422 -32.5232 42.9603 -13.0960 0.0000 -0.0000 -4.9907 -16.1192 14.7442 -4.2066 7.1250 -0.0000 -0.0000 7.7378 -14.7568 5.5635
33.3330 16.8991 -9.9310 184.0540 72.0737 -147.8450 0.0000 0.0000 0.0000 -8.5332 -20.5073 -39.4965 1.6867 8.1805 23.2637 0.2818 -14.2699 -13.0291 0.0480 -1.4142 -3.8894 0.0000 0.0000 0.0000 21.8321 10.1069 -10.4727 -1.0839 -6.6171 18.5860 0.0441 -5.8209 2.6443 -0.6227 5.0499 -14.0509 -5.7219 1.1365 -12.8904 -0.4684 2.5174 -5.4392 3.0761 1.4734 1.2823 -4.9592 0.8123 2.3055 6.2719 2.4696 -19.1351 2.6554 1.3688 -6.2845 -0.0000 0.0000 0.0000 60.3350 -54.1272 -70.7749 24.8250 -36.0246 -8.1868 -0.0000 -0.0000 19.9019 33.1770 19.5900 12.3644 -7.1250 0.0000 -0.0000 5.0668 52.9448 0.9925 -0.0000 0.0000 0.0000 -70.6514 64.8816 -90.8287 -31.6454 42.2627 -12.5017 0.0000 -0.0000 -4.1604 -16.8704 14.4931 -4.3401 7.1250 -0.0000 -0.0000 7.2236 -14.9469 5.1579
33.3251 16.8976 -9.9176 184.1230 72.5506 -148.0530 0.0000 0.0000 0.0000 -8.6725 -20.2958 -39.2220 1.6953 8.2003 23.3241 0.3929 -14.0060 -13.9678 0.0850 -1.8805 -5.1755 0.0000 0.0000 0.0000 21.7602 9.9389 -10.2210 -1.0781 -6.6000 18.5355 0.0477 -5.6835 2.3608 -0.6772 5.2617 -14.6566 -5.9832 1.3210 -13.0091 -0.4631 2.7895 -5.0842 3.2783 1.5815 1.6787 -5.5519 1.0560 0.6319 6.7583 2.8148 -17.6075 2.8911 1.5691 -5.5471 0.0000 -0.0000 0.0000 60.1436 -53.9012 -70.6238 25.0670 -36.2724 -8.3295 -0.0000 -0.0000 19.7335 34.9126 20.9038 13.9836 -7.1250 0.0000 -0.0000 6.8279 54.8247 1.6534 0.0000 -0.0000 0.0000 -70.2045 64.2143 -89.3053 -31.6190 42.2413 -12.4839 0.0000 -0.0000 -4.9671 -16.4620 15.0285 -4.3815 7.1250 -0.0000 -0.0000 7.5105 -14.4341 5.4492
33.3071 16.8951 -9.9014 184.4310 72.8955 -148.0440 0.0000 0.0000 0.0000 -8.6939 -20.0447 -38.9535 1.7096 8.2331 23.4243 0.4425 -13.6558 -14.2742 0.1293 -2.3180 -6.3852 0.0000 0.0000 0.0000 21.8094 10.8700 -9.5616 -1.0694 -6.5741 18.4596 0.0736 -6.6250 2.4434 -0.6874 5.3005 -14.7677 -5.9552 1.4055 -12.8782 -0.5689 2.8867 -5.0020 3.1613 1.6227 1.6921 -4.6516 1.2454 1.3951 6.1344 3.0110 -17.9516 2.5260 1.6275 -5.7817 -0.0000 -0.0000 0.0000 59.0315 -53.6988 -68.7076 25.5460 -36.7569 -8.6146 -0.0000 -0.0000 18.8003 33.4933 20.7157 13.1740 -7.1250 0.0000 -0.0000 5.2798 54.2961 1.2087 -0.0000 -0.0000 0.0000 -68.5184 64.0507 -86.4499 -32.9104 43.2610 -13.3606 0.0000 -0.0000 -6.6994 -16.3706 14.2601 -4.1387 7.1250 -0.0000 -0.0000 7.5601 -15.2311 5.3560
33.2937 16.8935 -9.8806 184.9650 73.0395 -147.7000 0.0000 0.0000 0.0000 -8.5816 -19.7689 -38.9633 1.7221 8.2616 23.5116 0.4590 -13.6476 -14.4252 0.1907 -2.8125 -7.7571 0.0000 0.0000 0.0000 22.0462 11.3247 -9.2244 -1.0700 -6.5758 18.4645 0.0870 -7.0500 2.4755 -0.7893 5.6713 -15.8336 -5.8851 1.4672 -12.8083 -0.6334 2.9568 -5.0450 3.0594 1.6606 1.6101 -4.5837 1.3387 1.4122 6.2550 3.0922 -17.3251 2.5461 1.6419 -5.5943 -0.0000 0.0000 0.0000 58.4485 -53.8887 -67.9829 25.7324 -36.9433 -8.7263 -0.0000 -0.0000 18.6556 35.6074 20.2738 13.9360 -7.1250 0.0000 -0.0000 7.6499 54.2520 1.7472 -0.0000 0.0000 0.0000 -68.5188 63.7346 -85.3853 -32.4813 42.9275 -13.0674 0.0000 -0.0000 -6.7668 -17.5109 15.3984 -4.7889 7.1250 -0.0000 -0.0000 6.8108 -13.9525 5.0038
33.2726 16.8890 -9.8616 184.9520 73.0577 -147.6500 0.0000 0.0000 0.0000 -8.4571 -19.7761 -39.2097 1.7351 8.2909 23.6012 0.5167 -13.6845 -14.9700 0.2053 -2.9175 -8.0493 0.0000 0.0000 0.0000 22.0973 11.3854 -9.3751 -1.0751 -6.5909 18.5090 0.0939 -7.1131 2.3077 -0.8730 5.9572 -16.6602 -5.9796 1.4057 -12.9026 -0.6206 2.8973 -5.1332 3.1196 1.6387 1.5681 -4.4653 1.3959 3.2693 6.2011 3.1880 -18.6753 2.4944 1.6469 -6.3447 -0.0000 0.0000 0.0000 58.1043 -54.2338 -67.9124 25.8492 -37.0595 -8.7966 -0.0000 -0.0000 19.7595 35.0429 21.0841 14.1598 -7.1250 0.0000 -0.0000 6.9572 55.0617 1.7251 -0.0000 0.0000 0.0000 -67.9200 64.0882 -84.4540 -33.1102 43.4146 -13.4977 0.0000 -0.0000 -6.9313 -16.9748 13.6169 -4.1104 7.1250 -0.0000 -0.0000 7.1383 -15.8405 4.9579
33.2399 16.8932 -9.8500 185.6510 73.0856 -147.1080 0.0000 0.0000 0.0000 -8.2432 -19.7156 -39.2165 1.7476 8.3192 23.6878 0.5653 -13.4528 -15.3143 0.2760 -3.3792 -9.3362 0.0000 0.0000 0.0000 22.2571 9.0120 -10.3387 -1.0830 -6.6144 18.5778 0.0317 -4.5587 1.8422 -0.8143 5.7584 -16.0851 -5.6581 1.4781 -12.7075 -0.6536 2.9359 -5.0661 2.9033 1.6493 1.5492 -4.7025 1.3711 2.8197 6.5384 3.1248 -17.8163 2.6462 1.6076 -5.9982 -0.0000 0.0000 0.0000 57.6865 -54.0686 -67.3661 26.0588 -37.2667 -8.9232 -0.0000 -0.0000 19.5603 35.0805 21.2420 14.2759 -7.1250 0.0000 -0.0000 6.9848 55.2519 1.7643 -0.0000 0.0000 0.0000 -68.3122 64.0319 -84.8235 -32.4778 42.9248 -13.0651 0.0000 -0.0000 -6.6076 -17.2439 14.3883 -4.4105 7.1250 -0.0000 -0.0000 6.9675 -15.0208 4.9611
33.2107 16.8869 -9.8374 185.8470 73.1499 -147.0010 0.0000 0.0000 0.0000 -8.1750 -19.6770 -39.2451 1.7465 8.3167 23.6802 0.6135 -13.1755 -15.6385 0.3452 -3.7752 -10.4451 0.0000 0.0000 0.0000 22.3060 8.5327 -10.5529 -1.0937 -6.6461 18.6709 0.0252 -4.0225 1.5937 -0.9395 6.1738 -17.2895 -5.5594 1.6139 -12.6516 -0.7596 3.0987 -4.9355 2.7599 1.7185 1.6532 -5.4423 1.2618 2.3482 7.4061 3.0396 -17.3100 3.0540 1.5655 -5.7703 -0.0000 -0.0000 0.0000 58.2154 -54.0912 -68.1879 25.8967 -37.1065 -8.8253 -0.0000 -0.0000 19.8562 33.4833 19.4837 12.4415 -7.1250 0.0000 -0.0000 5.4052 52.8864 1.0513 -0.0000 -0.0000 0.0000 -67.9273 63.7126 -84.2785 -32.3403 42.8168 -12.9715 0.0000 -0.0000 -6.5559 -18.2253 15.5572 -5.0468 7.1250 -0.0000 -0.0000 6.3344 -13.7157 4.6811
33.1990 16.8811 -9.8089 185.4090 73.0449 -147.3470 0.0000 0.0000 0.0000 -8.1247 -19.7276 -39.4771 1.7462 8.3160 23.6782 0.6197 -13.1752 -15.6930 0.3887 -4.0035 -11.0866 0.0000 0.0000 0.0000 22.3038 10.0607 -10.1406 -1.0941 -6.6472 18.6742 0.0674 -5.7742 1.6125 -0.9176 6.1035 -17.0849 -5.8842 1.5759 -12.8183 -0.8443 3.1025 -4.8170 2.8651 1.7127 1.8533 -4.8527 1.1094 3.6615 6.9636 2.8530 -18.5757 2.8255 1.4430 -6.3739 0.0000 0.0000 0.0000 59.3943 -54.3367 -69.7888 25.3409 -36.5504 -8.4921 -0.0000 -0.0000 20.6513 34.5812 19.5871 13.0128 -7.1250 0.0000 -0.0000 6.5763 53.2345 1.3366 0.0000 0.0000 0.0000 -67.4696 63.2926 -83.7142 -32.4208 42.8801 -13.0263 0.0000 -0.0000 -7.4289 -18.6799 16.7425 -5.5627 7.1250 -0.0000 -0.0000 6.0754 -12.4368 4.6513
33.1833 16.8822 -9.7878 186.6140 72.7403 -146.5730 0.0000 0.0000 0.0000 -7.6747 -19.7596 -39.0970 1.7542 8.3342 23.7338 0.6431 -12.9977 -15.8358 0.3983 -4.0521 -11.2234 0.0000 0.0000 0.0000 22.8606 8.6766 -10.3135 -1.0944 -6.6479 18.6763 0.0430 -4.4224 1.0072 -0.7316 5.4646 -15.2387 -5.6023 1.6560 -12.4271 -0.7528 3.1334 -4.6656 2.7930 1.7171 1.8081 -5.5074 0.9394 2.6455 7.5529 2.6259 -17.6244 3.1378 1.3541 -5.8928 0.0000 0.0000 0.0000 59.7009 -54.3928 -69.9951 25.1068 -36.3130 -8.3531 -0.0000 -0.0000 20.4715 34.6619 19.9316 13.2633 -7.1250 0.0000 -0.0000 6.6361 53.6494 1.4162 0.0000 0.0000 0.0000 -68.3019 63.1119 -84.1428 -31.6715 42.2837 -12.5193 0.0000 -0.0000 -6.8056 -21.6753 16.7907 -6.5496 7.1250 -0.0000 -0.0000 4.0864 -12.0260 3.1536
33.1611 16.8774 -9.7745 186.8540 72.5889 -146.1320 0.0000 0.0000 0.0000 -7.3906 -19.8706 -39.4017 1.7539 8.3335 23.7316 0.6405 -12.8840 -15.7723 0.4560 -4.3320 -12.0125 0.0000 0.0000 0.0000 22.9410 8.7491 -10.6310 -1.1005 -6.6658 18.7289 0.0387 -4.2138 0.9813 -0.7963 5.6960 -15.9048 -5.6658 1.6038 -12.5253 -0.6751 3.0786 -4.7086 2.9057 1.6934 1.8130 -5.7530 0.8648 2.6476 7.8742 2.5814 -17.8154 3.2872 1.3314 -5.9542 -0.0000 -0.0000 0.0000 59.6374 -54.3333 -69.9541 24.9506 -36.1535 -8.2607 -0.0000 -0.0000 19.7161 37.2434 20.7739 15.0904 -7.1250 0.0000 -0.0000 9.4648 55.2085 2.3880 -0.0000 -0.0000 0.0000 -69.5786 63.8103 -86.3418 -30.7785 41.5514 -11.9226 0.0000 -0.0000 -4.9467 -23.6731 17.2634 -7.4128 7.1250 -0.0000 -0.0000 2.7972 -11.2541 2.2002
33.1381 16.8759 -9.7549 186.4800 72.4647 -146.4160 0.0000 0.0000 0.0000 -7.4026 -19.9135 -39.5810 1.7374 8.2963 23.6178 0.6196 -13.1612 -15.6869 0.3439 -3.7684 -10.4260 0.0000 0.0000 0.0000 22.8783 8.1220 -11.1109 -1.1144 -6.7066 18.8489 0.0282 -3.4607 0.6153 -0.7328 5.4693 -15.2522 -5.7894 1.4754 -12.3107 -0.6983 2.9112 -4.8572 2.9153 1.6255 1.5505 -6.0687 0.8887 3.4672 8.2723 2.6938 -18.6698 3.4691 1.3660 -6.3815 -0.0000 -0.0000 0.0000 60.0395 -54.6642 -70.8442 24.4716 -35.6590 -7.9798 -0.0000 -0.0000 21.0250 35.5871 20.3904 13.9997 -7.1250 0.0000 -0.0000 7.6195 54.3826 1.7645 -0.0000 -0.0000 0.0000 -70.8340 64.4052 -88.4395 -30.2435 41.1012 -11.5694 0.0000 -0.0000 -3.7079 -24.0358 17.3155 -7.5611 7.1250 -0.0000 -0.0000 2.5621 -11.1465 2.0206
33.1258 16.8691 -9.7277 186.9610 72.2883 -145.8820 0.0000 0.0000 0.0000 -6.9798 -20.0106 -39.7228 1.7170 8.2500 23.4759 0.5444 -13.3283 -15.0765 0.2427 -3.1703 -8.7534 0.0000 0.0000 0.0000 23.1154 8.3694 -11.2217 -1.1267 -6.7421 18.9536 0.0307 -3.4654 0.3762 -0.7425 5.5044 -15.3530 -5.8397 1.3932 -12.4409 -0.6860 2.8205 -4.9094 2.9493 1.5838 1.5713 -5.8355 0.8412 4.6436 8.2998 2.7181 -19.9015 3.4490 1.3396 -6.9836 -0.0000 0.0000 0.0000 60.8448 -54.8878 -71.9155 23.8911 -35.0489 -7.6440 -0.0000 -0.0000 22.3507 36.6801 20.5180 14.6315 -7.1250 0.0000 -0.0000 8.8354 54.7786 2.1346 -0.0000 0.0000 0.0000 -71.7626 64.8785 -90.4200 -30.1887 41.0546 -11.5333 0.0000 -0.0000 -4.0164 -24.1747 19.2125 -8.4028 7.1250 -0.0000 -0.0000 2.6376 -9.0918 2.1900
33.1059 16.8694 -9.7110 186.4530 72.3795 -146.2280 0.0000 0.0000 0.0000 -6.9754 -20.1884 -39.8270 1.7017 8.2149 23.3688 0.5132 -13.0926 -14.6967 0.2382 -3.1410 -8.6716 0.0000 0.0000 0.0000 22.9034 8.3947 -11.4762 -1.1200 -6.7226 18.8960 0.0252 -3.1856 0.4226 -0.7288 5.4546 -15.2100 -6.1177 1.3214 -12.4812 -0.7872 2.7677 -4.9672 2.9927 1.5649 1.5281 -5.6706 0.8114 4.7005 8.2736 2.7260 -20.1905 3.4151 1.3378 -7.0857 -0.0000 0.0000 0.0000 61.5540 -54.7631 -72.7997 23.1851 -34.2906 -7.2423 -0.0000 -0.0000 23.0765 35.7663 19.7194 13.6608 -7.1250 0.0000 -0.0000 7.8583 53.6425 1.6780 -0.0000 0.0000 0.0000 -72.1501 65.2692 -90.9406 -30.2587 41.1141 -11.5794 0.0000 -0.0000 -3.4876 -26.5303 18.8713 -9.1727 7.1250 -0.0000 -0.0000 1.0804 -9.0735 0.8967
33.0868 16.8776 -9.6947 186.9130 72.3500 -145.7220 0.0000 0.0000 0.0000 -6.6985 -20.2772 -39.8624 1.6723 8.1474 23.1625 0.5047 -13.0094 -14.5842 0.1876 -2.7894 -7.6929 0.0000 0.0000 0.0000 23.0493 8.1344 -11.6820 -1.1078 -6.6871 18.7916 0.0170 -2.6313 0.3745 -0.7236 5.4356 -15.1552 -6.1795 1.3032 -12.6438 -0.7330 2.7628 -4.9537 3.0906 1.5607 1.6245 -5.5914 0.7644 3.9704 8.2311 2.6729 -19.8058 3.3875 1.3310 -6.8255 0.0000 0.0000 0.0000 62.4492 -55.0331 -74.8612 22.4851 -33.5209 -6.8518 -0.0000 -0.0000 24.3028 35.2645 18.8219 12.8511 -7.1250 0.0000 -0.0000 7.3629 52.4904 1.3634 0.0000 0.0000 0.0000 -72.7549 65.4316 -91.6142 -30.0142 40.9055 -11.4189 0.0000 -0.0000 -3.3382 -28.3863 19.3343 -10.1435 7.1250 -0.0000 -0.0000 -0.0614 -8.2366 -0.0520
33.0714 16.8809 -9.6830 187.0460 72.3768 -145.6640 0.0000 0.0000 0.0000 -6.5580 -20.4468 -39.7230 1.6603 8.1194 23.0773 0.4914 -12.8088 -14.3780 0.1726 -2.6765 -7.3793 0.0000 0.0000 0.0000 23.0382 8.5311 -11.4416 -1.0914 -6.6392 18.6508 0.0200 -2.8354 0.3758 -0.6862 5.2962 -14.7553 -6.2518 1.4624 -12.6458 -0.7098 2.9806 -4.9131 3.1842 1.6675 1.6417 -5.9035 0.5805 4.4639 8.4654 2.5246 -20.8352 3.5429 1.2681 -7.2388 -0.0000 -0.0000 0.0000 63.3324 -55.2976 -76.1398 22.0897 -33.0782 -6.6347 -0.0000 -0.0000 24.9079 34.7611 18.9263 12.6861 -7.1250 0.0000 -0.0000 6.8176 52.5075 1.2645 -0.0000 -0.0000 0.0000 -72.1288 65.4048 -90.6893 -29.8271 40.7448 -11.2966 0.0000 -0.0000 -3.0245 -30.0500 19.2865 -10.8176 7.1250 -0.0000 -0.0000 -1.1319 -7.9714 -0.9642
33.0516 16.8813 -9.6703 187.7120 72.1700 -144.9420 0.0000 0.0000 0.0000 -6.0915 -20.6490 -39.8341 1.6465 8.0873 22.9796 0.4566 -12.8325 -14.0551 0.1346 -2.3648 -6.5150 0.0000 0.0000 0.0000 23.3024 7.9649 -11.8690 -1.0920 -6.6410 18.6560 0.0118 -2.1265 0.1850 -0.6658 5.2183 -14.5321 -6.0216 1.5946 -12.6808 -0.6946 3.1365 -5.1073 3.0866 1.7594 1.4543 -6.0588 0.5507 3.5278 8.7085 2.4603 -19.7841 3.6396 1.2468 -6.7294 -0.0000 0.0000 0.0000 64.9810 -56.1305 -78.9918 21.4424 -32.3411 -6.2849 -0.0000 -0.0000 26.4485 34.5774 19.9393 13.2277 -7.1250 0.0000 -0.0000 6.5434 53.6401 1.3948 -0.0000 0.0000 0.0000 -71.2620 65.7165 -89.9801 -29.4671 40.4322 -11.0623 0.0000 -0.0000 -2.7762 -30.9752 19.4715 -11.3151 7.1250 -0.0000 -0.0000 -1.6964 -7.5782 -1.4585
33.0375 16.8844 -9.6625 187.6000 72.2636 -144.7810 0.0000 0.0000 0.0000 -5.8734 -20.9348 -40.0310 1.6189 8.0227 22.7829 0.4637 -12.4570 -13.9702 0.1616 -2.5899 -7.1391 0.0000 0.0000 0.0000 23.1348 8.9739 -11.8604 -1.0900 -6.6349 18.6381 0.0217 -2.9275 0.3449 -0.5766 4.8626 -13.5171 -6.0605 1.6043 -12.7628 -0.7884 3.1811 -5.6000 3.0041 1.8240 0.9810 -5.9001 0.5016 4.9029 8.6748 2.3869 -20.5666 3.6186 1.1628 -7.2210 0.0000 0.0000 0.0000 65.0876 -56.6902 -78.4833 20.9027 -31.7146 -5.9987 -0.0000 -0.0000 26.4525 34.1082 20.3122 13.2300 -7.1250 0.0000 -0.0000 5.9971 53.9678 1.3257 0.0000 0.0000 0.0000 -70.2300 66.3529 -88.4635 -29.2107 40.2071 -10.8964 0.0000 -0.0000 -3.2758 -33.0794 19.3636 -12.1871 7.1250 -0.0000 -0.0000 -3.0465 -7.2522 -2.6414
33.0267 16.8847 -9.6550 188.1920 72.3013 -144.3990 0.0000 0.0000 0.0000 -5.6077 -21.0098 -39.6561 1.5830 7.9373 22.5238 0.4904 -11.9650 -14.0412 0.1904 -2.8100 -7.7502 0.0000 0.0000 0.0000 23.3274 9.4427 -11.4890 -1.0866 -6.6249 18.6086 0.0278 -3.3235 0.4082 -0.6428 5.1290 -14.2768 -5.9080 1.7050 -12.7785 -0.6974 3.2972 -5.6777 3.0259 1.8869 0.9007 -6.1004 0.4882 2.4163 8.5124 2.1600 -17.7600 3.5769 1.1173 -5.8697 0.0000 0.0000 0.0000 65.3494 -57.1443 -79.2450 20.5172 -31.2605 -5.7974 -0.0000 -0.0000 26.9014 33.7668 20.3921 13.1143 -7.1250 0.0000 -0.0000 5.6160 53.9858 1.2435 0.0000 0.0000 0.0000 -68.9100 66.5771 -86.3519 -29.3802 40.3561 -11.0060 0.0000 -0.0000 -4.3532 -34.9085 20.4280 -13.6887 7.1250 -0.0000 -0.0000 -4.0215 -5.6045 -3.6186
33.0111 16.8948 -9.6480 188.1800 72.3868 -144.3900 0.0000 0.0000 0.0000 -5.4757 -21.2810 -39.5114 1.5528 7.8648 22.3043 0.5298 -11.4907 -14.2566 0.2141 -2.9786 -8.2191 0.0000 0.0000 0.0000 23.2456 9.0812 -11.7036 -1.0776 -6.5985 18.5312 0.0212 -2.9043 0.3523 -0.6468 5.1446 -14.3214 -6.0575 1.7610 -13.1961 -0.5950 3.4170 -5.5301 3.2579 1.9338 1.2530 -6.5203 0.4571 2.2797 8.4964 2.1213 -18.0281 3.6492 1.1362 -5.9298 -0.0000 -0.0000 0.0000 65.8194 -57.2256 -79.9132 20.2324 -30.9214 -5.6503 -0.0000 -0.0000 26.6530 33.4527 20.6146 13.0952 -7.1250 0.0000 -0.0000 5.2477 54.1721 1.1855 -0.0000 -0.0000 0.0000 -67.2453 66.0458 -82.9703 -29.5400 40.4959 -11.1097 0.0000 -0.0000 -6.0848 -36.4736 20.8405 -14.7352 7.1250 -0.0000 -0.0000 -4.9164 -4.7267 -4.5115
33.0015 16.9012 -9.6410 188.6770 72.5259 -144.1320 0.0000 0.0000 0.0000 -5.2361 -21.4595 -39.0511 1.5169 7.7776 22.0406 0.5735 -10.9018 -14.4934 0.2723 -3.3567 -9.2733 0.0000 0.0000 0.0000 23.3800 9.1950 -11.4689 -1.0737 -6.5869 18.4972 0.0176 -2.8286 0.6386 -0.6087 4.9938 -13.8908 -5.9136 1.8222 -13.4087 -0.6649 3.5057 -5.6803 3.1219 1.9860 1.2151 -6.1182 0.3440 1.2407 8.3441 1.8642 -16.4212 3.5283 1.0019 -5.2277 0.0000 -0.0000 0.0000 65.7210 -57.2282 -77.9708 19.7621 -30.3547 -5.4106 -0.0000 -0.0000 26.0132 33.7015 21.2921 13.6141 -7.1250 0.0000 -0.0000 5.4385 54.9986 1.3383 0.0000 -0.0000 0.0000 -65.1295 66.2490 -79.5295 -29.6897 40.6259 -11.2070 0.0000 -0.0000 -6.5122 -39.3850 19.8179 -15.5537 7.1250 -0.0000 -0.0000 -6.8973 -5.1355 -6.2990
32.9898 16.9097 -9.6342 188.6820 72.7241 -144.3630 0.0000 0.0000 0.0000 -5.3120 -21.4908 -38.5578 1.4691 7.6594 21.6842 0.6115 -10.5854 -14.7719 0.3057 -3.5547 -9.8272 0.0000 0.0000 0.0000 23.3257 9.4041 -11.1248 -1.0600 -6.5458 18.3767 0.0185 -3.0205 0.8377 -0.6165 5.0249 -13.9797 -5.9237 2.0218 -13.3407 -0.7469 3.7706 -5.7596 3.0690 2.1259 1.0750 -6.0548 0.4590 2.1842 8.0964 2.0028 -17.2174 3.4386 1.0608 -5.6468 0.0000 -0.0000 0.0000 67.7575 -58.3456 -82.3919 18.9661 -29.3765 -5.0142 -0.0000 -0.0000 28.5423 32.2973 19.9267 12.1576 -7.1250 0.0000 -0.0000 4.0873 53.1472 0.8203 0.0000 -0.0000 0.0000 -59.6930 65.6045 -71.7617 -31.6399 42.2582 -12.4980 0.0000 -0.0000 -8.5497 -42.1112 19.6565 -16.9125 7.1250 -0.0000 -0.0000 -8.5916 -4.5149 -7.9807
32.9873 16.9187 -9.6267 188.7590 72.9193 -144.8140 0.0000 0.0000 0.0000 -5.4646 -21.5179 -37.6003 1.4032 7.4930 21.1845 0.6553 -10.0668 -15.0599 0.3686 -3.8998 -10.7950 0.0000 0.0000 0.0000 23.3806 9.6872 -10.3595 -1.0508 -6.5184 18.2962 0.0245 -3.4916 0.9844 -0.6582 5.1892 -14.4489 -5.9624 2.2305 -13.1884 -0.8586 4.0392 -5.7049 3.0007 2.2564 1.0308 -5.9976 0.1911 2.1913 8.0972 1.6068 -16.9746 3.4483 0.8587 -5.5421 0.0000 0.0000 0.0000 68.4019 -58.9111 -82.5675 19.0182 -29.4413 -5.0398 -0.0000 -0.0000 27.8348 31.6582 21.2236 12.5831 -7.1250 0.0000 -0.0000 3.2051 54.4757 0.7468 0.0000 0.0000 0.0000 -56.7482 65.0986 -67.7036 -32.1626 42.6764 -12.8509 0.0000 -0.0000 -9.2438 -45.3995 19.5102 -18.7094 7.1250 -0.0000 -0.0000 -10.5972 -3.5941 -10.0891
32.9751 16.9276 -9.6194 188.5370 73.1033 -145.1970 0.0000 0.0000 0.0000 -5.5690 -21.6185 -37.0946 1.3388 7.3261 20.6853 0.7062 -9.3728 -15.3963 0.5000 -4.5333 -12.5820 0.0000 0.0000 0.0000 23.2885 9.9133 -10.1802 -1.0574 -6.5382 18.3541 0.0238 -3.6986 1.2997 -0.6325 5.0885 -14.1611 -6.1198 2.2844 -13.3791 -0.9705 4.1501 -5.7052 2.9973 2.3117 1.1192 -4.6729 0.1086 1.0548 6.6618 1.2980 -15.6288 2.7727 0.7254 -4.9050 -0.0000 0.0000 0.0000 68.8801 -59.2855 -82.4492 18.8028 -29.1729 -4.9344 -0.0000 -0.0000 28.0656 32.1580 21.7280 13.1023 -7.1250 0.0000 -0.0000 3.6673 55.1504 0.9149 -0.0000 0.0000 0.0000 -54.3325 64.9656 -65.0618 -32.0837 42.6138 -12.7975 0.0000 -0.0000 -9.1183 -48.4295 19.4146 -20.5450 7.1250 -0.0000 -0.0000 -12.4040 -2.5645 -12.1279
32.9678 16.9285 -9.6125 187.9550 73.1374 -145.9230 0.0000 0.0000 0.0000 -5.7560 -21.7322 -36.6617 1.2914 7.2004 20.3106 0.7808 -8.7545 -15.9985 0.6522 -5.1656 -14.3815 0.0000 0.0000 0.0000 23.1913 9.8876 -10.0724 -1.0683 -6.5709 18.4501 0.0252 -3.8585 1.4065 -0.6913 5.3154 -14.8103 -6.3942 2.2621 -13.7041 -0.9807 4.1826 -5.6112 3.1677 2.3208 1.3690 -4.6281 -0.0304 0.7388 6.5674 1.0758 -15.2279 2.7425 0.6211 -4.7153 -0.0000 -0.0000 0.0000 68.5862 -59.3261 -80.9292 18.7759 -29.1392 -4.9212 -0.0000 -0.0000 26.9826 31.8139 20.5948 12.3099 -7.1250 0.0000 -0.0000 3.4743 53.8018 0.7525 -0.0000 -0.0000 0.0000 -50.8107 65.0485 -61.1947 -33.2292 43.5055 -13.5796 0.0000 -0.0000 -9.6707 -50.4006 18.2020 -20.6864 7.1250 -0.0000 -0.0000 -13.8531 -3.3645 -13.4209
32.9664 16.9395 -9.6092 187.9380 72.8936 -146.2030 0.0000 0.0000 0.0000 -5.6885 -21.9580 -36.2103 1.2643 7.1274 20.0934 0.8359 -8.1873 -16.4400 0.8552 -5.8975 -16.4874 0.0000 0.0000 0.0000 23.3849 8.7562 -10.1290 -1.0452 -6.5015 18.2466 0.0115 -3.0416 1.4201 -0.6277 5.0697 -14.1074 -6.3541 2.2533 -13.7369 -0.9511 4.1761 -5.8221 3.1684 2.3368 1.1660 -5.8741 0.0825 0.4081 7.9261 1.2793 -14.2806 3.3609 0.7140 -4.3876 -0.0000 -0.0000 0.0000 68.9232 -60.3010 -81.7273 18.9266 -29.3274 -4.9949 -0.0000 -0.0000 27.6446 31.5131 21.4777 12.6523 -7.1250 0.0000 -0.0000 3.0034 54.7294 0.7183 -0.0000 -0.0000 0.0000 -46.0901 65.0565 -55.8939 -34.3163 44.3177 -14.3336 0.0000 -0.0000 -9.3588 -53.4042 18.4313 -23.0636 7.1250 -0.0000 -0.0000 -15.5145 -1.6817 -15.6424
32.9523 16.9503 -9.6087 188.8700 72.3298 -145.8250 0.0000 0.0000 0.0000 -5.5254 -21.9022 -35.6437 1.2339 7.0444 19.8468 0.9055 -8.2484 -17.0876 1.0172 -6.4164 -17.9976 0.0000 0.0000 0.0000 24.0031 7.6430 -9.8205 -1.0117 -6.3998 17.9488 0.0032 -2.4598 1.4941 -0.6345 5.0966 -14.1843 -5.7952 2.3580 -13.3946 -0.8236 4.2138 -5.9144 2.9699 2.3584 0.9155 -6.4247 -0.0185 0.4691 8.3670 1.0931 -13.6188 3.5926 0.6151 -4.1855 0.0000 -0.0000 0.0000 70.3190 -61.2747 -83.5921 18.8045 -29.1751 -4.9352 -0.0000 -0.0000 27.4141 31.8345 22.0059 13.0962 -7.1250 0.0000 -0.0000 3.2620 55.3908 0.8327 0.0000 -0.0000 0.0000 -42.3158 64.5916 -51.7763 -35.4272 45.1148 -15.1152 0.0000 -0.0000 -11.4573 -54.1430 19.4016 -24.6847 7.1250 -0.0000 -0.0000 -15.6683 0.0434 -16.3017
32.9518 16.9502 -9.6106 187.6510 72.2026 -147.1430 0.0000 0.0000 0.0000 -5.9468 -22.1289 -35.2939 1.2078 6.9721 19.6328 0.9769 -7.7703 -17.6859 1.0786 -6.6013 -18.5393 0.0000 0.0000 0.0000 23.7474 8.4620 -9.2368 -0.9998 -6.3630 17.8412 0.0172 -3.6921 1.7084 -0.6765 5.2591 -14.6490 -6.2250 2.2468 -13.7757 -0.7488 4.1459 -5.7235 3.3105 2.3129 1.2877 -5.7959 -0.1971 0.5779 7.1869 0.7510 -13.9944 3.1350 0.4710 -4.2943 0.0000 -0.0000 0.0000 70.6592 -61.3956 -83.1272 19.0925 -29.5334 -5.0763 -0.0000 -0.0000 25.0935 32.0382 23.3079 13.9073 -7.1250 0.0000 -0.0000 3.2403 56.8919 0.9450 0.0000 -0.0000 0.0000 -39.9563 63.9146 -49.4350 -37.0571 46.2264 -16.2812 0.0000 -0.0000 -13.2223 -52.8809 18.4997 -22.7461 7.1250 -0.0000 -0.0000 -15.1998 -1.8397 -15.2562
32.9477 16.9440 -9.6192 187.3550 71.8157 -147.7820 0.0000 0.0000 0.0000 -6.0922 -22.4100 -34.6074 1.1709 6.8684 19.3262 1.0414 -7.1918 -18.2244 1.1885 -6.9181 -19.4729 0.0000 0.0000 0.0000 23.8596 8.8002 -8.7778 -1.0314 -6.4599 18.1248 0.0350 -4.5368 1.6424 -0.6812 5.2773 -14.7012 -6.1526 2.2279 -13.6241 -0.6423 4.0966 -5.7384 3.3649 2.2917 1.1928 -6.9493 -0.2539 -0.4423 7.8142 0.6406 -12.5481 3.5129 0.4472 -3.6799 0.0000 0.0000 0.0000 70.8603 -61.8016 -83.0242 19.2423 -29.7187 -5.1504 -0.0000 -0.0000 24.5164 30.5070 22.8916 12.9090 -7.1250 0.0000 -0.0000 1.6127 56.0815 0.4384 0.0000 0.0000 0.0000 -36.1663 63.1366 -45.6464 -39.6722 47.8745 -18.1957 0.0000 -0.0000 -15.6087 -52.5088 17.9899 -21.9311 7.1250 -0.0000 -0.0000 -15.1222 -2.7228 -14.9234
32.9381 16.9364 -9.6316 186.3910 71.3422 -148.5940 0.0000 0.0000 0.0000 -6.2202 -22.8425 -34.4734 1.1291 6.7492 18.9743 1.0859 -6.7025 -18.6027 1.2457 -7.0768 -19.9431 0.0000 0.0000 0.0000 23.6799 7.4373 -9.6525 -1.0664 -6.5651 18.4331 0.0189 -3.4584 1.3485 -0.6409 5.1217 -14.2560 -6.2121 2.1362 -13.9904 -0.6973 4.0292 -5.9511 3.3459 2.2756 1.1720 -5.8655 -0.3822 0.9518 6.5005 0.3066 -13.3292 2.9452 0.2603 -4.1303 0.0000 -0.0000 0.0000 71.6745 -62.3540 -83.3405 19.0076 -29.4281 -5.0346 -0.0000 -0.0000 24.9223 29.7235 22.3839 12.2662 -7.1250 0.0000 -0.0000 0.8679 55.3498 0.2205 0.0000 -0.0000 0.0000 -31.7849 62.5105 -41.7184 -42.6224 49.5491 -20.4130 0.0000 -0.0000 -18.4589 -51.8093 16.4372 -19.7838 7.1250 -0.0000 -0.0000 -15.1217 -5.2014 -14.2034
32.9302 16.9383 -9.6310 185.7800 70.5523 -149.2060 0.0000 0.0000 0.0000 -6.2721 -23.2151 -34.2952 1.0974 6.6568 18.7025 1.0975 -6.5798 -18.7031 1.2492 -7.0863 -19.9712 0.0000 0.0000 0.0000 23.8207 7.7980 -9.4623 -1.0787 -6.6016 18.5402 0.0317 -4.2912 1.5311 -0.7035 5.3612 -14.9417 -6.1708 2.1608 -13.9704 -0.7529 4.0666 -6.0907 3.2627 2.3079 1.0181 -6.0641 -0.4844 0.3793 6.5664 0.1300 -12.3764 2.9948 0.1774 -3.7357 -0.0000 -0.0000 0.0000 74.0078 -63.3729 -86.4991 18.9593 -29.3680 -5.0109 -0.0000 -0.0000 26.1997 30.3126 22.9488 12.8416 -7.1250 0.0000 -0.0000 1.3842 56.1012 0.3770 -0.0000 -0.0000 0.0000 -27.5930 61.0378 -38.5021 -46.4030 51.4376 -23.3307 0.0000 -0.0000 -21.1259 -51.0913 14.7856 -17.5458 7.1250 -0.0000 -0.0000 -15.1188 -7.8153 -13.4105
32.9295 16.9454 -9.6387 185.2730 69.8530 -149.5410 0.0000 0.0000 0.0000 -6.4097 -23.3521 -34.6711 1.0963 6.6536 18.6930 1.1255 -6.4297 -18.9456 1.5092 -7.7587 -21.9837 0.0000 0.0000 0.0000 23.9316 6.8856 -9.7744 -1.0413 -6.4897 18.2120 0.0242 -3.8958 1.5082 -0.6667 5.2219 -14.5425 -6.1052 2.1256 -14.1561 -0.7161 4.0403 -6.2909 3.2643 2.3129 0.9114 -5.9109 -0.7954 0.6612 6.1330 -0.3555 -12.4222 2.8528 -0.0581 -3.7690 0.0000 -0.0000 0.0000 73.1843 -63.3144 -82.9122 20.0446 -30.6961 -5.5541 -0.0000 -0.0000 20.4002 28.5518 23.5851 12.2822 -7.1250 0.0000 -0.0000 -0.7245 56.4068 -0.2026 0.0000 -0.0000 0.0000 -23.9228 60.2146 -36.6409 -49.6261 52.8436 -25.8759 0.0000 -0.0000 -24.8254 -50.5024 16.0065 -18.4969 7.1250 -0.0000 -0.0000 -14.4636 -6.3330 -13.2186
32.9491 16.9440 -9.6333 184.8190 69.1293 -149.9970 0.0000 0.0000 0.0000 -6.3814 -23.6589 -34.6284 1.0891 6.6324 18.6308 1.1462 -6.0319 -19.1323 1.5173 -7.7785 -22.0433 0.0000 0.0000 0.0000 24.1837 8.4941 -8.8798 -1.0147 -6.4089 17.9756 0.0626 -5.9782 2.0925 -0.7244 5.4385 -15.1636 -6.3754 1.9488 -14.3032 -0.4100 3.8561 -6.4103 3.7148 2.2431 0.8392 -6.6140 -0.8462 0.4436 6.1527 -0.4835 -11.8518 2.9731 -0.0997 -3.5517 0.0000 0.0000 0.0000 72.6427 -63.7885 -82.9471 21.4252 -32.3213 -6.2758 -0.0000 -0.0000 15.7174 23.7971 23.8648 10.1160 -7.1250 0.0000 -0.0000 -5.9530 55.6854 -1.5650 0.0000 0.0000 0.0000 -21.3390 59.8745 -36.4783 -52.3471 53.8994 -28.0598 0.0000 -0.0000 -25.6467 -49.1129 15.2517 -16.9000 7.1250 -0.0000 -0.0000 -13.8188 -7.8906 -12.1594
32.9483 16.9477 -9.6444 183.8030 68.6467 -150.9400 0.0000 0.0000 0.0000 -6.7258 -23.9480 -34.5189 1.0731 6.5850 18.4916 1.1437 -5.5778 -19.1314 1.5317 -7.8137 -22.1496 0.0000 0.0000 0.0000 23.9289 8.5872 -8.8369 -1.0108 -6.3969 17.9405 0.0811 -6.5037 2.0038 -0.6075 4.9890 -13.8773 -6.5657 1.8379 -14.2946 -0.3167 3.7333 -6.3916 3.9030 2.1866 0.8471 -7.6417 -0.9262 -0.6259 6.6026 -0.5453 -11.0359 3.2700 -0.0960 -3.1193 -0.0000 0.0000 0.0000 75.3653 -64.2510 -87.5975 19.1426 -29.5955 -5.1011 -0.0000 -0.0000 24.3942 29.2740 23.9053 12.7981 -7.1250 0.0000 -0.0000 -0.0140 56.9168 -0.0041 -0.0000 0.0000 0.0000 -19.7145 59.8906 -37.8488 -55.4945 54.9847 -30.6206 0.0000 -0.0000 -25.0370 -48.4312 13.4379 -14.6835 7.1250 -0.0000 -0.0000 -13.8330 -10.6132 -11.3946
32.9420 16.9459 -9.6527 183.6160 67.9273 -151.0540 0.0000 0.0000 0.0000 -6.6792 -24.2789 -34.5424 1.0511 6.5193 18.2987 1.0989 -5.4224 -18.7515 1.3789 -7.4306 -20.9974 0.0000 0.0000 0.0000 24.0628 7.9156 -9.1572 -1.0192 -6.4228 18.0162 0.0802 -6.2406 1.6794 -0.5638 4.8094 -13.3656 -6.3330 1.7106 -14.2610 -0.1591 3.5310 -6.4127 3.9088 2.0858 0.8353 -6.7242 -1.0780 -0.0219 4.9186 -0.9051 -11.5437 2.8778 -0.2253 -3.7366 -0.0000 -0.0000 0.0000 75.0659 -63.6963 -85.8860 20.0613 -30.7161 -5.5626 -0.0000 -0.0000 18.5534 25.2970 24.6208 11.1393 -7.1250 0.0000 -0.0000 -4.6243 56.7998 -1.3393 -0.0000 -0.0000 0.0000 -17.7866 60.3496 -39.2204 -58.3957 55.8671 -33.0097 0.0000 -0.0000 -22.9592 -49.3564 13.0432 -14.7301 7.1250 -0.0000 -0.0000 -14.4972 -10.8712 -11.9002
32.9476 16.9437 -9.6649 183.1840 67.4428 -151.4890 0.0000 0.0000 0.0000 -6.8009 -24.5038 -34.5274 1.0469 6.5067 18.2620 1.0327 -5.8999 -18.1439 1.1541 -6.8209 -19.1859 0.0000 0.0000 0.0000 24.0718 7.9066 -8.9645 -1.0046 -6.3779 17.8848 0.0913 -6.6447 1.7756 -0.5415 4.7147 -13.0967 -6.2189 1.5977 -14.2775 -0.0838 3.3700 -6.4394 3.9025 2.0067 0.8366 -7.6188 -1.0216 -0.5762 5.4776 -0.7979 -10.8389 3.2177 -0.1643 -3.3990 -0.0000 -0.0000 0.0000 74.1028 -63.6695 -84.4989 19.8310 -30.4382 -5.4455 -0.0000 -0.0000 20.0248 25.9096 24.1435 11.2381 -7.1250 0.0000 -0.0000 -3.7878 56.4279 -1.0624 -0.0000 -0.0000 0.0000 -16.2042 61.4620 -40.0142 -64.2549 57.3411 -37.9031 0.0000 -0.0000 -24.6485 -51.4263 9.5980 -11.8082 7.1250 -0.0000 -0.0000 -16.6401 -15.2123 -12.2254
32.9497 16.9405 -9.6744 182.7680 67.0772 -151.8910 0.0000 0.0000 0.0000 -6.9075 -24.7204 -34.5240 1.0403 6.4867 18.2032 0.9181 -6.9239 -17.1063 0.9646 -6.2534 -17.5214 0.0000 0.0000 0.0000 24.0326 8.0497 -8.7179 -0.9838 -6.3136 17.6971 0.1049 -7.0839 1.8499 -0.5699 4.8348 -13.4381 -5.9019 1.4120 -14.1800 -0.2136 3.0930 -6.6743 3.5386 1.8820 0.5951 -6.9405 -0.7843 -0.0751 4.8472 -0.5640 -10.8792 2.8714 -0.0651 -3.5177 0.0000 -0.0000 0.0000 72.6889 -63.9695 -82.2147 19.4914 -30.0247 -5.2745 -0.0000 -0.0000 21.3304 27.7272 23.6084 11.8873 -7.1250 0.0000 -0.0000 -1.6360 56.2506 -0.4515 0.0000 -0.0000 0.0000 -14.0390 63.6859 -43.3419 -64.5086 57.3963 -38.1167 0.0000 -0.0000 -19.6038 -52.1105 14.5352 -17.8752 7.1250 -0.0000 -0.0000 -15.7872 -7.7782 -14.0644
32.9520 16.9407 -9.6837 182.5710 66.8603 -152.0530 0.0000 0.0000 0.0000 -6.9528 -24.8973 -34.4871 1.0174 6.4172 17.9999 0.7417 -7.8225 -15.4903 0.6029 -4.9702 -13.8236 0.0000 0.0000 0.0000 24.0217 8.1738 -8.5944 -0.9747 -6.2850 17.6136 0.1185 -7.4847 1.9025 -0.6368 5.1056 -14.2101 -5.7859 1.4119 -14.3139 -0.1425 3.0914 -6.7116 3.5533 1.8828 0.6301 -7.1109 -0.6625 -0.3684 4.6535 -0.4441 -10.1084 2.8155 -0.0105 -3.2027 0.0000 0.0000 0.0000 72.6131 -64.1447 -82.3474 19.4440 -29.9667 -5.2508 -0.0000 -0.0000 20.8589 27.6329 23.5958 11.8354 -7.1250 0.0000 -0.0000 -1.7350 56.2165 -0.4774 0.0000 0.0000 0.0000 -12.3063 65.3362 -43.8038 -71.0283 58.5954 -43.6476 0.0000 -0.0000 -22.5317 -52.9781 10.4154 -13.4804 7.1250 -0.0000 -0.0000 -17.3887 -13.5316 -13.4865
32.9694 16.9401 -9.6870 181.9270 67.0581 -152.6560 0.0000 0.0000 0.0000 -7.1936 -25.0706 -34.3356 0.9995 6.3622 17.8391 0.5539 -8.4908 -13.6622 0.2363 -3.1288 -8.6376 0.0000 0.0000 0.0000 23.7374 9.1492 -8.0857 -0.9650 -6.2546 17.5249 0.1501 -8.3845 2.0901 -0.6063 4.9840 -13.8628 -6.0892 1.5635 -14.4743 -0.1222 3.3510 -6.7878 3.7848 2.0284 0.5869 -7.7533 -0.8794 -0.7879 4.9029 -0.7325 -9.3922 3.0108 -0.1514 -2.8640 0.0000 -0.0000 0.0000 74.1190 -64.6283 -84.9936 19.3682 -29.8737 -5.2130 -0.0000 -0.0000 19.9065 26.4894 24.7985 11.8061 -7.1250 0.0000 -0.0000 -3.3843 57.2520 -1.0164 0.0000 -0.0000 0.0000 -10.8175 66.8237 -44.6691 -72.0677 58.7494 -44.5354 0.0000 -0.0000 -22.5728 -55.3561 11.5113 -16.1091 7.1250 -0.0000 -0.0000 -18.5155 -11.0118 -15.4909
32.9709 16.9457 -9.7031 181.6790 67.2565 -152.7150 0.0000 0.0000 0.0000 -7.3410 -25.1837 -34.5934 1.0145 6.4083 17.9738 0.3720 -9.0827 -11.7545 0.0292 -1.1031 -3.0325 0.0000 0.0000 0.0000 23.4680 8.9300 -8.2276 -0.9401 -6.1758 17.2953 0.1330 -8.0476 2.1886 -0.5293 4.6619 -12.9468 -5.9817 1.7604 -14.8122 -0.0990 3.6273 -6.7887 3.8051 2.1629 0.7415 -7.1222 -0.9070 -0.8899 3.8212 -0.8394 -9.2135 2.5175 -0.1985 -2.7696 0.0000 -0.0000 0.0000 74.9458 -64.8955 -86.7321 19.1303 -29.5803 -5.0950 -0.0000 -0.0000 20.4178 26.5287 24.8416 11.8445 -7.1250 0.0000 -0.0000 -3.3564 57.3066 -1.0125 0.0000 -0.0000 0.0000 -11.1977 68.5431 -46.3635 -69.0797 58.2799 -41.9871 0.0000 -0.0000 -21.5161 -57.1479 10.7472 -16.1074 7.1250 -0.0000 -0.0000 -19.7854 -11.5012 -16.4831
32.9875 16.9557 -9.7133 182.2050 67.3580 -152.2970 0.0000 0.0000 0.0000 -7.2118 -25.2414 -34.5849 1.0507 6.5182 18.2956 0.2736 -9.4979 -10.6921 0.0020 0.2873 0.7893 0.0000 0.0000 0.0000 23.5813 7.2836 -8.6413 -0.9132 -6.0892 17.0433 0.0677 -6.1714 2.1193 -0.4930 4.5018 -12.4930 -5.5825 2.0421 -14.9867 -0.1913 3.9666 -6.8444 3.5400 2.3265 0.7760 -6.6301 -1.0228 -1.0483 3.5268 -1.0305 -8.4718 2.3168 -0.3221 -2.4768 0.0000 0.0000 0.0000 75.7439 -65.3042 -87.4231 18.9411 -29.3454 -5.0019 -0.0000 -0.0000 20.5277 27.2385 25.1364 12.3345 -7.1250 0.0000 -0.0000 -2.6733 57.7819 -0.8368 0.0000 0.0000 0.0000 -11.1118 69.2588 -45.7365 -67.0659 57.9162 -40.2774 0.0000 -0.0000 -20.3750 -58.5098 6.2842 -10.1314 7.1250 -0.0000 -0.0000 -22.0243 -18.4659 -15.0683
33.0062 16.9502 -9.7206 182.3630 67.5026 -152.1660 0.0000 0.0000 0.0000 -7.1938 -25.2895 -34.5498 1.0805 6.6071 18.5563 0.2054 -9.2902 -9.7059 0.0276 1.0725 2.9484 0.0000 0.0000 0.0000 23.6652 9.2860 -7.6685 -0.9070 -6.0688 16.9841 0.1432 -8.2879 2.1835 -0.4757 4.4235 -12.2712 -5.4948 2.0710 -15.2998 -0.0305 4.0296 -7.0624 3.6785 2.3787 0.6987 -6.5577 -0.8582 -0.1341 3.1482 -0.9207 -8.4058 2.1859 -0.2766 -2.6276 0.0000 0.0000 0.0000 74.9927 -65.9187 -86.8404 18.8064 -29.1774 -4.9361 -0.0000 -0.0000 20.1891 27.3409 25.5536 12.5729 -7.1250 0.0000 -0.0000 -2.7080 58.2508 -0.8782 0.0000 0.0000 0.0000 -10.9152 69.7019 -43.8632 -60.3994 56.4154 -34.6736 0.0000 -0.0000 -19.7845 -56.3040 5.5663 -8.2764 7.1250 -0.0000 -0.0000 -20.8941 -20.2512 -13.2700
32.9994 16.9537 -9.7487 181.6260 67.9875 -152.9840 0.0000 0.0000 0.0000 -7.8513 -25.3147 -34.3429 1.0940 6.6467 18.6729 0.1919 -8.8010 -9.3026 0.0361 1.2257 3.3701 0.0000 0.0000 0.0000 23.0822 8.3931 -7.9125 -0.9195 -6.1094 17.1021 0.0992 -7.1203 2.1209 -0.4656 4.3769 -12.1394 -5.5563 2.2019 -15.3207 -0.0208 4.2215 -7.1935 3.7452 2.4900 0.5454 -6.8601 -1.0818 0.0897 3.2733 -1.2550 -8.0504 2.2872 -0.4514 -2.5319 -0.0000 -0.0000 0.0000 74.5954 -66.4301 -87.1647 18.8090 -29.1806 -4.9374 -0.0000 -0.0000 19.6379 26.6270 26.0350 12.4104 -7.1250 0.0000 -0.0000 -3.6943 58.5958 -1.2292 -0.0000 -0.0000 0.0000 -11.9819 69.6239 -41.3200 -53.7732 54.4084 -29.2158 0.0000 -0.0000 -19.2837 -52.4696 1.1795 -1.5349 7.1250 -0.0000 -0.0000 -19.7016 -27.8069 -8.7209
33.0021 16.9585 -9.7525 181.7100 68.1257 -153.0040 0.0000 0.0000 0.0000 -7.8893 -25.3961 -34.2629 1.1200 6.7228 18.8967 0.1716 -8.5337 -8.8890 0.0246 1.0130 2.7846 0.0000 0.0000 0.0000 23.0650 7.9131 -7.9771 -0.9213 -6.1152 17.1190 0.0807 -6.5666 2.0994 -0.5068 4.5636 -12.6679 -5.3610 2.2794 -15.0566 -0.0532 4.2974 -7.4805 3.5815 2.5524 0.1123 -6.6296 -0.9720 0.5167 3.0666 -1.1669 -7.7236 2.1756 -0.4248 -2.5054 -0.0000 0.0000 0.0000 74.1594 -66.7634 -86.1297 18.8409 -29.2205 -4.9529 -0.0000 -0.0000 18.0645 25.9089 25.8966 11.9781 -7.1250 0.0000 -0.0000 -4.4441 58.2827 -1.4459 -0.0000 0.0000 0.0000 -13.0557 69.2107 -37.9280 -46.0326 51.2644 -23.0414 0.0000 -0.0000 -17.5007 -50.4961 -2.5676 3.1102 7.1250 -0.0000 -0.0000 -19.3480 -33.5004 -5.7374
33.0178 16.9611 -9.7606 181.7430 68.4115 -153.0920 0.0000 0.0000 0.0000 -8.0680 -25.3039 -34.2174 1.1597 6.8368 19.2329 0.1845 -8.1611 -8.9217 0.0179 0.8640 2.3747 0.0000 0.0000 0.0000 23.0247 9.2150 -7.2353 -0.9144 -6.0929 17.0542 0.1217 -7.8279 2.2729 -0.5974 4.9479 -13.7601 -5.4482 2.3672 -15.2839 -0.0196 4.4357 -7.3966 3.7033 2.6152 0.2971 -6.9305 -0.7773 -0.2468 3.5225 -0.8590 -6.6376 2.3537 -0.2944 -2.0258 0.0000 0.0000 0.0000 74.1047 -66.7737 -85.6664 18.7286 -29.0801 -4.8983 -0.0000 -0.0000 17.7931 25.7959 25.9720 11.9512 -7.1250 0.0000 -0.0000 -4.6008 58.3360 -1.5029 0.0000 0.0000 0.0000 -14.7145 68.2615 -35.0549 -45.1043 50.8195 -22.3196 0.0000 -0.0000 -17.7552 -57.8150 4.9609 -7.8235 7.1250 -0.0000 -0.0000 -22.0604 -20.9178 -13.7694
33.0263 16.9628 -9.7715 181.7830 68.4110 -153.0140 0.0000 0.0000 0.0000 -8.1184 -25.3176 -34.3281 1.1811 6.8975 19.4119 0.1805 -8.1020 -8.8365 0.0108 0.6723 1.8474 0.0000 0.0000 0.0000 22.9708 8.7208 -7.5085 -0.9174 -6.1027 17.0827 0.0992 -7.3245 2.3883 -0.5493 4.7480 -13.1912 -5.1848 2.3762 -15.3438 -0.0920 4.4206 -7.4416 3.4807 2.6021 0.3108 -6.8819 -0.6683 -0.2086 3.7726 -0.7053 -6.5663 2.4265 -0.2274 -2.0188 0.0000 0.0000 0.0000 73.9649 -66.7741 -85.6158 18.6234 -28.9481 -4.8472 -0.0000 -0.0000 17.8075 24.0825 25.1759 10.7654 -7.1250 0.0000 -0.0000 -6.1595 57.1162 -1.8331 0.0000 0.0000 0.0000 -13.6137 67.6486 -34.0513 -44.6335 50.5877 -21.9552 0.0000 -0.0000 -16.3257 -50.9538 2.4378 -3.0018 7.1250 -0.0000 -0.0000 -18.2408 -26.0081 -8.8235
33.0372 16.9675 -9.7865 181.5300 68.5660 -153.3760 0.0000 0.0000 0.0000 -8.3241 -25.4328 -34.1210 1.1906 6.9241 19.4907 0.1847 -7.8046 -8.7798 0.0087 0.6036 1.6587 0.0000 0.0000 0.0000 22.8095 8.7000 -7.3001 -0.9153 -6.0959 17.0628 0.0834 -7.1337 2.6980 -0.6011 4.9630 -13.8032 -5.2051 2.4390 -15.3897 -0.1237 4.5046 -7.3666 3.4772 2.6364 0.4075 -5.5797 -0.3509 -0.1326 2.7794 -0.3220 -6.4443 1.8527 -0.0502 -2.0025 -0.0000 0.0000 0.0000 74.3932 -66.6952 -86.6310 18.8177 -29.1915 -4.9416 -0.0000 -0.0000 15.7072 22.6518 25.8184 10.3011 -7.1250 0.0000 -0.0000 -7.9856 57.4674 -2.4485 -0.0000 0.0000 0.0000 -14.8339 67.0557 -34.6717 -45.0968 50.8158 -22.3138 0.0000 -0.0000 -14.0740 -48.7175 2.5563 -2.9082 7.1250 -0.0000 -0.0000 -16.6060 -26.0281 -7.9537
33.0575 16.9650 -9.7952 181.0970 68.6311 -153.8960 0.0000 0.0000 0.0000 -8.5792 -25.5067 -33.9313 1.2013 6.9541 19.5794 0.1984 -7.7035 -8.9515 0.0027 0.3365 0.9244 0.0000 0.0000 0.0000 22.6422 8.3411 -7.0962 -0.8918 -6.0192 16.8403 0.0692 -6.7886 2.7833 -0.6490 5.1534 -14.3466 -5.4492 2.3811 -15.6275 -0.0747 4.4652 -7.1669 3.6853 2.6026 0.7238 -5.4822 -0.5532 0.2009 2.6653 -0.5930 -7.2651 1.8142 -0.1694 -2.3190 0.0000 -0.0000 0.0000 74.4608 -66.6312 -87.1778 18.6804 -29.0196 -4.8748 -0.0000 -0.0000 15.9962 23.6671 25.9398 10.8529 -7.1250 0.0000 -0.0000 -6.9368 57.8182 -2.1834 0.0000 -0.0000 0.0000 -15.2564 66.7961 -35.2900 -46.8439 51.6405 -23.6759 0.0000 -0.0000 -15.7322 -49.2030 7.1221 -8.1748 7.1250 -0.0000 -0.0000 -15.8223 -19.3491 -10.0751
33.0696 16.9645 -9.8030 181.1170 68.3890 -153.9530 0.0000 0.0000 0.0000 -8.5613 -25.6765 -33.8164 1.2068 6.9693 19.6246 0.1859 -7.7605 -8.7813 0.0004 0.1306 0.3587 0.0000 0.0000 0.0000 22.8315 9.5334 -6.3320 -0.8760 -5.9672 16.6892 0.1154 -8.2866 3.0537 -0.7008 5.3511 -14.9126 -5.3906 2.2675 -15.6012 -0.0076 4.3054 -7.1920 3.6972 2.5249 0.6987 -5.1780 -1.0785 -1.1765 2.2194 -1.2689 -5.6048 1.5894 -0.5269 -1.5044 0.0000 0.0000 0.0000 74.3799 -66.7389 -87.5154 18.8459 -29.2267 -4.9554 -0.0000 -0.0000 15.2903 21.8893 26.0481 10.0059 -7.1250 0.0000 -0.0000 -8.9146 57.5353 -2.7509 0.0000 0.0000 0.0000 -14.5204 67.1763 -36.9644 -49.2945 52.7070 -25.6118 0.0000 -0.0000 -15.9714 -47.0665 12.5450 -13.1413 7.1250 -0.0000 -0.0000 -13.1853 -12.2385 -10.3758
33.0827 16.9640 -9.8132 180.6270 68.2528 -154.4380 0.0000 0.0000 0.0000 -8.7200 -25.9707 -33.6943 1.2165 6.9963 19.7044 0.1819 -7.6332 -8.6696 0.0009 0.1950 0.5358 0.0000 0.0000 0.0000 22.6668 9.1876 -6.2939 -0.8641 -5.9275 16.5741 0.1171 -8.2626 2.9755 -0.6387 5.1131 -14.2314 -5.5730 2.1692 -15.7631 -0.0011 4.2114 -7.1357 3.8059 2.4759 0.8383 -5.3974 -0.8983 -1.3649 2.4806 -1.0179 -5.1564 1.7052 -0.4098 -1.3385 -0.0000 0.0000 0.0000 73.6150 -66.7644 -86.1228 19.5255 -30.0665 -5.2916 -0.0000 -0.0000 12.8697 21.0408 26.8578 9.8590 -7.1250 0.0000 -0.0000 -10.2310 58.1700 -3.3192 -0.0000 0.0000 0.0000 -13.5401 67.2812 -37.8510 -52.3864 53.9138 -28.0915 0.0000 -0.0000 -15.2349 -47.2163 13.4659 -14.1234 7.1250 -0.0000 -0.0000 -13.0725 -10.9427 -10.6412
33.0932 16.9624 -9.8259 180.6760 68.0316 -154.3870 0.0000 0.0000 0.0000 -8.6736 -26.1875 -33.6240 1.2184 7.0015 19.7200 0.1877 -7.6307 -8.7585 0.0002 0.0874 0.2402 0.0000 0.0000 0.0000 22.7019 8.4986 -6.5735 -0.8742 -5.9611 16.6715 0.0937 -7.6413 2.9531 -0.6348 5.0979 -14.1879 -5.3806 2.1396 -15.6262 0.0055 4.1407 -7.2210 3.6823 2.4454 0.6976 -4.9624 -0.2587 0.8659 1.8836 -0.2877 -7.0408 1.4630 -0.0240 -2.3727 0.0000 0.0000 0.0000 73.6027 -66.8552 -85.9535 19.4960 -30.0303 -5.2768 -0.0000 -0.0000 13.0823 22.6803 26.8569 10.6913 -7.1250 0.0000 -0.0000 -8.4455 58.5395 -2.8091 0.0000 0.0000 0.0000 -12.6914 67.2970 -38.9378 -55.6839 55.0456 -30.7757 0.0000 -0.0000 -15.2837 -48.1462 13.9753 -15.0880 7.1250 -0.0000 -0.0000 -13.5319 -9.9642 -11.3150
33.1013 16.9641 -9.8393 181.0000 67.7141 -153.8210 0.0000 0.0000 0.0000 -8.3186 -26.4863 -33.9139 1.2240 7.0170 19.7658 0.1863 -7.5726 -8.7147 0.0002 0.0873 0.2399 0.0000 0.0000 0.0000 22.7727 6.2009 -7.8959 -0.8874 -6.0046 16.7978 0.0277 -5.2309 2.6932 -0.6243 5.0563 -14.0692 -5.0676 2.1632 -15.5063 -0.0322 4.1421 -7.4905 3.4481 2.4651 0.3762 -5.0146 -0.3124 0.8254 2.0536 -0.3503 -6.9691 1.5281 -0.0597 -2.3402 -0.0000 -0.0000 0.0000 74.3036 -67.1106 -86.7714 20.1174 -30.7835 -5.5913 -0.0000 -0.0000 10.4736 20.9421 27.8668 10.1420 -7.1250 0.0000 -0.0000 -10.8814 59.1643 -3.7936 -0.0000 -0.0000 0.0000 -10.9546 67.6968 -40.0531 -58.7872 55.9780 -33.3339 0.0000 -0.0000 -15.4977 -48.8040 17.3451 -18.8086 7.1250 -0.0000 -0.0000 -13.1293 -5.1628 -12.2271
33.1224 16.9612 -9.8432 180.8640 67.5016 -153.9300 0.0000 0.0000 0.0000 -8.2827 -26.7104 -33.8901 1.2315 7.0377 19.8271 0.1900 -7.5529 -8.7646 0.0000 -0.0440 -0.1208 0.0000 0.0000 0.0000 22.8289 7.0158 -7.5013 -0.8850 -5.9969 16.7753 0.0509 -6.2620 2.8507 -0.5574 4.7821 -13.2882 -5.2917 2.0123 -15.7465 0.0389 3.9815 -7.3530 3.6466 2.3772 0.6414 -5.1895 -0.3330 0.3134 2.3605 -0.3332 -6.8159 1.6532 -0.0525 -2.1999 -0.0000 0.0000 0.0000 73.4339 -66.9199 -85.0196 19.7576 -30.3492 -5.4083 -0.0000 -0.0000 12.8846 24.2108 26.2885 11.2628 -7.1250 0.0000 -0.0000 -6.4948 58.3029 -2.1192 -0.0000 0.0000 0.0000 -10.5501 68.7199 -42.4780 -63.0340 57.0657 -36.8768 0.0000 -0.0000 -15.1561 -49.7828 18.9478 -21.0070 7.1250 -0.0000 -0.0000 -13.3067 -2.6225 -13.0454
33.1323 16.9606 -9.8516 180.9800 67.2210 -153.8140 0.0000 0.0000 0.0000 -8.1745 -26.8655 -33.9419 1.2479 7.0827 19.9606 0.1792 -7.6114 -8.6188 0.0000 0.0093 0.0255 0.0000 0.0000 0.0000 23.0313 8.5339 -6.6943 -0.8608 -5.9164 16.5421 0.0932 -7.9868 3.3535 -0.5581 4.7851 -13.2965 -5.1865 1.9018 -15.8679 0.0071 3.8284 -7.3131 3.5413 2.2920 0.7732 -5.8682 -0.2556 0.0121 3.3703 -0.1688 -6.6994 2.1019 0.0235 -2.1246 -0.0000 0.0000 0.0000 74.3584 -67.3976 -87.2376 18.9489 -29.3552 -5.0058 -0.0000 -0.0000 18.8310 27.2733 24.8061 12.2049 -7.1250 0.0000 -0.0000 -2.5196 57.4365 -0.7677 -0.0000 0.0000 0.0000 -9.5059 69.8101 -44.6526 -66.6864 57.8432 -39.9560 0.0000 -0.0000 -15.0530 -50.4473 21.3982 -23.8343 7.1250 -0.0000 -0.0000 -13.0574 0.9136 -13.6204
33.1387 16.9567 -9.8573 181.0750 66.9973 -153.6980 0.0000 0.0000 0.0000 -8.0445 -27.0487 -34.0542 1.2728 7.1503 20.1615 0.1851 -7.7135 -8.7500 0.0004 -0.1209 -0.3322 0.0000 0.0000 0.0000 23.1767 9.1787 -6.2840 -0.8375 -5.8379 16.3147 0.1086 -8.7242 3.7337 -0.6345 5.0965 -14.1840 -5.1574 1.7996 -15.9841 0.1037 3.6927 -7.2630 3.6153 2.2196 0.8958 -5.5250 -0.5595 -0.5685 2.6862 -0.5827 -6.1609 1.8089 -0.1805 -1.8201 -0.0000 0.0000 0.0000 74.0996 -67.7709 -87.5778 18.0688 -28.2451 -4.5817 -0.0000 -0.0000 24.2610 31.6994 22.9449 13.5373 -7.1250 0.0000 -0.0000 2.9317 56.4093 0.8207 -0.0000 0.0000 0.0000 -8.2706 71.3006 -46.6928 -68.1687 58.1202 -41.2129 0.0000 -0.0000 -15.0599 -50.4179 24.6061 -26.7314 7.1250 -0.0000 -0.0000 -12.1778 5.0163 -13.4928
33.1472 16.9573 -9.8617 181.2720 66.9201 -153.5020 0.0000 0.0000 0.0000 -8.0370 -26.8844 -34.1826 1.2981 7.2183 20.3637 0.1888 -7.9264 -8.8916 0.0006 -0.1527 -0.4196 0.0000 0.0000 0.0000 23.2745 8.9051 -6.3240 -0.8279 -5.8049 16.2195 0.0925 -8.3859 3.7938 -0.7102 5.3861 -15.0130 -5.2182 1.9062 -16.1248 0.0861 3.8606 -7.3300 3.6618 2.3119 0.8790 -5.7474 -0.4122 0.7296 3.0298 -0.4232 -7.4064 1.9866 -0.0911 -2.4735 0.0000 -0.0000 0.0000 75.5289 -68.1750 -89.1758 18.0124 -28.1730 -4.5551 -0.0000 -0.0000 24.9359 32.1043 23.5790 14.0885 -7.1250 0.0000 -0.0000 3.2598 57.2096 0.9757 0.0000 -0.0000 0.0000 -6.4518 71.9180 -46.8266 -69.1589 58.2935 -42.0545 0.0000 -0.0000 -14.8103 -50.6816 25.6690 -27.8738 7.1250 -0.0000 -0.0000 -12.0252 6.4787 -13.5927
33.1525 16.9534 -9.8629 181.3800 66.8692 -153.3410 0.0000 0.0000 0.0000 -7.9932 -26.8270 -34.2906 1.3105 7.2514 20.4625 0.1967 -7.9954 -9.0385 0.0020 -0.2890 -0.7941 0.0000 0.0000 0.0000 23.3278 8.6166 -6.4880 -0.8305 -5.8140 16.2456 0.0804 -8.0767 3.7970 -0.7197 5.4210 -15.1134 -5.2616 1.9572 -16.1724 0.1310 3.9457 -7.4235 3.7451 2.3666 0.7895 -6.2774 -0.4870 0.4336 3.4708 -0.5025 -7.0181 2.2238 -0.1330 -2.2915 -0.0000 -0.0000 0.0000 76.5346 -68.6386 -90.9872 18.0299 -28.1954 -4.5633 -0.0000 -0.0000 25.5497 31.1271 23.2468 13.4062 -7.1250 0.0000 -0.0000 2.2247 56.6142 0.6336 -0.0000 -0.0000 0.0000 -6.0511 72.1629 -45.8437 -65.9745 57.7024 -39.3538 0.0000 -0.0000 -12.8698 -52.9168 24.8555 -29.0792 7.1250 -0.0000 -0.0000 -13.4744 6.6435 -15.3509
33.1506 16.9543 -9.8718 181.0720 67.0604 -153.7190 0.0000 0.0000 0.0000 -8.1726 -26.9503 -34.1329 1.3215 7.2806 20.5495 0.2200 -7.7891 -9.3070 0.0001 -0.0553 -0.1519 0.0000 0.0000 0.0000 23.0913 8.3643 -6.4873 -0.8318 -5.8184 16.2584 0.0630 -7.6871 3.8793 -0.7094 5.3831 -15.0045 -5.3984 1.9489 -16.1460 0.1711 3.9481 -7.3879 3.8642 2.3685 0.7996 -6.2431 -0.5332 0.4058 3.2923 -0.5714 -7.0322 2.1589 -0.1629 -2.2864 -0.0000 0.0000 0.0000 77.0635 -68.7725 -91.9594 18.1427 -28.3395 -4.6168 -0.0000 -0.0000 24.3427 30.5764 23.4835 13.2485 -7.1250 0.0000 -0.0000 1.5519 56.7504 0.4470 -0.0000 0.0000 0.0000 -8.5311 72.0525 -46.6813 -59.1176 56.0702 -33.6079 0.0000 -0.0000 -11.9522 -50.3341 23.5555 -25.7317 7.1250 -0.0000 -0.0000 -12.4189 3.6449 -13.4959
33.1539 16.9501 -9.8725 181.5230 67.0729 -153.5630 0.0000 0.0000 0.0000 -8.1200 -26.8668 -33.9023 1.3436 7.3388 20.7230 0.2271 -7.6842 -9.3738 0.0005 -0.1477 -0.4058 0.0000 0.0000 0.0000 23.2737 7.7901 -6.4217 -0.8324 -5.8203 16.2639 0.0484 -7.1301 3.7599 -0.6599 5.1957 -14.4677 -5.2436 2.0814 -16.2296 0.0883 4.1038 -7.3284 3.7218 2.4341 0.9092 -6.1209 -0.5705 0.4960 3.5224 -0.6170 -6.8981 2.2137 -0.1993 -2.2563 0.0000 -0.0000 0.0000 80.0416 -68.6498 -95.5711 19.1970 -29.6628 -5.1280 -0.0000 -0.0000 15.7265 23.4363 22.7729 9.5252 -7.1250 0.0000 -0.0000 -5.9390 54.4686 -1.3854 0.0000 -0.0000 0.0000 -10.6285 71.2336 -46.0914 -50.8919 53.3489 -26.8881 0.0000 -0.0000 -10.2881 -46.6401 20.2740 -20.1500 7.1250 -0.0000 -0.0000 -11.1497 -2.1592 -10.9330
33.1515 16.9493 -9.8772 181.7250 67.2050 -153.3760 0.0000 0.0000 0.0000 -8.1184 -26.7204 -34.0352 1.3727 7.4146 20.9496 0.2347 -7.7304 -9.5022 0.0005 -0.1397 -0.3837 0.0000 0.0000 0.0000 23.2729 7.6673 -6.4619 -0.8316 -5.8176 16.2562 0.0423 -6.9104 3.7350 -0.6956 5.3315 -14.8565 -5.2753 2.0563 -16.1490 0.1379 4.0825 -7.5235 3.7744 2.4456 0.6552 -6.3137 -0.6197 0.6623 3.8908 -0.6873 -6.7133 2.3734 -0.2454 -2.2239 0.0000 -0.0000 0.0000 77.8935 -69.2265 -91.5643 17.8955 -28.0232 -4.5001 -0.0000 -0.0000 23.4097 32.6806 23.2466 14.2086 -7.1250 0.0000 -0.0000 3.9841 56.9733 1.1701 0.0000 -0.0000 0.0000 -12.3753 70.7773 -43.3213 -41.0925 48.7040 -19.2560 0.0000 -0.0000 -7.8274 -45.0368 15.8408 -15.2866 7.1250 -0.0000 -0.0000 -11.1954 -8.4377 -9.6219
33.1462 16.9504 -9.8797 181.9140 67.3339 -153.1590 0.0000 0.0000 0.0000 -8.0731 -26.5879 -34.1788 1.3855 7.4477 21.0487 0.2260 -7.7270 -9.3726 0.0003 -0.1076 -0.2957 0.0000 0.0000 0.0000 23.2709 7.9077 -6.4793 -0.8371 -5.8366 16.3109 0.0468 -7.0067 3.6951 -0.7017 5.3542 -14.9215 -5.0784 2.0590 -16.0386 -0.0050 4.0693 -7.7514 3.4949 2.4530 0.3831 -6.1895 -0.7502 1.0787 4.0655 -0.8639 -7.1029 2.4237 -0.3389 -2.4192 -0.0000 -0.0000 0.0000 78.0426 -69.5423 -91.5494 17.9701 -28.1189 -4.5351 -0.0000 -0.0000 22.4014 31.5676 23.2857 13.6523 -7.1250 0.0000 -0.0000 2.7122 56.7584 0.7820 -0.0000 -0.0000 0.0000 -13.2941 69.8453 -39.1762 -40.0267 48.0857 -18.4591 0.0000 -0.0000 -9.8940 -48.9777 21.8712 -23.1806 7.1250 -0.0000 -0.0000 -12.1011 0.8577 -12.5628
33.1283 16.9571 -9.8898 182.1770 67.4341 -152.9800 0.0000 0.0000 0.0000 -8.1683 -26.3152 -34.1804 1.3827 7.4404 21.0269 0.2211 -7.8938 -9.3614 0.0003 -0.1142 -0.3137 0.0000 0.0000 0.0000 23.1795 5.7540 -7.3468 -0.8366 -5.8348 16.3059 -0.0066 -4.6464 3.4862 -0.6719 5.2417 -14.5993 -4.8053 2.2103 -15.8475 -0.0309 4.2120 -7.7084 3.3253 2.5126 0.3384 -6.1973 -0.7799 0.8553 4.2556 -0.8720 -7.1492 2.4871 -0.3430 -2.3937 -0.0000 0.0000 0.0000 79.1379 -69.6384 -93.0420 17.0888 -26.9747 -4.1275 -0.0000 -0.0000 26.8677 32.5987 22.6030 13.8088 -7.1250 0.0000 -0.0000 4.0081 56.2322 1.1054 -0.0000 0.0000 0.0000 -12.5217 68.3030 -36.0394 -40.9126 48.6014 -19.1210 0.0000 -0.0000 -6.7217 -48.4491 15.1864 -16.4657 7.1250 -0.0000 -0.0000 -13.4330 -8.2105 -11.7121
33.1256 16.9595 -9.8884 182.3460 67.4726 -152.8930 0.0000 0.0000 0.0000 -8.1867 -26.1352 -34.1016 1.3754 7.4216 20.9707 0.2242 -7.9656 -9.4328 0.0021 -0.2930 -0.8051 0.0000 0.0000 0.0000 23.2593 5.8385 -7.1894 -0.8285 -5.8071 16.2258 -0.0064 -4.7785 3.5658 -0.6929 5.3214 -14.8277 -4.8004 2.2402 -15.7758 -0.0198 4.2302 -7.5349 3.3401 2.5050 0.4827 -6.9274 -0.9490 0.3181 4.7231 -1.0238 -7.6029 2.7843 -0.3903 -2.4404 -0.0000 0.0000 0.0000 80.7473 -69.7362 -96.7470 17.5891 -27.6278 -4.3570 -0.0000 -0.0000 27.6119 32.7201 22.7823 13.9710 -7.1250 0.0000 -0.0000 4.1135 56.4614 1.1573 -0.0000 0.0000 0.0000 -13.4923 67.7080 -36.3687 -40.7746 48.5222 -19.0175 0.0000 -0.0000 -4.7002 -49.5820 15.1477 -17.0581 7.1250 -0.0000 -0.0000 -14.1264 -7.8666 -12.4548
33.1357 16.9568 -9.8767 182.4810 67.3070 -152.6720 0.0000 0.0000 0.0000 -7.9760 -26.1005 -34.2279 1.3621 7.3872 20.8678 0.2050 -8.1997 -9.2418 0.0001 -0.0547 -0.1502 0.0000 0.0000 0.0000 23.4674 6.4497 -7.0487 -0.8276 -5.8039 16.2166 0.0091 -5.5624 3.6148 -0.6551 5.1771 -14.4144 -4.9882 2.0444 -15.8471 0.1493 3.9957 -7.4806 3.5954 2.3904 0.5718 -6.3811 -0.9301 0.8324 3.9727 -1.0298 -8.5949 2.4511 -0.3725 -2.8657 -0.0000 0.0000 0.0000 78.3389 -69.1899 -92.8829 18.7258 -29.0766 -4.8969 -0.0000 -0.0000 21.2129 28.7508 21.8415 11.5365 -7.1250 0.0000 -0.0000 -0.0559 54.5483 -0.0131 -0.0000 0.0000 0.0000 -13.2425 68.0244 -37.6346 -42.8833 49.6883 -20.6117 0.0000 -0.0000 -7.5356 -47.1112 20.2269 -20.4155 7.1250 -0.0000 -0.0000 -11.4365 -2.0361 -11.2518
33.1334 16.9567 -9.8742 182.3700 67.2111 -152.7360 0.0000 0.0000 0.0000 -7.9579 -26.1389 -34.1651 1.3333 7.3118 20.6424 0.1983 -8.2821 -9.1778 0.0001 0.0748 0.2056 0.0000 0.0000 0.0000 23.4767 6.4170 -7.1939 -0.8439 -5.8594 16.3771 0.0096 -5.6139 3.6396 -0.6458 5.1410 -14.3112 -5.1242 1.9918 -15.6199 0.1296 3.9381 -7.5945 3.6233 2.3777 0.3283 -6.2989 -0.8113 0.6694 3.9979 -0.8637 -8.3469 2.4344 -0.2970 -2.7609 0.0000 -0.0000 0.0000 79.0908 -69.4324 -93.8906 17.4789 -27.4848 -4.3061 -0.0000 -0.0000 27.4076 33.9616 22.8230 14.6415 -7.1250 0.0000 -0.0000 5.5227 56.7974 1.6002 0.0000 -0.0000 0.0000 -11.0384 68.1055 -37.7699 -46.2442 51.3637 -23.2066 0.0000 -0.0000 -8.1813 -46.0463 23.5368 -22.4991 7.1250 -0.0000 -0.0000 -10.0082 1.6999 -10.4597
33.1342 16.9590 -9.8720 181.3830 67.2578 -153.2690 0.0000 0.0000 0.0000 -8.1751 -26.2559 -34.5084 1.3046 7.2357 20.4155 0.1905 -8.4209 -9.1193 0.0010 0.2077 0.5707 0.0000 0.0000 0.0000 23.0448 6.7551 -7.6334 -0.8622 -5.9209 16.5552 0.0246 -6.0040 3.4804 -0.6558 5.1796 -14.4216 -5.7695 1.8307 -15.9188 0.1371 3.8547 -7.7483 3.9925 2.3702 0.2815 -6.0624 -0.7688 1.6303 3.4007 -0.8827 -9.2184 2.2167 -0.2872 -3.2349 0.0000 0.0000 0.0000 78.3135 -69.4760 -92.0486 18.0998 -28.2848 -4.5964 -0.0000 -0.0000 23.6197 33.4448 23.0733 14.5128 -7.1250 0.0000 -0.0000 4.8897 56.9582 1.4351 0.0000 0.0000 0.0000 -8.1992 68.2074 -36.5083 -51.9167 53.7399 -27.7123 0.0000 -0.0000 -7.8495 -46.3640 20.6314 -20.2814 7.1250 -0.0000 -0.0000 -10.9026 -1.8103 -10.7511
33.1331 16.9584 -9.8710 181.1740 67.1569 -153.3170 0.0000 0.0000 0.0000 -8.1357 -26.3630 -34.5914 1.2783 7.1652 20.2058 0.1908 -8.4681 -9.1441 0.0022 0.3034 0.8336 0.0000 0.0000 0.0000 22.9906 6.9460 -7.8026 -0.8778 -5.9732 16.7066 0.0359 -6.2430 3.3309 -0.6251 5.0595 -14.0783 -5.9264 1.6836 -16.0010 0.0484 3.6961 -7.8014 3.9671 2.2980 0.2809 -6.2127 -0.6338 1.1865 3.9503 -0.6498 -8.7277 2.4106 -0.1911 -2.9989 -0.0000 -0.0000 0.0000 78.4045 -69.4606 -91.8754 18.0171 -28.1791 -4.5573 -0.0000 -0.0000 24.6966 34.4647 22.6683 14.8168 -7.1250 0.0000 -0.0000 6.1232 56.7407 1.7666 -0.0000 -0.0000 0.0000 -5.5113 68.9028 -36.9367 -57.2573 55.5336 -32.0692 0.0000 -0.0000 -7.7928 -45.7670 19.5780 -18.9926 7.1250 -0.0000 -0.0000 -10.7996 -3.3751 -10.3333
33.1265 16.9577 -9.8755 181.3750 67.0214 -153.0910 0.0000 0.0000 0.0000 -7.9438 -26.5581 -34.5273 1.2575 7.1088 20.0381 0.1944 -8.4207 -9.1774 0.0072 0.5484 1.5068 0.0000 0.0000 0.0000 23.0677 6.4068 -8.1165 -0.8866 -6.0022 16.7908 0.0244 -5.6651 3.2003 -0.6195 5.0370 -14.0142 -5.8357 1.6132 -15.9569 0.0724 3.5776 -7.7029 3.9259 2.2256 0.3803 -6.0373 -0.8217 1.2406 3.9510 -0.8834 -9.0579 2.3907 -0.3055 -3.1074 0.0000 0.0000 0.0000 78.3494 -69.1573 -91.4258 18.1100 -28.2978 -4.6013 -0.0000 -0.0000 24.4661 34.1443 23.2134 14.9658 -7.1250 0.0000 -0.0000 5.6752 57.2832 1.7112 0.0000 0.0000 0.0000 -4.1190 69.7183 -38.6974 -62.1505 56.8563 -36.1362 0.0000 -0.0000 -8.6253 -45.2030 21.4240 -20.1968 7.1250 -0.0000 -0.0000 -10.0352 -1.2547 -9.9682
33.1305 16.9548 -9.8750 180.9140 66.9878 -153.3340 0.0000 0.0000 0.0000 -7.9478 -26.6998 -34.7238 1.2538 7.0988 20.0084 0.1926 -8.5567 -9.2086 0.0156 0.8077 2.2199 0.0000 0.0000 0.0000 22.9100 6.7511 -8.2046 -0.8894 -6.0112 16.8169 0.0465 -6.1525 2.8943 -0.5547 4.7708 -13.2561 -6.1620 1.4559 -16.1347 0.1291 3.4293 -7.6673 4.1588 2.1568 0.5015 -6.1563 -1.0231 1.5186 3.7481 -1.1590 -9.8798 2.3696 -0.4131 -3.4279 0.0000 0.0000 0.0000 77.7958 -68.9936 -90.7048 17.9557 -28.1004 -4.5284 -0.0000 -0.0000 25.3901 35.4952 23.4680 15.8550 -7.1250 0.0000 -0.0000 7.2266 57.9023 2.2899 0.0000 0.0000 0.0000 -3.7315 70.3693 -40.5788 -66.3073 57.7689 -39.6352 0.0000 -0.0000 -8.7248 -46.4196 21.3061 -20.8977 7.1250 -0.0000 -0.0000 -10.7724 -0.9338 -10.7888
33.1088 16.9533 -9.8791 181.2280 66.7085 -152.9530 0.0000 0.0000 0.0000 -7.6783 -26.9029 -34.9330 1.2545 7.1007 20.0141 0.1959 -8.6593 -9.2989 0.0185 0.8789 2.4158 0.0000 0.0000 0.0000 23.0725 6.2818 -8.5420 -0.8901 -6.0138 16.8244 0.0435 -5.8275 2.6753 -0.5301 4.6657 -12.9575 -6.1019 1.5198 -16.2099 0.3337 3.4949 -7.4870 4.3623 2.1734 0.7151 -6.7527 -0.8729 1.0905 3.9543 -0.9448 -9.5298 2.5314 -0.2948 -3.2411 -0.0000 0.0000 0.0000 79.3881 -68.6841 -93.1534 18.3491 -28.6019 -4.7152 -0.0000 -0.0000 22.7826 33.9269 23.5301 15.0319 -7.1250 0.0000 -0.0000 5.3722 57.5889 1.6591 -0.0000 0.0000 0.0000 -4.1411 70.7508 -43.2915 -69.8853 58.4146 -42.6729 0.0000 -0.0000 -8.1003 -47.1661 22.4546 -22.3907 7.1250 -0.0000 -0.0000 -10.9193 0.8176 -11.2797
33.0983 16.9459 -9.8756 181.0330 66.6824 -152.9250 0.0000 0.0000 0.0000 -7.6421 -26.8566 -35.3065 1.2681 7.1376 20.1237 0.1852 -8.8548 -9.2307 0.0110 0.6763 1.8586 0.0000 0.0000 0.0000 23.0104 6.9661 -8.4764 -0.8824 -5.9883 16.7506 0.0626 -6.5379 2.7343 -0.5585 4.7869 -13.3016 -6.2334 1.5925 -16.0891 0.1954 3.6164 -7.6467 4.2945 2.2548 0.4679 -7.3261 -0.9909 0.7599 4.6167 -1.0519 -9.2964 2.8599 -0.3504 -3.0958 -0.0000 0.0000 0.0000 81.1309 -69.0011 -95.7075 18.2614 -28.4906 -4.6733 -0.0000 -0.0000 24.0280 34.0009 23.2062 14.8847 -7.1250 0.0000 -0.0000 5.5098 57.2405 1.6554 -0.0000 0.0000 0.0000 -2.5678 71.5489 -44.8300 -72.3061 58.7834 -44.7392 0.0000 -0.0000 -7.3251 -46.7680 25.4570 -24.5706 7.1250 -0.0000 -0.0000 -9.9222 4.3584 -10.8057
33.0936 16.9381 -9.8685 181.3030 66.6002 -152.6220 0.0000 0.0000 0.0000 -7.4822 -26.7137 -35.5104 1.2812 7.1729 20.2286 0.1823 -9.1096 -9.3027 0.0148 0.7854 2.1586 0.0000 0.0000 0.0000 23.2529 9.2375 -7.5737 -0.8765 -5.9687 16.6937 0.1453 -8.9648 3.0269 -0.5749 4.8554 -13.4965 -6.2296 1.6879 -15.9650 0.1578 3.7312 -7.6342 4.2623 2.3118 0.4055 -6.3849 -1.3210 1.4330 3.8569 -1.5272 -10.3601 2.4670 -0.5740 -3.5577 0.0000 0.0000 0.0000 81.8788 -68.9679 -96.5641 18.4296 -28.7037 -4.7538 -0.0000 -0.0000 23.9696 34.0100 22.8363 14.6748 -7.1250 0.0000 -0.0000 5.5764 56.8239 1.6194 0.0000 0.0000 0.0000 -3.3658 72.2156 -49.0048 -74.8453 59.1142 -46.9147 0.0000 -0.0000 -8.6003 -40.9274 28.2061 -22.2844 7.1250 -0.0000 -0.0000 -5.9518 5.2196 -6.5024
33.0842 16.9344 -9.8669 181.3730 66.5442 -152.3940 0.0000 0.0000 0.0000 -7.3054 -26.7645 -35.7903 1.2882 7.1917 20.2846 0.1798 -9.1707 -9.2951 0.0165 0.8298 2.2805 0.0000 0.0000 0.0000 23.2819 9.4082 -7.7535 -0.8828 -5.9895 16.7539 0.1452 -9.0096 3.0865 -0.6589 5.1916 -14.4559 -6.1993 1.7413 -15.9116 0.1023 3.7989 -7.6879 4.1909 2.3506 0.3188 -5.9125 -1.3983 1.8976 3.5729 -1.6338 -11.1209 2.3093 -0.6187 -3.9096 -0.0000 -0.0000 0.0000 81.9039 -68.8557 -95.8198 18.5949 -28.9122 -4.8334 -0.0000 -0.0000 23.0635 34.0800 22.9910 14.8020 -7.1250 0.0000 -0.0000 5.6340 57.0157 1.6623 -0.0000 -0.0000 0.0000 -3.8718 72.8433 -50.6952 -73.5070 58.9468 -45.7672 0.0000 -0.0000 -7.4907 -41.4289 29.8290 -23.7002 7.1250 -0.0000 -0.0000 -5.8175 7.2546 -6.5374
33.0700 16.9321 -9.8644 181.4980 66.4628 -152.1530 0.0000 0.0000 0.0000 -7.1856 -26.7479 -36.0585 1.2901 7.1970 20.3003 0.1731 -9.3316 -9.2751 0.0164 0.8278 2.2752 0.0000 0.0000 0.0000 23.2768 7.7854 -8.6765 -0.8926 -6.0220 16.8483 0.0972 -7.3651 2.5103 -0.5503 4.7523 -13.2035 -6.0810 1.7410 -15.6574 0.0734 3.7788 -7.9280 4.0653 2.3647 -0.0572 -5.6512 -1.4164 2.2814 3.2403 -1.6993 -11.3131 2.1605 -0.6483 -4.0505 -0.0000 -0.0000 0.0000 81.8649 -69.2496 -95.3053 18.7352 -29.0883 -4.9014 -0.0000 -0.0000 23.3753 36.0726 25.2942 17.2890 -7.1250 0.0000 -0.0000 7.6897 60.1294 2.8484 -0.0000 -0.0000 0.0000 -3.8566 73.3018 -50.7857 -69.3035 58.3180 -42.1775 0.0000 -0.0000 -5.7589 -40.5602 29.1107 -22.6066 7.1250 -0.0000 -0.0000 -5.5218 6.1096 -6.1052
33.0731 16.9273 -9.8497 181.6050 66.5726 -152.0040 0.0000 0.0000 0.0000 -7.0825 -26.5860 -36.2546 1.3038 7.2335 20.4089 0.1784 -9.4611 -9.4105 0.0327 1.1666 3.2072 0.0000 0.0000 0.0000 23.3591 9.5370 -8.0542 -0.8946 -6.0284 16.8670 0.1876 -9.3228 2.2695 -0.5116 4.5846 -12.7276 -6.3389 1.9041 -15.7623 0.0694 4.0403 -7.9156 4.2483 2.5039 -0.0391 -5.8256 -1.6103 2.4442 3.4160 -1.9578 -11.4827 2.2692 -0.7730 -4.1287 0.0000 0.0000 0.0000 83.2119 -69.2895 -96.5651 18.8304 -29.2074 -4.9478 -0.0000 -0.0000 22.8390 35.6033 25.4204 17.0851 -7.1250 0.0000 -0.0000 7.0849 60.1487 2.6262 0.0000 0.0000 0.0000 -5.1406 72.8207 -50.9529 -62.2128 56.8713 -36.1883 0.0000 -0.0000 -3.3832 -37.1305 27.7960 -19.4466 7.1250 -0.0000 -0.0000 -3.9031 3.4236 -4.1386
33.0671 16.9215 -9.8433 181.9530 66.6839 -151.6700 0.0000 0.0000 0.0000 -6.9482 -26.3696 -36.3926 1.3223 7.2828 20.5559 0.1775 -9.5959 -9.4629 0.0385 1.2662 3.4816 0.0000 0.0000 0.0000 23.4764 9.6182 -8.0022 -0.8877 -6.0057 16.8010 0.1932 -9.3763 2.1754 -0.5102 4.5787 -12.7108 -6.3168 1.9290 -15.7674 0.0716 4.0697 -7.9196 4.2424 2.5180 -0.0426 -5.3853 -1.7296 2.4069 3.1282 -2.1123 -11.5995 2.0968 -0.8514 -4.1570 -0.0000 -0.0000 0.0000 82.3602 -69.2436 -95.1361 18.9485 -29.3546 -5.0056 -0.0000 -0.0000 22.6114 36.5458 25.9766 17.9859 -7.1250 0.0000 -0.0000 8.1917 61.0304 3.2114 -0.0000 -0.0000 0.0000 -6.8059 72.4422 -50.5323 -54.9370 54.8025 -30.1645 0.0000 -0.0000 -1.5175 -31.0654 25.6545 -14.6178 7.1250 -0.0000 -0.0000 -0.7886 -0.7025 -0.7790
33.0591 16.9244 -9.8429 182.0410 66.8465 -151.5860 0.0000 0.0000 0.0000 -7.0442 -26.1095 -36.5752 1.3548 7.3680 20.8103 0.1758 -9.7542 -9.5147 0.0403 1.2951 3.5612 0.0000 0.0000 0.0000 23.4410 10.0265 -7.7973 -0.8751 -5.9641 16.6802 0.2103 -9.6853 2.1233 -0.4591 4.3466 -12.0540 -6.2638 2.0521 -15.1583 -0.0752 4.2092 -8.3925 4.0134 2.6402 -0.8678 -5.5141 -1.6860 3.0006 3.5897 -2.0409 -11.9573 2.2974 -0.8302 -4.4061 -0.0000 0.0000 0.0000 82.5523 -69.8864 -94.9614 18.9331 -29.3355 -4.9980 -0.0000 -0.0000 22.6047 35.9565 25.5712 17.3853 -7.1250 0.0000 -0.0000 7.5033 60.4127 2.8295 -0.0000 0.0000 0.0000 -7.0078 71.6778 -47.2290 -46.3791 51.4265 -23.3120 0.0000 0.0000 2.0851 -27.7846 21.3627 -10.8648 7.1250 -0.0000 -0.0000 0.5740 -6.1296 0.5094
33.0319 16.9235 -9.8445 182.8010 66.7740 -151.0140 0.0000 0.0000 0.0000 -6.8765 -25.8917 -36.6317 1.3877 7.4533 21.0655 0.1837 -9.9049 -9.6952 0.0394 1.2810 3.5224 0.0000 0.0000 0.0000 23.7042 8.4264 -8.2678 -0.8632 -5.9244 16.5654 0.1299 -7.9058 2.0941 -0.5458 4.7329 -13.1483 -5.8611 2.1460 -15.2695 0.0894 4.2563 -8.0182 3.9933 2.6113 -0.3956 -6.6592 -1.9151 2.3835 4.7108 -2.2250 -12.4972 2.6183 -0.9222 -3.9816 -0.0000 -0.0000 0.0000 81.7374 -69.2812 -93.5250 18.5996 -28.9181 -4.8357 -0.0000 -0.0000 22.6425 37.3243 25.1080 17.9282 -7.1250 0.0000 -0.0000 9.2898 60.2504 3.4735 -0.0000 -0.0000 0.0000 -10.9299 70.9759 -46.6156 -40.4516 48.3352 -18.7759 0.0000 0.0000 3.5511 -25.1336 22.8592 -10.3288 7.1250 -0.0000 -0.0000 2.4159 -5.0290 2.1969
33.0389 16.9261 -9.8267 183.3170 66.7153 -150.5870 0.0000 0.0000 0.0000 -6.6479 -25.5941 -36.8096 1.4181 7.5312 21.2989 0.1693 -10.2534 -9.6734 0.0477 1.4093 3.8758 0.0000 0.0000 0.0000 23.9998 7.6580 -8.5172 -0.8534 -5.8915 16.4699 0.1014 -7.0854 1.9867 -0.4301 4.2087 -11.6645 -6.1006 1.9974 -16.0333 0.3581 4.1065 -7.4273 4.4687 2.4790 0.6109 -6.9146 -1.9031 2.0870 4.7733 -2.1560 -13.0231 2.6800 -0.8565 -4.0914 -0.0000 -0.0000 0.0000 80.4694 -68.8987 -90.2673 18.1798 -28.3868 -4.6344 -0.0000 -0.0000 26.1054 47.8459 34.5561 32.0695 -7.1250 0.0000 -0.0000 28.5720 74.0954 20.0458 -0.0000 -0.0000 0.0000 -14.1244 69.7811 -45.6915 -42.5699 49.5209 -20.3730 0.0000 0.0000 4.2366 -28.2645 29.3164 -14.7484 7.1250 -0.0000 -0.0000 1.4888 2.5306 1.5536
33.0192 16.9251 -9.8286 183.6950 66.4874 -150.3520 0.0000 0.0000 0.0000 -6.5901 -25.3911 -36.8229 1.4196 7.5349 21.3102 0.1458 -10.6045 -9.5434 0.0434 1.3441 3.6961 0.0000 0.0000 0.0000 24.2008 6.9752 -8.7563 -0.8589 -5.9101 16.5238 0.0834 -6.4879 1.8846 -0.3978 4.0495 -11.2159 -5.8450 2.0404 -15.0872 0.4970 4.0909 -7.9760 4.3813 2.5353 -0.4609 -7.4865 -1.9775 2.7797 5.1586 -2.3257 -12.9569 2.9078 -0.9518 -4.1642 -0.0000 -0.0000 0.0000 78.1339 -69.6125 -86.4409 19.0472 -29.4773 -5.0541 -0.0000 -0.0000 24.3824 45.7467 34.1666 29.9605 -7.1250 0.0000 -0.0000 23.4297 73.0376 15.8070 -0.0000 -0.0000 0.0000 -12.7065 68.7369 -40.8845 -42.5533 49.5120 -20.3604 0.0000 0.0000 6.1533 -32.1213 32.9421 -18.8500 7.1250 -0.0000 -0.0000 0.0436 7.4394 0.0489
33.0284 16.9200 -9.8157 183.1140 66.4584 -150.7850 0.0000 0.0000 0.0000 -6.7605 -25.3449 -36.9353 1.4078 7.5049 21.2200 0.1319 -10.7422 -9.4311 0.0381 1.2605 3.4659 0.0000 0.0000 0.0000 24.0432 8.8575 -8.2235 -0.8798 -5.9797 16.7254 0.1502 -8.3648 2.0567 -0.4639 4.3690 -12.1173 -6.1977 1.8615 -15.5315 0.4212 3.9276 -7.8169 4.5141 2.4415 -0.0592 -7.2459 -1.9294 3.2172 5.1029 -2.2466 -13.6976 2.8646 -0.9080 -4.4714 -0.0000 0.0000 0.0000 77.9223 -69.5386 -86.7917 19.1790 -29.6405 -5.1191 -0.0000 -0.0000 24.5187 44.3935 31.9828 27.4099 -7.1250 0.0000 -0.0000 20.1277 70.1882 12.2804 -0.0000 0.0000 0.0000 -12.9874 68.0218 -38.5705 -42.8970 49.6956 -20.6222 0.0000 0.0000 6.9654 -33.0807 30.2143 -18.1499 7.1250 -0.0000 -0.0000 -1.0812 4.8143 -1.1683
33.0205 16.9230 -9.8134 183.0630 66.2253 -150.8660 0.0000 0.0000 0.0000 -6.7451 -25.4144 -36.8543 1.3860 7.4490 21.0527 0.1122 -10.8913 -9.2503 0.0427 1.3343 3.6690 0.0000 0.0000 0.0000 24.0513 6.7455 -9.2134 -0.9033 -6.0569 16.9496 0.0785 -6.1017 1.5543 -0.4153 4.1365 -11.4610 -6.1653 1.7064 -15.4404 0.4694 3.7088 -7.8132 4.5120 2.3312 -0.0776 -6.7374 -1.8737 4.4554 4.6538 -2.2205 -15.1001 2.6773 -0.8774 -5.1265 -0.0000 0.0000 0.0000 78.3883 -69.6000 -88.0023 18.7646 -29.1251 -4.9157 -0.0000 -0.0000 24.6469 45.6671 31.7057 28.2776 -7.1250 0.0000 -0.0000 22.5403 70.2770 13.8438 -0.0000 0.0000 0.0000 -12.4871 67.4526 -36.2643 -44.1350 50.3376 -21.5708 0.0000 0.0000 8.0378 -34.9174 27.5567 -17.8974 7.1250 -0.0000 -0.0000 -2.6851 2.4606 -2.8010
33.0080 16.9216 -9.8158 182.8930 65.9131 -151.0590 0.0000 0.0000 0.0000 -6.7353 -25.6260 -36.7449 1.3651 7.3949 20.8907 0.0963 -11.0223 -9.1103 0.0451 1.3706 3.7692 0.0000 0.0000 0.0000 24.0661 7.4459 -8.9455 -0.9146 -6.0937 17.0567 0.0972 -6.7905 1.7384 -0.4821 4.4525 -12.3534 -6.0453 1.6034 -15.3375 0.4576 3.5365 -7.6741 4.4086 2.2253 0.0468 -7.0005 -1.8464 4.2752 5.0238 -2.1095 -15.5017 2.8346 -0.8144 -5.2166 0.0000 -0.0000 0.0000 80.9841 -69.9322 -94.2322 17.8171 -27.9224 -4.4633 -0.0000 -0.0000 31.2174 45.3780 31.4415 27.8590 -7.1250 0.0000 -0.0000 21.9051 69.8893 13.2541 0.0000 -0.0000 0.0000 -12.3874 67.2124 -35.7597 -45.0957 50.8153 -22.3129 0.0000 0.0000 10.4174 -37.9215 26.2331 -19.0023 7.1250 -0.0000 -0.0000 -4.7020 1.9166 -4.8729
32.9950 16.9267 -9.8150 182.5080 65.4936 -151.2690 0.0000 0.0000 0.0000 -6.7063 -25.9412 -36.9458 1.3576 7.3755 20.8327 0.0646 -11.1990 -8.7834 0.0512 1.4601 4.0157 0.0000 0.0000 0.0000 24.0140 7.4907 -9.0830 -0.9093 -6.0764 17.0064 0.0965 -6.8804 1.8953 -0.5106 4.5802 -12.7150 -6.0321 1.4279 -15.3422 0.4559 3.3027 -7.6487 4.3689 2.1044 0.1054 -7.9077 -1.6632 4.3814 5.9887 -1.7760 -16.0383 3.2827 -0.6465 -5.3972 -0.0000 0.0000 0.0000 80.2839 -69.5828 -92.6976 17.9294 -28.0666 -4.5160 -0.0000 -0.0000 29.6698 44.9747 31.2493 27.3979 -7.1250 0.0000 -0.0000 21.0900 69.5459 12.5854 -0.0000 0.0000 0.0000 -12.2685 66.9176 -36.0237 -46.3665 51.4206 -23.3022 0.0000 0.0000 12.3443 -40.2116 26.2435 -20.4973 7.1250 -0.0000 -0.0000 -6.0174 2.7045 -6.3290
32.9880 16.9267 -9.8095 182.7460 64.9948 -151.2260 0.0000 0.0000 0.0000 -6.6358 -25.9457 -36.8282 1.3614 7.3854 20.8623 0.0228 -11.5780 -8.4453 0.0475 1.4072 3.8700 0.0000 0.0000 0.0000 24.3084 7.3420 -8.8786 -0.9040 -6.0592 16.9564 0.1057 -7.0505 1.7652 -0.4345 4.2301 -11.7248 -5.9219 1.3934 -15.1788 0.5140 3.2176 -7.5113 4.3529 2.0464 0.1786 -6.6198 -1.9048 5.8802 4.9264 -2.1334 -18.1513 2.8077 -0.7859 -6.3264 0.0000 -0.0000 0.0000 81.5767 -69.2833 -94.2158 17.9558 -28.1006 -4.5284 -0.0000 -0.0000 28.3517 43.1429 29.8215 24.9885 -7.1250 0.0000 -0.0000 17.6152 67.3523 9.5941 0.0000 -0.0000 0.0000 -12.0520 66.5716 -36.5041 -48.1374 52.2161 -24.6943 0.0000 0.0000 12.8583 -42.3915 25.4407 -21.4122 7.1250 -0.0000 -0.0000 -7.4538 2.5598 -7.8448
32.9807 16.9248 -9.8081 182.5790 64.7167 -151.3580 0.0000 0.0000 0.0000 -6.6073 -26.1233 -36.8986 1.3609 7.3841 20.8584 0.0102 -11.7262 -8.3693 0.0563 1.5308 4.2105 0.0000 0.0000 0.0000 24.3157 7.1567 -8.9847 -0.9038 -6.0585 16.9544 0.1047 -6.9625 1.6782 -0.4418 4.2649 -11.8230 -5.9572 1.3694 -15.0660 0.4978 3.1881 -7.5738 4.3433 2.0405 0.0549 -6.8139 -1.9007 7.1236 5.0969 -2.1300 -19.7325 2.9429 -0.7538 -7.0468 -0.0000 -0.0000 0.0000 82.3076 -69.2704 -94.7105 18.0275 -28.1924 -4.5622 -0.0000 -0.0000 27.4553 42.0096 29.0165 23.6004 -7.1250 0.0000 -0.0000 15.7208 66.0834 8.0849 -0.0000 -0.0000 0.0000 -11.2223 66.4879 -37.1536 -49.7653 52.9004 -25.9868 0.0000 0.0000 13.7648 -43.7990 25.1807 -22.1955 7.1250 -0.0000 -0.0000 -8.3194 2.7910 -8.8062
32.9923 16.9148 -9.7914 181.9450 64.5000 -151.5320 0.0000 0.0000 0.0000 -6.5653 -26.2670 -37.4488 1.3490 7.3531 20.7656 -0.0121 -11.9101 -8.1843 0.0504 1.4494 3.9864 0.0000 0.0000 0.0000 24.1724 8.4643 -8.9801 -0.9133 -6.0893 17.0436 0.1565 -8.3768 1.8533 -0.4462 4.2858 -11.8822 -6.6085 1.1079 -15.6146 0.5941 2.9812 -7.5692 4.8126 1.9541 0.3276 -6.9028 -1.8415 7.7012 5.1458 -2.0197 -20.8793 2.9966 -0.6656 -7.5290 0.0000 -0.0000 0.0000 82.1837 -69.0085 -94.2680 18.0474 -28.2179 -4.5716 -0.0000 -0.0000 26.8719 41.4144 29.0295 23.1724 -7.1250 0.0000 -0.0000 14.7882 65.9160 7.5389 0.0000 -0.0000 0.0000 -11.3798 66.7477 -39.3197 -51.7381 53.6729 -27.5684 0.0000 0.0000 13.4227 -43.7678 27.1820 -23.6333 7.1250 -0.0000 -0.0000 -7.7975 5.1458 -8.5419
32.9827 16.9090 -9.7884 182.0710 64.0377 -151.3400 0.0000 0.0000 0.0000 -6.3282 -26.4183 -37.6828 1.3511 7.3583 20.7813 -0.0413 -12.1911 -7.9748 0.0473 1.4042 3.8617 0.0000 0.0000 0.0000 24.3953 8.2344 -9.2212 -0.9195 -6.1095 17.1025 0.1535 -8.2675 1.7877 -0.4749 4.4196 -12.2601 -6.6715 1.0729 -15.6730 0.7230 2.9443 -7.5020 4.9851 1.9333 0.4230 -6.4943 -2.0328 8.7901 4.7299 -2.2899 -22.5130 2.8627 -0.7428 -8.2658 -0.0000 0.0000 0.0000 83.3625 -68.7903 -95.7912 18.0368 -28.2043 -4.5666 -0.0000 -0.0000 25.7245 40.3640 27.9389 21.7145 -7.1250 0.0000 -0.0000 13.2239 64.3539 6.2504 -0.0000 0.0000 0.0000 -12.1582 66.0882 -41.1835 -53.7019 54.3836 -29.1578 0.0000 0.0000 14.6719 -45.4502 25.9929 -23.9987 7.1250 -0.0000 -0.0000 -9.0453 4.4357 -9.8372
32.9596 16.9134 -9.7886 182.1530 63.7013 -151.1810 0.0000 0.0000 0.0000 -6.1811 -26.6285 -37.9287 1.3647 7.3939 20.8876 -0.0534 -12.2961 -7.8820 0.0412 1.3096 3.6010 0.0000 0.0000 0.0000 24.4660 6.9063 -9.8813 -0.9142 -6.0922 17.0523 0.1005 -6.8493 1.6851 -0.5108 4.5810 -12.7172 -6.4160 1.0864 -15.2366 0.6609 2.9029 -7.6746 4.7408 1.9275 0.0341 -7.3505 -2.2198 9.2177 5.9360 -2.3986 -23.4343 3.4551 -0.8097 -8.6106 0.0000 0.0000 0.0000 83.6570 -68.9632 -96.4264 17.7287 -27.8084 -4.4220 -0.0000 -0.0000 27.5381 40.7946 27.2090 21.5343 -7.1250 0.0000 -0.0000 13.8617 63.6439 6.3278 0.0000 0.0000 0.0000 -11.7779 65.9415 -42.4775 -56.8745 55.4179 -31.7538 0.0000 0.0000 14.8103 -44.7158 24.6201 -22.4155 7.1250 -0.0000 -0.0000 -8.9798 2.4813 -9.4753
32.9647 16.9078 -9.7768 182.0850 63.4965 -151.1290 0.0000 0.0000 0.0000 -5.9637 -26.7947 -38.2108 1.3860 7.4490 21.0525 -0.0614 -12.3788 -7.8304 0.0502 1.4462 3.9774 0.0000 0.0000 0.0000 24.5540 7.5055 -9.7518 -0.9097 -6.0777 17.0100 0.1338 -7.6139 1.4937 -0.4521 4.3135 -11.9603 -6.6566 1.0530 -15.2471 0.6985 2.8965 -7.7135 4.9147 1.9382 -0.0182 -8.1346 -2.1381 9.3918 6.6877 -2.2127 -24.0355 3.8488 -0.7038 -8.8355 -0.0000 0.0000 0.0000 84.6602 -69.0995 -98.4535 17.3319 -27.2932 -4.2384 -0.0000 -0.0000 29.4896 41.1193 25.6500 20.7004 -7.1250 0.0000 -0.0000 14.2926 61.9326 5.9534 -0.0000 0.0000 0.0000 -11.8686 66.0608 -44.5694 -59.8948 56.2818 -34.2536 0.0000 0.0000 14.0478 -44.1260 28.4155 -24.7762 7.1250 -0.0000 -0.0000 -7.6727 6.7322 -8.5926
32.9495 16.9047 -9.7785 182.1700 63.1438 -150.9710 0.0000 0.0000 0.0000 -5.7406 -27.0690 -38.5393 1.4199 7.5358 21.3127 -0.0794 -12.5281 -7.6885 0.0722 1.7339 4.7709 0.0000 0.0000 0.0000 24.7109 6.5366 -10.1452 -0.8937 -6.0253 16.8579 0.1007 -6.6586 1.3777 -0.5224 4.6322 -12.8624 -6.5652 1.1278 -15.0802 0.7779 2.9707 -7.7293 4.9480 1.9796 -0.1323 -7.4995 -2.5472 10.8631 5.9950 -2.8126 -26.1782 3.6539 -0.8994 -9.8447 0.0000 -0.0000 0.0000 85.3582 -68.7917 -98.9324 17.9648 -28.1121 -4.5327 -0.0000 -0.0000 25.7009 38.9533 24.8943 18.7938 -7.1250 0.0000 -0.0000 11.3958 60.4457 4.3251 0.0000 -0.0000 0.0000 -12.2099 65.7823 -46.2144 -62.3723 56.9096 -36.3219 0.0000 0.0000 14.1409 -43.7329 28.0213 -24.2023 7.1250 -0.0000 -0.0000 -7.5601 6.1108 -8.3918
32.9453 16.9022 -9.7786 181.8700 62.9471 -151.0800 0.0000 0.0000 0.0000 -5.7319 -27.2959 -39.0146 1.4596 7.6358 21.6131 -0.0839 -12.7175 -7.7754 0.0449 1.3672 3.7597 0.0000 0.0000 0.0000 24.6555 6.5346 -10.2079 -0.8710 -5.9504 16.6407 0.1139 -6.9089 1.1754 -0.4811 4.4478 -12.3399 -6.2536 1.4899 -15.1123 0.2577 3.4220 -7.7135 4.2852 2.1842 -0.1000 -7.0693 -2.9766 11.0192 6.1548 -3.1935 -27.1692 3.7100 -1.0811 -10.2042 -0.0000 0.0000 0.0000 87.1719 -68.5344 -99.3699 18.8532 -29.2359 -4.9590 -0.0000 -0.0000 22.2995 37.3808 24.8799 17.8195 -7.1250 0.0000 -0.0000 9.3832 60.0040 3.4536 -0.0000 0.0000 0.0000 -11.9139 64.9626 -47.6073 -63.8700 57.2560 -37.5792 0.0000 0.0000 16.2068 -44.3858 25.1044 -22.5516 7.1250 -0.0000 -0.0000 -8.6718 2.9321 -9.2080
32.9376 16.8923 -9.7772 181.9730 62.7388 -150.8510 0.0000 0.0000 0.0000 -5.5168 -27.4371 -39.4086 1.5028 7.7430 21.9361 -0.0734 -12.7855 -7.9789 0.0326 1.1655 3.2044 0.0000 0.0000 0.0000 24.8003 6.4794 -10.2739 -0.8517 -5.8859 16.4537 0.1272 -7.1066 0.8855 -0.4390 4.2516 -11.7856 -6.0603 1.6107 -14.8525 0.0688 3.5510 -7.8790 3.9732 2.2592 -0.4012 -5.8138 -3.3208 11.4353 5.3175 -3.5653 -28.2298 3.2788 -1.2329 -10.7017 -0.0000 -0.0000 0.0000 86.5211 -68.4401 -96.8725 19.2286 -29.7017 -5.1436 -0.0000 -0.0000 20.6359 37.5556 25.5213 18.3283 -7.1250 0.0000 -0.0000 9.5449 60.7859 3.6917 -0.0000 -0.0000 0.0000 -12.3698 65.2520 -50.3128 -63.6567 57.2081 -37.3998 0.0000 0.0000 15.7314 -42.7547 27.9179 -23.4066 7.1250 -0.0000 -0.0000 -7.0440 5.5947 -7.7535
32.9317 16.8799 -9.7775 182.3030 62.5451 -150.5380 0.0000 0.0000 0.0000 -5.2801 -27.4803 -39.6848 1.5494 7.8566 22.2794 -0.0686 -12.8963 -8.1320 0.0176 0.8575 2.3568 0.0000 0.0000 0.0000 25.0442 6.7857 -10.0707 -0.8353 -5.8304 16.2931 0.1438 -7.5251 0.8863 -0.4882 4.4801 -12.4314 -5.9312 1.5300 -14.7252 0.2901 3.4193 -7.9483 4.1067 2.2025 -0.5339 -6.7882 -2.9827 11.0416 6.0738 -3.0298 -28.2775 3.6488 -0.9586 -10.6371 -0.0000 0.0000 0.0000 85.3855 -68.4803 -95.7585 19.2242 -29.6964 -5.1415 -0.0000 -0.0000 19.9452 38.2119 25.2316 18.5513 -7.1250 0.0000 -0.0000 10.4166 60.6322 3.9948 -0.0000 0.0000 0.0000 -14.1209 66.0876 -52.8964 -63.0013 57.0581 -36.8494 0.0000 0.0000 14.1083 -39.5656 28.6655 -21.6211 7.1250 -0.0000 -0.0000 -5.0772 5.2397 -5.5406
32.9359 16.8675 -9.7684 182.2400 62.6259 -150.3630 0.0000 0.0000 0.0000 -5.1673 -27.3974 -40.2400 1.5912 7.9570 22.5835 -0.0802 -13.0236 -8.0728 0.0160 0.8176 2.2470 0.0000 0.0000 0.0000 25.0254 7.7596 -9.8578 -0.8229 -5.7879 16.1701 0.1929 -8.5902 0.7870 -0.4834 4.4586 -12.3705 -6.4569 1.4193 -14.9044 0.5212 3.3621 -8.0329 4.6449 2.2074 -0.5752 -7.8133 -2.7926 10.6155 6.8597 -2.6911 -28.3801 4.0644 -0.7660 -10.5772 0.0000 0.0000 0.0000 84.7214 -68.5492 -95.5643 19.2463 -29.7235 -5.1524 -0.0000 -0.0000 20.0423 38.0247 25.2356 18.4379 -7.1250 0.0000 -0.0000 10.1747 60.5859 3.8897 0.0000 0.0000 0.0000 -15.9843 66.6562 -54.8442 -59.8064 56.2581 -34.1801 0.0000 0.0000 12.9473 -36.2155 27.1671 -18.4880 7.1250 -0.0000 -0.0000 -3.5154 2.4262 -3.6679
32.9333 16.8568 -9.7658 182.3470 62.7903 -150.0630 0.0000 0.0000 0.0000 -5.0819 -27.2065 -40.7228 1.6396 8.0713 22.9307 -0.0826 -13.1434 -8.1347 0.0192 0.8942 2.4578 0.0000 0.0000 0.0000 25.0029 8.5690 -9.7303 -0.8196 -5.7764 16.1371 0.2445 -9.4895 0.4972 -0.4094 4.1075 -11.3793 -6.5648 1.4546 -15.1624 0.5567 3.4532 -8.1028 4.7664 2.2650 -0.5355 -6.7647 -3.2166 11.4303 5.9913 -3.2889 -29.5585 3.6957 -1.0034 -11.1811 0.0000 -0.0000 0.0000 84.2623 -68.6442 -95.2492 19.1268 -29.5759 -5.0933 -0.0000 -0.0000 21.3197 38.6241 25.5064 18.9858 -7.1250 0.0000 -0.0000 10.9355 61.0618 4.3082 0.0000 -0.0000 0.0000 -18.5338 66.9495 -56.8619 -55.0136 54.8278 -30.2271 0.0000 0.0000 11.5667 -31.3510 25.0951 -14.4876 7.1250 -0.0000 -0.0000 -1.0553 -1.2438 -1.0324
32.9263 16.8465 -9.7635 182.4980 62.9736 -149.6720 0.0000 0.0000 0.0000 -4.8993 -27.0918 -41.2878 1.6936 8.1964 23.3123 -0.0764 -13.1584 -8.2312 0.0184 0.8753 2.4059 0.0000 0.0000 0.0000 24.9814 8.6807 -9.9957 -0.8185 -5.7729 16.1268 0.2485 -9.5099 0.3661 -0.4444 4.2771 -11.8577 -5.8580 2.0409 -15.4234 -0.1994 4.1817 -8.2274 3.6793 2.6005 -0.5033 -6.0667 -3.6783 11.4407 6.0372 -3.7161 -29.9423 3.6532 -1.2511 -11.3104 0.0000 -0.0000 0.0000 86.8070 -68.6159 -96.2788 19.6629 -30.2340 -5.3606 -0.0000 -0.0000 18.4998 37.5049 25.6333 18.3668 -7.1250 0.0000 -0.0000 9.4682 60.9001 3.6874 0.0000 -0.0000 0.0000 -19.3812 66.0025 -56.8828 -47.6267 51.9923 -24.2913 0.0000 0.0000 10.6680 -28.8401 24.2891 -12.7628 7.1250 -0.0000 -0.0000 0.3298 -2.7231 0.3138
32.9101 16.8498 -9.7643 182.8440 63.3579 -149.3720 0.0000 0.0000 0.0000 -4.8429 -26.8555 -41.4666 1.7437 8.3104 23.6608 -0.0566 -13.0324 -8.4012 0.0231 0.9822 2.6998 0.0000 0.0000 0.0000 25.0020 8.2894 -10.1067 -0.8067 -5.7321 16.0091 0.2261 -9.0304 0.2393 -0.4565 4.3341 -12.0185 -5.5059 2.3093 -15.0770 -0.3386 4.4774 -8.4301 3.3414 2.7555 -0.8906 -7.3531 -3.2951 10.3333 7.1303 -3.0986 -28.9754 4.1367 -0.9802 -10.7046 0.0000 0.0000 0.0000 88.2497 -69.3668 -99.9533 19.0472 -29.4773 -5.0541 -0.0000 -0.0000 22.9011 38.1520 24.5774 18.0940 -7.1250 0.0000 -0.0000 10.3832 59.8621 3.7911 0.0000 0.0000 0.0000 -21.2442 65.8997 -56.8730 -40.5022 48.3646 -18.8137 0.0000 0.0000 8.9482 -23.3151 24.2894 -10.0531 7.1250 -0.0000 -0.0000 3.7061 -3.8564 3.4558
32.9083 16.8482 -9.7563 183.2240 63.8486 -149.0720 0.0000 0.0000 0.0000 -4.8281 -26.4800 -41.6030 1.7915 8.4176 23.9898 -0.0424 -12.9306 -8.5165 0.0270 1.0616 2.9184 0.0000 0.0000 0.0000 25.0603 8.2992 -9.9118 -0.7802 -5.6393 15.7414 0.2198 -8.9320 0.3060 -0.4796 4.4411 -12.3212 -5.3350 2.6832 -15.0898 -0.6023 4.9583 -8.4998 3.0274 2.9907 -0.9641 -6.9881 -3.5618 10.6321 6.9933 -3.4195 -29.4304 4.0837 -1.1303 -10.9196 0.0000 0.0000 0.0000 89.7765 -69.6452 -101.2993 19.1504 -29.6052 -5.1050 -0.0000 -0.0000 21.0048 35.5343 23.6486 15.9861 -7.1250 0.0000 -0.0000 7.2509 58.1182 2.3353 0.0000 0.0000 0.0000 -24.9748 65.6273 -63.6000 -42.3121 49.3816 -20.1772 0.0000 -0.0000 -4.0258 12.4547 19.3139 4.1780 7.1250 -0.0000 -0.0000 25.5940 -11.4745 22.4162
32.9063 16.8499 -9.7518 183.8260 64.3210 -148.6790 0.0000 0.0000 0.0000 -4.8769 -25.9081 -41.5436 1.8227 8.4865 24.2017 -0.0344 -12.8875 -8.5915 0.0179 0.8645 2.3759 0.0000 0.0000 0.0000 25.1975 8.1443 -9.7071 -0.7615 -5.5727 15.5495 0.1952 -8.4988 0.4740 -0.4789 4.4379 -12.3119 -5.2357 3.0131 -15.2170 -0.5076 5.3682 -8.2630 3.1453 3.1706 -0.6827 -7.3384 -3.8445 10.4317 6.9440 -3.8515 -29.8024 4.1786 -1.2525 -10.9752 -0.0000 -0.0000 0.0000 88.0444 -69.2556 -97.2222 19.7744 -30.3695 -5.4168 -0.0000 -0.0000 15.9134 34.7057 26.2861 17.0514 -7.1250 0.0000 -0.0000 5.8034 60.8853 2.2508 -0.0000 -0.0000 0.0000 -26.6241 64.7255 -62.4261 -41.3545 48.8522 -19.4532 0.0000 -0.0000 -1.4056 6.5615 19.6151 2.2113 7.1250 -0.0000 -0.0000 22.1254 -11.2489 18.8882
32.9046 16.8563 -9.7447 184.0140 64.8113 -148.8370 0.0000 0.0000 0.0000 -5.1915 -25.4882 -41.2112 1.8421 8.5292 24.3332 -0.0141 -12.7344 -8.7493 0.0096 0.6325 1.7382 0.0000 0.0000 0.0000 25.1254 7.9642 -9.4031 -0.7560 -5.5531 15.4931 0.1789 -8.1528 0.4850 -0.4935 4.5039 -12.4987 -5.1299 3.0628 -15.0205 -0.4867 5.3910 -8.1691 3.1010 3.1678 -0.6801 -7.5806 -3.6909 10.1603 6.8990 -3.6983 -29.5163 4.1678 -1.1622 -10.8220 0.0000 0.0000 0.0000 87.6049 -69.4024 -98.5495 19.6076 -30.1667 -5.3327 -0.0000 -0.0000 18.0771 35.0238 26.7905 17.5305 -7.1250 0.0000 -0.0000 6.0999 61.5351 2.4603 0.0000 0.0000 0.0000 -29.4272 64.7438 -64.0550 -39.5709 47.8136 -18.1207 0.0000 -0.0000 -4.5838 10.5180 21.7775 3.9404 7.1250 -0.0000 -0.0000 24.1964 -9.2361 22.1300
32.9036 16.8536 -9.7402 184.2130 65.1554 -148.6800 0.0000 0.0000 0.0000 -5.2283 -25.2950 -41.2316 1.8531 8.5532 24.4074 0.0074 -12.5834 -8.9271 0.0033 0.3709 1.0191 0.0000 0.0000 0.0000 25.0696 8.2408 -9.3057 -0.7577 -5.5591 15.5104 0.1810 -8.2288 0.5549 -0.5019 4.5417 -12.6058 -5.1305 3.1113 -15.1932 -0.4297 5.4582 -8.0781 3.1886 3.1926 -0.5047 -7.2284 -3.8077 10.3925 6.3817 -3.9278 -29.9315 3.9654 -1.2255 -11.0344 0.0000 -0.0000 0.0000 86.0770 -69.4678 -97.6769 19.9343 -30.5632 -5.4979 -0.0000 -0.0000 15.5663 33.0912 24.9491 15.3701 -7.1250 0.0000 -0.0000 4.1176 58.9756 1.4079 0.0000 -0.0000 0.0000 -30.1091 64.3854 -61.9362 -37.6206 46.5953 -16.6894 0.0000 -0.0000 -2.3668 5.2200 23.5225 2.0882 7.1250 -0.0000 -0.0000 21.0044 -7.5695 19.4457
32.9006 16.8566 -9.7393 184.2600 65.4217 -148.7310 0.0000 0.0000 0.0000 -5.3748 -25.1499 -41.1287 1.8535 8.5541 24.4101 0.0195 -12.4510 -8.9952 0.0003 0.1175 0.3230 0.0000 0.0000 0.0000 24.9534 8.1684 -9.3190 -0.7721 -5.6106 15.6588 0.1692 -7.9365 0.4901 -0.4808 4.4466 -12.3366 -5.2328 3.0580 -15.5025 -0.3612 5.4149 -7.9804 3.3423 3.1639 -0.2515 -7.0033 -3.7358 10.5991 6.1725 -3.8757 -29.8717 3.8500 -1.2140 -11.0715 -0.0000 0.0000 0.0000 87.8543 -69.6171 -101.2416 18.2032 -28.4165 -4.6455 -0.0000 -0.0000 20.6669 36.5089 25.4809 17.6637 -7.1250 0.0000 -0.0000 8.2129 60.4575 3.1079 -0.0000 0.0000 0.0000 -29.1315 63.5739 -55.0358 -34.7096 44.6037 -14.6091 0.0000 0.0000 7.9047 -20.5145 22.2054 -8.0489 7.1250 -0.0000 -0.0000 5.2383 -6.5127 4.6302
32.8841 16.8609 -9.7475 184.2900 65.4917 -148.7950 0.0000 0.0000 0.0000 -5.4465 -25.1791 -40.9617 1.8403 8.5252 24.3210 0.0166 -12.3064 -8.8572 0.0009 0.1986 0.5457 0.0000 0.0000 0.0000 24.8575 7.1772 -9.8000 -0.7963 -5.6960 15.9047 0.1249 -6.7158 0.1557 -0.4622 4.3610 -12.0945 -4.9315 2.9302 -15.3907 -0.4116 5.2150 -8.2118 3.0749 3.0740 -0.5031 -7.1988 -3.2967 10.2937 6.6817 -3.2463 -28.6214 3.9501 -1.0379 -10.5698 0.0000 -0.0000 0.0000 86.7716 -70.2542 -100.7792 18.0642 -28.2393 -4.5796 -0.0000 -0.0000 21.9357 36.5103 26.0001 17.9783 -7.1250 0.0000 -0.0000 8.1428 61.0474 3.1954 0.0000 -0.0000 0.0000 -29.5048 63.3266 -53.0913 -33.0644 43.3795 -13.4663 0.0000 0.0000 8.9713 -24.9263 22.2025 -9.9605 7.1250 -0.0000 -0.0000 2.4689 -5.7680 2.2103
32.8833 16.8666 -9.7452 184.0850 65.6124 -149.2530 0.0000 0.0000 0.0000 -5.7142 -25.1282 -40.5783 1.8277 8.4975 24.2356 0.0174 -12.2202 -8.8095 0.0003 0.1029 0.2828 0.0000 0.0000 0.0000 24.7100 7.3090 -9.5354 -0.8142 -5.7581 16.0842 0.1282 -6.7668 0.0591 -0.3877 3.9982 -11.0717 -5.0175 2.7382 -15.3706 -0.3955 4.9638 -8.1611 3.1083 2.9444 -0.4470 -7.1543 -3.0812 10.4854 6.8828 -2.9279 -28.3821 3.9802 -0.9425 -10.5413 0.0000 0.0000 0.0000 85.3321 -70.4071 -99.1637 17.9462 -28.0882 -4.5239 -0.0000 -0.0000 21.5416 37.8119 25.5044 18.4763 -7.1250 0.0000 -0.0000 9.8774 60.8363 3.8335 0.0000 0.0000 0.0000 -30.2087 62.8973 -51.3805 -31.1222 41.8361 -12.1513 0.0000 0.0000 11.5909 -29.8525 20.6705 -11.4526 7.1250 -0.0000 -0.0000 -0.8194 -6.4727 -0.7219
32.8714 16.8711 -9.7511 184.2270 65.6173 -149.1580 0.0000 0.0000 0.0000 -5.7313 -25.0527 -40.4441 1.8069 8.4518 24.0951 0.0122 -12.2267 -8.7430 0.0022 0.3041 0.8356 0.0000 0.0000 0.0000 24.7076 6.5309 -9.8709 -0.8203 -5.7790 16.1444 0.0925 -5.7577 0.0640 -0.3762 3.9393 -10.9060 -4.7104 2.4391 -15.3462 -0.3936 4.5357 -8.3164 2.8742 2.7314 -0.5606 -6.7355 -2.6673 10.7725 6.6735 -2.3711 -28.1120 3.7722 -0.7339 -10.5593 0.0000 -0.0000 0.0000 82.8817 -70.6539 -97.2948 17.6594 -27.7188 -4.3897 -0.0000 -0.0000 24.1758 37.4438 24.9797 17.9203 -7.1250 0.0000 -0.0000 9.4537 60.1354 3.5095 0.0000 -0.0000 0.0000 -29.8816 62.6441 -48.9238 -31.2163 41.9134 -12.2141 0.0000 0.0000 11.6722 -32.3529 18.8449 -11.5639 7.1250 -0.0000 -0.0000 -2.6627 -7.9997 -2.2688
32.8819 16.8729 -9.7400 183.8740 65.5242 -149.5910 0.0000 0.0000 0.0000 -5.8583 -25.0615 -40.2535 1.7871 8.4077 23.9594 -0.0065 -12.3834 -8.5998 0.0083 0.5890 1.6184 0.0000 0.0000 0.0000 24.6487 6.9100 -9.6527 -0.8298 -5.8117 16.2391 0.1052 -6.1831 0.1834 -0.4082 4.1014 -11.3621 -5.2561 2.1347 -15.4728 -0.2174 4.2023 -8.1888 3.3328 2.5741 -0.3886 -6.2909 -2.6510 10.9438 6.2945 -2.3513 -28.3486 3.5677 -0.7221 -10.7000 0.0000 -0.0000 0.0000 82.1676 -70.4858 -96.5936 17.5630 -27.5939 -4.3449 -0.0000 -0.0000 23.7449 37.5849 25.4659 18.3117 -7.1250 0.0000 -0.0000 9.5880 60.7305 3.6959 0.0000 -0.0000 0.0000 -30.1298 61.8293 -47.9179 -31.3869 42.0529 -12.3282 0.0000 0.0000 11.1413 -32.9758 18.7257 -11.7660 7.1250 -0.0000 -0.0000 -3.0771 -8.0034 -2.6225
32.8828 16.8767 -9.7365 183.6820 65.3372 -149.8910 0.0000 0.0000 0.0000 -5.9925 -25.0423 -40.0358 1.7627 8.3532 23.7922 -0.0296 -12.5916 -8.4367 0.0086 0.5986 1.6451 0.0000 0.0000 0.0000 24.6379 7.0067 -9.5099 -0.8348 -5.8285 16.2877 0.1110 -6.3976 0.3043 -0.3844 3.9813 -11.0241 -5.3960 1.8627 -15.3959 -0.0774 3.8559 -8.2258 3.5050 2.4118 -0.4567 -7.4935 -2.3249 10.5278 7.4501 -1.8859 -27.4649 4.1057 -0.5508 -10.2851 0.0000 0.0000 0.0000 80.3640 -70.4264 -93.8727 17.5963 -27.6371 -4.3603 -0.0000 -0.0000 22.0316 37.0859 25.4235 17.9791 -7.1250 0.0000 -0.0000 8.9530 60.5470 3.4096 0.0000 0.0000 0.0000 -29.2160 60.9945 -46.3068 -32.4255 42.8838 -13.0294 0.0000 0.0000 10.3531 -32.6512 17.5184 -10.9174 7.1250 -0.0000 -0.0000 -3.0441 -9.4522 -2.5065
32.8985 16.8773 -9.7223 183.3740 65.1180 -150.3270 0.0000 0.0000 0.0000 -6.1429 -24.9905 -39.7770 1.7351 8.2910 23.6015 -0.0426 -12.7921 -8.4092 0.0091 0.6168 1.6950 0.0000 0.0000 0.0000 24.6987 7.6700 -9.0653 -0.8390 -5.8429 16.3294 0.1436 -7.3354 0.4982 -0.3872 3.9959 -11.0651 -6.2591 1.6954 -15.6292 0.1808 3.7673 -8.1788 4.2638 2.3997 -0.3596 -7.3949 -2.2889 11.1558 7.2804 -1.9244 -27.5978 4.0523 -0.5731 -10.4605 -0.0000 -0.0000 0.0000 82.5752 -70.6571 -97.2144 17.2119 -27.1362 -4.1835 -0.0000 -0.0000 22.5453 36.6217 25.3113 17.6286 -7.1250 0.0000 -0.0000 8.3774 60.2946 3.1382 -0.0000 -0.0000 0.0000 -27.1947 59.5903 -44.2247 -33.9934 44.0799 -14.1085 0.0000 0.0000 8.1300 -32.3754 19.1351 -11.7406 7.1250 -0.0000 -0.0000 -2.6346 -7.6651 -2.2621
32.8876 16.8845 -9.7263 183.2760 64.7327 -150.3940 0.0000 0.0000 0.0000 -6.1109 -25.1384 -39.7166 1.7007 8.2126 23.3616 -0.0603 -12.9279 -8.2710 0.0078 0.5708 1.5686 0.0000 0.0000 0.0000 24.7654 7.1291 -9.3575 -0.8408 -5.8489 16.3467 0.1317 -7.0368 0.4976 -0.3267 3.6735 -10.1598 -6.3620 1.5416 -15.6375 0.3759 3.5730 -8.1202 4.5043 2.3044 -0.2914 -7.1990 -2.5647 11.7427 6.6412 -2.4702 -28.2125 3.8833 -0.7573 -10.7769 -0.0000 -0.0000 0.0000 82.2899 -70.4892 -96.8018 17.3521 -27.3196 -4.2477 -0.0000 -0.0000 22.1372 35.7270 25.3412 17.1115 -7.1250 0.0000 -0.0000 7.2513 60.0915 2.6784 -0.0000 -0.0000 0.0000 -25.7222 58.9579 -43.7917 -36.3261 45.7362 -15.7556 0.0000 0.0000 8.3308 -33.1662 17.6973 -11.2365 7.1250 -0.0000 -0.0000 -3.3503 -9.1423 -2.7803
32.8983 16.8849 -9.7167 183.0140 64.3021 -150.5370 0.0000 0.0000 0.0000 -5.9360 -25.3617 -39.7305 1.6679 8.1370 23.1309 -0.0891 -13.1164 -8.0236 0.0211 0.9373 2.5762 0.0000 0.0000 0.0000 24.8962 7.5243 -9.2570 -0.8347 -5.8281 16.2865 0.1569 -7.7623 0.7270 -0.3131 3.5973 -9.9463 -6.5585 1.3256 -15.6799 0.3653 3.3263 -8.1854 4.5701 2.1943 -0.3208 -7.4145 -2.5280 12.0071 6.7859 -2.4574 -28.2678 3.9815 -0.7506 -10.8447 -0.0000 -0.0000 0.0000 83.3691 -70.6244 -98.9904 17.0047 -26.8640 -4.0895 -0.0000 -0.0000 23.1476 35.7716 23.3990 15.9670 -7.1250 0.0000 -0.0000 7.5633 57.8921 2.3955 -0.0000 -0.0000 0.0000 -23.9409 58.4796 -44.0811 -38.8753 47.3893 -17.6070 0.0000 0.0000 7.5254 -33.2553 19.1582 -12.1452 7.1250 -0.0000 -0.0000 -3.1893 -7.4479 -2.7534
32.8838 16.8919 -9.7136 183.1220 63.7507 -150.5400 0.0000 0.0000 0.0000 -5.7595 -25.6029 -39.5766 1.6274 8.0426 22.8435 -0.1093 -13.3723 -7.9523 0.0271 1.0620 2.9194 0.0000 0.0000 0.0000 25.1590 6.8117 -9.4697 -0.8352 -5.8298 16.2915 0.1459 -7.4351 0.5898 -0.3066 3.5601 -9.8423 -6.3896 1.2265 -15.1732 0.3783 3.1339 -8.2760 4.4323 2.1060 -0.6498 -7.5988 -2.5191 12.6149 6.8868 -2.4835 -28.7748 4.0888 -0.7435 -11.1514 0.0000 0.0000 0.0000 82.3090 -70.6144 -96.6761 17.3488 -27.3153 -4.2462 -0.0000 -0.0000 22.8007 36.1306 23.8739 16.4604 -7.1250 0.0000 -0.0000 7.9409 58.5258 2.6372 0.0000 0.0000 0.0000 -22.0363 58.0094 -44.7413 -42.3315 49.3921 -20.1918 0.0000 0.0000 6.7111 -31.8858 18.6004 -11.2234 7.1250 -0.0000 -0.0000 -2.3994 -8.3742 -2.0262
32.8798 16.8913 -9.7139 182.7440 63.4767 -150.7510 0.0000 0.0000 0.0000 -5.6789 -25.9167 -39.5569 1.5828 7.9368 22.5224 -0.0927 -13.4699 -8.2579 0.0151 0.7932 2.1799 0.0000 0.0000 0.0000 25.0976 6.1140 -9.9878 -0.8473 -5.8710 16.4105 0.1242 -6.8214 0.4522 -0.2940 3.4868 -9.6370 -6.4958 0.9127 -14.9726 0.3730 2.7209 -8.3673 4.4202 1.9124 -0.8083 -7.2415 -2.5331 12.4628 6.4396 -2.5451 -28.6562 3.8609 -0.7607 -11.0881 0.0000 0.0000 0.0000 80.6331 -70.4159 -94.7919 17.4711 -27.4747 -4.3024 -0.0000 -0.0000 22.4606 36.1611 24.1698 16.6593 -7.1250 0.0000 -0.0000 7.9442 58.8719 2.7043 0.0000 0.0000 0.0000 -20.6841 58.4072 -45.9532 -45.8595 51.1826 -22.9065 0.0000 0.0000 6.5005 -31.9903 18.2394 -11.0620 7.1250 -0.0000 -0.0000 -2.5172 -8.7628 -2.1065
32.8792 16.8825 -9.7082 182.5010 63.0712 -150.7990 0.0000 0.0000 0.0000 -5.3984 -26.3068 -39.6281 1.5457 7.8476 22.2521 -0.1093 -13.9121 -8.3954 0.0189 0.8881 2.4410 0.0000 0.0000 0.0000 25.1777 6.1585 -10.1778 -0.8519 -5.8867 16.4559 0.1418 -7.2062 0.2988 -0.3280 3.6812 -10.1814 -6.5254 0.8606 -14.9128 0.2459 2.6595 -8.4250 4.2902 1.8874 -0.8882 -7.2958 -2.5662 12.7077 6.5431 -2.5544 -29.0889 3.9309 -0.7512 -11.2983 0.0000 0.0000 0.0000 79.9689 -70.2321 -92.5000 17.9911 -28.1458 -4.5451 -0.0000 -0.0000 20.6166 36.3182 24.8698 17.1782 -7.1250 0.0000 -0.0000 8.0528 59.7114 2.9035 0.0000 0.0000 0.0000 -19.2338 58.2559 -47.1537 -49.8415 52.9314 -26.0476 0.0000 0.0000 6.8205 -32.1056 17.6169 -10.7521 7.1250 -0.0000 -0.0000 -2.6780 -9.4482 -2.2046
32.8761 16.8759 -9.7068 182.3020 62.9987 -150.8850 0.0000 0.0000 0.0000 -5.2708 -26.5246 -39.6431 1.5242 7.7955 22.0946 -0.0873 -13.9700 -8.7275 0.0114 0.6893 1.8942 0.0000 0.0000 0.0000 25.1165 6.9583 -9.9177 -0.8458 -5.8659 16.3957 0.1840 -8.1817 0.2899 -0.3331 3.7091 -10.2598 -6.6537 0.8860 -14.9469 0.1226 2.7056 -8.3074 4.2438 1.8990 -0.7509 -7.4518 -2.6723 12.7508 6.8327 -2.6337 -29.3622 4.0858 -0.7891 -11.3940 0.0000 -0.0000 0.0000 81.0859 -69.9979 -93.8419 18.1458 -28.3435 -4.6183 -0.0000 -0.0000 20.8238 37.0452 26.0730 18.3529 -7.1250 0.0000 -0.0000 8.8226 61.2758 3.5123 0.0000 -0.0000 0.0000 -18.7751 58.3811 -49.6668 -53.3531 54.2615 -28.8745 0.0000 0.0000 7.0566 -31.9060 18.0529 -10.9203 7.1250 -0.0000 -0.0000 -2.4891 -8.9916 -2.0715
32.8703 16.8711 -9.7053 182.2240 62.9773 -150.7210 0.0000 0.0000 0.0000 -5.1409 -26.5366 -39.9164 1.5109 7.7628 21.9958 -0.0860 -14.0775 -8.8283 0.0002 0.0866 0.2379 0.0000 0.0000 0.0000 25.0746 6.9283 -10.2371 -0.8511 -5.8839 16.4481 0.1789 -8.0338 0.1986 -0.3951 4.0358 -11.1775 -6.5723 0.9098 -15.0446 0.0052 2.7270 -8.1706 4.0863 1.8875 -0.5441 -7.2361 -2.9747 12.9165 6.6354 -2.9919 -30.2885 4.0566 -0.8978 -11.7660 -0.0000 0.0000 0.0000 80.9430 -69.6015 -94.1432 18.2796 -28.5137 -4.6819 -0.0000 -0.0000 21.3062 37.0464 25.3103 17.8850 -7.1250 0.0000 -0.0000 8.9154 60.4071 3.3655 -0.0000 0.0000 0.0000 -19.3389 59.1045 -53.2033 -55.2914 54.9188 -30.4543 0.0000 0.0000 6.9518 -31.7640 19.8814 -11.8905 7.1250 -0.0000 -0.0000 -2.1376 -6.9515 -1.8645
32.8818 16.8557 -9.6927 182.2460 62.8471 -150.4430 0.0000 0.0000 0.0000 -4.9618 -26.3736 -40.2947 1.5115 7.7643 22.0003 -0.1090 -14.4612 -8.8440 0.0000 0.0057 0.0157 0.0000 0.0000 0.0000 25.2178 6.4658 -10.7425 -0.8573 -5.9045 16.5077 0.1673 -7.6406 -0.1661 -0.4045 4.0830 -11.3104 -6.7078 0.9191 -15.4108 0.0873 2.7769 -7.9604 4.2803 1.8935 -0.1456 -7.2846 -3.1300 13.2381 6.4080 -3.2141 -31.3932 4.0575 -0.8971 -12.2605 0.0000 0.0000 0.0000 81.5000 -69.2072 -95.2992 18.4114 -28.6808 -4.7451 -0.0000 -0.0000 21.9312 37.2229 25.3580 18.0221 -7.1250 0.0000 -0.0000 9.1350 60.5090 3.4714 0.0000 0.0000 0.0000 -21.0400 60.1077 -57.0129 -55.7682 55.0726 -30.8448 0.0000 0.0000 8.1772 -33.2874 19.6000 -12.4208 7.1250 -0.0000 -0.0000 -3.1415 -6.9360 -2.7434
32.8798 16.8486 -9.6871 182.2160 63.1192 -150.4160 0.0000 0.0000 0.0000 -5.0726 -26.0979 -40.3989 1.5243 7.7957 22.0954 -0.0960 -14.4394 -8.9888 0.0000 0.0011 0.0029 0.0000 0.0000 0.0000 25.0963 8.2410 -10.0144 -0.8504 -5.8814 16.4406 0.2567 -9.4840 -0.0976 -0.4162 4.1408 -11.4732 -6.6879 1.0342 -15.3214 0.0593 2.9073 -7.8436 4.2572 1.9448 -0.0815 -7.7484 -3.0721 13.0327 6.7019 -3.0655 -31.8877 4.2435 -0.7705 -12.4122 0.0000 0.0000 0.0000 81.5116 -68.9213 -95.8422 18.5064 -28.8007 -4.7907 -0.0000 -0.0000 22.1718 37.5671 25.5366 18.3449 -7.1250 0.0000 -0.0000 9.5582 60.8066 3.7015 0.0000 0.0000 0.0000 -23.6343 61.7967 -61.8461 -53.9994 54.4865 -29.3998 0.0000 0.0000 9.4039 -33.5879 20.2928 -12.9701 7.1250 -0.0000 -0.0000 -3.2207 -6.0762 -2.8663
32.8732 16.8465 -9.6811 182.1930 63.4102 -150.3930 0.0000 0.0000 0.0000 -5.2846 -25.6750 -40.6223 1.5563 7.8733 22.3299 -0.0980 -14.5917 -9.0852 0.0000 0.0323 0.0889 0.0000 0.0000 0.0000 24.9935 8.8468 -9.7785 -0.8369 -5.8359 16.3090 0.2911 -10.0667 -0.1790 -0.3926 4.0231 -11.1417 -6.4494 1.1923 -15.1298 -0.0547 3.0633 -7.8075 4.0158 2.0098 -0.1409 -8.1547 -3.1255 12.9481 6.9499 -3.1206 -32.2129 4.4271 -0.7514 -12.5052 -0.0000 -0.0000 0.0000 80.4593 -68.6692 -94.6051 18.9131 -29.3105 -4.9882 -0.0000 -0.0000 20.9593 37.2530 25.6028 18.1924 -7.1250 0.0000 -0.0000 9.1470 60.7968 3.5386 -0.0000 -0.0000 0.0000 -27.0797 63.5557 -66.3517 -51.4447 53.5618 -27.3322 0.0000 0.0000 11.2359 -35.7228 18.5381 -12.8793 7.1250 -0.0000 -0.0000 -4.8491 -7.6031 -4.1803
32.8573 16.8417 -9.6857 182.8800 63.5839 -149.5940 0.0000 0.0000 0.0000 -5.0683 -25.2794 -41.0598 1.5916 7.9579 22.5864 -0.1071 -14.6956 -9.0561 0.0002 0.0900 0.2472 0.0000 0.0000 0.0000 25.2189 8.1597 -10.2394 -0.8262 -5.7994 16.2034 0.2477 -9.2121 -0.4177 -0.4118 4.1193 -11.4124 -5.6013 1.5780 -15.0976 -0.3562 3.4579 -7.7567 3.2774 2.1688 -0.0699 -6.9275 -3.4733 13.1662 6.1409 -3.4550 -33.2476 3.9885 -0.8718 -13.0075 -0.0000 0.0000 0.0000 81.5590 -68.4723 -96.2851 19.2380 -29.7133 -5.1483 -0.0000 -0.0000 20.1887 35.4823 25.0102 16.7712 -7.1250 0.0000 -0.0000 6.9993 59.6528 2.5114 -0.0000 0.0000 0.0000 -30.3006 64.6740 -69.7142 -46.5742 51.5168 -23.4647 0.0000 0.0000 11.9391 -38.0866 16.9351 -12.8597 7.1250 -0.0000 -0.0000 -6.6202 -8.9439 -5.5486
32.8473 16.8491 -9.6829 182.6860 64.3368 -149.8060 0.0000 0.0000 0.0000 -5.5383 -24.7857 -41.1049 1.6189 8.0226 22.7828 -0.0708 -14.4536 -9.3105 0.0012 0.2198 0.6039 0.0000 0.0000 0.0000 24.8484 7.8779 -10.2817 -0.8159 -5.7639 16.1009 0.2126 -8.5141 -0.4690 -0.4924 4.4993 -12.4859 -5.6962 1.9077 -14.9319 -0.6159 3.8869 -7.6604 3.1098 2.3723 -0.0845 -7.0189 -3.5856 12.7383 6.6547 -3.3868 -33.3682 4.1853 -0.8739 -12.9497 0.0000 0.0000 0.0000 82.8006 -68.3953 -98.6411 18.9813 -29.3954 -5.0216 -0.0000 -0.0000 21.5778 35.8890 23.9514 16.3701 -7.1250 0.0000 -0.0000 7.6399 58.5530 2.5415 0.0000 0.0000 0.0000 -33.9851 65.4756 -72.4016 -41.5521 48.9630 -19.6021 0.0000 0.0000 12.0069 -38.1080 14.6281 -11.2039 7.1250 -0.0000 -0.0000 -7.0264 -11.7338 -5.4931
32.8414 16.8526 -9.6718 183.1800 64.9035 -149.3350 0.0000 0.0000 0.0000 -5.5636 -24.2864 -41.2961 1.6454 8.0846 22.9714 -0.0452 -14.2181 -9.4426 0.0015 0.2529 0.6947 0.0000 0.0000 0.0000 24.8401 8.2874 -10.1348 -0.8013 -5.7132 15.9544 0.2083 -8.4737 -0.3208 -0.4936 4.5046 -12.5008 -5.5863 2.5184 -14.9486 -0.9076 4.7025 -7.8727 2.8403 2.7945 -0.3427 -6.2903 -4.0076 14.0059 6.4995 -3.9339 -34.0896 4.1497 -1.1667 -13.5127 -0.0000 0.0000 0.0000 83.6825 -68.7058 -98.2400 19.4183 -29.9352 -5.2380 -0.0000 -0.0000 18.7427 35.1898 23.7435 15.8506 -7.1250 0.0000 -0.0000 6.8281 58.1404 2.2020 -0.0000 0.0000 0.0000 -35.5469 65.5112 -72.1268 -35.7586 45.3463 -15.3505 0.0000 0.0000 12.0143 -36.7318 14.6275 -10.6723 7.1250 -0.0000 -0.0000 -6.1274 -12.0199 -4.7449
32.8389 16.8544 -9.6680 183.9100 65.1179 -148.5960 0.0000 0.0000 0.0000 -5.2751 -24.0854 -41.5978 1.6931 8.1952 23.3086 -0.0497 -13.8426 -9.1057 0.0069 0.5382 1.4790 0.0000 0.0000 0.0000 25.0605 8.6135 -10.0026 -0.7789 -5.6348 15.7283 0.2056 -8.5421 0.0366 -0.5037 4.5498 -12.6289 -5.1033 2.7261 -14.9028 -0.9928 4.9154 -7.9512 2.5041 2.8902 -0.4168 -6.3608 -3.9489 13.6434 6.8866 -3.7116 -33.8186 4.2588 -1.1204 -13.3178 -0.0000 -0.0000 0.0000 83.1916 -68.6302 -97.4543 19.5780 -30.1306 -5.3179 -0.0000 -0.0000 18.2211 33.9817 23.2119 14.8777 -7.1250 0.0000 -0.0000 5.4867 57.2424 1.6487 -0.0000 -0.0000 0.0000 -39.1547 66.0300 -72.7136 -30.5857 41.3901 -11.7950 0.0000 0.0000 9.0748 -33.4064 15.9416 -10.2676 7.1250 -0.0000 -0.0000 -3.7555 -11.1217 -2.9671
32.8284 16.8630 -9.6728 184.5070 65.3548 -148.1700 0.0000 0.0000 0.0000 -5.2547 -23.8543 -41.5611 1.7284 8.2757 23.5548 -0.0505 -13.4671 -8.8126 0.0261 1.0429 2.8668 0.0000 0.0000 0.0000 25.1862 8.0965 -9.9620 -0.7529 -5.5419 15.4610 0.1701 -7.8036 0.1105 -0.4840 4.4612 -12.3780 -4.7078 2.9633 -14.7504 -0.8816 5.1611 -7.9367 2.4214 3.0013 -0.4752 -6.4102 -3.8552 14.5596 6.8950 -3.5963 -34.6207 4.3288 -1.0297 -13.8835 -0.0000 0.0000 0.0000 82.8901 -68.5807 -96.1873 19.0308 -29.4570 -5.0460 -0.0000 -0.0000 19.8033 37.7024 25.1038 18.1561 -7.1250 0.0000 -0.0000 9.7718 60.3472 3.6783 -0.0000 0.0000 0.0000 -43.7813 65.7550 -78.1356 -30.1446 41.0171 -11.5044 0.0000 0.0000 6.3025 -12.8487 18.4998 -4.1394 7.1250 -0.0000 -0.0000 9.9660 -11.2568 7.9532
32.8267 16.8658 -9.6702 184.7390 65.4513 -148.0390 0.0000 0.0000 0.0000 -5.1922 -23.9104 -41.4842 1.7426 8.3081 23.6538 -0.0487 -13.0914 -8.5531 0.0308 1.1327 3.1139 0.0000 0.0000 0.0000 25.2494 7.8617 -9.9155 -0.7444 -5.5112 15.3725 0.1535 -7.4162 0.1076 -0.4955 4.5129 -12.5243 -4.5975 2.9343 -14.7218 -0.7915 5.0974 -7.8612 2.4481 2.9600 -0.4039 -6.1762 -3.7287 14.3485 6.8882 -3.3155 -34.5484 4.2336 -0.9367 -13.8371 0.0000 -0.0000 0.0000 81.1502 -68.6160 -94.3744 18.9716 -29.3833 -5.0169 -0.0000 -0.0000 21.0699 36.1023 26.2051 17.8505 -7.1250 0.0000 -0.0000 7.5887 61.1688 2.9983 0.0000 -0.0000 0.0000 -44.6163 66.4130 -76.0103 -28.4570 39.5336 -10.4133 0.0000 0.0000 14.7826 -28.7961 13.4060 -7.2626 7.1250 -0.0000 -0.0000 -0.9721 -14.7662 -0.6923
32.8244 16.8675 -9.6730 184.6650 65.4147 -148.1630 0.0000 0.0000 0.0000 -5.3098 -23.9546 -41.3859 1.7254 8.2689 23.5340 -0.0659 -13.0362 -8.2781 0.0226 0.9702 2.6669 0.0000 0.0000 0.0000 25.1909 7.8282 -9.9533 -0.7573 -5.5580 15.5071 0.1523 -7.3480 0.0025 -0.4244 4.1810 -11.5864 -4.3345 2.9138 -14.5392 -0.7679 5.0276 -7.9174 2.3017 2.9218 -0.5328 -5.6802 -3.9453 14.4801 6.4808 -3.6472 -34.6527 4.0400 -1.0915 -13.9113 -0.0000 0.0000 0.0000 81.3448 -68.8137 -95.8573 18.8029 -29.1731 -4.9344 -0.0000 -0.0000 22.2662 36.2405 27.1375 18.4863 -7.1250 0.0000 -0.0000 7.6073 62.2578 3.2017 -0.0000 0.0000 0.0000 -46.7345 66.6747 -75.9636 -26.7014 37.8929 -9.3151 0.0000 0.0000 14.0033 -31.3787 16.0777 -9.5870 7.1250 -0.0000 -0.0000 -2.4069 -11.3384 -1.8884
32.8382 16.8747 -9.6723 183.7490 65.4879 -148.9370 0.0000 0.0000 0.0000 -5.7186 -24.0771 -41.3173 1.6868 8.1807 23.2642 -0.0975 -13.0902 -7.8848 0.0231 0.9814 2.6976 0.0000 0.0000 0.0000 24.7214 9.0392 -9.6284 -0.7694 -5.6009 15.6307 0.1999 -8.4595 0.1334 -0.3551 3.8287 -10.5952 -5.0406 2.7035 -15.0740 -0.5635 4.8630 -7.7143 2.9347 2.8473 -0.1056 -5.8472 -3.8616 14.1527 6.6016 -3.5217 -34.4195 4.0773 -1.0409 -13.7361 0.0000 0.0000 0.0000 79.8422 -68.4052 -93.7537 18.7186 -29.0676 -4.8934 -0.0000 -0.0000 19.1624 36.1819 26.0109 17.7837 -7.1250 0.0000 -0.0000 7.7212 60.9709 3.0148 0.0000 0.0000 0.0000 -47.5274 66.7092 -75.6016 -26.9888 38.1685 -9.4922 0.0000 0.0000 11.1690 -26.9139 17.2468 -8.5592 7.1250 -0.0000 -0.0000 0.6615 -10.7849 0.5261
32.8368 16.8833 -9.6767 183.3820 65.3689 -149.3890 0.0000 0.0000 0.0000 -5.9381 -24.2408 -41.0970 1.6539 8.1046 23.0323 -0.1159 -13.1298 -7.6583 0.0122 0.7137 1.9614 0.0000 0.0000 0.0000 24.5200 8.8372 -9.6813 -0.7841 -5.6530 15.7808 0.1792 -8.0163 0.1348 -0.3177 3.6229 -10.0182 -5.1703 2.5179 -14.9815 -0.4143 4.6302 -7.7773 3.1220 2.7445 -0.2258 -5.2138 -3.7783 14.4913 6.0823 -3.4255 -34.4937 3.7608 -1.0183 -13.8897 0.0000 0.0000 0.0000 78.7636 -68.6484 -92.8020 18.5904 -28.9065 -4.8312 -0.0000 -0.0000 18.2572 38.2497 27.3116 19.8855 -7.1250 0.0000 -0.0000 10.2788 63.0213 4.5219 0.0000 0.0000 0.0000 -47.7349 66.8851 -74.8988 -26.6528 37.8461 -9.2853 0.0000 0.0000 10.3436 -26.5141 17.7549 -8.6503 7.1250 -0.0000 -0.0000 0.9748 -10.2933 0.7851
32.8249 16.8872 -9.6894 183.0810 65.1602 -149.8870 0.0000 0.0000 0.0000 -6.1776 -24.4462 -40.7826 1.6393 8.0705 22.9285 -0.1356 -13.1387 -7.3824 0.0136 0.7526 2.0682 0.0000 0.0000 0.0000 24.3784 7.9001 -9.9392 -0.8076 -5.7351 16.0177 0.1336 -6.8962 0.0322 -0.3207 3.6404 -10.0670 -5.2347 2.2530 -14.9529 -0.1810 4.2749 -7.6876 3.3579 2.5641 -0.1382 -5.5683 -3.3465 14.5605 6.3497 -2.8266 -34.3014 3.8394 -0.7638 -13.8531 0.0000 0.0000 0.0000 78.0093 -69.1506 -93.8239 18.5277 -28.8276 -4.8010 -0.0000 -0.0000 19.9538 37.3284 27.1141 19.1652 -7.1250 0.0000 -0.0000 9.0550 62.5356 3.8752 0.0000 0.0000 0.0000 -48.1972 66.5959 -73.4697 -25.8963 37.1061 -8.8250 0.0000 0.0000 10.5768 -28.9491 18.3471 -9.8771 7.1250 -0.0000 -0.0000 -0.5432 -9.2246 -0.4491
32.8046 16.8911 -9.6967 183.1690 64.8116 -150.1090 0.0000 0.0000 0.0000 -6.2879 -24.5500 -40.4686 1.6323 8.0540 22.8782 -0.1568 -13.4460 -7.3461 0.0111 0.6809 1.8713 0.0000 0.0000 0.0000 24.4670 6.9812 -10.0815 -0.8237 -5.7908 16.1786 0.1043 -6.0385 -0.1368 -0.2604 3.2830 -9.0676 -4.9573 1.9983 -14.9233 0.0506 3.8729 -7.4235 3.4024 2.3317 0.1673 -5.4641 -3.2522 14.9258 6.2790 -2.6671 -34.7664 3.8010 -0.6798 -14.1628 0.0000 0.0000 0.0000 76.6040 -68.9565 -92.7486 18.4651 -28.7487 -4.7709 -0.0000 -0.0000 20.4904 37.5296 26.2098 18.7400 -7.1250 0.0000 -0.0000 9.4377 61.5648 3.8242 0.0000 0.0000 0.0000 -48.1593 66.2635 -71.9603 -26.6805 37.8728 -9.3023 0.0000 0.0000 11.0388 -27.7061 15.7012 -8.0885 7.1250 -0.0000 -0.0000 -0.0168 -12.3643 -0.0128
32.8015 16.8927 -9.7004 183.0420 64.6052 -150.2650 0.0000 0.0000 0.0000 -6.3543 -24.6364 -40.3953 1.6196 8.0243 22.7878 -0.1702 -13.5226 -7.2211 0.0101 0.6486 1.7822 0.0000 0.0000 0.0000 24.4480 7.0545 -10.0865 -0.8406 -5.8481 16.3445 0.1042 -6.0667 -0.0458 -0.3168 3.6182 -10.0049 -4.8130 1.7157 -14.9703 0.1132 3.4882 -7.5058 3.3348 2.1423 0.1465 -5.4612 -3.1493 15.1923 6.4006 -2.5095 -34.7631 3.8373 -0.6405 -14.2327 -0.0000 0.0000 0.0000 75.3991 -69.1358 -91.5748 18.4324 -28.7073 -4.7551 -0.0000 -0.0000 21.6525 38.2543 26.5667 19.4241 -7.1250 0.0000 -0.0000 10.3621 62.1741 4.3523 -0.0000 0.0000 0.0000 -46.2247 65.9177 -67.6136 -27.0830 38.2583 -9.5505 0.0000 0.0000 9.4700 -29.9476 15.0689 -8.5186 7.1250 -0.0000 -0.0000 -1.5778 -12.7233 -1.1920
32.8073 16.8857 -9.6901 182.4210 64.4787 -151.0260 0.0000 0.0000 0.0000 -6.6501 -24.7150 -40.1457 1.6071 7.9947 22.6979 -0.1860 -13.6480 -7.1044 0.0129 0.7337 2.0164 0.0000 0.0000 0.0000 24.2694 7.9302 -9.5917 -0.8577 -5.9059 16.5118 0.1395 -7.1045 0.1878 -0.3516 3.8095 -10.5413 -5.2656 1.5064 -15.0784 0.1299 3.2662 -7.3352 3.5881 2.0266 0.3750 -5.9803 -3.0527 14.5915 6.9284 -2.3358 -34.2451 4.0760 -0.5865 -13.8542 -0.0000 0.0000 0.0000 74.9268 -68.7551 -89.8260 18.4348 -28.7104 -4.7563 -0.0000 -0.0000 20.9368 37.1956 25.2418 17.9333 -7.1250 0.0000 -0.0000 9.1126 60.3689 3.4323 -0.0000 0.0000 0.0000 -44.7732 65.6747 -66.0561 -27.2262 38.3940 -9.6393 0.0000 0.0000 9.7240 -30.6683 15.7055 -9.1195 7.1250 -0.0000 -0.0000 -1.9836 -11.8847 -1.5335
32.7984 16.8925 -9.6903 182.5150 64.2528 -151.1070 0.0000 0.0000 0.0000 -6.6471 -24.7259 -39.8697 1.5876 7.9483 22.5573 -0.2113 -13.7363 -6.8145 0.0302 1.1226 3.0862 0.0000 0.0000 0.0000 24.3952 7.4446 -9.6711 -0.8667 -5.9361 16.5992 0.1259 -6.7719 0.2321 -0.3564 3.8354 -10.6140 -5.2633 1.5073 -15.1122 0.1179 3.2607 -7.2054 3.5801 2.0107 0.5319 -5.9289 -3.1212 14.4626 6.9925 -2.3983 -34.1286 4.0922 -0.6321 -13.7669 -0.0000 0.0000 0.0000 74.8947 -68.6410 -88.8451 18.6504 -28.9820 -4.8603 -0.0000 -0.0000 19.4965 37.6827 26.2731 18.8759 -7.1250 0.0000 -0.0000 9.6319 61.6794 3.9298 -0.0000 0.0000 0.0000 -41.7866 64.8238 -62.5031 -28.8058 39.8475 -10.6360 0.0000 0.0000 8.7068 -28.3512 14.7628 -7.8290 7.1250 -0.0000 -0.0000 -0.5406 -13.3108 -0.4016
32.7984 16.8960 -9.6846 182.2250 64.0677 -151.4680 0.0000 0.0000 0.0000 -6.7305 -24.7615 -39.6795 1.5675 7.9002 22.4113 -0.2440 -13.8957 -6.4788 0.0648 1.6423 4.5181 0.0000 0.0000 0.0000 24.4278 7.4227 -9.4779 -0.8556 -5.8989 16.4913 0.1324 -7.0871 0.5683 -0.3768 3.9425 -10.9148 -5.3929 1.5080 -14.8455 -0.0653 3.2814 -7.4469 3.4403 2.0471 0.1366 -5.8492 -3.0222 14.5123 6.9136 -2.3159 -33.6922 4.0177 -0.6244 -13.5978 0.0000 0.0000 0.0000 76.0038 -69.1064 -89.3935 18.6463 -28.9768 -4.8583 -0.0000 -0.0000 19.3457 37.0689 25.7636 18.1781 -7.1250 0.0000 -0.0000 8.8916 60.9302 3.4671 0.0000 0.0000 0.0000 -36.7892 64.1412 -56.7853 -29.9870 40.8823 -11.4011 0.0000 0.0000 8.5448 -30.5480 15.7964 -9.1270 7.1250 -0.0000 -0.0000 -1.8933 -11.8020 -1.4669
32.8074 16.8999 -9.6690 182.1710 63.9108 -151.4820 0.0000 0.0000 0.0000 -6.5796 -24.7779 -39.6776 1.5432 7.8417 22.2342 -0.2505 -13.8899 -6.3744 0.0657 1.6535 4.5491 0.0000 0.0000 0.0000 24.5894 8.0192 -9.1893 -0.8383 -5.8405 16.3223 0.1717 -8.0276 0.5659 -0.4313 4.2147 -11.6815 -5.7755 1.4489 -15.0001 0.0046 3.2736 -7.5247 3.7323 2.0640 0.1072 -6.3246 -2.9600 14.6785 6.8324 -2.4289 -33.6308 4.0879 -0.6106 -13.5906 0.0000 -0.0000 0.0000 78.4200 -69.5826 -92.8244 18.3747 -28.6343 -4.7274 -0.0000 -0.0000 20.3787 38.2165 26.4339 19.3165 -7.1250 0.0000 -0.0000 10.3240 62.0119 4.2966 0.0000 -0.0000 0.0000 -33.0446 63.1490 -52.3360 -31.7817 42.3724 -12.5934 0.0000 0.0000 8.7510 -30.1324 15.4405 -8.7847 7.1250 -0.0000 -0.0000 -1.6591 -12.2738 -1.2690
32.8005 16.9092 -9.6655 182.5590 63.6300 -151.0360 0.0000 0.0000 0.0000 -6.1420 -24.9636 -39.8238 1.5396 7.8330 22.2080 -0.2523 -13.9186 -6.3766 0.0558 1.5243 4.1927 0.0000 0.0000 0.0000 24.9170 7.5396 -9.4048 -0.8128 -5.7532 16.0701 0.1577 -7.8218 0.8168 -0.4896 4.4865 -12.4495 -5.8013 1.4694 -15.1869 0.1053 3.2998 -7.2683 3.8760 2.0527 0.4668 -6.4780 -3.0773 13.8281 6.6879 -2.5587 -33.7804 4.0502 -0.5888 -13.4550 -0.0000 0.0000 0.0000 79.8515 -69.1157 -93.9007 18.5492 -28.8547 -4.8114 -0.0000 -0.0000 19.1154 36.5915 25.6188 17.7974 -7.1250 0.0000 -0.0000 8.2994 60.6364 3.1763 -0.0000 0.0000 0.0000 -30.1009 61.5377 -48.9121 -34.1996 44.2320 -14.2521 0.0000 0.0000 8.1022 -30.0694 15.4283 -8.7561 7.1250 -0.0000 -0.0000 -1.6187 -12.2979 -1.2373
32.7807 16.9203 -9.6604 182.7730 63.4837 -150.9340 0.0000 0.0000 0.0000 -6.0931 -24.8873 -39.6603 1.5005 7.7372 21.9188 -0.2709 -14.2730 -6.4573 0.0431 1.3392 3.6825 0.0000 0.0000 0.0000 25.0969 6.6111 -9.7508 -0.8139 -5.7571 16.0813 0.1268 -7.0533 0.8012 -0.4066 4.0935 -11.3400 -5.6743 1.9122 -14.7580 -0.3141 3.8558 -7.4375 3.4084 2.3419 0.0415 -5.7631 -3.5653 14.3676 6.3495 -3.1742 -34.3235 3.9154 -0.8761 -13.7841 -0.0000 -0.0000 0.0000 84.3170 -69.4466 -97.4118 18.5875 -28.9030 -4.8299 -0.0000 -0.0000 18.1398 38.3216 25.6693 18.8995 -7.1250 0.0000 -0.0000 10.5276 61.1654 4.1713 -0.0000 -0.0000 0.0000 -24.7412 58.9925 -43.2795 -36.8376 46.0806 -16.1230 0.0000 0.0000 6.9726 -30.8237 15.5832 -9.1065 7.1250 -0.0000 -0.0000 -2.1010 -11.9973 -1.6195
32.8003 16.9230 -9.6365 182.0270 63.4469 -151.1640 0.0000 0.0000 0.0000 -6.0525 -25.0873 -39.9781 1.4425 7.5928 21.4839 -0.2829 -14.3239 -6.3292 0.0306 1.1287 3.1029 0.0000 0.0000 0.0000 24.8791 7.9818 -9.8524 -0.8343 -5.8268 16.2828 0.1941 -8.7244 1.0116 -0.3068 3.5612 -9.8454 -6.4331 1.7773 -15.1569 -0.5780 3.8376 -7.6222 3.5689 2.3689 0.0215 -4.8444 -3.9902 15.1244 5.5766 -3.7997 -35.0809 3.5920 -1.1279 -14.2969 0.0000 0.0000 0.0000 85.9722 -69.5456 -99.1752 18.7114 -29.0585 -4.8899 -0.0000 -0.0000 19.2836 36.1217 25.4420 17.4071 -7.1250 0.0000 -0.0000 7.7301 60.3101 2.8968 0.0000 0.0000 0.0000 -21.3883 57.7292 -40.6058 -39.8023 47.9523 -18.2923 0.0000 0.0000 6.4033 -29.6728 16.2526 -9.0602 7.1250 -0.0000 -0.0000 -1.2621 -11.4356 -0.9871
32.7932 16.9244 -9.6328 182.0230 63.2769 -150.9580 0.0000 0.0000 0.0000 -5.6243 -25.5356 -39.9794 1.3992 7.4830 21.1544 -0.2590 -14.1338 -6.4945 0.0171 0.8452 2.3230 0.0000 0.0000 0.0000 24.9830 8.0751 -10.1659 -0.8454 -5.8647 16.3922 0.2230 -9.2817 0.9522 -0.5002 4.5342 -12.5845 -6.4363 1.6083 -15.0975 -0.5957 3.6155 -7.7032 3.5158 2.2661 -0.0711 -5.6938 -3.6852 14.5708 5.9900 -3.4230 -34.7900 3.8191 -0.9135 -14.0308 -0.0000 -0.0000 0.0000 85.0992 -69.5086 -97.2371 19.0276 -29.4529 -5.0444 -0.0000 -0.0000 18.6210 38.0324 26.0635 18.9664 -7.1250 0.0000 -0.0000 10.1143 61.5372 4.0948 -0.0000 -0.0000 0.0000 -19.4927 57.0697 -38.6414 -42.1652 49.3017 -20.0657 0.0000 0.0000 7.3832 -31.7361 15.4831 -9.3754 7.1250 -0.0000 -0.0000 -2.7171 -11.9545 -2.0978
32.8056 16.9153 -9.6156 181.9560 63.2525 -151.0450 0.0000 0.0000 0.0000 -5.3904 -25.7614 -39.6915 1.3568 7.3734 20.8263 -0.2308 -13.8541 -6.6375 0.0081 0.5801 1.5940 0.0000 0.0000 0.0000 25.0930 8.7749 -9.8794 -0.8525 -5.8885 16.4613 0.2670 -10.0979 0.9357 -0.5155 4.6020 -12.7767 -6.9921 1.2727 -14.9723 -0.1541 3.2019 -7.4221 4.2403 2.0530 0.1396 -7.6578 -3.3970 13.5136 6.7141 -3.1446 -35.0119 4.3857 -0.5825 -13.8436 0.0000 -0.0000 0.0000 82.7875 -68.9020 -95.2631 19.1471 -29.6011 -5.1033 -0.0000 -0.0000 19.0087 38.4230 26.0182 19.1859 -7.1250 0.0000 -0.0000 10.6348 61.5939 4.3224 0.0000 -0.0000 0.0000 -19.8475 57.0060 -39.2631 -44.1276 50.3339 -21.5651 0.0000 0.0000 8.4655 -32.6906 16.0141 -10.0399 7.1250 -0.0000 -0.0000 -3.2768 -11.1726 -2.5841
32.7959 16.9157 -9.6170 181.4720 63.2658 -151.1330 0.0000 0.0000 0.0000 -5.3781 -26.0796 -39.8931 1.3162 7.2666 20.5076 -0.2254 -13.5186 -6.3869 0.0064 0.5163 1.4188 0.0000 0.0000 0.0000 24.7924 8.4288 -10.4259 -0.8498 -5.8794 16.4349 0.2412 -9.5900 0.8648 -0.5174 4.6102 -12.8000 -7.1319 1.3087 -15.0602 -0.4711 3.2946 -7.5315 3.9976 2.1102 0.0704 -7.6984 -3.5743 13.6958 7.0328 -3.2651 -35.4732 4.5667 -0.6367 -14.0661 -0.0000 0.0000 0.0000 83.6884 -68.7622 -95.4141 19.4362 -29.9571 -5.2469 -0.0000 -0.0000 18.4059 38.7055 26.3783 19.5966 -7.1250 0.0000 -0.0000 10.9849 62.0860 4.5944 -0.0000 0.0000 0.0000 -18.2669 56.5490 -39.4667 -45.7636 51.1371 -22.8318 0.0000 0.0000 8.4984 -32.3511 16.5450 -10.2250 7.1250 -0.0000 -0.0000 -2.9834 -10.6262 -2.3854
32.7895 16.9138 -9.6150 181.4530 63.2442 -150.9820 0.0000 0.0000 0.0000 -5.2241 -26.2533 -39.9750 1.2871 7.1888 20.2759 -0.2007 -13.3286 -6.5829 0.0113 0.6867 1.8871 0.0000 0.0000 0.0000 24.7524 8.3782 -10.6774 -0.8476 -5.8719 16.4131 0.2431 -9.5037 0.5941 -0.4507 4.3073 -11.9427 -7.0668 1.2316 -14.9145 -0.4762 3.1612 -7.4285 3.9345 2.0300 0.1233 -8.1361 -3.6291 13.4429 7.2141 -3.2780 -36.1089 4.7392 -0.5440 -14.2795 0.0000 -0.0000 0.0000 83.3914 -68.2285 -95.5450 19.5939 -30.1499 -5.3259 -0.0000 -0.0000 18.7707 37.8055 26.3853 19.0234 -7.1250 0.0000 -0.0000 9.7820 61.8414 4.0292 0.0000 -0.0000 0.0000 -18.5079 56.9566 -41.3715 -47.2592 51.8285 -24.0021 0.0000 0.0000 9.1527 -32.1183 15.7261 -9.6560 7.1250 -0.0000 -0.0000 -2.9385 -11.6084 -2.2902
32.7741 16.9086 -9.6149 181.6150 63.0640 -150.6790 0.0000 0.0000 0.0000 -5.0347 -26.3707 -40.1775 1.2799 7.1694 20.2182 -0.1877 -13.2468 -6.7040 0.0054 0.4753 1.3060 0.0000 0.0000 0.0000 24.8543 8.2740 -10.8923 -0.8410 -5.8496 16.3486 0.2347 -9.3533 0.6161 -0.5016 4.5406 -12.6027 -6.6317 1.1866 -14.5468 -0.6152 3.0177 -7.5464 3.5036 1.9572 -0.1441 -8.2957 -3.4116 13.2850 7.3806 -2.8507 -36.4086 4.7844 -0.3240 -14.4205 -0.0000 0.0000 0.0000 84.0741 -68.4382 -97.7924 19.6520 -30.2207 -5.3551 -0.0000 -0.0000 20.7279 37.5554 25.1804 18.1144 -7.1250 0.0000 -0.0000 9.5772 60.3953 3.6152 -0.0000 0.0000 0.0000 -18.4633 57.9236 -43.4578 -48.0501 52.1781 -24.6253 0.0000 0.0000 8.0709 -32.5937 16.3142 -10.1819 7.1250 -0.0000 -0.0000 -3.1729 -10.8455 -2.5232
32.7533 16.9125 -9.6172 182.3320 62.9247 -149.9890 0.0000 0.0000 0.0000 -4.6477 -26.4042 -40.3254 1.2854 7.1842 20.2623 -0.1734 -13.0616 -6.7488 0.0070 0.5419 1.4891 0.0000 0.0000 0.0000 25.1638 7.5764 -11.1915 -0.8242 -5.7925 16.1835 0.2001 -8.5245 0.2876 -0.4141 4.1307 -11.4445 -6.0760 1.2907 -14.2995 -0.6089 3.0635 -7.6032 3.1912 1.9698 -0.3059 -8.4437 -3.5082 13.7663 7.6755 -2.9358 -36.9277 4.9932 -0.3485 -14.7524 -0.0000 -0.0000 0.0000 84.1632 -68.1535 -97.5187 19.7031 -30.2830 -5.3808 -0.0000 -0.0000 20.3076 37.7121 25.1778 18.2087 -7.1250 0.0000 -0.0000 9.7778 60.4347 3.7010 -0.0000 -0.0000 0.0000 -19.4411 59.2372 -46.6463 -46.2062 51.3459 -23.1769 0.0000 0.0000 7.3611 -33.3250 18.2309 -11.6235 7.1250 -0.0000 -0.0000 -3.3736 -8.4958 -2.8432
32.7474 16.9081 -9.6128 182.4450 62.9914 -149.7520 0.0000 0.0000 0.0000 -4.4927 -26.4616 -40.6116 1.3075 7.2434 20.4385 -0.1564 -12.7708 -6.7434 0.0142 0.7703 2.1169 0.0000 0.0000 0.0000 25.1566 8.0652 -11.0375 -0.7982 -5.7025 15.9237 0.2127 -8.8355 0.4141 -0.4394 4.2535 -11.7910 -5.7009 1.2425 -13.9782 -0.7713 2.9420 -7.8329 2.7733 1.9168 -0.6761 -8.6205 -3.4078 13.4982 8.0349 -2.7081 -36.6141 5.1168 -0.2956 -14.5520 -0.0000 0.0000 0.0000 83.3081 -68.2011 -95.8626 19.8246 -30.4305 -5.4422 -0.0000 -0.0000 19.2532 38.7176 25.4635 19.0171 -7.1250 0.0000 -0.0000 11.0608 61.0383 4.3521 -0.0000 0.0000 0.0000 -21.1090 61.4378 -50.3952 -43.4782 50.0008 -21.0664 0.0000 0.0000 8.5426 -34.7352 19.0473 -12.7497 7.1250 -0.0000 -0.0000 -4.1421 -7.2411 -3.5967
32.7418 16.9043 -9.6063 183.0870 63.1395 -149.2110 0.0000 0.0000 0.0000 -4.2151 -26.3008 -40.6857 1.3340 7.3135 20.6475 -0.1391 -12.4621 -6.7343 0.0304 1.1264 3.0967 0.0000 0.0000 0.0000 25.3737 8.5563 -10.6562 -0.7694 -5.6011 15.6314 0.2264 -9.0925 0.3811 -0.4161 4.1405 -11.4724 -5.4289 1.4486 -13.7947 -0.8706 3.1743 -7.9418 2.5325 2.0328 -0.8865 -7.4447 -3.6654 14.0721 7.2798 -3.0505 -37.0241 4.6836 -0.4870 -14.8949 -0.0000 -0.0000 0.0000 84.5318 -68.4092 -97.3025 19.9337 -30.5624 -5.4976 -0.0000 -0.0000 19.4194 38.3528 25.6916 18.9334 -7.1250 0.0000 -0.0000 10.5669 61.1997 4.1957 -0.0000 -0.0000 0.0000 -23.3691 62.5399 -53.2140 -38.0931 46.8987 -17.0336 0.0000 0.0000 9.6931 -34.0355 18.3255 -11.9892 7.1250 -0.0000 -0.0000 -3.8128 -8.2336 -3.2348
32.7567 16.8916 -9.5920 183.1340 63.5066 -149.1670 0.0000 0.0000 0.0000 -4.2222 -26.0269 -40.8078 1.3595 7.3804 20.8474 -0.1267 -12.3043 -6.7887 0.0349 1.2063 3.3166 0.0000 0.0000 0.0000 25.3451 9.8224 -10.0166 -0.7477 -5.5231 15.4068 0.2798 -10.1784 0.6142 -0.4235 4.1766 -11.5741 -5.9506 1.5188 -14.2232 -0.8165 3.3719 -7.9986 2.9228 2.1564 -0.7743 -8.1770 -3.6987 13.4069 8.2806 -3.0840 -35.5530 5.1312 -0.6457 -13.9963 -0.0000 0.0000 0.0000 86.9540 -68.9076 -101.3026 19.4708 -29.9994 -5.2642 -0.0000 -0.0000 20.7519 38.2794 24.9953 18.4414 -7.1250 0.0000 -0.0000 10.5198 60.3785 3.9713 -0.0000 0.0000 0.0000 -26.4406 63.3308 -55.3195 -32.3722 42.8419 -12.9932 0.0000 0.0000 10.3577 -31.9441 17.8964 -10.8466 7.1250 -0.0000 -0.0000 -2.5353 -9.1618 -2.1014
32.7385 16.8945 -9.5948 183.3150 63.7775 -149.0010 0.0000 0.0000 0.0000 -4.2678 -25.8616 -40.8816 1.3658 7.3968 20.8963 -0.1332 -12.1999 -6.5923 0.0496 1.4371 3.9523 0.0000 0.0000 0.0000 25.2650 9.2429 -10.4123 -0.7618 -5.5739 15.5531 0.2366 -9.2892 0.3784 -0.3949 4.0351 -11.1755 -5.5763 1.6123 -14.0043 -1.1040 3.4597 -8.3528 2.3982 2.2156 -1.2298 -6.7253 -3.9099 14.1393 7.4946 -3.4040 -35.3379 4.6183 -0.9204 -14.0976 0.0000 -0.0000 0.0000 88.1520 -69.4169 -102.2659 18.6033 -28.9228 -4.8375 -0.0000 -0.0000 21.3758 39.0306 24.3983 18.5142 -7.1250 0.0000 -0.0000 11.5122 59.8916 4.2177 0.0000 -0.0000 0.0000 -28.1568 64.2915 -58.9103 -30.7471 41.5252 -11.9018 0.0000 0.0000 11.2189 -29.0861 14.1848 -7.7624 7.1250 -0.0000 -0.0000 -1.0928 -13.8503 -0.7996
32.7298 16.8900 -9.5872 183.4390 64.0687 -148.8540 0.0000 0.0000 0.0000 -4.3016 -25.6224 -41.0360 1.3777 7.4275 20.9883 -0.1320 -12.1998 -6.6119 0.0324 1.1616 3.1936 0.0000 0.0000 0.0000 25.2146 9.2867 -10.6354 -0.7857 -5.6587 15.7974 0.2297 -9.1312 0.3157 -0.4118 4.1196 -11.4133 -5.8478 1.6038 -14.4153 -0.9054 3.5121 -8.3185 2.7864 2.2519 -1.0124 -7.2268 -3.6577 13.4274 7.9940 -3.0549 -34.2519 4.7779 -0.8310 -13.4606 0.0000 0.0000 0.0000 88.3762 -69.8821 -103.2387 18.3724 -28.6313 -4.7263 -0.0000 -0.0000 22.5973 37.9926 25.6281 18.6669 -7.1250 0.0000 -0.0000 10.1010 61.0276 3.9672 0.0000 0.0000 0.0000 -30.7305 64.5067 -60.0720 -27.6586 38.8001 -9.9091 0.0000 0.0000 13.5191 -32.0385 14.7479 -9.0517 7.1250 -0.0000 -0.0000 -3.0092 -12.7461 -2.2743
32.7274 16.8911 -9.5841 183.8680 64.3737 -148.5910 0.0000 0.0000 0.0000 -4.2249 -25.4139 -40.9842 1.3997 7.4842 21.1579 -0.1247 -12.1678 -6.7007 0.0418 1.3200 3.6297 0.0000 0.0000 0.0000 25.2864 9.1851 -10.6285 -0.7951 -5.6918 15.8928 0.2132 -8.7721 0.2368 -0.3895 4.0076 -11.0981 -5.7403 1.3882 -14.6712 -0.6196 3.2175 -8.1860 3.0082 2.0892 -0.7206 -6.8035 -3.4614 13.0547 7.3854 -2.8264 -34.1439 4.4099 -0.7067 -13.3856 -0.0000 0.0000 0.0000 86.5579 -69.9741 -103.1508 18.0650 -28.2403 -4.5799 -0.0000 -0.0000 22.9288 36.6654 25.0181 17.4754 -7.1250 0.0000 -0.0000 8.4682 59.9721 3.1073 -0.0000 0.0000 0.0000 -35.2177 65.7469 -63.7744 -24.8539 36.0542 -8.2037 0.0000 0.0000 12.8693 -34.9852 14.8276 -10.1536 7.1250 -0.0000 -0.0000 -4.9499 -12.1242 -3.8145
32.7235 16.8885 -9.5789 184.2560 64.6276 -148.4430 0.0000 0.0000 0.0000 -4.2157 -25.1697 -40.8181 1.4142 7.5212 21.2689 -0.1173 -12.2424 -6.8821 0.0194 0.9003 2.4745 0.0000 0.0000 0.0000 25.3824 9.2362 -10.4335 -0.8016 -5.7142 15.9574 0.2023 -8.6045 0.3707 -0.4192 4.1556 -11.5149 -5.5636 1.4180 -14.6118 -0.6495 3.2430 -8.3814 2.8706 2.1137 -0.9488 -7.4734 -3.0525 12.2039 8.3533 -2.1611 -32.6823 4.7280 -0.5250 -12.6057 0.0000 0.0000 0.0000 88.3709 -70.5308 -106.1664 17.3414 -27.3056 -4.2428 -0.0000 -0.0000 22.7293 38.4128 24.6625 18.3082 -7.1250 0.0000 -0.0000 10.7104 60.0305 3.9553 0.0000 0.0000 0.0000 -34.8565 66.1207 -63.0780 -24.7632 35.9610 -8.1505 0.0000 0.0000 10.5472 -30.7074 15.5389 -9.0406 7.1250 -0.0000 -0.0000 -2.0293 -12.0670 -1.5612
32.6991 16.9001 -9.5880 184.3680 65.1293 -148.6080 0.0000 0.0000 0.0000 -4.4077 -25.0653 -40.4444 1.4114 7.5142 21.2479 -0.0988 -11.9430 -6.9161 0.0193 0.8974 2.4666 0.0000 0.0000 0.0000 25.1694 8.5989 -10.5312 -0.8140 -5.7571 16.0814 0.1642 -7.6735 0.1259 -0.3733 3.9243 -10.8637 -5.4719 1.3860 -14.8005 -0.6008 3.2021 -8.3950 2.8745 2.0895 -0.8571 -6.1133 -2.9706 13.4137 7.0153 -2.2100 -33.2358 4.0339 -0.5539 -13.1593 -0.0000 0.0000 0.0000 87.8224 -70.9788 -106.5910 16.8542 -26.6652 -4.0217 -0.0000 -0.0000 23.8812 38.8402 24.7942 18.6577 -7.1250 0.0000 -0.0000 11.2532 60.2988 4.2308 -0.0000 0.0000 0.0000 -35.4510 66.7165 -62.4692 -24.3189 35.4997 -7.8910 0.0000 0.0000 9.6417 -30.3670 15.6190 -8.9647 7.1250 -0.0000 -0.0000 -1.7942 -12.0333 -1.3815
32.6828 16.9088 -9.5913 184.6250 65.6376 -148.7500 0.0000 0.0000 0.0000 -4.6801 -24.7461 -39.9285 1.4047 7.4970 21.1963 -0.0908 -11.7197 -6.8550 0.0255 1.0303 2.8321 0.0000 0.0000 0.0000 25.0742 7.8601 -10.4678 -0.8187 -5.7735 16.1287 0.1289 -6.7320 -0.0876 -0.3227 3.6515 -10.0981 -5.3742 1.3705 -14.9533 -0.4978 3.1629 -8.2329 2.9368 2.0496 -0.6008 -6.6006 -2.6207 12.3578 7.4303 -1.7361 -31.9752 4.1373 -0.3842 -12.4295 0.0000 0.0000 0.0000 87.4002 -71.2521 -107.2070 16.5203 -26.2211 -3.8730 -0.0000 -0.0000 25.0671 38.9823 25.1315 18.9677 -7.1250 0.0000 -0.0000 11.4241 60.7282 4.4129 0.0000 0.0000 0.0000 -37.0819 67.5001 -64.2618 -23.5349 34.6685 -7.4403 0.0000 0.0000 10.6688 -29.7785 14.8468 -8.3413 7.1250 -0.0000 -0.0000 -1.4891 -13.0004 -1.1163
32.6816 16.9178 -9.5834 184.7730 66.2021 -149.0370 0.0000 0.0000 0.0000 -4.9679 -24.4020 -39.3450 1.3986 7.4813 21.1492 -0.0772 -11.5173 -6.9046 0.0263 1.0466 2.8771 0.0000 0.0000 0.0000 24.9740 7.8413 -9.9888 -0.8156 -5.7627 16.0974 0.1190 -6.5097 0.0305 -0.3319 3.7028 -10.2419 -5.4642 1.4091 -15.1172 -0.5518 3.2379 -8.2471 2.9481 2.0884 -0.5387 -5.6989 -2.4620 12.6435 6.6310 -1.6389 -31.4391 3.6474 -0.3923 -12.3114 0.0000 -0.0000 0.0000 88.0410 -72.2437 -109.1750 16.4594 -26.1396 -3.8461 -0.0000 -0.0000 27.4020 39.1864 24.2538 18.5137 -7.1250 0.0000 -0.0000 11.7152 59.7657 4.2580 0.0000 -0.0000 0.0000 -36.7349 68.2851 -63.7150 -22.8642 33.9400 -7.0623 0.0000 0.0000 11.4313 -30.5066 14.6438 -8.4722 7.1250 -0.0000 -0.0000 -1.9988 -13.1159 -1.4940
32.6922 16.9234 -9.5695 184.1870 66.8823 -149.8140 0.0000 0.0000 0.0000 -5.4297 -24.1277 -38.8650 1.3784 7.4293 20.9937 -0.0619 -11.2780 -6.9564 0.0277 1.0745 2.9539 0.0000 0.0000 0.0000 24.5619 8.8751 -9.3685 -0.8239 -5.7912 16.1799 0.1437 -7.3009 0.4095 -0.3733 3.9244 -10.8641 -6.0453 1.3053 -15.5321 -0.5999 3.2169 -8.2854 3.2394 2.0981 -0.3939 -5.9406 -2.0385 12.2701 6.8550 -1.1169 -30.3470 3.6634 -0.2068 -11.8320 -0.0000 -0.0000 0.0000 85.1929 -72.4228 -103.1638 16.3129 -25.9431 -3.7818 -0.0000 -0.0000 25.1278 39.4804 24.7111 19.0021 -7.1250 0.0000 -0.0000 12.0863 60.3778 4.5720 -0.0000 -0.0000 0.0000 -36.0419 69.1897 -62.8374 -22.1445 33.1400 -6.6647 0.0000 0.0000 11.4682 -32.7754 16.6676 -10.4628 7.1250 -0.0000 -0.0000 -3.2433 -10.4044 -2.6085
32.6734 16.9300 -9.5691 184.2560 67.3835 -150.0280 0.0000 0.0000 0.0000 -5.6560 -23.9154 -38.3211 1.3368 7.3209 20.6695 -0.0552 -10.9558 -6.8097 0.0251 1.0224 2.8104 0.0000 0.0000 0.0000 24.3904 8.0196 -9.6180 -0.8508 -5.8829 16.4449 0.0990 -6.0734 0.3585 -0.4191 4.1552 -11.5137 -5.7210 1.4874 -15.3841 -0.8766 3.4229 -8.5535 2.7772 2.2105 -0.7369 -6.2083 -1.7996 12.0532 7.1952 -0.8751 -29.1115 3.7643 -0.1651 -11.3187 0.0000 -0.0000 0.0000 87.4127 -73.1716 -106.6942 15.7238 -25.1447 -3.5278 -0.0000 -0.0000 27.2651 39.3300 24.0455 18.4621 -7.1250 0.0000 -0.0000 11.9023 59.5617 4.2690 0.0000 -0.0000 0.0000 -32.9417 69.6241 -59.2894 -22.3641 33.3861 -6.7851 0.0000 0.0000 11.1233 -32.4666 15.3493 -9.5599 7.1250 -0.0000 -0.0000 -3.2170 -11.9794 -2.4832
32.6674 16.9358 -9.5589 184.0070 67.7993 -150.5450 0.0000 0.0000 0.0000 -6.0234 -23.6169 -37.8755 1.3074 7.2433 20.4381 -0.0680 -10.8492 -6.5099 0.0168 0.8359 2.2975 0.0000 0.0000 0.0000 24.1721 8.4246 -9.2521 -0.8653 -5.9313 16.5853 0.1141 -6.4738 0.2793 -0.3707 3.9110 -10.8264 -6.0136 1.4257 -15.7621 -0.8570 3.4018 -8.3992 2.9847 2.1923 -0.3932 -5.6902 -1.6748 12.2603 6.4609 -0.8237 -29.0472 3.3969 -0.1231 -11.3559 -0.0000 -0.0000 0.0000 87.4573 -73.2946 -106.8446 15.3608 -24.6463 -3.3750 -0.0000 -0.0000 27.6272 39.6321 24.4824 18.9435 -7.1250 0.0000 -0.0000 12.2866 60.1534 4.5833 -0.0000 -0.0000 0.0000 -31.8723 70.2204 -57.6710 -22.1431 33.1383 -6.6639 0.0000 0.0000 10.8136 -33.1900 14.8495 -9.5166 7.1250 -0.0000 -0.0000 -3.7610 -12.4290 -2.8697
32.6596 16.9416 -9.5472 183.9260 68.2084 -150.8790 0.0000 0.0000 0.0000 -6.2632 -23.3791 -37.5421 1.2964 7.2139 20.3507 -0.0490 -10.7909 -6.7831 0.0143 0.7714 2.1199 0.0000 0.0000 0.0000 24.0366 8.4025 -9.0337 -0.8645 -5.9287 16.5777 0.1138 -6.3910 0.0916 -0.3650 3.8809 -10.7419 -6.4482 1.3795 -16.2469 -0.5782 3.4159 -8.0735 3.5617 2.1815 0.1578 -7.0416 -1.3273 10.6365 7.2117 -0.4394 -27.4957 3.7874 0.0871 -10.4574 -0.0000 -0.0000 0.0000 87.1457 -73.8361 -107.8277 15.7547 -25.1870 -3.5409 -0.0000 -0.0000 28.9592 41.0450 27.1684 21.6804 -7.1250 0.0000 -0.0000 14.2232 63.6711 6.5052 -0.0000 -0.0000 0.0000 -31.6240 70.3000 -56.2582 -22.2565 33.2656 -6.7260 0.0000 0.0000 9.3453 -32.9400 16.3633 -10.3447 7.1250 -0.0000 -0.0000 -3.3924 -10.7232 -2.7068
32.6375 16.9445 -9.5369 184.4470 68.3264 -150.7650 0.0000 0.0000 0.0000 -6.1897 -23.3015 -37.2200 1.3064 7.2404 20.4296 -0.0488 -10.5493 -6.5960 0.0106 0.6655 1.8288 0.0000 0.0000 0.0000 24.2560 8.1558 -8.6788 -0.8506 -5.8820 16.4426 0.1106 -6.2973 0.0858 -0.3421 3.7585 -10.3981 -5.9673 1.6037 -15.9212 -0.7691 3.6373 -8.3768 3.0933 2.3062 -0.3115 -6.4713 -1.4438 11.9373 6.6400 -0.7781 -27.6480 3.5491 -0.0996 -10.7564 0.0000 0.0000 0.0000 91.0726 -74.8098 -113.0799 15.0318 -24.1905 -3.2390 -0.0000 -0.0000 30.4704 41.1363 25.4518 20.5749 -7.1250 0.0000 -0.0000 14.3088 61.7062 5.8836 0.0000 0.0000 0.0000 -26.8803 70.6688 -50.9196 -22.1212 33.1137 -6.6519 0.0000 0.0000 10.5731 -36.4001 16.0475 -11.5194 7.1250 -0.0000 -0.0000 -5.6875 -10.3908 -4.5917
32.6117 16.9526 -9.5293 184.5060 68.6721 -151.0630 0.0000 0.0000 0.0000 -6.3823 -23.1821 -36.8892 1.3155 7.2646 20.5016 -0.0278 -10.3049 -6.7651 0.0113 0.6857 1.8843 0.0000 0.0000 0.0000 24.1395 6.8209 -8.9095 -0.8431 -5.8567 16.3692 0.0645 -4.7634 -0.0720 -0.2788 3.3964 -9.3843 -6.0570 1.6905 -15.8822 -0.5498 3.7311 -8.0847 3.3970 2.3298 -0.0526 -7.0370 -1.2761 10.5353 6.5921 -0.6536 -26.5220 3.5594 0.0112 -10.0728 0.0000 0.0000 0.0000 89.9309 -74.2418 -110.7844 14.3405 -23.2194 -2.9610 -0.0000 -0.0000 28.9986 40.9365 24.9455 20.0929 -7.1250 0.0000 -0.0000 14.0180 61.0577 5.5457 0.0000 0.0000 0.0000 -25.9245 70.7105 -48.5707 -22.4994 33.5368 -6.8597 0.0000 0.0000 10.3942 -36.6914 14.6040 -10.6406 7.1250 -0.0000 -0.0000 -6.1046 -12.0562 -4.7224
32.5958 16.9501 -9.5122 185.0150 68.6719 -150.6510 0.0000 0.0000 0.0000 -6.1194 -23.1288 -36.8920 1.3012 7.2267 20.3887 -0.0384 -10.1540 -6.4685 0.0132 0.7416 2.0380 0.0000 0.0000 0.0000 24.3760 7.0183 -8.9711 -0.8648 -5.9297 16.5805 0.0708 -4.9335 -0.2551 -0.3177 3.6231 -10.0187 -5.8983 1.6712 -16.2392 -0.4240 3.7094 -8.0494 3.4599 2.3102 0.1768 -7.0218 -1.2446 10.9101 6.3463 -0.7278 -26.4761 3.4829 -0.0131 -10.1275 0.0000 -0.0000 0.0000 89.8814 -74.5056 -111.1817 14.1598 -22.9627 -2.8902 -0.0000 -0.0000 29.4605 40.3775 23.9387 19.0371 -7.1250 0.0000 -0.0000 13.2483 59.7216 4.8125 0.0000 -0.0000 0.0000 -24.2852 71.0405 -46.7432 -22.3919 33.4171 -6.8004 0.0000 0.0000 10.2584 -36.1744 14.6731 -10.4932 7.1250 -0.0000 -0.0000 -5.7548 -12.0766 -4.4465
32.5656 16.9517 -9.4963 184.6670 68.7962 -151.1480 0.0000 0.0000 0.0000 -6.3918 -22.9462 -36.7769 1.2819 7.1749 20.2345 -0.0659 -10.1598 -5.9799 0.0090 0.6112 1.6796 0.0000 0.0000 0.0000 24.2113 7.1404 -8.9759 -0.8863 -6.0010 16.7874 0.0753 -5.0300 -0.4601 -0.3184 3.6272 -10.0300 -6.1308 1.6399 -16.2559 -0.3943 3.7033 -8.0638 3.6205 2.3166 0.1515 -6.9922 -1.0748 10.9658 6.3452 -0.5430 -25.9808 3.4459 0.0444 -9.9750 0.0000 -0.0000 0.0000 90.5224 -74.8476 -112.0285 13.8619 -22.5370 -2.7750 -0.0000 -0.0000 29.8718 41.5568 24.1116 19.9077 -7.1250 0.0000 -0.0000 14.8044 60.2524 5.5803 0.0000 -0.0000 0.0000 -23.0850 71.1116 -44.2746 -22.1111 33.1024 -6.6464 0.0000 0.0000 9.2205 -36.4177 14.5586 -10.5059 7.1250 -0.0000 -0.0000 -5.9321 -12.1654 -4.5739
32.5395 16.9549 -9.4807 184.1390 69.0883 -151.8590 0.0000 0.0000 0.0000 -6.7253 -22.8532 -36.5565 1.2684 7.1386 20.1265 -0.0830 -9.9925 -5.5153 0.0102 0.6510 1.7891 0.0000 0.0000 0.0000 23.9445 8.8240 -8.1771 -0.8948 -6.0291 16.8689 0.1321 -6.7058 -0.4253 -0.3185 3.6278 -10.0318 -6.2216 1.6197 -16.3114 -0.4627 3.6760 -7.8046 3.6096 2.2749 0.4581 -7.8738 -1.0108 9.6856 7.3808 -0.3491 -24.8021 3.8936 0.0959 -9.3096 0.0000 0.0000 0.0000 90.7114 -74.6946 -112.9827 13.6178 -22.1857 -2.6821 -0.0000 -0.0000 30.8546 42.0475 24.5450 20.5390 -7.1250 0.0000 -0.0000 15.4986 60.9031 6.0899 0.0000 0.0000 0.0000 -22.6311 71.5797 -43.9148 -21.9176 32.8838 -6.5410 0.0000 0.0000 10.2770 -37.9229 14.2313 -10.8429 7.1250 -0.0000 -0.0000 -6.9707 -12.2557 -5.3730
32.4988 16.9593 -9.4681 184.2890 69.1887 -151.9060 0.0000 0.0000 0.0000 -6.7137 -22.8188 -36.4827 1.2750 7.1562 20.1790 -0.0841 -9.9169 -5.4287 0.0123 0.7166 1.9693 0.0000 0.0000 0.0000 23.9274 8.4445 -8.1740 -0.8838 -5.9930 16.7640 0.1074 -6.0763 -0.2981 -0.3389 3.7410 -10.3492 -6.0238 1.7208 -16.1220 -0.4540 3.7642 -7.8393 3.5086 2.3181 0.3264 -6.4339 -1.1741 11.0104 5.7441 -0.7654 -25.6863 3.1550 -0.0630 -9.8716 0.0000 0.0000 0.0000 92.5470 -75.0458 -116.6300 13.2675 -21.6780 -2.5513 -0.0000 -0.0000 32.4940 42.1132 24.1704 20.3115 -7.1250 0.0000 -0.0000 15.5542 60.4789 5.9551 0.0000 0.0000 0.0000 -21.6890 71.7936 -42.3047 -21.5576 32.4735 -6.3467 0.0000 0.0000 9.1996 -37.9274 15.4003 -11.6916 7.1250 -0.0000 -0.0000 -6.7807 -10.8350 -5.4243
32.4641 16.9534 -9.4456 184.7890 69.0316 -151.4960 0.0000 0.0000 0.0000 -6.3902 -22.7912 -36.6532 1.2674 7.1358 20.1182 -0.1057 -10.0364 -5.1062 0.0041 0.4153 1.1411 0.0000 0.0000 0.0000 24.2194 8.8458 -8.1503 -0.8977 -6.0387 16.8968 0.1230 -6.4461 -0.4996 -0.4014 4.0675 -11.2666 -5.7235 1.5798 -16.1140 -0.3087 3.5262 -7.7949 3.4598 2.1872 0.4047 -7.0526 -0.5974 9.9302 6.5701 0.1142 -24.3448 3.4133 0.2927 -9.2469 -0.0000 0.0000 0.0000 92.0866 -75.2411 -117.6546 12.9023 -21.1438 -2.4179 -0.0000 -0.0000 34.0469 43.7043 23.3441 20.7429 -7.1250 0.0000 -0.0000 17.5982 59.9479 6.5411 -0.0000 0.0000 0.0000 -21.0542 72.5017 -41.8405 -21.5371 32.4500 -6.3357 0.0000 0.0000 9.9484 -38.0338 16.0848 -12.2283 7.1250 -0.0000 -0.0000 -6.7334 -9.9827 -5.5034
32.4318 16.9611 -9.4254 184.5130 69.3865 -151.9110 0.0000 0.0000 0.0000 -6.5805 -22.6321 -36.5323 1.2547 7.1012 20.0156 -0.1105 -9.8737 -4.8536 0.0055 0.4793 1.3171 0.0000 0.0000 0.0000 24.0173 8.7003 -8.2067 -0.9145 -6.0932 17.0549 0.1119 -6.0198 -1.0431 -0.4038 4.0798 -11.3012 -5.9845 1.5768 -16.3118 -0.2343 3.5499 -7.4622 3.7124 2.1712 0.8365 -7.3042 -0.5612 9.5080 6.6482 0.1626 -24.1771 3.4702 0.3361 -9.1114 -0.0000 0.0000 0.0000 90.8108 -75.0819 -116.4105 12.9321 -21.1876 -2.4287 -0.0000 -0.0000 33.6526 44.7845 22.9563 21.1617 -7.1250 0.0000 -0.0000 18.9960 59.7918 7.0116 -0.0000 0.0000 0.0000 -21.9875 72.5428 -42.1613 -21.4758 32.3795 -6.3028 0.0000 0.0000 9.9624 -38.3151 17.3928 -13.2898 7.1250 -0.0000 -0.0000 -6.6842 -8.3370 -5.6843
32.3708 16.9701 -9.4167 184.8580 69.3139 -151.8430 0.0000 0.0000 0.0000 -6.5288 -22.6616 -36.3045 1.2316 7.0380 19.8281 -0.1224 -9.7609 -4.4847 0.0057 0.4854 1.3338 0.0000 0.0000 0.0000 24.0369 7.1253 -8.8938 -0.9425 -6.1833 17.3173 0.0595 -4.3260 -1.7143 -0.3269 3.6747 -10.1633 -5.5489 1.7074 -16.3909 -0.2090 3.6380 -7.1119 3.5272 2.1682 1.2700 -5.8558 -0.6302 10.5100 5.1724 -0.0253 -25.1033 2.7544 0.2772 -9.6267 -0.0000 0.0000 0.0000 90.2841 -74.5912 -114.8050 12.7066 -20.8559 -2.3478 -0.0000 -0.0000 32.4326 44.0411 22.6433 20.4212 -7.1250 0.0000 -0.0000 17.9304 59.1999 6.3470 -0.0000 0.0000 0.0000 -22.1280 72.3661 -41.5975 -21.6395 32.5672 -6.3907 0.0000 0.0000 9.8381 -37.7975 16.5228 -12.4392 7.1250 -0.0000 -0.0000 -6.5072 -9.5090 -5.3785
32.3155 16.9636 -9.3801 183.8910 69.1832 -152.1800 0.0000 0.0000 0.0000 -6.4595 -22.8246 -37.2628 1.2178 6.9998 19.7148 -0.1497 -9.9954 -4.1222 0.0035 0.3820 1.0497 0.0000 0.0000 0.0000 23.6832 7.5590 -9.7203 -0.9493 -6.2049 17.3800 0.0654 -4.5350 -1.4921 -0.3714 3.9142 -10.8354 -5.8260 1.4861 -16.5087 -0.2901 3.4257 -7.4371 3.5578 2.1001 0.9945 -6.1894 -0.4775 10.1720 5.6360 0.1840 -24.2559 2.9333 0.3318 -9.2747 0.0000 0.0000 0.0000 89.0221 -74.7319 -113.1833 12.5474 -20.6204 -2.2914 -0.0000 -0.0000 32.4277 43.6167 22.2480 19.8375 -7.1250 0.0000 -0.0000 17.3020 58.6021 5.8665 0.0000 0.0000 0.0000 -21.3654 72.8655 -40.3844 -21.4793 32.3836 -6.3047 0.0000 0.0000 9.5270 -38.1285 15.2010 -11.6295 7.1250 -0.0000 -0.0000 -6.9441 -11.0324 -5.5288
32.2850 16.9601 -9.3526 184.3500 69.4789 -152.2460 0.0000 0.0000 0.0000 -6.4046 -22.5986 -36.8011 1.2064 6.9681 19.6209 -0.1502 -9.7474 -3.8328 0.0065 0.5200 1.4290 0.0000 0.0000 0.0000 23.8318 8.6258 -8.8069 -0.9393 -6.1730 17.2873 0.0960 -5.5060 -1.5034 -0.3690 3.9019 -10.8009 -5.8645 1.6423 -16.3542 -0.1088 3.5839 -6.9747 3.8045 2.1362 1.3728 -6.4172 -0.4198 9.7526 5.5425 0.2270 -24.1261 2.9287 0.3896 -9.1536 0.0000 0.0000 0.0000 88.3552 -74.2164 -112.7454 12.2991 -20.2518 -2.2047 -0.0000 -0.0000 32.8190 42.7510 21.7671 18.9221 -7.1250 0.0000 -0.0000 16.1169 57.7823 5.1309 0.0000 0.0000 0.0000 -22.5472 72.5722 -40.9884 -21.3751 32.2636 -6.2490 0.0000 0.0000 9.5787 -38.9197 18.4081 -14.3047 7.1250 -0.0000 -0.0000 -6.8787 -6.9589 -6.0394
32.2390 16.9686 -9.3316 184.5590 69.4830 -152.2170 0.0000 0.0000 0.0000 -6.3114 -22.5945 -36.6462 1.1768 6.8852 19.3756 -0.1593 -9.5858 -3.4179 0.0061 0.5024 1.3805 0.0000 0.0000 0.0000 23.9327 8.1480 -8.8903 -0.9459 -6.1942 17.3490 0.0788 -4.9816 -2.1331 -0.3651 3.8816 -10.7437 -5.6505 1.8043 -16.0936 -0.0426 3.7405 -6.9616 3.7637 2.2123 1.2432 -6.8351 -0.4480 9.9125 5.8501 0.1245 -23.7824 3.1134 0.3284 -9.0556 0.0000 -0.0000 0.0000 89.6029 -74.3249 -115.2916 11.9624 -19.7482 -2.0896 -0.0000 -0.0000 34.3127 42.9613 21.6596 18.9687 -7.1250 0.0000 -0.0000 16.3690 57.7093 5.1850 0.0000 -0.0000 0.0000 -21.1101 72.7317 -39.6194 -21.3438 32.2275 -6.2323 0.0000 0.0000 10.3744 -38.8085 17.0411 -13.2623 7.1250 -0.0000 -0.0000 -7.0592 -8.6397 -5.9654
32.1904 16.9721 -9.3102 184.1560 69.5982 -152.5910 0.0000 0.0000 0.0000 -6.3384 -22.6440 -36.7256 1.1390 6.7775 19.0577 -0.1700 -9.4587 -2.9735 0.0172 0.8457 2.3244 0.0000 0.0000 0.0000 23.7476 8.3125 -9.0189 -0.9542 -6.2204 17.4253 0.0838 -5.1453 -2.3418 -0.3461 3.7801 -10.4587 -5.7483 1.8178 -15.9142 -0.0069 3.7561 -6.9561 3.8479 2.2240 1.1431 -6.7255 -0.3371 9.8412 5.5877 0.2081 -23.4189 2.9884 0.3720 -8.9250 0.0000 0.0000 0.0000 89.5932 -74.3607 -116.3343 11.7611 -19.4454 -2.0221 -0.0000 -0.0000 34.9060 42.8343 20.9351 18.3285 -7.1250 0.0000 -0.0000 16.1088 56.7962 4.7419 0.0000 0.0000 0.0000 -21.3404 72.9221 -39.4141 -21.1988 32.0597 -6.1551 0.0000 0.0000 10.2981 -38.1413 16.5673 -12.6210 7.1250 -0.0000 -0.0000 -6.7191 -9.3747 -5.5744
32.1457 16.9623 -9.2862 183.9720 69.6334 -152.8110 0.0000 0.0000 0.0000 -6.2124 -22.7951 -36.7742 1.1218 6.7279 18.9118 -0.1674 -9.2914 -2.8263 0.0112 0.6848 1.8819 0.0000 0.0000 0.0000 23.7151 8.5853 -9.0054 -0.9350 -6.1592 17.2470 0.0958 -5.4908 -2.3398 -0.4034 4.0774 -11.2945 -5.8558 1.6917 -16.0793 0.1323 3.5959 -6.6735 4.0514 2.1176 1.5296 -6.6343 -0.2114 9.3318 5.4335 0.3654 -22.8810 2.8908 0.4467 -8.6574 -0.0000 -0.0000 0.0000 87.7388 -74.0384 -115.0023 11.6281 -19.2446 -1.9780 -0.0000 -0.0000 36.0763 42.8527 20.8173 18.2475 -7.1250 0.0000 -0.0000 16.1152 56.6579 4.6895 -0.0000 -0.0000 0.0000 -23.1417 73.0971 -40.2205 -21.2109 32.0737 -6.1615 0.0000 0.0000 9.9841 -37.6798 15.6437 -11.7643 7.1250 -0.0000 -0.0000 -6.5800 -10.5955 -5.2939
32.0955 16.9658 -9.2693 184.3260 69.7151 -152.6150 0.0000 0.0000 0.0000 -5.9463 -22.9520 -36.5952 1.0971 6.6559 18.7000 -0.1585 -9.0168 -2.7164 0.0145 0.7765 2.1342 0.0000 0.0000 0.0000 23.8514 8.0451 -8.9865 -0.9180 -6.1045 17.0879 0.0829 -5.1794 -2.8464 -0.3706 3.9102 -10.8242 -5.3980 1.7852 -15.8233 0.0899 3.6222 -6.5490 3.7437 2.1101 1.5583 -6.9895 -0.1157 8.9807 5.8723 0.5369 -22.5074 3.0758 0.5108 -8.4757 -0.0000 -0.0000 0.0000 86.6751 -73.8619 -113.6163 11.4958 -19.0443 -1.9346 -0.0000 -0.0000 36.7479 42.8556 21.3540 18.6672 -7.1250 0.0000 -0.0000 16.1932 57.3105 4.9705 -0.0000 -0.0000 0.0000 -23.6672 73.5059 -41.2818 -20.9622 31.7842 -6.0300 0.0000 0.0000 10.6134 -37.7187 17.2168 -12.8940 7.1250 -0.0000 -0.0000 -6.3374 -8.6938 -5.3403
32.0504 16.9662 -9.2484 184.0950 69.9377 -152.7310 0.0000 0.0000 0.0000 -5.8123 -23.0832 -36.6419 1.0515 6.5206 18.3026 -0.1494 -8.6774 -2.5286 0.0180 0.8668 2.3822 0.0000 0.0000 0.0000 23.6708 8.6069 -9.1337 -0.9192 -6.1085 17.0996 0.0971 -5.5957 -3.0442 -0.3125 3.5938 -9.9366 -5.3521 1.7917 -15.8896 -0.0007 3.6353 -6.6117 3.6261 2.1194 1.5351 -6.8269 -0.0552 9.3049 5.9125 0.5959 -22.2378 3.0545 0.5009 -8.4487 0.0000 0.0000 0.0000 85.7897 -73.9036 -112.7722 11.4441 -18.9658 -1.9178 -0.0000 -0.0000 37.2746 41.8511 20.2458 17.2213 -7.1250 0.0000 -0.0000 14.8267 55.7033 3.9568 0.0000 0.0000 0.0000 -23.4520 73.4612 -39.5257 -21.0766 31.9176 -6.0904 0.0000 0.0000 9.5212 -38.9316 17.1886 -13.4265 7.1250 -0.0000 -0.0000 -7.1104 -8.4300 -6.0391
31.9937 16.9591 -9.2178 184.1800 69.9821 -152.8410 0.0000 0.0000 0.0000 -5.6783 -23.1182 -36.4626 1.0078 6.3878 17.9137 -0.1541 -8.5141 -2.1462 0.0230 0.9792 2.6916 0.0000 0.0000 0.0000 23.7604 8.6461 -9.1080 -0.9218 -6.1171 17.1244 0.1057 -5.8908 -3.4846 -0.2927 3.4789 -9.6150 -5.2855 1.8814 -15.5049 0.0303 3.6989 -6.4028 3.6167 2.1335 1.5487 -7.0476 -0.1384 8.3674 6.1209 0.5191 -21.5481 3.1513 0.4668 -8.0379 -0.0000 -0.0000 0.0000 84.4977 -73.7170 -110.8539 11.5836 -19.1772 -1.9634 -0.0000 -0.0000 37.1677 42.1120 20.6687 17.6959 -7.1250 0.0000 -0.0000 15.1886 56.2832 4.2720 -0.0000 -0.0000 0.0000 -24.3150 73.3113 -40.2130 -21.1808 32.0388 -6.1456 0.0000 0.0000 9.1150 -38.0280 17.0963 -12.9480 7.1250 -0.0000 -0.0000 -6.5547 -8.7640 -5.5167
31.9501 16.9506 -9.1953 183.9290 70.2264 -152.9300 0.0000 0.0000 0.0000 -5.4608 -23.3817 -36.4855 0.9699 6.2700 17.5699 -0.1294 -7.9815 -2.2191 0.0164 0.8268 2.2725 0.0000 0.0000 0.0000 23.6170 8.8713 -9.3772 -0.9222 -6.1182 17.1277 0.1130 -6.1544 -3.9287 -0.2658 3.3163 -9.1607 -5.2615 1.8556 -15.5376 -0.0757 3.6708 -6.4766 3.4867 2.1234 1.5001 -6.6919 0.0132 8.5880 5.9098 0.7064 -21.3968 3.0018 0.5346 -8.0418 -0.0000 -0.0000 0.0000 82.2766 -73.6429 -107.2975 11.5429 -19.1156 -1.9500 -0.0000 -0.0000 36.9248 43.8520 21.5768 19.4582 -7.1250 0.0000 -0.0000 17.4934 57.8529 5.6165 -0.0000 -0.0000 0.0000 -23.8934 73.7489 -39.6721 -21.3002 32.1771 -6.2091 0.0000 0.0000 9.8257 -37.6983 16.5909 -12.4443 7.1250 -0.0000 -0.0000 -6.4322 -9.4500 -5.3234
31.8974 16.9388 -9.1668 183.3450 70.4290 -153.4710 0.0000 0.0000 0.0000 -5.5078 -23.4775 -36.5395 0.9405 6.1768 17.2983 -0.1225 -7.7893 -2.1901 0.0235 0.9894 2.7196 0.0000 0.0000 0.0000 23.4122 9.2410 -9.3516 -0.9085 -6.0738 16.9987 0.1304 -6.7123 -4.6497 -0.2870 3.4451 -9.5206 -5.3808 1.8859 -15.2838 -0.1850 3.7083 -6.4344 3.4314 2.1406 1.4060 -6.6102 0.1227 8.3937 5.9479 0.8819 -21.1833 2.9802 0.6072 -7.9472 -0.0000 0.0000 0.0000 80.8490 -73.3357 -104.2466 11.7422 -19.4169 -2.0158 -0.0000 -0.0000 34.9951 43.3525 22.0913 19.5476 -7.1250 0.0000 -0.0000 16.9337 58.3391 5.6293 -0.0000 0.0000 0.0000 -24.3466 73.7309 -39.8968 -21.3701 32.2578 -6.2463 0.0000 0.0000 9.1377 -37.2739 17.9696 -13.2138 7.1250 -0.0000 -0.0000 -5.9252 -7.9022 -5.0823
31.8573 16.9282 -9.1345 183.6460 70.4775 -153.0850 0.0000 0.0000 0.0000 -5.1573 -23.5067 -36.7363 0.9135 6.0899 17.0455 -0.1172 -7.8183 -2.4123 0.0267 1.0554 2.9013 0.0000 0.0000 0.0000 23.6329 9.9386 -9.2271 -0.8898 -6.0125 16.8207 0.1786 -7.6993 -4.8118 -0.2835 3.4243 -9.4625 -5.4476 2.0106 -15.6817 -0.0730 3.8912 -6.1023 3.6512 2.2006 1.9372 -6.4705 0.0008 8.2917 5.5905 0.6783 -21.2875 2.8558 0.5391 -7.9496 -0.0000 -0.0000 0.0000 82.3216 -72.9486 -106.8230 11.6402 -19.2628 -1.9820 -0.0000 -0.0000 36.2948 43.3217 22.7544 20.0400 -7.1250 0.0000 -0.0000 16.9940 59.1305 5.9748 -0.0000 -0.0000 0.0000 -25.4831 73.1416 -40.3658 -21.3883 32.2788 -6.2560 0.0000 0.0000 9.2083 -38.4640 17.3169 -13.3039 7.1250 -0.0000 -0.0000 -6.7918 -8.3915 -5.7697
31.7994 16.9174 -9.1179 182.9280 70.8184 -153.7380 0.0000 0.0000 0.0000 -5.2966 -23.7129 -36.6610 0.8790 5.9771 16.7179 -0.0957 -7.3535 -2.5443 0.0194 0.8997 2.4730 0.0000 0.0000 0.0000 23.3605 8.9599 -9.6853 -0.8785 -5.9753 16.7127 0.1340 -7.0441 -5.5278 -0.3152 3.6090 -9.9792 -5.4748 2.0235 -15.3111 -0.2578 3.8881 -6.1042 3.4493 2.1999 1.7506 -6.2989 -0.0754 7.4574 5.5455 0.5945 -20.4777 2.8032 0.4867 -7.5245 0.0000 0.0000 0.0000 81.1559 -72.7205 -105.7136 11.5181 -19.0780 -1.9419 -0.0000 -0.0000 36.8431 42.8267 21.8596 19.0399 -7.1250 0.0000 -0.0000 16.2255 57.9146 5.2188 0.0000 0.0000 0.0000 -26.6541 73.3866 -41.6174 -21.2725 32.1450 -6.1943 0.0000 0.0000 9.1904 -37.1736 17.0492 -12.5348 7.1250 -0.0000 -0.0000 -6.0193 -9.0232 -5.0294
31.7584 16.8912 -9.0822 181.8860 70.8660 -154.5300 0.0000 0.0000 0.0000 -5.3761 -23.9474 -36.9262 0.8562 5.9010 16.4973 -0.0810 -7.1537 -2.8015 0.0127 0.7276 1.9997 0.0000 0.0000 0.0000 23.0120 10.2462 -9.5311 -0.8648 -5.9298 16.5809 0.2178 -8.6334 -5.9079 -0.3550 3.8280 -10.5932 -5.8529 1.8503 -15.2811 -0.3529 3.7199 -6.1927 3.5305 2.1297 1.6378 -6.1712 0.0753 7.4710 5.5225 0.7889 -20.1815 2.7540 0.5618 -7.4426 0.0000 0.0000 0.0000 78.5876 -72.5781 -101.7822 11.6122 -19.2205 -1.9728 -0.0000 -0.0000 36.2620 41.5371 21.6537 18.1018 -7.1250 0.0000 -0.0000 14.5835 57.3211 4.4650 0.0000 0.0000 0.0000 -27.3332 73.6295 -41.7298 -21.3705 32.2583 -6.2465 0.0000 0.0000 9.2218 -36.9396 15.6072 -11.4361 7.1250 -0.0000 -0.0000 -6.1074 -10.8009 -4.8832
31.7019 16.8671 -9.0571 182.5360 70.8392 -153.9240 0.0000 0.0000 0.0000 -4.9809 -23.9968 -37.1039 0.8529 5.8899 16.4652 -0.0687 -6.9713 -2.9991 0.0019 0.2790 0.7665 0.0000 0.0000 0.0000 23.3466 10.5517 -9.4658 -0.8335 -5.8241 16.2748 0.2532 -9.3836 -6.6809 -0.3269 3.6750 -10.1640 -5.5155 2.0916 -15.2074 -0.4113 3.9779 -6.0378 3.3210 2.2385 1.7657 -6.0887 -0.1631 7.6923 5.5000 0.4746 -20.4941 2.7644 0.4117 -7.5643 0.0000 0.0000 0.0000 80.0714 -72.3052 -104.0721 11.5960 -19.1960 -1.9674 -0.0000 -0.0000 37.2251 42.0491 21.1778 18.0479 -7.1250 0.0000 -0.0000 15.1687 56.8829 4.4880 0.0000 0.0000 0.0000 -27.8018 72.9992 -41.2547 -21.4175 32.3124 -6.2716 0.0000 0.0000 9.3479 -38.0635 13.6891 -10.4988 7.1250 -0.0000 -0.0000 -7.1510 -12.8883 -5.4191
31.6431 16.8431 -9.0303 181.3450 70.8569 -154.9070 0.0000 0.0000 0.0000 -5.1037 -24.4308 -37.5115 0.8636 5.9257 16.5690 -0.0594 -6.6498 -2.9620 0.0000 -0.0337 -0.0927 0.0000 0.0000 0.0000 23.0186 10.5722 -9.5118 -0.7836 -5.6514 15.7762 0.2871 -10.0424 -7.3228 -0.3891 4.0053 -11.0917 -5.8733 1.8848 -15.0807 -0.4039 3.7435 -5.9974 3.4879 2.1246 1.7375 -6.6307 -0.0633 7.4606 6.0156 0.6356 -20.2788 3.0094 0.4836 -7.4619 0.0000 -0.0000 0.0000 78.1341 -71.6098 -100.4817 11.4678 -19.0018 -1.9255 -0.0000 -0.0000 36.1013 43.0394 22.3888 19.5792 -7.1250 0.0000 -0.0000 16.5715 58.6115 5.6136 0.0000 -0.0000 0.0000 -30.6555 73.2867 -44.8081 -20.4960 31.2352 -5.7863 0.0000 0.0000 9.6695 -37.6294 17.7983 -13.2595 7.1250 -0.0000 -0.0000 -6.1794 -8.0195 -5.2886
31.5969 16.8129 -8.9968 181.1900 70.8346 -154.9890 0.0000 0.0000 0.0000 -4.8424 -24.6808 -37.8611 0.8699 5.9469 16.6304 -0.0333 -6.4980 -3.6342 0.0040 -0.4083 -1.1220 0.0000 0.0000 0.0000 23.1722 10.9182 -9.2906 -0.7349 -5.4769 15.2741 0.3899 -11.4959 -7.8588 -0.3471 3.7854 -10.4736 -5.9541 1.7368 -14.9919 -0.4145 3.5497 -5.9534 3.4898 2.0251 1.7514 -6.5109 -0.0400 7.3309 6.0671 0.6899 -20.0857 2.9981 0.4936 -7.3787 0.0000 -0.0000 0.0000 76.6460 -71.1404 -97.7578 11.4342 -18.9507 -1.9146 -0.0000 -0.0000 35.2007 42.8941 22.3811 19.4815 -7.1250 0.0000 -0.0000 16.3821 58.5620 5.5276 0.0000 -0.0000 0.0000 -32.8493 73.4018 -46.5707 -20.4569 31.1888 -5.7661 0.0000 0.0000 9.4273 -36.9705 16.6520 -12.1725 7.1250 -0.0000 -0.0000 -5.9561 -9.5441 -4.9135
31.5304 16.7872 -8.9673 180.6950 70.8067 -155.4010 0.0000 0.0000 0.0000 -4.6510 -25.1190 -38.1783 0.8680 5.9406 16.6121 -0.0059 -6.0899 -4.1022 0.0123 -0.7161 -1.9680 0.0000 0.0000 0.0000 23.0748 11.4934 -9.3021 -0.7093 -5.3827 15.0034 0.4793 -12.7816 -8.9478 -0.2188 3.0113 -8.3101 -5.8658 1.7841 -14.6246 -0.6142 3.5830 -6.0999 3.2102 2.0553 1.4175 -6.0164 0.0130 8.0165 5.7896 0.7442 -20.3454 2.8252 0.4948 -7.5908 -0.0000 -0.0000 0.0000 79.5100 -71.1740 -104.3768 10.6970 -17.8223 -1.6820 -0.0000 -0.0000 39.8236 41.1526 20.3285 16.8894 -7.1250 0.0000 -0.0000 14.0020 55.6267 3.7041 -0.0000 -0.0000 0.0000 -33.8077 73.4126 -47.8250 -19.7962 30.3960 -5.4279 0.0000 0.0000 9.9390 -37.1501 16.9474 -12.4542 7.1250 -0.0000 -0.0000 -6.0216 -9.1502 -5.0159
31.4728 16.7657 -8.9331 180.7110 70.6768 -155.1410 0.0000 0.0000 0.0000 -4.1080 -25.5897 -38.6748 0.8573 5.9046 16.5079 0.0138 -5.5621 -4.2968 0.0291 -1.1010 -3.0268 0.0000 0.0000 0.0000 23.1996 11.7058 -9.6162 -0.6969 -5.3365 14.8707 0.5497 -13.6339 -9.4536 -0.2201 3.0198 -8.3339 -5.7939 1.6566 -14.5220 -0.4833 3.3841 -5.9524 3.2785 1.9431 1.5334 -6.1036 0.1145 7.4446 5.5210 0.8738 -20.3937 2.7373 0.6045 -7.5124 -0.0000 0.0000 0.0000 80.7763 -70.5920 -109.7113 10.1285 -16.9404 -1.5122 -0.0000 -0.0000 43.9095 39.8741 19.0042 15.2177 -7.1250 0.0000 -0.0000 12.4285 53.7197 2.6969 -0.0000 0.0000 0.0000 -37.6793 73.6226 -52.1274 -19.4034 29.9169 -5.2305 0.0000 0.0000 10.7752 -36.3330 16.8836 -12.0571 7.1250 -0.0000 -0.0000 -5.5095 -9.4122 -4.5560
31.4315 16.7378 -8.8870 180.0730 70.6439 -155.7390 0.0000 0.0000 0.0000 -3.9764 -25.7777 -38.9316 0.8526 5.8887 16.4619 0.0351 -5.3781 -4.7724 0.0748 -1.7649 -4.8563 0.0000 0.0000 0.0000 23.1991 13.3918 -8.9221 -0.6784 -5.2664 14.6700 0.8096 -16.0575 -9.6653 -0.2364 3.1291 -8.6385 -6.2456 1.5291 -14.3557 -0.4923 3.2581 -5.8426 3.4991 1.8791 1.5446 -6.0215 0.1201 7.4015 5.4921 0.9120 -20.5919 2.7126 0.6267 -7.5716 0.0000 -0.0000 0.0000 81.9702 -70.1596 -112.6396 9.7233 -16.3055 -1.3962 -0.0000 -0.0000 45.4727 41.6985 19.8205 16.8090 -7.1250 0.0000 -0.0000 14.5999 55.1481 3.6958 0.0000 -0.0000 0.0000 -40.4138 73.4846 -54.4385 -19.0733 29.5097 -5.0669 0.0000 0.0000 10.5802 -36.5458 16.0205 -11.5607 7.1250 -0.0000 -0.0000 -5.7860 -10.3915 -4.6720
31.3563 16.7207 -8.8611 179.3200 70.5963 -156.1940 0.0000 0.0000 0.0000 -3.5744 -26.5463 -39.3541 0.8402 5.8471 16.3414 0.0795 -4.4481 -5.5080 0.2168 -2.9975 -8.2717 0.0000 0.0000 0.0000 22.9131 13.1355 -9.4867 -0.6655 -5.2171 14.5287 0.8116 -16.2050 -10.3284 -0.2239 3.0462 -8.4073 -6.1871 1.3976 -14.1633 -0.5690 3.0581 -5.7492 3.3514 1.7700 1.5689 -6.2258 0.1286 6.9658 5.6822 0.9884 -20.7341 2.8036 0.6796 -7.5446 -0.0000 0.0000 0.0000 79.6791 -69.6223 -108.2210 9.8519 -16.5075 -1.4326 -0.0000 -0.0000 43.2409 42.6881 21.7870 18.8987 -7.1250 0.0000 -0.0000 16.0398 57.7893 5.1083 -0.0000 0.0000 0.0000 -44.1695 73.0728 -56.4751 -18.9787 29.3922 -5.0204 0.0000 0.0000 9.4341 -36.7056 14.9441 -10.8826 7.1250 -0.0000 -0.0000 -6.0607 -11.6452 -4.7398
31.2981 16.6932 -8.8179 179.3030 70.4430 -156.0490 0.0000 0.0000 0.0000 -2.9821 -27.0201 -39.7206 0.8239 5.7915 16.1807 0.1172 -3.7410 -6.2358 0.3895 -4.0075 -11.0978 0.0000 0.0000 0.0000 22.9616 14.2002 -9.4112 -0.6554 -5.1783 14.4179 1.0787 -18.4502 -11.2684 -0.4140 4.1300 -11.4427 -6.2843 1.3250 -14.0028 -0.4379 2.9532 -5.6800 3.5232 1.7157 1.5531 -6.2689 0.1750 7.0765 5.5602 1.0416 -21.0539 2.7701 0.7260 -7.6738 0.0000 -0.0000 0.0000 80.3229 -69.2555 -111.6363 9.5311 -16.0028 -1.3428 -0.0000 -0.0000 46.4782 41.8352 21.4732 18.1443 -7.1250 0.0000 -0.0000 14.9356 57.1827 4.5258 0.0000 -0.0000 0.0000 -46.5136 72.7422 -58.4250 -18.9485 29.3547 -5.0056 0.0000 0.0000 9.3583 -36.4487 14.9730 -10.8034 7.1250 -0.0000 -0.0000 -5.8883 -11.6631 -4.6013
31.2311 16.6775 -8.7918 178.6490 70.4844 -155.9810 0.0000 0.0000 0.0000 -2.1730 -27.9085 -40.7297 0.8258 5.7979 16.1993 0.1556 -2.4574 -7.0058 0.5690 -4.8312 -13.4277 0.0000 0.0000 0.0000 22.5105 14.5845 -10.2137 -0.6283 -5.0719 14.1138 1.0845 -18.5840 -11.7457 -0.2588 3.2732 -9.0403 -6.4716 1.3329 -14.0987 -0.5226 3.0110 -5.8977 3.5449 1.7676 1.3630 -6.3378 0.0791 7.0872 5.6134 0.9202 -21.1759 2.8114 0.6729 -7.7080 -0.0000 -0.0000 0.0000 81.0868 -69.0877 -112.9479 9.4003 -15.7961 -1.3070 -0.0000 -0.0000 47.4988 42.5464 23.0422 19.7605 -7.1250 0.0000 -0.0000 16.0120 59.2586 5.6673 -0.0000 -0.0000 0.0000 -48.6892 72.5261 -60.9298 -18.4652 28.7487 -4.7709 0.0000 0.0000 10.2720 -35.9720 15.1724 -10.7557 7.1250 -0.0000 -0.0000 -5.5460 -11.5217 -4.3474
31.1581 16.6610 -8.7623 178.4210 70.5779 -155.9240 0.0000 0.0000 0.0000 -1.4229 -28.6914 -41.2972 0.8333 5.8235 16.2731 0.1726 -1.2627 -7.5045 0.5874 -4.9073 -13.6444 0.0000 0.0000 0.0000 22.2781 15.0658 -10.3704 -0.5881 -4.9100 13.6521 1.1228 -18.9424 -12.1866 -0.2052 2.9169 -8.0476 -6.4073 1.2312 -13.9318 -0.5113 2.8441 -5.7273 3.4953 1.6678 1.4738 -6.6925 0.1681 6.4349 5.9590 1.1520 -21.3545 2.9667 0.8075 -7.6649 0.0000 -0.0000 0.0000 82.3801 -68.1682 -119.2260 8.7911 -14.8268 -1.1461 -0.0000 -0.0000 52.0655 41.6712 21.6298 18.1640 -7.1250 0.0000 -0.0000 14.7475 57.3279 4.5191 0.0000 -0.0000 0.0000 -51.8436 71.6078 -61.6703 -17.8226 27.9294 -4.4658 0.0000 0.0000 8.5029 -36.5237 14.4626 -10.4792 7.1250 -0.0000 -0.0000 -6.0164 -12.2596 -4.6279
31.0996 16.6445 -8.7275 179.1000 70.5973 -155.1330 0.0000 0.0000 0.0000 -0.2730 -29.4217 -41.7882 0.8431 5.8569 16.3697 0.1954 -0.2963 -8.2487 0.6994 -5.3456 -14.8969 0.0000 0.0000 0.0000 22.3870 17.1739 -9.7051 -0.5452 -4.7305 13.1415 1.4068 -20.8892 -12.6744 -0.1368 2.3840 -6.5683 -6.2369 1.4284 -13.7207 -0.4528 3.0556 -5.5958 3.4842 1.7617 1.4832 -6.0257 0.1872 6.5593 5.2314 1.1675 -21.8854 2.6150 0.8425 -7.8613 -0.0000 -0.0000 0.0000 83.4547 -67.5668 -121.5781 8.5102 -14.3765 -1.0753 -0.0000 -0.0000 53.5961 41.9131 21.2673 18.0352 -7.1250 0.0000 -0.0000 15.0107 56.9553 4.4663 -0.0000 -0.0000 0.0000 -55.3711 71.2781 -66.8812 -16.6817 26.4363 -3.9446 0.0000 0.0000 10.7116 -35.8958 15.3800 -10.8662 7.1250 -0.0000 -0.0000 -5.4645 -11.2904 -4.3090
31.0446 16.6278 -8.6973 178.6670 70.7739 -154.8800 0.0000 0.0000 0.0000 0.8826 -30.4585 -42.6778 0.8314 5.8171 16.2546 0.1876 1.2178 -8.7207 0.8657 -5.9327 -16.5893 0.0000 0.0000 0.0000 21.8599 18.7488 -10.0530 -0.5275 -4.6544 12.9255 1.6165 -22.1605 -12.7755 -0.1030 2.0695 -5.6977 -6.4726 1.2894 -14.0694 -0.3837 2.9292 -5.5266 3.6902 1.6922 1.7390 -6.7319 0.2180 5.7044 5.7950 1.3220 -21.8865 2.9080 0.9503 -7.7196 0.0000 0.0000 0.0000 82.8317 -66.8460 -121.1818 8.3871 -14.1784 -1.0449 -0.0000 -0.0000 53.7352 42.1654 22.0167 18.7527 -7.1250 0.0000 -0.0000 15.4055 57.9247 4.9502 0.0000 0.0000 0.0000 -59.7411 70.7051 -70.4595 -16.1633 25.7415 -3.7166 0.0000 0.0000 10.8248 -36.1763 14.1413 -10.1294 7.1250 -0.0000 -0.0000 -5.8365 -12.7122 -4.4327
